sequence_id,label,method,corruption_type,severity,duration,finger_group,condition_id,actuator_mae,actuator_median_ae,actuator_p95_ae,actuator_velocity_error,actuator_acceleration_error,actuator_amplitude_retention_mean,actuator_amplitude_retention_median,actuator_amplitude_within_0p9_1p1,actuator_amplitude_below_0p8,minimum_bound_margin
0078bb88405b,prayer_beads,Corrected,gaussian,medium,0,all,gaussian_medium,0.09787461825641378,0.06649659030403636,0.31432843880773453,0.11354712451411192,0.18885807447739117,3.605366493694622,1.971090587324507,0.0625,0.0,0.0
0078bb88405b,prayer_beads,Fixed OA,gaussian,medium,0,all,gaussian_medium,0.058968516070780234,0.047294923640414294,0.17006797523056522,0.045198935591220485,0.0631846171170048,2.318768989139254,1.8438467937899177,0.0,0.0,0.03695601848125988
00d53103d2db,orchid_palm,Corrected,dropout,short,5,index,dropout_short_5f_index,0.0008023971231352492,1.3660378269525486e-08,1.0121649616223725e-07,0.0006335231400926899,0.0012776928811082141,1.0034990103779342,0.9999999999999998,1.0,0.0,0.0
00d53103d2db,orchid_palm,Fixed OA,dropout,short,5,index,dropout_short_5f_index,0.0006136687392226883,3.508658830142508e-08,0.0008301416623342495,0.00033428062435788414,0.00043378599822391326,1.0062556626600738,0.9999997837969535,1.0,0.0,0.041396579111014506
010a5011bcfd,orchid_finger,Corrected,dropout,short,3,middle,dropout_short_3f_middle,0.0028913417762768076,1.3660378272994933e-08,1.9360826261360922e-07,0.002975707132635327,0.004463713733176987,1.0216369553803115,1.0000000668963973,0.9375,0.0,0.0
010a5011bcfd,orchid_finger,Fixed OA,dropout,short,3,middle,dropout_short_3f_middle,0.002329750802282701,3.10463138530892e-08,0.00284236061046252,0.0020608491242212427,0.002008653393375047,1.0202309043003082,0.9999999651306719,0.9375,0.0,0.039089363667478255
013813bfd4b6,three_finger_bent,Corrected,spike,fixed,3,mixed,spike_fixed_3f_mixed,0.00949544141620089,1.5810622588929846e-08,1.399628902304384e-07,0.007310808046800857,0.012717337932544561,1.3038273942579506,1.0000000472150872,0.8125,0.0,0.0
013813bfd4b6,three_finger_bent,Fixed OA,spike,fixed,3,mixed,spike_fixed_3f_mixed,0.007767443515276178,0.0,0.005721432925764029,0.005848901822958521,0.007220771057296412,1.3761151330413046,1.000001680726751,0.7647058823529411,0.0,0.039428784851984346
01fd6a3af833,flower_pinch,Corrected,dropout,short,3,index,dropout_short_3f_index,0.00023298711654067052,2.339105886761672e-08,1.399628902498673e-07,0.0002277488645065164,0.0003784662050877512,0.9999999349217213,0.9999999604370775,1.0,0.0,0.0
01fd6a3af833,flower_pinch,Fixed OA,dropout,short,3,index,dropout_short_3f_index,0.0001919707092525153,0.0,3.6406615391074115e-06,0.00015680358110641885,0.00015855813111180806,1.0000388303274352,1.0,1.0,0.0,0.005033247484761891
02031cd71838,orchid_finger,Corrected,gaussian,medium,0,all,gaussian_medium,0.0795401605427764,0.04688947528694705,0.26699178411681174,0.10813957722961684,0.1863316067958835,1.3278178121333304,1.2092647158424175,0.25,0.0,0.0
02031cd71838,orchid_finger,Fixed OA,gaussian,medium,0,all,gaussian_medium,0.044481190990725256,0.028853680623122185,0.14217603215544283,0.04311818390738737,0.0628764109428614,1.202427063446128,1.1142526433996058,0.23529411764705882,0.058823529411764705,0.04431304235969369
02788771595a,prayer_beads,Corrected,spike,fixed,3,mixed,spike_fixed_3f_mixed,0.01569025351640488,1.3660378272994933e-08,1.376115149775979e-07,0.011055845889778041,0.022283683118475284,3.438813728446939,1.0000002087690518,0.6153846153846154,0.0,0.0
02788771595a,prayer_beads,Fixed OA,spike,fixed,3,mixed,spike_fixed_3f_mixed,0.012806802492058867,0.0,0.05800875773979584,0.009148897406902997,0.010639429055024904,2.16205780413253,1.0,0.5454545454545454,0.0,0.010555469912572895
029acf1c8098,orchid_palm,Corrected,dropout,short,3,middle,dropout_short_3f_middle,0.007343516666486231,1.3660378269525486e-08,1.7496258469659394e-07,0.006313764974160003,0.010675976420985564,1.0312512481715383,1.0,0.875,0.0,0.0
029acf1c8098,orchid_palm,Fixed OA,dropout,short,3,middle,dropout_short_3f_middle,0.005897272055855742,2.799257804025901e-08,0.010480599224734051,0.004905598226822964,0.005308410154036988,1.0542498327283762,1.0000002920662165,0.8823529411764706,0.0,0.0
04e16016884a,orchid_finger,Corrected,gaussian,medium,0,all,gaussian_medium,0.09060353251275344,0.05726469560751704,0.30778293544078383,0.11844820216601698,0.20506364873107633,1.0949098899180751,1.0171106065356739,0.75,0.0,0.0
04e16016884a,orchid_finger,Fixed OA,gaussian,medium,0,all,gaussian_medium,0.05174725700261318,0.03375494623757641,0.16861608614814136,0.04596377222557979,0.06647409713794393,1.0775850320149274,1.0537266641261163,0.6470588235294118,0.0,0.045510270406904314
05c116dc4ea7,three_finger_bent,Corrected,dropout,short,5,index,dropout_short_5f_index,0.00898665743195451,2.7320756540785696e-08,1.7186146922254516e-07,0.006101862024876262,0.008970945895906584,1.1366067734592282,1.0000001043746063,0.75,0.0,0.0
05c116dc4ea7,three_finger_bent,Fixed OA,dropout,short,5,index,dropout_short_5f_index,0.007549783242464832,4.743186793332299e-08,0.013784773456298553,0.0044909774990332515,0.004392195614232219,1.1317993774005917,1.0000002103692283,0.7647058823529411,0.0,0.032903337009225375
05fccc72741b,orchid_finger,Corrected,gaussian,mild,0,all,gaussian_mild,0.027738132071029223,0.014132439962808246,0.0970339079490769,0.038194531246229985,0.06523508709079794,1.9277317257640354,1.7417849144108428,0.07692307692307693,0.0,0.0
05fccc72741b,orchid_finger,Fixed OA,gaussian,mild,0,all,gaussian_mild,0.015930421021377088,0.009621117114316124,0.05500055157333403,0.01442589394284168,0.021399049314933208,1.6042436035854297,1.5880286632068579,0.21428571428571427,0.0,0.04089627476170968
065ced8f3f3c,deer_horn,Corrected,spike,fixed,3,mixed,spike_fixed_3f_mixed,0.0025614903528748917,1.3996289016660057e-08,1.241852554123568e-07,0.0025663008518976523,0.00420479120457384,1.0032301670514494,1.0,1.0,0.0,0.0
065ced8f3f3c,deer_horn,Fixed OA,spike,fixed,3,mixed,spike_fixed_3f_mixed,0.0020559920633688835,0.0,3.853618459319665e-05,0.0018142066733488435,0.002002102120519414,1.0032927498286761,1.0,1.0,0.0,0.0
077732e35af3,orchid_finger,Corrected,dropout,short,5,index,dropout_short_5f_index,0.004454166520588639,2.1891631341031115e-08,4.2548718632850525e-07,0.005164562832669726,0.00904211560018371,1.0589110343395625,1.0000000081570697,0.875,0.0,0.0
077732e35af3,orchid_finger,Fixed OA,dropout,short,5,index,dropout_short_5f_index,0.0035564132832949964,5.138452358055545e-07,0.009877443035718953,0.0032388535399954085,0.004068587105367846,1.0384467590440856,1.0003742786318952,0.8823529411764706,0.0,0.03433251207774771
07d55faaaef1,orchid_palm,Corrected,dropout,short,5,middle,dropout_short_5f_middle,0.001976430180168668,1.3660378272994933e-08,1.279866663124803e-07,0.002993148093524552,0.005595752841846584,0.9911275235534422,0.9999999901845619,1.0,0.0,0.0
07d55faaaef1,orchid_palm,Fixed OA,dropout,short,5,middle,dropout_short_5f_middle,0.0012432450976579382,2.7320756545989866e-08,0.0031377960630989644,0.001485171437275808,0.0021654239211997555,0.9964919780209804,1.0000000441860675,1.0,0.0,0.0
0811126d80b5,deer_horn,Corrected,dropout,short,3,thumb,dropout_short_3f_thumb,0.004898094977084473,1.3996289016660057e-08,1.1197031218879161e-07,0.003982864810203991,0.0074523258805340225,1.0038021252107479,1.0,1.0,0.0,0.0
0811126d80b5,deer_horn,Fixed OA,dropout,short,3,thumb,dropout_short_3f_thumb,0.004778476209070933,0.0,0.0062884339193932355,0.003723691047502925,0.003673239563528438,1.0080099506786984,1.0,0.9375,0.0,0.03466697611478161
088859eb0563,deer_horn,Corrected,dropout,short,3,middle,dropout_short_3f_middle,0.002037344060286876,1.3660378272994933e-08,1.1197031224430276e-07,0.002427669571735827,0.004059151741836803,1.0787599347866879,1.0000000186581275,0.875,0.0,0.0
088859eb0563,deer_horn,Fixed OA,dropout,short,3,middle,dropout_short_3f_middle,0.001623094678534904,1.7984356753819597e-08,0.0001792781381843092,0.0015337489961606684,0.0020125779064852586,1.04189471952639,1.0,0.8823529411764706,0.0,0.007689700136255443
08f6838eb763,deer_horn,Corrected,dropout,short,3,middle,dropout_short_3f_middle,0.008406781878516022,1.3996289023598951e-08,1.3403390572777618e-07,0.006969607425555099,0.01253357195737348,1.1780721460705634,1.0000000107064912,0.75,0.0,0.0
08f6838eb763,deer_horn,Fixed OA,dropout,short,3,middle,dropout_short_3f_middle,0.007148564790118362,5.576946045249276e-08,0.015235066421383581,0.005524535976226988,0.006086492695923649,1.199226887905285,1.0000001502297764,0.7647058823529411,0.0,0.0
0945e8accdd1,deer_horn,Corrected,spike,fixed,3,mixed,spike_fixed_3f_mixed,0.008443513084260024,1.3660378272994933e-08,1.0928302618395946e-07,0.008185998255631611,0.01429196659202043,1.1089139552556497,1.0,0.8125,0.0,0.0
0945e8accdd1,deer_horn,Fixed OA,spike,fixed,3,mixed,spike_fixed_3f_mixed,0.0067207497583276765,6.719514622499645e-08,0.01370524535204998,0.005528577953755309,0.006752659808802626,1.17071006466242,1.0,0.8823529411764706,0.0,0.01477129853790566
09dc2f057497,prayer_beads,Corrected,dropout,short,3,thumb,dropout_short_3f_thumb,0.0020557151892353544,2.7320756545989866e-08,2.3773559717707443e-07,0.0019228347932997382,0.0026841237507618187,1.0121267204679663,1.0,0.9375,0.0,0.0
09dc2f057497,prayer_beads,Fixed OA,dropout,short,3,thumb,dropout_short_3f_thumb,0.0016481571658353627,0.0,0.00133286327144392,0.0010208054068387635,0.001005286167946099,1.0095486128303464,1.0,0.9411764705882353,0.0,0.022513576750260438
0c54bf5d9c80,flower_pinch,Corrected,gaussian,severe,0,all,gaussian_severe,0.18634228070735098,0.13079660522460565,0.5229343509867932,0.19566600216430022,0.3383123701199875,2.646081557805359,2.1955736585192245,0.0,0.0,0.0
0c54bf5d9c80,flower_pinch,Fixed OA,gaussian,severe,0,all,gaussian_severe,0.1129610156228016,0.08442368622848773,0.32391422475744763,0.07790963079258703,0.11386508554227405,2.251605006629476,2.1728471056073935,0.11764705882352941,0.0,0.028005852333590982
0cc3fe974e06,prayer_beads,Corrected,dropout,short,3,index,dropout_short_3f_index,0.007720116068055332,1.8775114379865343e-08,1.3155502213285653e-07,0.006630153312467982,0.012352148139536008,2.472506873903614,1.0000000811150855,0.7142857142857143,0.0,0.0
0cc3fe974e06,prayer_beads,Fixed OA,dropout,short,3,index,dropout_short_3f_index,0.0064356042074379845,2.371593399441707e-08,0.009431716700648171,0.005123342474186896,0.005320568289060521,2.7088820042614192,1.000023727788702,0.6428571428571429,0.0,0.028983977188288296
0d850ed38621,three_finger_bent,Corrected,dropout,short,3,middle,dropout_short_3f_middle,0.0011271397331617898,1.3996289044415633e-08,1.6795546826375852e-07,0.0013422084406927031,0.002262696751148013,1.0000002282515075,1.0000000744868711,1.0,0.0,0.0
0d850ed38621,three_finger_bent,Fixed OA,dropout,short,3,middle,dropout_short_3f_middle,0.0008719479771448475,4.743186787781184e-08,0.0021889894301996182,0.0008642705007064486,0.0009699885024964432,0.9990659323767149,1.0,1.0,0.0,0.040839596789307285
0da65ec5dfa1,flower_pinch,Corrected,gaussian,mild,0,all,gaussian_mild,0.028223210824159344,0.017160317448066495,0.09494492459602716,0.03919505054166912,0.06795189591625159,1.137699917992329,1.1152251267178408,0.4375,0.0,0.0
0da65ec5dfa1,flower_pinch,Fixed OA,gaussian,mild,0,all,gaussian_mild,0.015579623957478295,0.010467485960483303,0.04971495230171567,0.015533388555899625,0.02227537294726535,1.077569651227509,1.06677659779391,0.5882352941176471,0.0,0.03130941162260238
0dbeb1a8df16,deer_horn,Corrected,spike,fixed,2,mixed,spike_fixed_2f_mixed,0.007913020729464438,1.4876358644944077e-08,1.399628902244536e-07,0.009230391766878988,0.016815179688388596,1.0675832764621414,1.0,0.8125,0.0,0.0
0dbeb1a8df16,deer_horn,Fixed OA,spike,fixed,2,mixed,spike_fixed_2f_mixed,0.006231620125539589,0.0,0.012086216321131136,0.006138035550626243,0.00788459553272925,1.0918942093391295,1.0,0.8235294117647058,0.0,0.008601314447487393
0de105d64406,orchid_finger,Corrected,spike,fixed,1,mixed,spike_fixed_1f_mixed,0.003551091619261904,1.3660378272994933e-08,1.1197031218879161e-07,0.007317382471364189,0.015092088072436201,1.3400008129183507,0.999999993566099,0.8125,0.0,0.0
0de105d64406,orchid_finger,Fixed OA,spike,fixed,1,mixed,spike_fixed_1f_mixed,0.003437639763758109,0.0,0.001876147015237812,0.003839566228251553,0.005559787600612835,1.1683058039855987,1.0,0.8125,0.0,0.04217165160829258
0e3664e2254e,orchid_palm,Corrected,gaussian,severe,0,all,gaussian_severe,0.19535383989143246,0.15264638333792185,0.5296497666608675,0.2095961606449271,0.35607550049506176,2.043360799791532,1.4812477376377147,0.1875,0.0,0.0
0e3664e2254e,orchid_palm,Fixed OA,gaussian,severe,0,all,gaussian_severe,0.11697308314247298,0.09249506331004761,0.2918495410126959,0.07926388969617605,0.11829642761400273,1.7655691333702985,1.307400021574723,0.17647058823529413,0.0,0.016328808778084403
0e3e9a68b1ee,flower_pinch,Corrected,spike,fixed,2,mixed,spike_fixed_2f_mixed,0.011430909469824358,2.0490567395614612e-08,1.4015462179717275e-07,0.012093435730363505,0.025039149474167185,1.340941897087268,1.0000000549839907,0.8125,0.0,0.0
0e3e9a68b1ee,flower_pinch,Fixed OA,spike,fixed,2,mixed,spike_fixed_2f_mixed,0.009730082460600819,0.0,0.016522935266571656,0.009572436815965408,0.011485268571119197,1.3402133511439773,1.0,0.8235294117647058,0.0,0.0405964532563836
0e4f4ee4e14c,flower_pinch,Corrected,spike,fixed,3,mixed,spike_fixed_3f_mixed,0.01783049386222987,2.7320756545989866e-08,0.02092069173696695,0.014718334842626291,0.027354233154479993,1.2427906423485109,1.0,0.6875,0.0,0.0
0e4f4ee4e14c,flower_pinch,Fixed OA,spike,fixed,3,mixed,spike_fixed_3f_mixed,0.01441934346544059,0.0,0.10324201186670169,0.011494471974850333,0.012432251841970625,1.3301029142393197,1.0009758131401625,0.6470588235294118,0.0,0.04573412682827942
0e8fb1328a81,orchid_palm,Corrected,dropout,short,3,middle,dropout_short_3f_middle,0.003369803527101942,1.3996289023598951e-08,1.3591951748548234e-07,0.003056339010658591,0.004967196053128851,1.0475554539256096,1.0000000128802853,0.8125,0.0,0.0
0e8fb1328a81,orchid_palm,Fixed OA,dropout,short,3,middle,dropout_short_3f_middle,0.0027090264070151115,0.0,0.003618987965822593,0.0022341310552987503,0.0023390458320871714,1.061126497756823,1.0000025466402331,0.8823529411764706,0.0,0.015559037676750386
0ea7ad063ed0,flower_pinch,Corrected,gaussian,mild,0,all,gaussian_mild,0.029026305870972203,0.021043769475982195,0.08925274589651501,0.04012067338376254,0.06753111846579138,1.1686282403486432,1.0840663028649329,0.5625,0.0,0.0
0ea7ad063ed0,flower_pinch,Fixed OA,gaussian,mild,0,all,gaussian_mild,0.015565754685417505,0.011686713788559094,0.045247626957769044,0.01575248518997385,0.02298784969103652,1.0737824364716597,1.0106677550460157,0.7058823529411765,0.0,0.008196978283345343
102f03365f11,orchid_palm,Corrected,dropout,short,3,middle,dropout_short_3f_middle,0.0001684509943244999,1.3660378272994933e-08,1.0928302616747959e-07,0.0003363118060005584,0.0006166619061471749,0.9999999957173202,1.0000000230901747,1.0,0.0,0.0
102f03365f11,orchid_palm,Fixed OA,dropout,short,3,middle,dropout_short_3f_middle,0.0001304830448856666,0.0,4.6458184251189916e-05,0.0001530951932534189,0.00022414663184565798,1.0000727398878282,1.0,1.0,0.0,0.0
10669b510bec,orchid_palm,Corrected,spike,fixed,3,mixed,spike_fixed_3f_mixed,0.009131160692528043,6.9981445222078165e-09,9.119218494710305e-08,0.006521185555456028,0.010069999094106016,1.2623489438326856,1.0000002132534003,0.7333333333333333,0.0,0.0
10669b510bec,orchid_palm,Fixed OA,spike,fixed,3,mixed,spike_fixed_3f_mixed,0.007501092038737414,0.0,0.006736571843972326,0.00434012678533462,0.005056097265413449,1.4513055522371974,1.0,0.6875,0.0,0.040280885925905605
13223bfbd5ee,flower_pinch,Corrected,dropout,short,3,index,dropout_short_3f_index,0.0003761281027670107,1.3660378272994933e-08,1.1246881045923151e-07,0.0007070814244266066,0.0012588225114969376,0.9999999358613243,0.9999999782054374,1.0,0.0,0.0
13223bfbd5ee,flower_pinch,Fixed OA,dropout,short,3,index,dropout_short_3f_index,0.00029298246212987696,0.0,0.0006498273415434967,0.00034420533007440036,0.0004982581120500371,1.0000000091034476,1.0,1.0,0.0,0.038408364406261324
13271a043d83,orchid_finger,Corrected,dropout,short,3,index,dropout_short_3f_index,0.0009194985202324861,1.3839279278116123e-08,1.399628902359895e-07,0.0011296408874837975,0.0018621654036045836,1.021104272872679,1.0000000018986954,0.875,0.0,0.0
13271a043d83,orchid_finger,Fixed OA,dropout,short,3,index,dropout_short_3f_index,0.0007746899065413389,6.998144508330029e-09,0.0001477932524872575,0.0007376682819585087,0.0007888196385130105,1.009980059332963,1.0,0.9411764705882353,0.0,0.0
13b67119bca1,prayer_beads,Corrected,spike,fixed,2,mixed,spike_fixed_2f_mixed,0.005984137120021084,1.5810622644440997e-08,1.6047063474688991e-07,0.006296274432812034,0.01256669027891991,2.442614159743561,1.0000001560023355,0.6875,0.0,0.0
13b67119bca1,prayer_beads,Fixed OA,spike,fixed,2,mixed,spike_fixed_2f_mixed,0.004416549640333778,0.0,0.005816743671129643,0.0043702067892109845,0.005167741155308933,1.7511707270730816,1.0,0.7333333333333333,0.0,0.024374936229408135
13b760fe42f8,prayer_beads,Corrected,dropout,short,3,index,dropout_short_3f_index,0.0018840770965056469,1.3660378259117145e-08,9.356423552597803e-08,0.001744432927450498,0.002958603125613527,0.9992875751104622,1.0,1.0,0.0,0.0
13b760fe42f8,prayer_beads,Fixed OA,dropout,short,3,index,dropout_short_3f_index,0.0015402500303437752,2.371593399441707e-08,0.0009578332702496542,0.0013656322387115187,0.0015572497772856435,1.018453622013967,0.9999999226015372,0.9411764705882353,0.0,0.0
144ec3480b65,flower_pinch,Corrected,gaussian,mild,0,all,gaussian_mild,0.030359081782873245,0.022226848447174822,0.09330085045478015,0.04248289177798379,0.07272704893478081,1.1840034537834123,1.1292535504684968,0.5,0.0,0.0
144ec3480b65,flower_pinch,Fixed OA,gaussian,mild,0,all,gaussian_mild,0.0162785350816322,0.012947320333342276,0.04155324977954541,0.015741189990856337,0.02376979349230397,1.1060946809956305,1.1155034849857917,0.4117647058823529,0.0,0.040661032133940005
14b9a0194276,orchid_palm,Corrected,dropout,short,5,middle,dropout_short_5f_middle,0.020983014984718145,1.3660378272994933e-08,0.07084953550957057,0.012353953998648607,0.01852848199285101,1.0256866000777671,1.0,0.875,0.0,0.0
14b9a0194276,orchid_palm,Fixed OA,dropout,short,5,middle,dropout_short_5f_middle,0.016194497058562355,1.2596660121239056e-07,0.08758425464993567,0.009509949647621729,0.009177740706519333,1.0399505116514343,1.0,0.8823529411764706,0.0,0.0
15871d67f593,three_finger_bent,Corrected,dropout,short,3,index,dropout_short_3f_index,0.006779285838142747,1.3660378272994933e-08,1.20563185064537e-07,0.0057766901005017425,0.011343576284148251,1.1827351924432592,1.0000000771119284,0.75,0.0,0.0
15871d67f593,three_finger_bent,Fixed OA,dropout,short,3,index,dropout_short_3f_index,0.00562628585976772,4.124200961297397e-08,0.005895598783719396,0.004165087728776423,0.00496259832012885,1.2689608103752987,1.0000003508572382,0.7647058823529411,0.0,0.038298332580099716
15b1b2a699ed,three_finger_bent,Corrected,dropout,short,5,index,dropout_short_5f_index,0.004234978763953545,2.7320756545989866e-08,2.799257804747546e-07,0.002901089363309988,0.003255729152370784,1.0000000052215885,0.9999999677816618,1.0,0.0,0.0
15b1b2a699ed,three_finger_bent,Fixed OA,dropout,short,5,index,dropout_short_5f_index,0.003261993657562848,0.0,0.004274960399253527,0.0016560565935950808,0.0016089911732841166,0.9960948372968462,1.0000004172607042,1.0,0.0,0.034813025674372694
167a4c6fc138,three_finger_bent,Corrected,gaussian,severe,0,all,gaussian_severe,0.13278819787780632,0.09059000096714356,0.4321969093114651,0.15425890322104632,0.2644573203024136,3.2311656927212478,2.7399091861467992,0.06666666666666667,0.0,0.0
167a4c6fc138,three_finger_bent,Fixed OA,gaussian,severe,0,all,gaussian_severe,0.0789134758312583,0.053935261281713665,0.23639205201132946,0.060654945407693714,0.0850562844294908,2.94617506999015,2.493056718766675,0.0,0.0625,0.041879397302876264
17360e901685,flower_pinch,Corrected,dropout,short,3,thumb,dropout_short_3f_thumb,0.0045934235080087975,2.0994433538867874e-08,1.3343944415405984e-07,0.005405492625701361,0.00883747376557979,1.1039791967306967,0.9999999042150347,0.8125,0.0,0.0
17360e901685,flower_pinch,Fixed OA,dropout,short,3,thumb,dropout_short_3f_thumb,0.0038517990086572008,1.7431211654650447e-07,0.007324022835255538,0.003685258292113404,0.005092736581115924,1.037736309324861,1.0000012441484818,0.8823529411764706,0.0,0.0
17403ac8aaef,deer_horn,Corrected,spike,fixed,2,mixed,spike_fixed_2f_mixed,0.00480330182138711,1.3660378272994933e-08,1.1197031224430276e-07,0.005192286851092706,0.010006900497227992,1.0221968195946034,1.0,0.9375,0.0,0.0
17403ac8aaef,deer_horn,Fixed OA,spike,fixed,2,mixed,spike_fixed_2f_mixed,0.004119747832350474,8.64270852107829e-09,0.0038183456472536616,0.004015385483859132,0.004433593128807578,1.0497736629723975,1.0,0.9411764705882353,0.0,0.0
17dd78dd74ea,deer_horn,Corrected,dropout,short,5,middle,dropout_short_5f_middle,0.0031865190209622056,1.3660378272994933e-08,1.4009710232187889e-07,0.005285355860417631,0.00920171432843908,1.0358578702745023,1.00000003793105,0.875,0.0,0.0
17dd78dd74ea,deer_horn,Fixed OA,dropout,short,5,middle,dropout_short_5f_middle,0.0024382016983238086,0.0,0.005122025859528865,0.002597550025926926,0.0033632233767382663,1.019728279410881,1.0,0.9411764705882353,0.0,0.010884589406253708
18921f341339,orchid_finger,Corrected,dropout,short,5,index,dropout_short_5f_index,0.00698195655115449,2.1891631341031115e-08,3.35910936621886e-07,0.00560096427678416,0.009588170567964252,1.7771350682242675,1.0000001128087774,0.7333333333333333,0.0,0.0
18921f341339,orchid_finger,Fixed OA,dropout,short,5,index,dropout_short_5f_index,0.005720143244390716,5.691824150888536e-08,0.01345325868181445,0.003682079785873591,0.003982495474834898,1.1602476842049234,1.000000039970607,0.8,0.0,0.033274973473533226
196af66c4870,orchid_palm,Corrected,gaussian,severe,0,all,gaussian_severe,0.18769952789435246,0.14336517815666355,0.481710670382746,0.15904199233987143,0.26294481788888924,6.97920513465782,6.436916608847978,0.0,0.0,0.0
196af66c4870,orchid_palm,Fixed OA,gaussian,severe,0,all,gaussian_severe,0.11597056461389596,0.09341322856005337,0.2940969004556788,0.07279174484869032,0.09656373925265378,5.039764752467396,3.9147045437864447,0.0,0.0,0.024885480498102915
19d69d349b91,orchid_palm,Corrected,spike,fixed,3,mixed,spike_fixed_3f_mixed,0.006540009312215354,1.3660378272994933e-08,1.4626122010023845e-07,0.005121414404871751,0.009453330196999126,1.0913968039064779,1.0000000381479373,0.8125,0.0,0.0
19d69d349b91,orchid_palm,Fixed OA,spike,fixed,3,mixed,spike_fixed_3f_mixed,0.004704966175937704,0.0,0.012881072463619673,0.0035002435807793817,0.004325925611354124,1.0939283564489435,1.0,0.8235294117647058,0.0,0.0
1ac2d6ad98c0,orchid_finger,Corrected,dropout,short,5,index,dropout_short_5f_index,0.009123658298673688,1.3996289044415633e-08,2.2394062437758322e-07,0.006029940279645059,0.010964888060646043,1.0000000865310534,1.000000093685184,1.0,0.0,0.0
1ac2d6ad98c0,orchid_finger,Fixed OA,dropout,short,5,index,dropout_short_5f_index,0.00630941044400855,6.027799881458407e-08,0.011174298112015422,0.003791406225479253,0.004591170468718927,0.9977072549770938,0.9999989594442821,1.0,0.0,0.010983399225684243
1b440a811b8d,three_finger_bent,Corrected,spike,fixed,3,mixed,spike_fixed_3f_mixed,0.0031415465378780787,2.7320756541653057e-08,1.959480463442631e-07,0.003133125022996536,0.006301409529838494,1.0338531361700296,1.000000023053826,0.9375,0.0,0.0
1b440a811b8d,three_finger_bent,Fixed OA,spike,fixed,3,mixed,spike_fixed_3f_mixed,0.0025357117362049112,0.0,0.006276127333636962,0.0017423051646377461,0.00245324783172955,1.0266059684439797,1.000001182673537,0.9411764705882353,0.0,0.04239582317144432
1bdd3f18777d,orchid_palm,Corrected,dropout,short,3,middle,dropout_short_3f_middle,0.0040488971085547625,1.3660378272994933e-08,1.498753314600752e-07,0.007186754888540458,0.012698437960791453,1.1834054741357074,1.0000003754901892,0.75,0.0,0.0
1bdd3f18777d,orchid_palm,Fixed OA,dropout,short,3,middle,dropout_short_3f_middle,0.0031412004520501653,8.047866188742869e-08,0.010979183802170557,0.0037689007117071146,0.005037821468080339,1.0838198477569168,1.0000024275654915,0.8235294117647058,0.0,0.03930815083688711
1c84fb7a8f72,flower_pinch,Corrected,dropout,short,5,index,dropout_short_5f_index,0.008047405817772935,1.55231569265446e-08,1.67955468310943e-07,0.009599123178728033,0.014960422181451138,1.4430331359969832,1.0000001606037259,0.75,0.0,0.0
1c84fb7a8f72,flower_pinch,Fixed OA,dropout,short,5,index,dropout_short_5f_index,0.006337621454201923,0.0,0.017174335057021983,0.00513514745444316,0.005840976815554652,1.3523626885552529,1.0,0.6470588235294118,0.0,0.034997020889881256
1cabad167392,orchid_palm,Corrected,spike,fixed,3,mixed,spike_fixed_3f_mixed,0.0038719814488824525,1.3660378272994933e-08,1.1197031224430276e-07,0.0027180524279290727,0.005436254235042331,1.0076345152095545,1.0,0.9375,0.0,0.0
1cabad167392,orchid_palm,Fixed OA,spike,fixed,3,mixed,spike_fixed_3f_mixed,0.0031904314539433426,0.0,0.003406404737364951,0.0023070122046474147,0.0026686726382198762,1.0197865672528976,1.0,0.9411764705882353,0.0,0.020157993503741565
1cd49ab74b3e,three_finger_bent,Corrected,gaussian,severe,0,all,gaussian_severe,0.17358567859698157,0.12638744163372523,0.5250015480655091,0.1929285437453561,0.33106477674599727,3.6669683866837395,2.2543866074729744,0.0,0.0,0.0
1cd49ab74b3e,three_finger_bent,Fixed OA,gaussian,severe,0,all,gaussian_severe,0.10646219826862294,0.08521086175160264,0.2919852631848506,0.07963491395372382,0.11232904856772537,2.7109549707640075,1.9392092260389981,0.17647058823529413,0.0,0.03196589356298071
1d0e62a6a7aa,orchid_palm,Corrected,dropout,short,3,index,dropout_short_3f_index,0.0007912646763032539,1.3660378272994933e-08,1.1746703668935516e-07,0.0008820480152640101,0.0015064970625217383,1.0012384146137174,1.0000000479128668,1.0,0.0,0.0
1d0e62a6a7aa,orchid_palm,Fixed OA,dropout,short,3,index,dropout_short_3f_index,0.0006250322142715913,0.0,0.0006393791032124309,0.0004952272571863285,0.0006773759271681812,1.0131341510665002,1.0,0.9375,0.0,0.0
1f834441de71,deer_horn,Corrected,dropout,short,3,middle,dropout_short_3f_middle,0.005431793733317588,1.3660378272994933e-08,1.2596660121620695e-07,0.00900646591333505,0.01641695157829272,1.0035241041627938,1.0000000082825857,0.75,0.0625,0.0
1f834441de71,deer_horn,Fixed OA,dropout,short,3,middle,dropout_short_3f_middle,0.0043690380066603125,0.0,0.00786549594527581,0.004852773828302151,0.006313663856524403,1.0238932179027542,1.0,0.8235294117647058,0.058823529411764705,0.0
215a4cade2a6,prayer_beads,Corrected,spike,fixed,3,mixed,spike_fixed_3f_mixed,0.010922157201324808,1.3996289044415633e-08,1.4662385144012517e-07,0.0076493619802389095,0.015543928204458934,1.6782697451005162,0.9999998447929911,0.8125,0.0,0.0
215a4cade2a6,prayer_beads,Fixed OA,spike,fixed,3,mixed,spike_fixed_3f_mixed,0.009960170453402804,4.023933095065324e-08,0.011734991254092265,0.006946338476231014,0.008010870084835862,1.6827037490368595,1.0000017249840665,0.8,0.0,0.03919337378763289
21cf94ae0db2,three_finger_bent,Corrected,dropout,short,3,middle,dropout_short_3f_middle,0.0043937508967817635,2.7320756545989866e-08,1.928611949558732e-07,0.006046703853572696,0.011646326792227317,1.097250426742065,1.0000000185817584,0.8125,0.0,0.0
21cf94ae0db2,three_finger_bent,Fixed OA,dropout,short,3,middle,dropout_short_3f_middle,0.003561302361897138,1.935966710553405e-07,0.012571581004157856,0.0035654926600344485,0.0043601364551623814,1.0425213345256357,1.0,0.8823529411764706,0.0,0.03553756676936681
22258c77b24a,three_finger_bent,Corrected,dropout,short,3,index,dropout_short_3f_index,0.003266333582612775,2.7320756545989866e-08,2.0994433535901496e-07,0.0037889838616315323,0.006092429793482703,1.0918837696794592,1.0000000355715533,0.875,0.0,0.0
22258c77b24a,three_finger_bent,Fixed OA,dropout,short,3,index,dropout_short_3f_index,0.0026584567291027482,0.0,0.0031360577568976204,0.002369889245244534,0.0029667543291731976,1.0902823819027065,1.0,0.8823529411764706,0.0,0.04089852816424253
223f5619f740,flower_pinch,Corrected,dropout,short,5,index,dropout_short_5f_index,0.006873320046784024,1.5523156982055752e-08,2.0350604129637493e-07,0.007353954742030389,0.014136937928363754,1.0938944433863544,1.0,0.8125,0.0,0.0
223f5619f740,flower_pinch,Fixed OA,dropout,short,5,index,dropout_short_5f_index,0.005321003767710965,2.2767296599390807e-07,0.020957147716296542,0.005152899200184655,0.005937467397711439,1.0702841389400417,1.0038516526900791,0.7647058823529411,0.0,0.036247715280770455
224a51a1dd12,orchid_palm,Corrected,dropout,short,3,middle,dropout_short_3f_middle,0.0033918154121442222,1.3660378272994933e-08,1.4194569676537212e-07,0.003692569398775257,0.006913501576353613,1.0391619240125662,1.0000000319962954,0.9375,0.0,0.0
224a51a1dd12,orchid_palm,Fixed OA,dropout,short,3,middle,dropout_short_3f_middle,0.002588823208423196,0.0,0.006894522437024739,0.002295327343421384,0.002427328553074999,1.0277198252108888,1.0,0.9411764705882353,0.0,0.032072376097525994
2294550ff000,three_finger_bent,Corrected,gaussian,severe,0,all,gaussian_severe,0.1682091966782371,0.12211177828310602,0.5195482567547324,0.1958196890191827,0.33549612513659893,2.008976597238446,1.7560005428982643,0.125,0.0,0.0
2294550ff000,three_finger_bent,Fixed OA,gaussian,severe,0,all,gaussian_severe,0.10313411197866594,0.0781585180505241,0.2839084651095608,0.07988342940644647,0.11321998715542209,1.6669863270792795,1.3788956035498556,0.058823529411764705,0.0,0.0
22cf7a87c9ab,orchid_palm,Corrected,dropout,short,3,thumb,dropout_short_3f_thumb,0.0017108095194306799,1.3660378272994933e-08,1.1336994109357964e-07,0.0022637605664445008,0.00410013349399057,1.0041911768764795,1.000000070918362,1.0,0.0,0.0
22cf7a87c9ab,orchid_palm,Fixed OA,dropout,short,3,thumb,dropout_short_3f_thumb,0.001634792506966574,1.3996289023598951e-08,0.004615437034649888,0.001621593711381449,0.0019130543655155503,0.991953726705791,1.000001614750656,1.0,0.0,0.03140655986471747
23475596218f,orchid_palm,Corrected,dropout,short,3,index,dropout_short_3f_index,0.0010589079642729085,1.3660378272994933e-08,1.2157685611371982e-07,0.0009302387809097982,0.0016374495355795933,1.0302802783291027,1.0000000039426187,0.9375,0.0,0.0
23475596218f,orchid_palm,Fixed OA,dropout,short,3,index,dropout_short_3f_index,0.0008105981152650811,6.998144511799476e-08,0.0010816557765742224,0.0006713569578810181,0.0007594761392859081,1.0461527343718393,1.0000003268907434,0.9411764705882353,0.0,0.038489178979085485
239169458cfc,prayer_beads,Corrected,dropout,short,5,middle,dropout_short_5f_middle,0.02081960928083668,1.5810622644440997e-08,2.1266724787860518e-07,0.010127660940023632,0.018285811814455936,3.141587685655327,1.0000003616055542,0.6,0.0,0.0
239169458cfc,prayer_beads,Fixed OA,dropout,short,5,middle,dropout_short_5f_middle,0.015470958363820033,4.7811323955482266e-08,0.046413934912432016,0.0077212761967663515,0.008136003607747673,2.2859536770846094,1.0001295267116324,0.6428571428571429,0.0,0.0
24335f186a87,orchid_palm,Corrected,dropout,short,3,index,dropout_short_3f_index,0.0011506606399203237,7.905311294464923e-09,8.397773414159371e-08,0.0013409975822614786,0.0024751575503408323,1.0396694123741865,1.0000000928110642,0.875,0.0,0.0
24335f186a87,orchid_palm,Fixed OA,dropout,short,3,index,dropout_short_3f_index,0.0008750031174864044,0.0,0.0014961401953746398,0.0008109575623248211,0.0009803091730305718,1.032223435705719,1.0,0.9375,0.0,0.03923736460514859
2472e1c1ad51,flower_pinch,Corrected,dropout,short,5,thumb,dropout_short_5f_thumb,0.007463749721272418,1.3660378272994933e-08,1.4696103474431954e-07,0.006855234558406411,0.007137059351414387,1.19940921394594,1.000000113747928,0.875,0.0,0.0
2472e1c1ad51,flower_pinch,Fixed OA,dropout,short,5,thumb,dropout_short_5f_thumb,0.005318063577780953,0.0,0.011020732816210155,0.0034868009523576176,0.003336726641990655,1.1594074084641828,1.0,0.8823529411764706,0.0,0.0
247c348c21f7,deer_horn,Corrected,spike,fixed,1,mixed,spike_fixed_1f_mixed,0.002152046923035654,1.3660378272994933e-08,1.1383648299001514e-07,0.004399723984268701,0.008999423283523527,1.0825363688753948,1.0,0.8125,0.0,0.0
247c348c21f7,deer_horn,Fixed OA,spike,fixed,1,mixed,spike_fixed_1f_mixed,0.0021855016568485654,0.0,0.0009181310882281141,0.002358687333798135,0.0033823193494327414,1.0085472679381315,1.0,0.9411764705882353,0.0,0.0010487072398570497
251f6006a2a2,flower_pinch,Corrected,dropout,short,3,middle,dropout_short_3f_middle,0.0013134703170760722,1.3660378272994933e-08,1.4017379491859658e-07,0.0018873308607115081,0.003408010825191635,0.9999999761779,1.0,1.0,0.0,0.0
251f6006a2a2,flower_pinch,Fixed OA,dropout,short,3,middle,dropout_short_3f_middle,0.0009659317783679208,0.0,0.0031779950214399734,0.0010890302356175744,0.0012873048626182418,1.0,1.0,1.0,0.0,0.01112580866591606
26299f73f3f3,prayer_beads,Corrected,dropout,short,5,index,dropout_short_5f_index,0.014989540382792673,1.4112924693688092e-08,2.1538380245988975e-07,0.013718274574371322,0.025014647208614713,2.1906002826956774,1.0,0.7333333333333333,0.0,0.0
26299f73f3f3,prayer_beads,Fixed OA,dropout,short,5,index,dropout_short_5f_index,0.011067824177930835,3.3809436220111344e-07,0.05657023979474582,0.009626096499396187,0.011540708798223005,1.9163375523243875,1.0000135630546652,0.625,0.0,0.012404306334848236
27cef767e437,flower_pinch,Corrected,dropout,short,5,index,dropout_short_5f_index,0.003457350581474386,2.7320756545989866e-08,1.67955468310943e-07,0.00230214348863336,0.0038838016880128894,1.0138141163961611,1.0,0.9375,0.0,0.0
27cef767e437,flower_pinch,Fixed OA,dropout,short,5,index,dropout_short_5f_index,0.002791105871976083,1.976327834718461e-08,0.0009609043015690567,0.0016170447262829693,0.0016502593536399876,1.0466457195894259,1.0000000618782645,0.8823529411764706,0.0,0.0
27d4d7ce2acb,orchid_finger,Corrected,gaussian,medium,0,all,gaussian_medium,0.08227534203916727,0.040198335813242475,0.2975653497231744,0.1170675296924723,0.2092730717841986,1.328907760894094,1.1114158604862099,0.4375,0.0,0.0
27d4d7ce2acb,orchid_finger,Fixed OA,gaussian,medium,0,all,gaussian_medium,0.04568846435696323,0.02482203600698127,0.1508322751450903,0.04526808472604078,0.06588062811565737,1.1649023375869783,1.0449245973497512,0.5882352941176471,0.058823529411764705,0.036991077584029086
284106f49a48,deer_horn,Corrected,dropout,short,5,index,dropout_short_5f_index,0.001452038495460693,1.3660378272994933e-08,1.1197031218879161e-07,0.0008659112351367851,0.0014659724022259807,1.0123898094180914,1.0000000229745725,0.9375,0.0,0.0
284106f49a48,deer_horn,Fixed OA,dropout,short,5,index,dropout_short_5f_index,0.001072353993779272,0.0,0.000347305675487533,0.00055479080976912,0.0005609705209802692,1.0141158221801936,1.0,0.9411764705882353,0.0,0.03887382499404108
28963d343c56,orchid_finger,Corrected,spike,fixed,2,mixed,spike_fixed_2f_mixed,0.00999529126045203,1.3660378272994933e-08,1.2234716229402042e-07,0.01049727293731665,0.016076908584033902,1.2860421030398848,1.0000000207980797,0.75,0.0,0.0
28963d343c56,orchid_finger,Fixed OA,spike,fixed,2,mixed,spike_fixed_2f_mixed,0.00722687785654833,0.0,0.0009281113714248005,0.005558559537483048,0.006847877093916714,1.2786135733644504,1.0,0.7647058823529411,0.0,0.021670451264070856
2898570d92e6,three_finger_bent,Corrected,dropout,short,3,thumb,dropout_short_3f_thumb,0.00497256209156168,2.339105886761672e-08,1.9594804632760975e-07,0.005049564106149843,0.010167771287088123,1.0240044760626752,0.9999998948677584,0.8125,0.0,0.0
2898570d92e6,three_finger_bent,Fixed OA,dropout,short,3,thumb,dropout_short_3f_thumb,0.003888162052515786,6.830189108741891e-09,0.008903515245631008,0.0032798329804474354,0.003763243941681116,1.0049385366626393,0.9999994636600779,0.9411764705882353,0.0,0.025472490223942025
28d14f2d48f6,orchid_palm,Corrected,gaussian,severe,0,all,gaussian_severe,0.19117603933429375,0.15305221003405325,0.5471253068604696,0.18431002960878345,0.32071132323986923,7.685897635458643,4.191689214395874,0.0,0.0,0.0
28d14f2d48f6,orchid_palm,Fixed OA,gaussian,severe,0,all,gaussian_severe,0.11875816719918122,0.10039983158802648,0.30422704374162235,0.0715124369508694,0.10423012767731289,6.382142598829889,3.860828024579054,0.0,0.0,0.016278503232386936
297c992a3f01,three_finger_bent,Corrected,dropout,short,5,middle,dropout_short_5f_middle,0.00630351284806641,2.7320756532112078e-08,2.1974173767258266e-07,0.0077659690508813314,0.012963418376494838,1.1121485316053081,1.0,0.75,0.0,0.0
297c992a3f01,three_finger_bent,Fixed OA,dropout,short,5,middle,dropout_short_5f_middle,0.005012526240792032,0.0,0.016277509019182908,0.004931202271557067,0.00530152972196198,1.1415778822660527,1.0,0.8235294117647058,0.0,0.03171157136466037
29d318a0a47c,prayer_beads,Corrected,dropout,short,3,thumb,dropout_short_3f_thumb,0.0014780753136109832,2.7992578047197902e-08,1.5423649440959863e-07,0.0019333899134761521,0.003885686104751768,1.0075342032965016,1.0000000473363309,1.0,0.0,0.0
29d318a0a47c,prayer_beads,Fixed OA,dropout,short,3,thumb,dropout_short_3f_thumb,0.0009723531886729834,0.0,0.00011487951239005922,0.0011777548223519051,0.0014773941601646389,1.003235486427079,1.0,1.0,0.0,0.027201381825622754
2a8a7deb3ecb,prayer_beads,Corrected,dropout,short,5,thumb,dropout_short_5f_thumb,0.01102201897524048,2.339105886761672e-08,1.6052965916696367e-07,0.008921971505977755,0.012340746674318243,1.2729282575891658,0.999999914940606,0.8,0.0,0.0
2a8a7deb3ecb,prayer_beads,Fixed OA,dropout,short,5,thumb,dropout_short_5f_thumb,0.00974994249784427,0.0,0.03556097337482156,0.006275103076820536,0.006822359387690658,1.443383768888037,1.0,0.6923076923076923,0.0,0.03754543303843914
2a93c274a81c,orchid_finger,Corrected,dropout,short,3,middle,dropout_short_3f_middle,0.006333633344993398,1.3660378272994933e-08,2.2394062437758322e-07,0.005144687989788618,0.00895929904365484,1.2850364015092164,1.0000000432783338,0.75,0.0,0.0
2a93c274a81c,orchid_finger,Fixed OA,dropout,short,3,middle,dropout_short_3f_middle,0.005171600747646091,2.0742500467241243e-08,0.007868668094176488,0.004125953559676586,0.004221821719723076,1.350328507643624,1.000010732960673,0.75,0.0,0.0
2af4774187f6,prayer_beads,Corrected,dropout,short,5,thumb,dropout_short_5f_thumb,0.00237263776149667,2.732075654252042e-08,2.0063680129522816e-07,0.0015562109302196124,0.0025582815649414035,1.0208765600589598,1.0000003717816206,0.9333333333333333,0.0,0.0
2af4774187f6,prayer_beads,Fixed OA,dropout,short,5,thumb,dropout_short_5f_thumb,0.001984801627332803,0.0,0.0068882809511049276,0.0012256710958916494,0.0013188321590593486,1.018101148270682,1.0,0.9333333333333333,0.0,0.041620197820749806
2c08816ba325,orchid_finger,Corrected,dropout,short,3,index,dropout_short_3f_index,0.0028538677058203687,1.3996289023978422e-08,1.8972747162226966e-07,0.003418164775769076,0.005223671508710661,1.3295472099384105,1.0000000038658858,0.75,0.0,0.0
2c08816ba325,orchid_finger,Fixed OA,dropout,short,3,index,dropout_short_3f_index,0.0023740657900083364,3.6278381406601445e-08,0.0037173706263521275,0.002246976851637298,0.002369252752829164,1.2383754263501643,1.000000182215421,0.7058823529411765,0.0,0.04116524144788251
2c1e23d635ff,orchid_finger,Corrected,dropout,short,5,middle,dropout_short_5f_middle,0.02114808558626521,8.537736406744045e-09,0.013024700230980709,0.010252818105275587,0.019525872080488324,1.208740583350711,1.0000001934055982,0.8,0.0,0.0
2c1e23d635ff,orchid_finger,Fixed OA,dropout,short,5,middle,dropout_short_5f_middle,0.017002974717103606,4.781132394160448e-08,0.10703448356877873,0.008011693793393617,0.009228046266174905,1.296205220368065,1.0,0.8,0.0,0.013258762847870063
2c21941e57f9,deer_horn,Corrected,dropout,short,3,thumb,dropout_short_3f_thumb,0.0056801197482991405,1.3660378272994933e-08,1.1383648299972959e-07,0.005969659143609167,0.010573603930614387,1.1572843887492288,1.0,0.75,0.0625,0.0
2c21941e57f9,deer_horn,Fixed OA,dropout,short,3,thumb,dropout_short_3f_thumb,0.00492793655422001,0.0,0.005225801613195082,0.004292427407857364,0.004525742550596513,1.1537685532800677,1.0,0.8235294117647058,0.0,0.0
2c611fe52599,orchid_palm,Corrected,gaussian,mild,0,all,gaussian_mild,0.025603529639664363,0.016066986875040268,0.0804540242200183,0.0361558541918216,0.06273091767489056,1.388689396513058,1.1671656937349588,0.375,0.0,0.0
2c611fe52599,orchid_palm,Fixed OA,gaussian,mild,0,all,gaussian_mild,0.0145224300224096,0.01020067915302647,0.04154190470478046,0.01341664072276279,0.02048016977921438,1.238800245431056,1.0565918407618509,0.6470588235294118,0.0,0.039473328041802994
2d237e4a1d0b,deer_horn,Corrected,gaussian,severe,0,all,gaussian_severe,0.17317775348283965,0.11698246615316849,0.5624357657112449,0.19083995039695764,0.3296653679772067,2.520481401087221,1.3961096836006202,0.0625,0.0625,0.0
2d237e4a1d0b,deer_horn,Fixed OA,gaussian,severe,0,all,gaussian_severe,0.10510119944185936,0.07910535187845569,0.31039701608108095,0.07495981391109684,0.10663888008182594,2.157346239114606,1.3844559186088412,0.11764705882352941,0.0,0.041276384748647366
2d78255194cb,orchid_finger,Corrected,dropout,short,5,middle,dropout_short_5f_middle,0.011769420003607188,7.905311349976074e-09,6.382307794705629e-07,0.008945071811992895,0.014560407981927445,1.2769713358784158,1.0000001426388043,0.6875,0.0,0.0
2d78255194cb,orchid_finger,Fixed OA,dropout,short,5,middle,dropout_short_5f_middle,0.009237934947520541,1.1197031218879161e-07,0.0418265622048952,0.006643096082395451,0.007222089862172252,1.2841933391190314,1.0000015327343,0.6470588235294118,0.0,0.026618384819677317
2dedc2a68a21,flower_pinch,Corrected,gaussian,severe,0,all,gaussian_severe,0.1753000330465157,0.12200632980947937,0.5083889546156601,0.1838157360249069,0.31057998052068997,2.186189873887243,1.8790373876600501,0.0625,0.0,0.0
2dedc2a68a21,flower_pinch,Fixed OA,gaussian,severe,0,all,gaussian_severe,0.10862393949512658,0.07781077929041164,0.3070644081928118,0.07646537642769038,0.10647977679988775,1.8777898447792478,1.6241199877149644,0.17647058823529413,0.0,0.03364326264467194
2df654ae7a73,orchid_finger,Corrected,spike,fixed,2,mixed,spike_fixed_2f_mixed,0.006696767116665859,1.3660378272994933e-08,1.3996289024136717e-07,0.007181089120682436,0.014098469713729385,1.4715116670094095,1.0,0.75,0.0,0.0
2df654ae7a73,orchid_finger,Fixed OA,spike,fixed,2,mixed,spike_fixed_2f_mixed,0.005896145469024758,0.0,0.011148310692736195,0.005749206110624821,0.006776829424532334,1.4672375391066574,1.0,0.7058823529411765,0.0,0.0338174040045398
2f6a97017de9,three_finger_bent,Corrected,dropout,short,5,middle,dropout_short_5f_middle,0.008571059935881453,2.7320756532112078e-08,1.845792425694815e-07,0.012425755404727503,0.02323526905379197,1.2401029437464581,1.0000001132721756,0.625,0.0,0.0
2f6a97017de9,three_finger_bent,Fixed OA,dropout,short,5,middle,dropout_short_5f_middle,0.0060707322665015055,3.1621245288881994e-08,0.020049273136542627,0.005942152624090686,0.00798781915103882,1.2096484597064159,1.000000323808238,0.5882352941176471,0.058823529411764705,0.036429154433987934
3077ba49d2d6,orchid_finger,Corrected,spike,fixed,2,mixed,spike_fixed_2f_mixed,0.0010208801396328776,1.5810622644440997e-08,1.5810622638889882e-07,0.0013521794156156795,0.0023841780786599573,1.0000000138816043,1.0,1.0,0.0,0.0
3077ba49d2d6,orchid_finger,Fixed OA,spike,fixed,2,mixed,spike_fixed_2f_mixed,0.0009016398767885277,0.0,0.0001230065836876446,0.0008873751900727715,0.000999033816394353,0.998278428919252,1.0,1.0,0.0,0.028208211874703543
31310173430f,three_finger_bent,Corrected,dropout,short,5,thumb,dropout_short_5f_thumb,0.008919095683609279,1.3660378272994933e-08,1.8670862920178168e-07,0.00592010309375294,0.010036380665338034,1.1385527807258315,1.0,0.875,0.0,0.0
31310173430f,three_finger_bent,Fixed OA,dropout,short,5,thumb,dropout_short_5f_thumb,0.007585175253067681,3.499072255552793e-08,0.010196071408524316,0.004873242059974507,0.005025607441953068,1.1526070631223175,0.9999998848702957,0.8823529411764706,0.0,0.03653533902021218
31eb091e0bb6,three_finger_bent,Corrected,gaussian,mild,0,all,gaussian_mild,0.028302761114194764,0.019153487644285993,0.08929003823926124,0.03976556615584898,0.06755714511125337,1.084009500298516,1.0419319867103556,0.625,0.0,0.0
31eb091e0bb6,three_finger_bent,Fixed OA,gaussian,mild,0,all,gaussian_mild,0.015200769239860046,0.010704600262156326,0.046075376810743716,0.015469591512011159,0.021889941181435828,1.055485225973484,1.036329216830857,0.7058823529411765,0.0,0.03892463152319794
325261946ec7,deer_horn,Corrected,spike,fixed,3,mixed,spike_fixed_3f_mixed,0.011657672772383146,1.4229560363343552e-08,1.4579467640107815e-07,0.011604420763715532,0.020217620229847893,1.03300378062785,1.0,0.8125,0.0,0.0
325261946ec7,deer_horn,Fixed OA,spike,fixed,3,mixed,spike_fixed_3f_mixed,0.009069720337841891,0.0,0.013889285574747992,0.005995146412060857,0.0077530043197258204,1.068391259349775,1.0,0.7647058823529411,0.0,0.0
32ddc31572ea,deer_horn,Corrected,spike,fixed,2,mixed,spike_fixed_2f_mixed,0.004418468575125926,1.3996289020129504e-08,1.119703122415272e-07,0.005314317693951313,0.00966647518163588,1.289666219164493,0.9999999583324048,0.8125,0.0,0.0
32ddc31572ea,deer_horn,Fixed OA,spike,fixed,2,mixed,spike_fixed_2f_mixed,0.0035423449855323647,0.0,0.001486543903255115,0.0036622674641764554,0.004406774127467619,1.3480181291598463,1.0,0.8235294117647058,0.0,0.04127620402726421
33bda61ed38a,orchid_finger,Corrected,spike,fixed,3,mixed,spike_fixed_3f_mixed,0.006382951131671315,2.7320756545989866e-08,1.707547249499286e-07,0.006640674465117187,0.011885990538572443,1.0322385384715949,1.000000010525604,0.875,0.0,0.0
33bda61ed38a,orchid_finger,Fixed OA,spike,fixed,3,mixed,spike_fixed_3f_mixed,0.005124382980206336,0.0,0.005120142023655051,0.004550661881335258,0.00545273524084713,1.0390044891635999,1.0,0.8823529411764706,0.0,0.003297888522160856
3470642f312f,orchid_palm,Corrected,dropout,short,5,middle,dropout_short_5f_middle,0.02574014307338879,1.3996289023598951e-08,0.009585880402509569,0.014129313199679501,0.023643677012686784,1.3027716554999593,1.0000000729706373,0.625,0.0,0.0
3470642f312f,orchid_palm,Fixed OA,dropout,short,5,middle,dropout_short_5f_middle,0.01837719883304721,0.0,0.09135849617738206,0.009765868452685858,0.008858510244486601,1.307879017004831,1.013342227860872,0.6470588235294118,0.0,0.026955255431992377
35a9c396f1a4,orchid_finger,Corrected,spike,fixed,2,mixed,spike_fixed_2f_mixed,0.0011528014757302381,1.4229560418854703e-08,1.4229560374445782e-07,0.001244517769604475,0.002336164108531365,1.0687265023228343,1.0,0.9375,0.0,0.0
35a9c396f1a4,orchid_finger,Fixed OA,spike,fixed,2,mixed,spike_fixed_2f_mixed,0.0011158963096075027,0.0,1.578456709203091e-05,0.0009873476680582695,0.001124367689983548,1.0716148755701913,1.0,0.9411764705882353,0.0,0.03394754414814456
3682f386ff1c,prayer_beads,Corrected,dropout,short,3,thumb,dropout_short_3f_thumb,0.0036650191400356327,4.0981134812045905e-08,2.1344340707940556e-07,0.003983806487168926,0.00602449282788428,1.0631033285405354,1.0000001349115673,0.9375,0.0,0.0
3682f386ff1c,prayer_beads,Fixed OA,dropout,short,3,thumb,dropout_short_3f_thumb,0.0032423373298823143,3.7258639784543135e-09,0.003415293819460816,0.0028478436607764783,0.0028309006231960433,1.0680368298208667,1.0000165918438326,0.8666666666666667,0.0,0.04096479359462632
36f8da0a0c37,orchid_palm,Corrected,dropout,short,5,index,dropout_short_5f_index,4.8244428785403425e-05,1.3660378269525486e-08,7.697958963326368e-08,8.471961844648238e-05,0.00014657576116443695,1.0000000071195552,1.0,1.0,0.0,0.0
36f8da0a0c37,orchid_palm,Fixed OA,dropout,short,5,index,dropout_short_5f_index,2.6517844968756653e-05,6.998144508330029e-09,7.178350881531485e-06,3.550725521280927e-05,5.327660950370106e-05,1.00024406952117,0.9999999740755368,1.0,0.0,0.032457751151859594
374b01f70a69,three_finger_bent,Corrected,dropout,short,5,thumb,dropout_short_5f_thumb,0.00987342129406547,2.3391058923127872e-08,1.959480463442631e-07,0.006060477175352289,0.010439997933290118,1.3141250131620146,1.0000000564684859,0.8125,0.0,0.0
374b01f70a69,three_finger_bent,Fixed OA,dropout,short,5,thumb,dropout_short_5f_thumb,0.008518750491178928,8.537736224945025e-08,0.01572180342558499,0.005384870242072321,0.0050884999092295,1.4569365969250163,1.0000019248856415,0.7058823529411765,0.0,0.03834194501669827
379735a15bb8,prayer_beads,Corrected,gaussian,mild,0,all,gaussian_mild,0.03273831682443657,0.023130770481055274,0.09782550137174094,0.04750769738102674,0.08313046795368909,1.6911577427398565,1.3417835398453632,0.4,0.0,0.0
379735a15bb8,prayer_beads,Fixed OA,gaussian,mild,0,all,gaussian_mild,0.017146501957043116,0.01280537808513732,0.04735965304254038,0.016942572966013588,0.02544974878480732,1.3591735318308087,1.0833807750335445,0.5333333333333333,0.0,0.03940688765780641
37a21bbfb2e1,orchid_palm,Corrected,dropout,short,5,middle,dropout_short_5f_middle,0.0010119385239912365,1.3660378272994933e-08,0.00170862217591601,0.0010699264398401648,0.002068426886646658,1.0000000699262384,1.0,1.0,0.0,0.0
37a21bbfb2e1,orchid_palm,Fixed OA,dropout,short,5,middle,dropout_short_5f_middle,0.0007344605625995688,6.560760462681614e-09,0.004703801298642461,0.0007364341233155298,0.0008797360209106518,0.9978866948665843,0.9999740254766922,1.0,0.0,0.0017467508664752627
37a478f65207,orchid_finger,Corrected,spike,fixed,3,mixed,spike_fixed_3f_mixed,0.01303043471937629,1.3660378272994933e-08,2.2394062437758322e-07,0.009977301855952948,0.020722072482548617,1.4755027624785138,1.0000000756650222,0.8125,0.0,0.0
37a478f65207,orchid_finger,Fixed OA,spike,fixed,3,mixed,spike_fixed_3f_mixed,0.01035719554979509,3.1113750700861864e-08,0.020267773045674703,0.007753726062971491,0.008967748858061503,1.5918943674122519,1.0,0.8235294117647058,0.0,0.0062225505956343685
385de3b26d97,flower_pinch,Corrected,dropout,short,5,thumb,dropout_short_5f_thumb,0.001102968985975161,2.3284735362061326e-08,1.2286118865612027e-07,0.000681538524329512,0.0011924005925363923,1.0000000430919034,1.0,1.0,0.0,0.0
385de3b26d97,flower_pinch,Fixed OA,dropout,short,5,thumb,dropout_short_5f_thumb,0.0008258075820840472,1.3996289016660057e-08,2.1472251812281934e-05,0.0005210437267232573,0.0005256252077340587,0.9901208072186792,1.000000021506573,0.9411764705882353,0.0,0.0
38d177749246,deer_horn,Corrected,dropout,short,3,middle,dropout_short_3f_middle,0.0014164433758149155,1.3660378272994933e-08,1.58533891043977e-07,0.0021352226583377498,0.004172898492898466,1.0034642633476984,1.0,1.0,0.0,0.0
38d177749246,deer_horn,Fixed OA,dropout,short,3,middle,dropout_short_3f_middle,0.001151477100942756,0.0,0.0039164961454529025,0.0011640005168930914,0.0014272152237011834,1.0015407411794994,1.0,1.0,0.0,0.013521383614148964
392a69adcef6,flower_pinch,Corrected,gaussian,severe,0,all,gaussian_severe,0.1986769386112737,0.14764490472959294,0.5547402071612125,0.20826813142437037,0.3601475471259732,2.530322385993075,2.392715082915946,0.0,0.0,0.0
392a69adcef6,flower_pinch,Fixed OA,gaussian,severe,0,all,gaussian_severe,0.12175815514199712,0.09338047411355715,0.33604418806571196,0.08593577562771952,0.12048149418192099,2.176045672021072,2.0927284433561932,0.11764705882352941,0.0,0.045100235123659314
3942ffd00cbd,deer_horn,Corrected,dropout,short,3,thumb,dropout_short_3f_thumb,0.0026348317456819756,1.3660378272994933e-08,1.1197031224430276e-07,0.003889282697353506,0.00689470082637881,0.9993266642630669,1.0,1.0,0.0,0.0
3942ffd00cbd,deer_horn,Fixed OA,dropout,short,3,thumb,dropout_short_3f_thumb,0.0020172488185797354,5.613494580281042e-08,0.0020770980595827423,0.0018997479586383651,0.002992212505838219,1.0261967625787687,1.0000003344774029,0.9411764705882353,0.0,0.04052143576312986
3ae3dfcde5c7,flower_pinch,Corrected,spike,fixed,2,mixed,spike_fixed_2f_mixed,0.008121481156954597,1.3996289016660057e-08,1.0121649612337944e-07,0.008764058199816507,0.017283770708679626,1.205786509868822,1.0,0.75,0.0,0.0
3ae3dfcde5c7,flower_pinch,Fixed OA,spike,fixed,2,mixed,spike_fixed_2f_mixed,0.006609263017500469,0.0,0.01744379504257876,0.006347926454552332,0.007336206579850497,1.1971837324572654,1.0,0.7647058823529411,0.0,0.02515171557271704
3b46b5044d7d,prayer_beads,Corrected,dropout,short,5,thumb,dropout_short_5f_thumb,0.003870024920902146,1.3996289016660057e-08,1.4034635328896705e-07,0.0026637580138415746,0.004777342235963714,1.0644445694497102,1.0,0.8571428571428571,0.0,0.0
3b46b5044d7d,prayer_beads,Fixed OA,dropout,short,5,thumb,dropout_short_5f_thumb,0.003337165869318038,6.9981445152689226e-09,0.009885537641411424,0.0020418334195741036,0.002033728499166669,1.0830907074123155,1.0000002690219838,0.7692307692307693,0.0,0.04199657202889226
3bc9481d2495,orchid_palm,Corrected,gaussian,severe,0,all,gaussian_severe,0.18810508766869652,0.13797322002972284,0.5315780047422072,0.21635620317304297,0.36320047342988704,1.3151237381078433,1.0599694053504751,0.6875,0.0,0.0
3bc9481d2495,orchid_palm,Fixed OA,gaussian,severe,0,all,gaussian_severe,0.10485032086978587,0.07593476430648212,0.3140005669896683,0.0813554928103794,0.11609518017197427,1.316806046746774,1.0702057891638972,0.35294117647058826,0.058823529411764705,0.0
3c2319a95c1a,prayer_beads,Corrected,dropout,short,3,middle,dropout_short_3f_middle,0.004020421138356098,1.169552943380836e-08,1.3996289022211172e-07,0.003654284541023485,0.005863872285599422,1.6380292815183572,1.0000000722702462,0.7333333333333333,0.0,0.0
3c2319a95c1a,prayer_beads,Fixed OA,dropout,short,3,middle,dropout_short_3f_middle,0.0033964679916435423,8.747680639922817e-08,0.020797455868441273,0.0029841294854120372,0.003203544765701762,1.358432444487526,1.0,0.7857142857142857,0.0,0.03377904187882657
3d45f17da2ea,flower_pinch,Corrected,dropout,short,3,index,dropout_short_3f_index,0.00024671843781751704,1.3660378272994933e-08,1.285559148147225e-07,0.0002803891017377394,0.0004531513345583707,0.9999999514852003,1.0,1.0,0.0,0.0
3d45f17da2ea,flower_pinch,Fixed OA,dropout,short,3,index,dropout_short_3f_index,0.00020026509625781108,2.3905661977741133e-08,0.00021342667214995347,0.0001821173649100637,0.00020591543624280374,0.9998337454727204,1.0,1.0,0.0,0.025882716548295697
3d5cfe36147b,flower_pinch,Corrected,spike,fixed,2,mixed,spike_fixed_2f_mixed,0.012241392929364728,1.3660378272994933e-08,1.1197031222487386e-07,0.013532790702638242,0.026708496915357077,1.6451107460571897,1.0000000382684828,0.75,0.0,0.0
3d5cfe36147b,flower_pinch,Fixed OA,spike,fixed,2,mixed,spike_fixed_2f_mixed,0.009774171017367732,0.0,0.028420532999191703,0.009373278377498585,0.011410094225294685,1.6635490922956464,1.000001232080371,0.7058823529411765,0.0,0.037181232767943904
3ec659725d6d,orchid_finger,Corrected,dropout,short,5,thumb,dropout_short_5f_thumb,0.010895407247876847,1.3660378272994933e-08,2.2394062437758322e-07,0.009267516579921663,0.014476918034757398,0.98489228652121,0.999999987281039,0.875,0.0625,0.0
3ec659725d6d,orchid_finger,Fixed OA,dropout,short,5,thumb,dropout_short_5f_thumb,0.009002954096741032,1.1857966997208536e-08,0.017566344944314267,0.0061742079939202015,0.0069415666905405585,0.9955553742955615,1.0,0.7647058823529411,0.0,0.0
3ee7e4fe98c4,three_finger_bent,Corrected,dropout,short,3,thumb,dropout_short_3f_thumb,0.0034018901928413435,2.7320756545989866e-08,1.8622812904267594e-07,0.00461216092420799,0.008413468453055035,1.050349411964938,1.000000036094721,0.9375,0.0,0.0
3ee7e4fe98c4,three_finger_bent,Fixed OA,dropout,short,3,thumb,dropout_short_3f_thumb,0.002558112700041332,0.0,0.002604476165614107,0.0026808178605099453,0.0032081099799065333,1.0625703692534398,1.0,0.9411764705882353,0.0,0.0
3fe08dead7c2,deer_horn,Corrected,gaussian,medium,0,all,gaussian_medium,0.08957503002352957,0.06181020639260623,0.282317305317305,0.10630679316341739,0.18081721705313492,1.7941075695967097,1.780684883119267,0.1875,0.0,0.0
3fe08dead7c2,deer_horn,Fixed OA,gaussian,medium,0,all,gaussian_medium,0.05264719766083222,0.03632276226099207,0.15541969678922016,0.04453541638929337,0.060859794929054516,1.61035340667043,1.561441159799851,0.23529411764705882,0.0,0.03716016135481838
412c0b227fc0,three_finger_bent,Corrected,gaussian,severe,0,all,gaussian_severe,0.18505605965854188,0.13665690711417655,0.5852097638441872,0.1925271375071376,0.3277729308886806,2.1145319024888014,2.037340299087231,0.125,0.0,0.0
412c0b227fc0,three_finger_bent,Fixed OA,gaussian,severe,0,all,gaussian_severe,0.11506019032971897,0.08376414909599869,0.3396044167599402,0.07999516487959854,0.11027320791057871,1.93349647891141,1.6386239044099897,0.058823529411764705,0.0,0.017454718692975036
418c8916b65e,orchid_palm,Corrected,spike,fixed,1,mixed,spike_fixed_1f_mixed,0.005042693741764294,1.3660378272994933e-08,1.169552944491059e-07,0.010400539207000403,0.02147206560009873,1.0415140836648513,1.0,0.875,0.0,0.0
418c8916b65e,orchid_palm,Fixed OA,spike,fixed,1,mixed,spike_fixed_1f_mixed,0.0043741683284369125,0.0,0.008339115278032327,0.005176791448431985,0.007551058574229445,1.0078737184907103,1.0000007963299542,0.9411764705882353,0.0,0.016719448849283912
41db104dde92,orchid_finger,Corrected,dropout,short,5,thumb,dropout_short_5f_thumb,0.007422470337495423,1.3660378272994933e-08,3.35910936621886e-07,0.008042230777479894,0.01468981163090542,1.0587765206677426,1.0000000556526834,0.9375,0.0,0.0
41db104dde92,orchid_finger,Fixed OA,dropout,short,5,thumb,dropout_short_5f_thumb,0.006516877533542989,1.5172116724082585e-07,0.0170248590801941,0.004465748482615007,0.005475938832921555,1.0928851624075098,1.000000132871524,0.8125,0.0,0.03760688477600702
422b75765199,orchid_finger,Corrected,dropout,short,3,thumb,dropout_short_3f_thumb,0.001290878660892641,1.3660378272994933e-08,1.4229560374445782e-07,0.0012869392904163867,0.002155792683832124,1.0870861296036254,1.0,0.9333333333333333,0.0,0.0
422b75765199,orchid_finger,Fixed OA,dropout,short,3,thumb,dropout_short_3f_thumb,0.0011468643649615614,0.0,0.001089871423738582,0.0009518048685770497,0.0008450722031217561,1.0786722619380182,1.0,0.9375,0.0,0.04223485884952464
425e947b303e,deer_horn,Corrected,dropout,short,3,index,dropout_short_3f_index,0.0011195702296475291,1.3996289016660057e-08,1.2418525547897018e-07,0.0011594937515947673,0.0016623734462663843,0.9999999819338912,1.0000000038956982,1.0,0.0,0.0
425e947b303e,deer_horn,Fixed OA,dropout,short,3,index,dropout_short_3f_index,0.0009488067266792905,0.0,8.612316541641726e-05,0.0008371571780128658,0.0008663316625837229,0.9998909014631406,1.0,1.0,0.0,0.0
42a4ec684008,orchid_finger,Corrected,dropout,short,3,index,dropout_short_3f_index,0.0002301087669827688,2.099443353192898e-08,1.357413830060937e-07,0.00047515864430482487,0.0009826730757559925,1.0000001262399445,1.0000000471039059,1.0,0.0,0.0
42a4ec684008,orchid_finger,Fixed OA,dropout,short,3,index,dropout_short_3f_index,0.00016627440869542196,3.1621245288881994e-08,0.00012169281802866446,0.00019980785642035372,0.0003073033531232971,1.0013309669964845,1.0,1.0,0.0,0.04005137440477749
435ce8fb33a5,deer_horn,Corrected,dropout,short,3,middle,dropout_short_3f_middle,0.0012075973310569288,1.4112924696940699e-08,1.0847760199828002e-07,0.0018568004784991056,0.0029009920378257974,1.000000004856001,1.0000000265048092,1.0,0.0,0.0
435ce8fb33a5,deer_horn,Fixed OA,dropout,short,3,middle,dropout_short_3f_middle,0.0009254872094185677,0.0,0.0011923085925352032,0.0009139982728678648,0.0013863500607567121,0.9987234459592282,1.0,1.0,0.0,0.03498191889402444
44141acbcc3a,prayer_beads,Corrected,dropout,short,5,middle,dropout_short_5f_middle,0.014310664267819429,2.0742500472445413e-08,2.1933999184986508e-07,0.010310881844801634,0.01819663899559301,2.4551474704485474,1.0000003029589544,0.625,0.0,0.0
44141acbcc3a,prayer_beads,Fixed OA,dropout,short,5,middle,dropout_short_5f_middle,0.011357196792865648,5.464151309197973e-08,0.03629755128436969,0.007936464043682227,0.008456440592279653,1.5933852883153996,1.0000001808621957,0.6875,0.0,0.013290906019807685
44ce576d45ae,flower_pinch,Corrected,dropout,short,3,middle,dropout_short_3f_middle,0.0006408570804054861,2.04905674094924e-08,1.3996289027762288e-07,0.0006903361304781783,0.0011990359995444403,1.0000000085873273,1.0,1.0,0.0,0.0
44ce576d45ae,flower_pinch,Fixed OA,dropout,short,3,middle,dropout_short_3f_middle,0.0004955319691208051,0.0,7.770917666619892e-05,0.00044199020001837303,0.0005485787560666055,0.9999723167319492,1.0,1.0,0.0,0.0
4517781a2c8f,orchid_palm,Corrected,gaussian,mild,0,all,gaussian_mild,0.02848330278448891,0.01937064764485131,0.08777458094760753,0.03848683049069593,0.06717420037633838,1.1190889529086572,1.0815654774420878,0.625,0.0,0.0
4517781a2c8f,orchid_palm,Fixed OA,gaussian,mild,0,all,gaussian_mild,0.015004724953878282,0.010782072937572346,0.043602956978021745,0.014334277316315744,0.021215822234768655,1.0764363695864356,1.0460701632593128,0.7058823529411765,0.0,0.039126681951547365
4597aaed3875,deer_horn,Corrected,gaussian,medium,0,all,gaussian_medium,0.09582634290850416,0.0629377941159577,0.3100718600278566,0.13326474451525394,0.2312539784898195,1.7781153788338118,1.5940751819446781,0.125,0.0,0.0
4597aaed3875,deer_horn,Fixed OA,gaussian,medium,0,all,gaussian_medium,0.05288669927772671,0.035079958607773486,0.15604544250515923,0.04846258364430343,0.07347474397729965,1.5543124601293665,1.3250237599470645,0.17647058823529413,0.0,0.031501335735842996
46c0b04a88e9,three_finger_bent,Corrected,dropout,short,3,index,dropout_short_3f_index,0.007440020421375201,1.5810622644440997e-08,1.3996289022211172e-07,0.008130948400897427,0.013499668974088422,1.1465305378214645,1.0000001756102703,0.8125,0.0,0.0
46c0b04a88e9,three_finger_bent,Fixed OA,dropout,short,3,index,dropout_short_3f_index,0.0057191312261714675,0.0,0.00589399859377665,0.005501144924442514,0.0061072707658948655,1.1565706071443105,1.0000007601427945,0.8235294117647058,0.0,0.0
475b632197d9,orchid_finger,Corrected,dropout,short,5,middle,dropout_short_5f_middle,0.004060128802908734,1.3996289016660057e-08,3.778998036441106e-07,0.006242871766081227,0.011974402038268587,0.9834136714448781,0.999999877980889,0.875,0.0625,0.0
475b632197d9,orchid_finger,Fixed OA,dropout,short,5,middle,dropout_short_5f_middle,0.0028220897343675397,4.098113480510701e-08,0.010137846032381631,0.0027964879136148763,0.004075082272642105,1.0040139029934931,1.000000085106423,0.8235294117647058,0.0,0.033899650863506645
4816b5a56406,flower_pinch,Corrected,spike,fixed,3,mixed,spike_fixed_3f_mixed,0.0043044818279192815,1.3996289023598951e-08,1.259925202265477e-07,0.003702995635684044,0.0075425573046146955,1.0747626879336263,1.0000000186979643,0.875,0.0,0.0
4816b5a56406,flower_pinch,Fixed OA,spike,fixed,3,mixed,spike_fixed_3f_mixed,0.004393981513088893,0.0,0.004449823278059669,0.003037306143234517,0.0035541947091018876,1.1163118962226481,1.0,0.8823529411764706,0.0,0.03464675675891294
492ec5de579e,prayer_beads,Corrected,dropout,short,3,index,dropout_short_3f_index,0.008367579411672712,1.366037827126021e-08,1.0103730192778613e-07,0.007251861855652354,0.01392579563540808,2.139091189066308,1.0000000817755432,0.7333333333333333,0.0,0.0
492ec5de579e,prayer_beads,Fixed OA,dropout,short,3,index,dropout_short_3f_index,0.006589351764866425,6.9981445152689226e-09,0.008179990558527125,0.004719877319357529,0.006021746370802027,1.9476730199530574,1.0000000593161218,0.6875,0.0,0.03225345083353238
49e9f07e201b,deer_horn,Corrected,dropout,short,5,thumb,dropout_short_5f_thumb,0.008413776852139274,1.3996289023598951e-08,1.337794277439519e-07,0.007596992785906459,0.012858072851513738,1.0856011549701565,1.0,0.8125,0.0625,0.0
49e9f07e201b,deer_horn,Fixed OA,dropout,short,5,thumb,dropout_short_5f_thumb,0.006364603461760497,7.581193631200911e-09,0.007539359589922828,0.003864876243565149,0.005234717171603742,1.0766384638810649,1.0,0.8235294117647058,0.0,0.039214942550132255
4a163017caff,flower_pinch,Corrected,dropout,short,3,thumb,dropout_short_3f_thumb,0.0004217802295211434,2.7320756545989866e-08,1.6795546828318741e-07,0.0005258729307935284,0.0009068861196267308,0.9999998136267907,0.9999999685521299,1.0,0.0,0.0
4a163017caff,flower_pinch,Fixed OA,dropout,short,3,thumb,dropout_short_3f_thumb,0.00035959861084031895,1.3660378272994933e-08,3.5741047797112265e-05,0.0003579937315318171,0.0003954902576614097,0.9983106153792429,0.9999998474964825,1.0,0.0,0.028575313541367643
4a1b0f7cb862,orchid_finger,Corrected,spike,fixed,1,mixed,spike_fixed_1f_mixed,0.004080273305264215,5.643936207277989e-09,1.2767077778308433e-07,0.008381088293923237,0.017227776698464425,1.017292248744763,1.0,0.9375,0.0,0.0
4a1b0f7cb862,orchid_finger,Fixed OA,spike,fixed,1,mixed,spike_fixed_1f_mixed,0.0033484753526375893,0.0,0.0018541615145505116,0.003938391342637691,0.005695196873618456,1.0032455453326856,1.0,1.0,0.0,0.01982706605170705
4a54ba657f5b,flower_pinch,Corrected,dropout,short,3,middle,dropout_short_3f_middle,0.0037884914485100583,1.3660378272994933e-08,1.1197031218879161e-07,0.007401132730191426,0.015177283940018648,1.0502612474459438,1.0,0.875,0.0,0.0
4a54ba657f5b,flower_pinch,Fixed OA,dropout,short,3,middle,dropout_short_3f_middle,0.0026746903215821953,5.645169879470169e-08,0.006648019012233874,0.0032317628982090297,0.005002579493006904,1.0387560729914245,1.0,0.8235294117647058,0.0,0.0
4a6c95ae95b0,prayer_beads,Corrected,gaussian,severe,0,all,gaussian_severe,0.21537144355950533,0.17085143703422806,0.5801167696387386,0.20156965474815233,0.34020889716109187,6.108982069614251,3.312928733977707,0.0,0.0,0.0
4a6c95ae95b0,prayer_beads,Fixed OA,gaussian,severe,0,all,gaussian_severe,0.13543600235932876,0.11662079616210558,0.33175262300953523,0.07635798831052969,0.1122861061974516,4.06909849519668,2.571225371101533,0.06666666666666667,0.0,0.009025810145790384
4a71d94f6047,three_finger_bent,Corrected,dropout,short,3,index,dropout_short_3f_index,0.002029502940408569,2.0994433538867874e-08,1.67955468310943e-07,0.0020590747246597534,0.0038268575204089355,1.0142446395638094,1.0000001099685876,0.9375,0.0,0.0
4a71d94f6047,three_finger_bent,Fixed OA,dropout,short,3,index,dropout_short_3f_index,0.0016253969190872814,6.8301891364974665e-09,0.0021255826609700647,0.0013550087593189695,0.001649197998640305,1.0276395464170556,1.0,0.8823529411764706,0.0,0.03795566843407139
4ad79a00344c,orchid_finger,Corrected,spike,fixed,2,mixed,spike_fixed_2f_mixed,0.006305883910805965,1.5217724580463e-09,1.1197031218957223e-07,0.006779700959595046,0.013422731180770486,1.0923643254868896,1.000000102925457,0.7857142857142857,0.0,0.0
4ad79a00344c,orchid_finger,Fixed OA,spike,fixed,2,mixed,spike_fixed_2f_mixed,0.005407975918282858,0.0,0.009540996428101156,0.005263052243319019,0.006311183376188484,1.1038740078212723,1.0,0.7333333333333333,0.0,0.011691048320079278
4b2088a7f4bc,flower_pinch,Corrected,dropout,short,5,middle,dropout_short_5f_middle,0.007284520037043608,2.339105886761672e-08,1.9921384525334318e-07,0.006008862442995636,0.009041089800261335,1.1531337784295848,1.0000001924402087,0.75,0.0,0.0
4b2088a7f4bc,flower_pinch,Fixed OA,dropout,short,5,middle,dropout_short_5f_middle,0.005994552868011982,3.775280321693941e-08,0.015988789383154255,0.004730072616828078,0.004586054216432829,1.1382140043959552,1.0000005993391987,0.7647058823529411,0.0,0.027818576182710917
4b6d928951b9,three_finger_bent,Corrected,dropout,short,5,middle,dropout_short_5f_middle,0.00421690594543777,2.7320756545989866e-08,2.2394062437758322e-07,0.002597925070386262,0.004163540423530842,1.2232732470581005,1.0000000530156101,0.75,0.0,0.0
4b6d928951b9,three_finger_bent,Fixed OA,dropout,short,5,middle,dropout_short_5f_middle,0.0033186945812805385,5.976415487496389e-09,0.001011621775327362,0.0020217018643756616,0.0019498010211252774,1.2048149079043267,1.0000000634951745,0.7058823529411765,0.0,0.03432007745434303
4b7e191007f4,flower_pinch,Corrected,dropout,short,3,index,dropout_short_3f_index,0.0032106780905260548,1.4112924724696274e-08,1.3460930914366234e-07,0.004050594170137405,0.006675377550050457,1.100925090285593,1.000000049736782,0.75,0.0,0.0
4b7e191007f4,flower_pinch,Fixed OA,dropout,short,3,index,dropout_short_3f_index,0.002605210584620557,0.0,0.003485071819097235,0.0025760389661642334,0.00298184559758068,1.0612083742019227,1.0000004125628208,0.8823529411764706,0.0,0.0334241739145283
4b90985a0dca,three_finger_bent,Corrected,dropout,short,3,middle,dropout_short_3f_middle,0.0014507347008464785,2.7992578033320115e-08,2.2958367382058766e-07,0.0018798005562714398,0.0029427770218791232,0.9939729496019252,1.0,1.0,0.0,0.0
4b90985a0dca,three_finger_bent,Fixed OA,dropout,short,3,middle,dropout_short_3f_middle,0.0011041258780355705,1.7993629281010115e-07,0.0049980503962711005,0.0010799710645466038,0.001261096737272564,0.9944738323694691,0.9999387475394481,1.0,0.0,0.04264587387300131
4d93d544e72c,deer_horn,Corrected,dropout,short,5,index,dropout_short_5f_index,0.003270860481377092,1.3660378272994933e-08,1.1383648301777072e-07,0.0033793491019725123,0.00623884039627548,1.1400928248221156,1.0,0.875,0.0,0.0
4d93d544e72c,deer_horn,Fixed OA,dropout,short,5,index,dropout_short_5f_index,0.002644564053974116,6.9981445152689226e-09,0.007418908750244033,0.0020545784010386286,0.0024973623917147907,1.1046077845837516,1.0,0.8235294117647058,0.0,0.03601032422263561
4db7f3db8142,orchid_palm,Corrected,dropout,short,5,index,dropout_short_5f_index,0.0024606098278834227,1.3660378272994933e-08,2.33738026708674e-07,0.001797862316895815,0.0022041911648135724,1.1354176167342611,1.0,0.8666666666666667,0.0,0.0
4db7f3db8142,orchid_palm,Fixed OA,dropout,short,5,index,dropout_short_5f_index,0.001928810924651606,0.0,0.005865747044057304,0.0010841327162894629,0.0010330811747443162,1.1289950002433233,1.0,0.8125,0.0,0.034353233583647634
4e5c051aa222,prayer_beads,Corrected,spike,fixed,2,mixed,spike_fixed_2f_mixed,0.0030197930925506674,2.0994433538000512e-08,1.637227919806805e-07,0.0040216372385559725,0.0070491331781507025,1.1652413109071709,1.0000000710456396,0.8571428571428571,0.0,0.0
4e5c051aa222,prayer_beads,Fixed OA,spike,fixed,2,mixed,spike_fixed_2f_mixed,0.0038335316984467764,0.0,0.00859422166247058,0.0035195823339566204,0.004062311949906337,1.162288902436041,1.0048449459256052,0.7142857142857143,0.07142857142857142,0.038687680244422415
4e8175d00fb4,orchid_palm,Corrected,gaussian,severe,0,all,gaussian_severe,0.1780857806548262,0.12687379579496674,0.5266724651163226,0.18956146193969597,0.3291615694270942,2.5171143600810932,1.9695965078196835,0.0625,0.0,0.0
4e8175d00fb4,orchid_palm,Fixed OA,gaussian,severe,0,all,gaussian_severe,0.1088902089568178,0.08311079700328255,0.3011992370342927,0.07159496477228484,0.1073354186950823,1.8615987011985204,1.4188446573811515,0.11764705882352941,0.0,0.03304263290124799
4e949007e0e5,orchid_palm,Corrected,spike,fixed,2,mixed,spike_fixed_2f_mixed,0.008094065895481317,7.761578435516725e-09,6.998144511799476e-08,0.00836217202279464,0.01716924316055191,2.227034193313471,1.0000003164711606,0.6428571428571429,0.0,0.0
4e949007e0e5,orchid_palm,Fixed OA,spike,fixed,2,mixed,spike_fixed_2f_mixed,0.0070730398857890035,0.0,0.019160536936589055,0.006841738453566506,0.007636871138805407,2.3834337565973134,1.0141753691916693,0.5333333333333333,0.0,0.04038875728126604
4eb3a90dac1b,three_finger_bent,Corrected,gaussian,severe,0,all,gaussian_severe,0.18676430965306196,0.14727876044088326,0.555062773033121,0.21219083606640346,0.3694179929990837,2.9918673722475626,2.871283089984844,0.0625,0.0,0.0
4eb3a90dac1b,three_finger_bent,Fixed OA,gaussian,severe,0,all,gaussian_severe,0.11230563590088037,0.0906832595906854,0.2996412478195531,0.08259998096879485,0.12059196029413134,2.336163649567565,2.2927973010810745,0.058823529411764705,0.0,0.032755224240796035
4f1e2ed0c7db,prayer_beads,Corrected,spike,fixed,1,mixed,spike_fixed_1f_mixed,0.004903700702577902,6.998144511799476e-09,5.598515609595706e-08,0.010216034179209719,0.02132041046959765,1.3165633057975275,0.9999999293750548,0.8,0.0,0.0
4f1e2ed0c7db,prayer_beads,Fixed OA,spike,fixed,1,mixed,spike_fixed_1f_mixed,0.005088817047731612,1.889499018220553e-07,0.010199789169299563,0.00559674587110024,0.008024266407633554,1.2191721925502945,1.0000006607852374,0.7857142857142857,0.0,0.03987167987067447
4f2b5b9edc58,flower_pinch,Corrected,spike,fixed,3,mixed,spike_fixed_3f_mixed,0.004751406563440431,1.3828333644827495e-08,1.2680896933139865e-07,0.0037917808637656595,0.006865712928468327,1.0680996646248753,1.0,0.8125,0.0,0.0
4f2b5b9edc58,flower_pinch,Fixed OA,spike,fixed,3,mixed,spike_fixed_3f_mixed,0.003730397096984612,0.0,0.00854589016531313,0.002941116483222865,0.0030900757371274488,1.0937664197713852,1.0,0.8235294117647058,0.0,0.036076092784759047
4fae75bc215d,orchid_palm,Corrected,gaussian,severe,0,all,gaussian_severe,0.17722295604217095,0.13517339593147393,0.5583713859500029,0.17935196073797582,0.3082843643094923,3.0351850778883227,2.9222622227511246,0.06666666666666667,0.0,0.0
4fae75bc215d,orchid_palm,Fixed OA,gaussian,severe,0,all,gaussian_severe,0.11123977124751694,0.0939403654820546,0.3096590997362959,0.07130508942800541,0.10255560311665983,2.3090064079448473,2.359920404141951,0.0625,0.0,0.03768391706784541
505452b22e06,deer_horn,Corrected,dropout,short,5,thumb,dropout_short_5f_thumb,0.001216435207091826,1.3996289016660057e-08,1.1840128661955155e-07,0.0021247682436758655,0.004196987027654694,0.989153395751358,0.9999999734131979,0.9285714285714286,0.0,0.0
505452b22e06,deer_horn,Fixed OA,dropout,short,5,thumb,dropout_short_5f_thumb,0.000981973801153067,2.527169980087729e-07,0.0039976871731079375,0.0009948274428968325,0.0013739298515053414,0.9924868710521699,1.0000003662409556,0.9333333333333333,0.0,0.04213330177636702
5076fc9a1a84,orchid_finger,Corrected,dropout,short,5,middle,dropout_short_5f_middle,0.025898140560739066,0.0,0.008701810748399902,0.01616720005683271,0.028787819600659636,1.16287028633252,1.0,0.7333333333333333,0.0,0.0
5076fc9a1a84,orchid_finger,Fixed OA,dropout,short,5,middle,dropout_short_5f_middle,0.019409807372311433,0.0,0.07616256601886617,0.011741921452551762,0.012913720242786243,1.2128607622651704,1.0,0.625,0.0,0.0
50c16ac8e654,deer_horn,Corrected,gaussian,mild,0,all,gaussian_mild,0.027841579159690228,0.017424889201476352,0.08983586984160237,0.03917804490269929,0.06829822869242586,1.1202558834611775,1.036625053682409,0.625,0.0,0.0
50c16ac8e654,deer_horn,Fixed OA,gaussian,mild,0,all,gaussian_mild,0.01440043747202028,0.009369899342819725,0.04568801897977309,0.01439026574796935,0.02155660312492446,1.0860568871180183,1.0306089159428191,0.6470588235294118,0.0,0.0
50d5b45a64e5,three_finger_bent,Corrected,gaussian,mild,0,all,gaussian_mild,0.03187158404873881,0.02176551100094168,0.10034449066174594,0.04610517975867507,0.08055922271002776,1.2053559915392076,1.179114543903343,0.375,0.0,0.0
50d5b45a64e5,three_finger_bent,Fixed OA,gaussian,mild,0,all,gaussian_mild,0.016686544396381515,0.011753637688834195,0.05145327923064749,0.01676358994514527,0.025206041671639094,1.1698424465990678,1.1600189957719191,0.29411764705882354,0.0,0.03713124094288482
5267becf7c76,orchid_finger,Corrected,spike,fixed,3,mixed,spike_fixed_3f_mixed,0.009763669988061868,1.3660378266056039e-08,1.6647808201084046e-07,0.007562345336705051,0.013712114216208635,1.0829723390680188,1.0,0.875,0.0,0.0
5267becf7c76,orchid_finger,Fixed OA,spike,fixed,3,mixed,spike_fixed_3f_mixed,0.008938850840915459,0.0,0.01753615484672543,0.006552426461162941,0.007265180807439742,1.0848745583445507,1.0,0.8235294117647058,0.0,0.0341949689262101
52f13c73e616,deer_horn,Corrected,dropout,short,5,thumb,dropout_short_5f_thumb,0.006772633977170366,1.3660378272994933e-08,1.5020091503892274e-07,0.00909973944951813,0.017189699929841474,0.98883048244508,1.0000000717301296,0.875,0.0625,0.0
52f13c73e616,deer_horn,Fixed OA,dropout,short,5,thumb,dropout_short_5f_thumb,0.005148232943450191,8.39777341554715e-08,0.012949218978117627,0.004089648889568857,0.005992517508334728,0.9942589147492962,1.0000000430212665,0.8823529411764706,0.058823529411764705,0.03780203816760024
538ec863bb75,deer_horn,Corrected,gaussian,severe,0,all,gaussian_severe,0.17338723552442753,0.1209985344485763,0.5362966328191101,0.20150106372859808,0.3524481402724555,1.903549045288365,1.6071663980256803,0.125,0.0,0.0
538ec863bb75,deer_horn,Fixed OA,gaussian,severe,0,all,gaussian_severe,0.10261042038214263,0.0767025470866654,0.2976404321902507,0.07697229639233218,0.11181687477881541,1.767210880740093,1.4343120956324757,0.23529411764705882,0.0,0.0
539a413b384f,flower_pinch,Corrected,dropout,short,3,middle,dropout_short_3f_middle,0.0037695112997859674,2.7320756532112078e-08,1.67955468310943e-07,0.00391579809877962,0.007308367809014138,1.045274681809846,1.0,0.875,0.0,0.0
539a413b384f,flower_pinch,Fixed OA,dropout,short,3,middle,dropout_short_3f_middle,0.0026956368644432257,1.754329415071254e-08,0.002039224206025375,0.0022173152625003557,0.003041033615077352,1.0366192093505284,1.0000005839262225,0.8125,0.0,0.036807069973467235
53bc9d5f7ebc,prayer_beads,Corrected,dropout,short,3,index,dropout_short_3f_index,0.0014636823785402846,2.7320756545989866e-08,1.9594804629118056e-07,0.0016843962549985328,0.002919765008899576,1.1213362665857833,0.9999999701701525,0.8666666666666667,0.0,0.0
53bc9d5f7ebc,prayer_beads,Fixed OA,dropout,short,3,index,dropout_short_3f_index,0.0012534031627385353,3.4990722562466825e-08,0.0020165742061124176,0.001216139638922334,0.0012995469810554786,1.0176190466938557,0.9999998000348739,0.9333333333333333,0.0,0.0400651611231798
553c0b19a4f6,orchid_finger,Corrected,dropout,short,5,index,dropout_short_5f_index,0.007966062469436987,1.3996289023598951e-08,2.0102818046874132e-07,0.005760811688414409,0.009968650023095264,1.1345936652919226,1.0000000211160591,0.9375,0.0,0.0
553c0b19a4f6,orchid_finger,Fixed OA,dropout,short,5,index,dropout_short_5f_index,0.006086025728252252,0.0,0.011916651419903715,0.0037212914035329074,0.004522745319709983,1.1559024789995367,1.0,0.8823529411764706,0.0,0.03388321592352046
55bf340eadd0,orchid_palm,Corrected,spike,fixed,3,mixed,spike_fixed_3f_mixed,0.017936992317544673,2.339105886761672e-08,2.5193320241090333e-07,0.013027315755750621,0.027357208425738595,2.015825057850597,1.000000033194167,0.8125,0.0,0.0
55bf340eadd0,orchid_palm,Fixed OA,spike,fixed,3,mixed,spike_fixed_3f_mixed,0.01444325318295864,0.0,0.030935770799344953,0.01077461842966337,0.013723116226597087,2.5947713605494998,1.0,0.7333333333333333,0.0,0.03784387867862888
55eefdffd49d,three_finger_bent,Corrected,gaussian,severe,0,all,gaussian_severe,0.16414232541039064,0.12522375870362465,0.46424105059797505,0.1881129239596284,0.32397614660110574,1.9027521836553394,1.806481615584715,0.0,0.0,0.0
55eefdffd49d,three_finger_bent,Fixed OA,gaussian,severe,0,all,gaussian_severe,0.09776691476558817,0.07675226190527845,0.26233914953655996,0.07294091547305755,0.10594069876911698,1.5905306357231912,1.4825187678259408,0.11764705882352941,0.0,0.03533666570664566
55f3899121d9,orchid_palm,Corrected,spike,fixed,1,mixed,spike_fixed_1f_mixed,0.002712376923956852,1.3660378272994933e-08,1.1383648301777072e-07,0.005563832205654388,0.011420485538626724,1.204660149852531,0.9999999928756371,0.875,0.0,0.0
55f3899121d9,orchid_palm,Fixed OA,spike,fixed,1,mixed,spike_fixed_1f_mixed,0.0027224605116563058,0.0,0.0019889166610988955,0.002965601588675347,0.004222793181467022,1.1381793634947268,1.0,0.8125,0.0,0.0035905799936204914
56c88f568131,deer_horn,Corrected,dropout,short,5,index,dropout_short_5f_index,0.0026664151466255543,1.3660378272994933e-08,8.397773414714482e-08,0.001997469564778177,0.003346386919223812,1.0129301223567173,1.0,0.875,0.0,0.0
56c88f568131,deer_horn,Fixed OA,dropout,short,5,index,dropout_short_5f_index,0.002143934345848473,1.3660378272994933e-08,0.006038036670196442,0.0015498390252540286,0.001595273569785215,0.991664146768107,1.0,0.8823529411764706,0.058823529411764705,0.04035710971592992
56f5ccb9a473,flower_pinch,Corrected,dropout,short,5,index,dropout_short_5f_index,0.013312194659467145,2.0994433538867874e-08,1.6879524515900345e-07,0.008684461043353662,0.011728991727519742,1.3665248276926114,1.000000067874927,0.75,0.0,0.0
56f5ccb9a473,flower_pinch,Fixed OA,dropout,short,5,index,dropout_short_5f_index,0.010774166640978345,1.9682281443555993e-08,0.029566612807492856,0.007098564185978699,0.006804640262307937,1.3391923476204821,0.9999992864024442,0.7647058823529411,0.0,0.03260870812712717
56fca544f99b,orchid_palm,Corrected,dropout,short,5,thumb,dropout_short_5f_thumb,0.0027954439603858363,1.3660378272994933e-08,1.380224957277243e-07,0.0025923092805566358,0.0041274897903672315,1.0032699257952498,1.0000000601718664,1.0,0.0,0.0
56fca544f99b,orchid_palm,Fixed OA,dropout,short,5,thumb,dropout_short_5f_thumb,0.0022077363078697692,1.3996289023598951e-08,0.003432646873142854,0.0017255294047428642,0.002064743588524822,1.002043329024878,1.0,1.0,0.0,0.03018971502060719
57c7e4a382bd,deer_horn,Corrected,spike,fixed,1,mixed,spike_fixed_1f_mixed,0.002911752398815715,1.3996289030537845e-08,1.2418525551505243e-07,0.005937674850475892,0.012112843951199765,0.9999999918463152,1.0,1.0,0.0,0.0
57c7e4a382bd,deer_horn,Fixed OA,spike,fixed,1,mixed,spike_fixed_1f_mixed,0.0023473745005005466,1.3660378272994933e-08,0.0011577407378214855,0.0027833393644910035,0.004027220134796312,1.000526101091708,1.0000000101260398,1.0,0.0,0.0
597539acae4b,orchid_palm,Corrected,spike,fixed,1,mixed,spike_fixed_1f_mixed,0.0018292556976184282,1.3996289023598951e-08,1.1197031214715825e-07,0.0037363327039859405,0.00763510237806809,1.098296682159138,1.0000000591727911,0.875,0.0,0.0
597539acae4b,orchid_palm,Fixed OA,spike,fixed,1,mixed,spike_fixed_1f_mixed,0.001688613336806916,0.0,0.0006910075077857028,0.0021858761813327394,0.0033367849730873184,1.0282578195679983,1.0,0.8823529411764706,0.0,0.002291360468685333
597f99241813,flower_pinch,Corrected,dropout,short,5,thumb,dropout_short_5f_thumb,0.0023380098153173265,1.3996289016660057e-08,1.6795546825543184e-07,0.0018535963370148087,0.0030685309367149203,0.9999999020086988,0.9999999571080349,1.0,0.0,0.0
597f99241813,flower_pinch,Fixed OA,dropout,short,5,thumb,dropout_short_5f_thumb,0.0018154651989222856,6.998144508330029e-09,0.004979745303805849,0.0012697886674021559,0.001256248958882132,1.0062836175300094,0.9999999826647243,1.0,0.0,0.0353914643071536
59e5f0ad43d1,orchid_palm,Corrected,dropout,short,5,thumb,dropout_short_5f_thumb,0.0006686131827019919,1.3660378272994933e-08,1.4194569671818762e-07,0.0006212737521007163,0.0011578767350445597,1.0031746442057616,0.9999999276072975,1.0,0.0,0.0
59e5f0ad43d1,orchid_palm,Fixed OA,dropout,short,5,thumb,dropout_short_5f_thumb,0.0005022830013818768,3.9882943794755654e-08,0.0008484725585746672,0.00038019031385871997,0.00049346684953776,1.008786147596876,1.0000009153921359,0.9411764705882353,0.0,0.023573277781129113
5a1568c6b575,flower_pinch,Corrected,dropout,short,3,index,dropout_short_3f_index,0.00621157377133626,2.371593399441707e-08,1.791524995187201e-07,0.006827430411493137,0.011165201000528285,1.2513188420894406,0.9999999999999999,0.75,0.0,0.0
5a1568c6b575,flower_pinch,Fixed OA,dropout,short,3,index,dropout_short_3f_index,0.005461086919657504,0.0,0.012307345650768858,0.004925523948536647,0.005295438838362115,1.2312936736531885,1.0,0.7647058823529411,0.0,0.029920553518514935
5a3dc528e04d,deer_horn,Corrected,dropout,short,3,middle,dropout_short_3f_middle,0.00607367634832133,1.3660378272994933e-08,1.1197031218879161e-07,0.010088804909478706,0.01691064864925443,1.206686423378317,1.0000000933877908,0.8125,0.0,0.0
5a3dc528e04d,deer_horn,Fixed OA,dropout,short,3,middle,dropout_short_3f_middle,0.003902839954759805,0.0,0.007436248683102914,0.005296134494999193,0.006942274083000536,1.1409011945002245,1.0,0.8823529411764706,0.0,0.03285588259128974
5aa179718e72,flower_pinch,Corrected,gaussian,medium,0,all,gaussian_medium,0.09712499216974105,0.06404754409820407,0.3189875657108128,0.12680067486485472,0.2233124073426679,1.986501156272387,1.7967732766677182,0.0,0.0,0.0
5aa179718e72,flower_pinch,Fixed OA,gaussian,medium,0,all,gaussian_medium,0.05696162773766347,0.03983806923638741,0.1747391109221301,0.048176218938000726,0.07052250733352777,1.6386754920762991,1.595610743792945,0.058823529411764705,0.0,0.036445377872510884
5b21b741b1b5,orchid_finger,Corrected,gaussian,medium,0,all,gaussian_medium,0.08059301303480375,0.05016042792323982,0.27436532794889684,0.1081430331260037,0.189391411030468,1.7560596866741047,1.3302587964780823,0.3125,0.0,0.0
5b21b741b1b5,orchid_finger,Fixed OA,gaussian,medium,0,all,gaussian_medium,0.044320621563904754,0.028783304941375466,0.13738181096164162,0.04080505147598204,0.060495206134576186,1.6383303345076978,1.146070776197853,0.23529411764705882,0.0,0.02710594675687561
5b4f2bd3c6f1,prayer_beads,Corrected,dropout,short,3,middle,dropout_short_3f_middle,0.012330861589335426,1.3996289044415633e-08,1.6795546828041185e-07,0.012244928225577474,0.01903605705555867,2.383384820071157,1.0000005019670655,0.6,0.0,0.0
5b4f2bd3c6f1,prayer_beads,Fixed OA,dropout,short,3,middle,dropout_short_3f_middle,0.009803774677205938,2.484341301706161e-07,0.04189677961619479,0.008599004158753918,0.009387186913055437,1.753029506242449,1.0258881176317405,0.5714285714285714,0.0,0.0027312218183556778
5bee273a53c9,orchid_palm,Corrected,spike,fixed,2,mixed,spike_fixed_2f_mixed,0.010451636920229051,8.537736406744045e-09,1.1197031218879161e-07,0.011030710987164972,0.022645230786306994,1.5557426568689945,1.0,0.6875,0.0,0.0
5bee273a53c9,orchid_palm,Fixed OA,spike,fixed,2,mixed,spike_fixed_2f_mixed,0.008340069722479375,0.0,0.01883393733073937,0.007948828168374335,0.00816666015547335,1.5574812722412588,1.0,0.6470588235294118,0.0,0.02571369527083589
5ca5876b73e7,flower_pinch,Corrected,dropout,short,5,index,dropout_short_5f_index,0.003408599653332031,1.3660378272994933e-08,1.2648498110001682e-07,0.003213926832290553,0.0038565274739737194,1.1182094004082552,1.0000000179674922,0.8125,0.0,0.0
5ca5876b73e7,flower_pinch,Fixed OA,dropout,short,5,index,dropout_short_5f_index,0.0028086373359947256,4.7811323934665584e-08,0.004227687794183341,0.0022086738267549566,0.0024801667427139296,1.1211324558501734,1.0000022138966367,0.8235294117647058,0.0,0.018389657727846568
5d7fd03c7e61,orchid_palm,Corrected,dropout,short,3,thumb,dropout_short_3f_thumb,0.0004422011481202712,2.1891631285519964e-08,1.388725499651409e-07,0.0003811745766517685,0.0006908424945862365,0.9999999703837623,0.9999999859913036,1.0,0.0,0.0
5d7fd03c7e61,orchid_palm,Fixed OA,dropout,short,3,thumb,dropout_short_3f_thumb,0.0003548467620113835,0.0,0.0004339727390149652,0.0002725052050410228,0.0003317743027413445,0.99992958256043,1.0,1.0,0.0,0.03863317280056366
5e4f7ed352eb,flower_pinch,Corrected,spike,fixed,1,mixed,spike_fixed_1f_mixed,0.002119950598138638,1.3996289016660057e-08,1.1119273995996434e-07,0.004328216386861238,0.00884059852406467,1.09460847523735,1.0000000352042693,0.8125,0.0,0.0
5e4f7ed352eb,flower_pinch,Fixed OA,spike,fixed,1,mixed,spike_fixed_1f_mixed,0.0018741976247911665,0.0,0.0012015424910777658,0.002208706098532378,0.003196013567604304,1.0273725027843494,1.0,0.8823529411764706,0.0,0.03783947824073925
5efb0e1b3b94,orchid_finger,Corrected,dropout,short,3,middle,dropout_short_3f_middle,0.0015686855270382251,1.5810622588929846e-08,1.6795546825543184e-07,0.0019341384426502502,0.0032971984631728437,1.0079113498763368,1.0,0.9375,0.0,0.0
5efb0e1b3b94,orchid_finger,Fixed OA,dropout,short,3,middle,dropout_short_3f_middle,0.001208391270796749,0.0,2.843066162898356e-06,0.0011166326587376,0.0014960582956600142,1.01251378591551,1.000000038209374,0.9411764705882353,0.0,0.0
5f887bd2c714,prayer_beads,Corrected,dropout,short,3,index,dropout_short_3f_index,0.004930027816152477,1.6637087096871284e-08,1.3996289022211172e-07,0.004196340502571163,0.006760197466913292,1.7492770335617904,1.0,0.7333333333333333,0.0,0.0
5f887bd2c714,prayer_beads,Fixed OA,dropout,short,3,index,dropout_short_3f_index,0.004038203652264007,4.09811348189848e-08,0.004926882115491707,0.0032692545913678437,0.0034249174739967546,1.7143823451805296,1.000270035864513,0.75,0.0,0.04119375188862425
607f4e7c3370,flower_pinch,Corrected,dropout,short,5,middle,dropout_short_5f_middle,0.005161179873173786,1.3660378272994933e-08,0.023895745906103442,0.0030879895589576234,0.0051757995220016095,1.0792974527870554,1.0,0.8666666666666667,0.0,0.0
607f4e7c3370,flower_pinch,Fixed OA,dropout,short,5,middle,dropout_short_5f_middle,0.004014961001738706,3.149165030136292e-08,0.024148100567465636,0.002306460585490202,0.0025144669018139073,1.0698115634374459,0.9971810370464046,0.6666666666666666,0.0,0.04080974270481925
616da5f36963,three_finger_bent,Corrected,spike,fixed,2,mixed,spike_fixed_2f_mixed,0.007684386916092321,2.535590772068108e-08,1.6795546825959516e-07,0.008401387927596024,0.016329338546029137,1.813578883391287,1.000000052312867,0.8125,0.0,0.0
616da5f36963,three_finger_bent,Fixed OA,spike,fixed,2,mixed,spike_fixed_2f_mixed,0.00628676812635137,0.0,0.003886469640356698,0.006378515988957288,0.006871190400046056,1.7970977965522623,1.0,0.7647058823529411,0.0,0.0423954592679297
61f19bac48be,orchid_palm,Corrected,dropout,short,3,thumb,dropout_short_3f_thumb,0.0008414967084564289,1.3660378266056039e-08,9.797402316519266e-08,0.0009760299235113711,0.001474540644591251,1.0231024796304238,1.0000000125322355,0.9375,0.0,0.0
61f19bac48be,orchid_palm,Fixed OA,dropout,short,3,thumb,dropout_short_3f_thumb,0.0006848002559091678,0.0,0.0005404876036055916,0.0006236037644544739,0.0006686444339657595,1.0061144810035534,1.0,0.9411764705882353,0.0,0.0
620554bbc09a,flower_pinch,Corrected,gaussian,severe,0,all,gaussian_severe,0.1949815735073101,0.14304745707939442,0.5566320206073678,0.23734836753755503,0.4107936346493117,2.6028817819108507,2.6224796465015707,0.0,0.0,0.0
620554bbc09a,flower_pinch,Fixed OA,gaussian,severe,0,all,gaussian_severe,0.11249868817931269,0.08377509043365741,0.31667812610214513,0.0898615385930416,0.13371381281085237,2.088188215214989,1.8536730050179653,0.058823529411764705,0.0,0.05066406093088478
6248c818c98a,prayer_beads,Corrected,dropout,short,5,thumb,dropout_short_5f_thumb,0.0015757629986128175,2.0994433538867874e-08,1.639245392759392e-07,0.0011011026965214363,0.0019398955555188476,1.0097025663475931,1.0,0.9375,0.0,0.0
6248c818c98a,prayer_beads,Fixed OA,dropout,short,5,thumb,dropout_short_5f_thumb,0.0012473631110134404,0.0,0.00017283470135655431,0.0007471242173971233,0.0008446347736257654,1.0090236772749446,1.0000000936571447,0.9411764705882353,0.0,0.0
6250536e5856,flower_pinch,Corrected,dropout,short,3,index,dropout_short_3f_index,0.0033238884730424794,1.3660378272994933e-08,1.1197031222487386e-07,0.0024619682896432327,0.004877047677425054,1.0644618791731362,1.0000000323555822,0.9375,0.0,0.0
6250536e5856,flower_pinch,Fixed OA,dropout,short,3,index,dropout_short_3f_index,0.0028387441223889013,4.082892487988765e-08,0.004588168220973146,0.0021144548748325887,0.002377842314756344,1.0824932201643827,0.9999999248984667,0.9411764705882353,0.0,0.032662446878834545
637c182456b3,flower_pinch,Corrected,dropout,short,3,index,dropout_short_3f_index,0.006472882969847929,1.3660378272994933e-08,1.576750278370343e-07,0.005064325817782954,0.009446611133804376,1.146133231684726,1.0,0.8125,0.0,0.0
637c182456b3,flower_pinch,Fixed OA,dropout,short,3,index,dropout_short_3f_index,0.005447870999573732,0.0,0.011340596439142309,0.004073924380683219,0.004519166767620788,1.1493830414682458,0.9999999656865592,0.7058823529411765,0.058823529411764705,0.029536096974775772
64b8975639c4,orchid_palm,Corrected,gaussian,mild,0,all,gaussian_mild,0.027226949377851077,0.017115904427688844,0.08757243887006336,0.03734595570581196,0.06505923396960868,1.0575022745697322,1.0204182470882526,0.6875,0.0,0.0
64b8975639c4,orchid_palm,Fixed OA,gaussian,mild,0,all,gaussian_mild,0.015289914223403105,0.010185029541267425,0.045865441438381185,0.014324402638915148,0.020906914831383596,1.040883495242048,1.0250878722735146,0.8823529411764706,0.0,0.00808234604676916
6530ab71aaa2,deer_horn,Corrected,dropout,short,5,middle,dropout_short_5f_middle,0.02309814874964645,2.04905674094924e-08,2.2394062437758322e-07,0.03137527555560832,0.05708512674367295,1.2509808576248638,1.0000001103099354,0.625,0.0625,0.0
6530ab71aaa2,deer_horn,Fixed OA,dropout,short,5,middle,dropout_short_5f_middle,0.015021721133282562,1.3996289030537845e-08,0.07728750691009345,0.014019515543029657,0.02118581031134497,1.2772035442999468,1.0010039061281752,0.6470588235294118,0.058823529411764705,0.03777225406455732
6547058f5e6e,prayer_beads,Corrected,dropout,short,3,thumb,dropout_short_3f_thumb,0.0009936921010054198,1.3996289024032632e-08,1.2551312169005464e-07,0.0011157754332979813,0.002073210565440064,1.0011016852453918,1.000000052277854,1.0,0.0,0.0
6547058f5e6e,prayer_beads,Fixed OA,dropout,short,3,thumb,dropout_short_3f_thumb,0.000769664308410065,2.1801366323348503e-08,0.0011519024559895486,0.0006499395408896408,0.0008928731112695782,1.0021483244581073,1.00000091562056,1.0,0.0,0.0
656bdfd0170d,orchid_palm,Corrected,dropout,short,5,index,dropout_short_5f_index,0.0011676890201871043,1.3660378266056039e-08,1.3926307577127856e-07,0.001316622911034044,0.002635658252330353,1.0467739200824455,1.0000003904842485,0.75,0.0,0.0
656bdfd0170d,orchid_palm,Fixed OA,dropout,short,5,index,dropout_short_5f_index,0.0008970132086247312,6.914166824148471e-08,0.0025007582635358976,0.0006466085239930918,0.0008686529004437989,1.0450917311044963,1.0,0.7777777777777778,0.0,0.04233589805998837
6581d1c1d710,flower_pinch,Corrected,gaussian,mild,0,all,gaussian_mild,0.030187918607540023,0.017559346922939645,0.0981722168556104,0.0419328369241024,0.07254528859844495,1.0506613402549076,1.007286808014297,0.8125,0.0,0.0
6581d1c1d710,flower_pinch,Fixed OA,gaussian,mild,0,all,gaussian_mild,0.017479188613059218,0.01105283660145362,0.05108189397427329,0.016241442866566366,0.023464928403350533,1.0578530414134897,1.0249527027885743,0.7647058823529411,0.0,0.03798673319756
65a0595f435f,orchid_finger,Corrected,gaussian,medium,0,all,gaussian_medium,0.0899453609173341,0.047298233346410534,0.30999997521380845,0.11941295463601971,0.20511679141521397,2.3413086969160157,1.6241875192972755,0.07142857142857142,0.0,0.0
65a0595f435f,orchid_finger,Fixed OA,gaussian,medium,0,all,gaussian_medium,0.051379159868081135,0.032596012139431765,0.1731199342947492,0.04582090856338433,0.06791745183789383,1.7710981023862198,1.3546972102049288,0.26666666666666666,0.0,0.033249066342549934
65b37f058392,deer_horn,Corrected,spike,fixed,3,mixed,spike_fixed_3f_mixed,0.0022594119201338014,1.3660378272994933e-08,1.1222797121346324e-07,0.002393004138586769,0.004374277229237566,1.0082834152094222,1.0,0.9375,0.0,0.0
65b37f058392,deer_horn,Fixed OA,spike,fixed,3,mixed,spike_fixed_3f_mixed,0.0016022646578922233,0.0,0.0017541209775394037,0.0014423895200463117,0.0018134479640959538,0.998723884765272,1.0,1.0,0.0,0.0289215677355306
666d9ac2dedb,deer_horn,Corrected,spike,fixed,3,mixed,spike_fixed_3f_mixed,0.009371057944476067,1.3660378272994933e-08,9.797402317004989e-08,0.006838288326226311,0.013883795462096294,1.1538323856934105,0.9999999417292187,0.9333333333333333,0.0,0.0
666d9ac2dedb,deer_horn,Fixed OA,spike,fixed,3,mixed,spike_fixed_3f_mixed,0.007578222287260618,0.0,0.01655839519569692,0.0054937716883996825,0.006547017094452176,1.2039992781298294,0.999999966818798,0.875,0.0,0.0
66710026bce3,prayer_beads,Corrected,gaussian,medium,0,all,gaussian_medium,0.10352222728729232,0.07665399709935516,0.2982624586917025,0.11945534680793121,0.20616093322388235,4.021250835740262,1.48751087840765,0.06666666666666667,0.0,0.0
66710026bce3,prayer_beads,Fixed OA,gaussian,medium,0,all,gaussian_medium,0.058947279325330636,0.04517224868284925,0.16177527565341324,0.04507261536045861,0.06447381508378766,1.60614232724249,1.3094167901142988,0.23076923076923078,0.0,0.04227695829547986
68039669c7b8,deer_horn,Corrected,dropout,short,3,index,dropout_short_3f_index,0.0014268241635027107,1.3660378272994933e-08,1.0007346652254857e-07,0.0016941398189077004,0.003019242868591558,1.1397779960233358,1.0000000944900704,0.8125,0.0,0.0
68039669c7b8,deer_horn,Fixed OA,dropout,short,3,index,dropout_short_3f_index,0.0012125501790280807,0.0,0.0038769588963275085,0.001108760980216691,0.0011829556387599424,1.1005323622137906,1.0,0.8235294117647058,0.0,0.02483183808644976
68374eb33bd8,three_finger_bent,Corrected,dropout,short,3,index,dropout_short_3f_index,0.0011108797158115268,2.7320756545989866e-08,2.2394062437758322e-07,0.0011684530992232007,0.0022960060835535666,1.0406559306660368,1.0000000523057215,0.875,0.0,0.0
68374eb33bd8,three_finger_bent,Fixed OA,dropout,short,3,index,dropout_short_3f_index,0.0009907747309058509,1.5810622644440997e-08,0.0002120281952939631,0.0007874091749255798,0.0008566184334531121,1.0255744313360358,1.0000001166188148,0.8823529411764706,0.0,0.03324268403475503
68c1be8ed843,prayer_beads,Corrected,gaussian,mild,0,all,gaussian_mild,0.030897736009283003,0.021029779531121784,0.09256545115548456,0.04226381570843713,0.07389041735581969,2.053125775836056,1.4493142124663492,0.13333333333333333,0.0,0.0
68c1be8ed843,prayer_beads,Fixed OA,gaussian,mild,0,all,gaussian_mild,0.017030994919487327,0.012417017751913284,0.05017965854577572,0.015773120654501024,0.023046479875033256,1.589890375957237,1.3865176224726257,0.23076923076923078,0.0,0.038866120036933405
699ea20fcd1b,prayer_beads,Corrected,gaussian,severe,0,all,gaussian_severe,0.1876344688305608,0.14671891032801776,0.5357144790630212,0.19570524252341787,0.3437833551878234,6.262092629745429,3.303552484179627,0.0,0.0,0.0
699ea20fcd1b,prayer_beads,Fixed OA,gaussian,severe,0,all,gaussian_severe,0.11166906990685091,0.08772844848223976,0.30690835971750446,0.07143332155757608,0.10654047580460581,3.3445894195203225,2.434591058589146,0.0,0.0,0.009957546339029566
6a9f2004d7e9,three_finger_bent,Corrected,dropout,short,5,index,dropout_short_5f_index,0.02194418896875138,2.7320756539050972e-08,2.2394062438313433e-07,0.014751367662765903,0.027360954325887768,1.2868739724224678,0.9999999602418634,0.75,0.0,0.0
6a9f2004d7e9,three_finger_bent,Fixed OA,dropout,short,5,index,dropout_short_5f_index,0.016211104235359965,2.2394062437758322e-07,0.05516602038278696,0.010144356279589388,0.011309986100784339,1.3231708350715865,1.0000008727570582,0.7647058823529411,0.0,0.04692771658522459
6af5f80ea634,prayer_beads,Corrected,dropout,short,5,index,dropout_short_5f_index,0.011394043618876767,1.3996289023598951e-08,1.1383648301777072e-07,0.006036662581775405,0.009943090132804267,2.42348501391467,1.000000498243157,0.75,0.0,0.0
6af5f80ea634,prayer_beads,Fixed OA,dropout,short,5,index,dropout_short_5f_index,0.009141386693346581,0.0,0.042404183847514376,0.004847462895701767,0.004544295326258503,2.377382123441847,1.0092313165189057,0.6,0.0,0.04129916493940797
6bc2e46f83db,orchid_finger,Corrected,spike,fixed,2,mixed,spike_fixed_2f_mixed,0.0071548373754654416,1.3996289027068398e-08,1.338978311234134e-07,0.008827710512346655,0.017173773521437834,1.5365660275347581,1.000000081565278,0.75,0.0,0.0
6bc2e46f83db,orchid_finger,Fixed OA,spike,fixed,2,mixed,spike_fixed_2f_mixed,0.005920283978187314,5.0185767583310614e-08,0.010712642408859857,0.005962635588066769,0.007266678550307597,1.485426753637876,1.0,0.7647058823529411,0.0,0.0295453333503155
6c2dcd5e9ae5,orchid_palm,Corrected,dropout,short,5,thumb,dropout_short_5f_thumb,0.006588256682443616,1.3660378269525486e-08,0.05626088771104368,0.007023489088434411,0.01217556652325982,0.9744082629261085,1.0,0.9285714285714286,0.07142857142857142,0.0
6c2dcd5e9ae5,orchid_palm,Fixed OA,dropout,short,5,thumb,dropout_short_5f_thumb,0.004814268516177941,2.0490567406716842e-07,0.0401832174329921,0.0043305279928132386,0.005409395344378749,0.9925346947851094,1.0000023183628914,0.8666666666666667,0.06666666666666667,0.03585945822324669
6c2f10962256,orchid_finger,Corrected,spike,fixed,2,mixed,spike_fixed_2f_mixed,0.0002520337460401417,1.3660378272994933e-08,1.4976029256152838e-07,0.0003583730363418671,0.0006881392263452099,0.9999999746564211,1.0,1.0,0.0,0.0
6c2f10962256,orchid_finger,Fixed OA,spike,fixed,2,mixed,spike_fixed_2f_mixed,0.0001981791395005107,0.0,6.581634608711884e-05,0.0002028769729975195,0.00027333180842034345,0.9992961431030974,1.0,1.0,0.0,0.0
6c7d13236bbf,three_finger_bent,Corrected,dropout,short,5,index,dropout_short_5f_index,0.006333586189282713,2.3391058895372296e-08,1.5562706944943765e-07,0.005831461432532134,0.009441870581830512,1.052779377312075,1.0000000519553254,0.875,0.0,0.0
6c7d13236bbf,three_finger_bent,Fixed OA,dropout,short,5,index,dropout_short_5f_index,0.004696665882382229,4.268868208923138e-08,0.003857690735873172,0.0034823455882968795,0.0042892339467136545,1.0423810635998243,1.000000001482784,0.9411764705882353,0.0,0.03308103753031835
6d6cd1c6eba8,three_finger_bent,Corrected,dropout,short,5,index,dropout_short_5f_index,0.001713746503009009,2.6321228391301688e-08,1.6182891099947236e-07,0.001119210050082501,0.0020381324021170825,0.9999999378300879,1.0,1.0,0.0,0.0
6d6cd1c6eba8,three_finger_bent,Fixed OA,dropout,short,5,index,dropout_short_5f_index,0.001271106573789869,7.905311294464923e-09,0.0007728632048793862,0.0006666075785581095,0.000777333318335106,0.9999816895655473,1.0,1.0,0.0,0.0
6d6e57f6c646,orchid_palm,Corrected,dropout,short,5,index,dropout_short_5f_index,0.005363381376885655,2.0994433535398427e-08,2.2394062437758322e-07,0.005959537291238479,0.009731559462392573,1.109686155353574,1.0,0.875,0.0,0.0
6d6e57f6c646,orchid_palm,Fixed OA,dropout,short,5,index,dropout_short_5f_index,0.003464463074110615,1.3660378272994933e-08,0.00475035997010367,0.0026858935262205346,0.0037874479841104756,1.0897942266561735,1.0,0.9411764705882353,0.0,0.023864991006038117
6e0825e4309a,flower_pinch,Corrected,spike,fixed,1,mixed,spike_fixed_1f_mixed,0.0014771168922992196,2.7320756545989866e-08,1.5590531626807902e-07,0.002979459547918873,0.006010271400483913,1.2106313920616811,1.000000065011164,0.6875,0.0,0.0
6e0825e4309a,flower_pinch,Fixed OA,spike,fixed,1,mixed,spike_fixed_1f_mixed,0.0012343669455857143,0.0,1.6795546830573882e-07,0.00141564372037706,0.0020014127900930727,1.0495732801113835,1.0,0.7647058823529411,0.0,0.0
6ef7848c1559,three_finger_bent,Corrected,gaussian,mild,0,all,gaussian_mild,0.024327885428661506,0.01633948871005453,0.07734797055908586,0.03584978256328866,0.06086329241247275,1.0272582433864574,1.0078073230968438,0.6875,0.0,0.0
6ef7848c1559,three_finger_bent,Fixed OA,gaussian,mild,0,all,gaussian_mild,0.013328654156362587,0.008858181572791751,0.04230813296211159,0.013732219689568696,0.020587305400359742,1.000976597357615,0.9986847206097097,0.9411764705882353,0.0,0.01917154361132582
6f511b9bd1e6,orchid_palm,Corrected,gaussian,severe,0,all,gaussian_severe,0.18733034588136765,0.14018528244867334,0.5350549235375731,0.1841932708584405,0.3121203433261722,3.472474173530917,2.521416163225784,0.0625,0.0,0.0
6f511b9bd1e6,orchid_palm,Fixed OA,gaussian,severe,0,all,gaussian_severe,0.11550402177422017,0.09296013771846957,0.3132337480885863,0.07444476516538824,0.10690786270135286,2.7251787973125206,2.0176568559962607,0.058823529411764705,0.0,0.029173643894437152
6fcd597770ab,flower_pinch,Corrected,dropout,short,3,thumb,dropout_short_3f_thumb,0.0005825233287902237,1.3660378272994933e-08,1.1299670614047996e-07,0.0009036098624314572,0.0015840226228549942,0.9999999391833473,0.9999999310122831,1.0,0.0,0.0
6fcd597770ab,flower_pinch,Fixed OA,dropout,short,3,thumb,dropout_short_3f_thumb,0.000564216642652128,0.0,0.00039837741630530804,0.0006437247848668462,0.0009339082792858833,0.9983936700214919,1.0,1.0,0.0,0.017835534086492306
706d6f4c2061,three_finger_bent,Corrected,dropout,short,3,thumb,dropout_short_3f_thumb,0.001873901612534909,2.7320756539050972e-08,1.67955468310943e-07,0.002644261406209886,0.004875852120783436,1.0941404893482471,1.0,0.8125,0.0,0.0
706d6f4c2061,three_finger_bent,Fixed OA,dropout,short,3,thumb,dropout_short_3f_thumb,0.0013809468675424373,3.10463138530892e-08,0.0013256467059899555,0.001464148076893174,0.0019558767336269166,1.062552986370515,1.0008651101833366,0.8235294117647058,0.0,0.038542840751203226
70915ba8c98c,flower_pinch,Corrected,gaussian,severe,0,all,gaussian_severe,0.18035168170761262,0.13216734263910174,0.5584939654223852,0.19569601432468842,0.3429107179560125,2.507954980017061,2.25277883601331,0.0,0.0,0.0
70915ba8c98c,flower_pinch,Fixed OA,gaussian,severe,0,all,gaussian_severe,0.10945679502690224,0.0866947915641427,0.2958394874941745,0.07677202719081475,0.11047126706464193,2.117089038194578,1.9510053736978037,0.058823529411764705,0.0,0.047651411060125014
713b83443851,orchid_finger,Corrected,gaussian,mild,0,all,gaussian_mild,0.026921944844637835,0.015100182140653673,0.08925876181798759,0.038070054390121386,0.06578791173814147,1.1012781399425027,1.0367273506477748,0.6875,0.0,0.0
713b83443851,orchid_finger,Fixed OA,gaussian,mild,0,all,gaussian_mild,0.015365851121627385,0.010322820010241207,0.04678088601018455,0.014981193200437646,0.021443812735666395,1.0949148746728743,1.0551030051674715,0.7058823529411765,0.0,0.03800284992437105
71544165422a,orchid_palm,Corrected,spike,fixed,2,mixed,spike_fixed_2f_mixed,0.0197153444846836,1.3996289027068398e-08,3.359109365108637e-07,0.020980279256851465,0.04381187878957067,4.5923298437014015,1.0000000877306523,0.75,0.0,0.0
71544165422a,orchid_palm,Fixed OA,spike,fixed,2,mixed,spike_fixed_2f_mixed,0.015855544164775595,0.0,0.04082215099941896,0.015427804947448226,0.018837098222235893,3.2306011096277634,1.0000047546000757,0.5333333333333333,0.0,0.0
72a235c9218a,three_finger_bent,Corrected,dropout,short,3,index,dropout_short_3f_index,0.007366506990930015,1.5810622644440997e-08,1.1197031224430276e-07,0.007563656034102632,0.011856085172988811,1.1687013503873311,1.0000000597376002,0.875,0.0,0.0
72a235c9218a,three_finger_bent,Fixed OA,dropout,short,3,index,dropout_short_3f_index,0.006058905029004649,3.8489794809692945e-08,0.009001680317668083,0.00547164446608208,0.0063885723906862285,1.1654408263752427,1.000000043437809,0.8823529411764706,0.0,0.01470592187187489
72fbde018892,deer_horn,Corrected,dropout,short,3,middle,dropout_short_3f_middle,0.011405593055930608,1.3996289023598951e-08,1.1383648300111737e-07,0.01057414343005825,0.019165432222835496,1.0008848435457578,1.0,1.0,0.0,0.0
72fbde018892,deer_horn,Fixed OA,dropout,short,3,middle,dropout_short_3f_middle,0.009697482113128137,4.385823540453693e-08,0.0179551902709693,0.008344074585525623,0.009448684358108916,1.0477051369688277,1.0000000507309776,0.7647058823529411,0.0,0.0
743521b0f73a,orchid_finger,Corrected,dropout,short,3,thumb,dropout_short_3f_thumb,0.0008562986766482926,1.5810622644440997e-08,2.138192328471332e-07,0.0009987333439712865,0.001867324728225729,0.9953665251368268,1.000000100141119,1.0,0.0,0.0
743521b0f73a,orchid_finger,Fixed OA,dropout,short,3,thumb,dropout_short_3f_thumb,0.0007130582057604885,2.3905661963863345e-08,0.000744803006155032,0.0005680209873636862,0.0007084670794794333,0.9978901973492507,0.9999999201824549,1.0,0.0,0.04226853392091621
747c66adf62f,prayer_beads,Corrected,gaussian,mild,0,all,gaussian_mild,0.031564599364410625,0.019963550864123936,0.1058620297966399,0.04386485267294437,0.0764268525374676,1.7536627855666054,1.1407172271258514,0.3333333333333333,0.0,0.0
747c66adf62f,prayer_beads,Fixed OA,gaussian,mild,0,all,gaussian_mild,0.01645453568823578,0.011808813334350243,0.04762072772976155,0.015922128998753324,0.02365871020937753,1.3317454092930907,1.1086651568353116,0.4,0.0,0.03899496987368769
749278a7cbec,deer_horn,Corrected,dropout,short,5,middle,dropout_short_5f_middle,0.01273893009053975,1.5810622588929846e-08,2.2394062437758322e-07,0.0070410904747156815,0.011069166018582738,1.1241047575339012,1.0,0.8125,0.0,0.0
749278a7cbec,deer_horn,Fixed OA,dropout,short,5,middle,dropout_short_5f_middle,0.009786285570709095,0.0,0.044048840013732715,0.0050879146742024576,0.004588491254235417,1.1496453743945108,1.0,0.7647058823529411,0.0,0.028114651552217363
7570179303af,orchid_palm,Corrected,spike,fixed,2,mixed,spike_fixed_2f_mixed,0.0015813551306410939,1.3996289027502079e-08,1.1197031218879161e-07,0.0025873609353951033,0.004644272265874216,1.0296156846533968,1.0,0.875,0.0,0.0
7570179303af,orchid_palm,Fixed OA,spike,fixed,2,mixed,spike_fixed_2f_mixed,0.0014311215612626267,0.0,0.0020162610538927354,0.0015993871827148533,0.0021566515558069455,1.011716269927144,1.0,0.9411764705882353,0.0,0.0
7597358efd8b,three_finger_bent,Corrected,gaussian,medium,0,all,gaussian_medium,0.10497624682947063,0.06976583311266132,0.3315200053857719,0.13358286953835682,0.22918217265542246,2.872355626231577,2.4956368644890805,0.0,0.0,0.0
7597358efd8b,three_finger_bent,Fixed OA,gaussian,medium,0,all,gaussian_medium,0.062171175835008696,0.043320956881492456,0.17791451479731318,0.052150224633927066,0.07456848427401538,2.37708830560717,2.05466846872247,0.0625,0.0,0.032928782262670875
775602311a86,orchid_palm,Corrected,gaussian,medium,0,all,gaussian_medium,0.08089317582983951,0.05751353077543203,0.234422443833242,0.09493727973401662,0.16529168440907363,2.130991730570729,1.6459954224330346,0.125,0.0,0.0
775602311a86,orchid_palm,Fixed OA,gaussian,medium,0,all,gaussian_medium,0.04744073690864086,0.03471679952636736,0.1324048451793491,0.03834097920749747,0.05389988128143962,1.8348706694883408,1.3534687404414338,0.17647058823529413,0.0,0.04395395304888862
7799cca66807,orchid_palm,Corrected,gaussian,medium,0,all,gaussian_medium,0.10178913486990128,0.06648265681789822,0.3235309107312296,0.12872334490612206,0.22675101946661785,1.4443007907353616,1.278019396948185,0.3125,0.0625,0.0
7799cca66807,orchid_palm,Fixed OA,gaussian,medium,0,all,gaussian_medium,0.05976157638681827,0.0405079717527966,0.1731582028832245,0.04830158844664781,0.07050793994784733,1.3107519653845654,1.2708433540645485,0.17647058823529413,0.11764705882352941,0.04130726879075282
77f3501cc038,flower_pinch,Corrected,spike,fixed,1,mixed,spike_fixed_1f_mixed,0.0016818478134161625,1.3660378272994933e-08,1.1846516612644409e-07,0.0035615443261771654,0.007568265810084074,1.3080265149857417,1.0000001506215777,0.8,0.0,0.0
77f3501cc038,flower_pinch,Fixed OA,spike,fixed,1,mixed,spike_fixed_1f_mixed,0.0014891419261296947,0.0,0.00432357764006552,0.001744596764063776,0.002610629362655643,1.0947003733536753,1.0,0.75,0.0,0.04105435584809044
78df284ad35b,prayer_beads,Corrected,spike,fixed,2,mixed,spike_fixed_2f_mixed,0.013012345722665786,7.761578491027876e-09,1.1197031218879161e-07,0.013617516432731618,0.020849422515219502,4.308940867489368,1.0000002282803624,0.5714285714285714,0.0,0.0
78df284ad35b,prayer_beads,Fixed OA,spike,fixed,2,mixed,spike_fixed_2f_mixed,0.009944526750020038,0.0,0.003422099609702514,0.0075801017972094605,0.00925433317473332,2.478777102735132,1.0,0.5384615384615384,0.0,0.04137617252161762
79aab8196fdd,deer_horn,Corrected,dropout,short,5,thumb,dropout_short_5f_thumb,0.013003185953863464,1.3660378272994933e-08,1.27146152664736e-07,0.008256426200643952,0.016262641100987504,0.9999999814248324,1.0,1.0,0.0,0.0
79aab8196fdd,deer_horn,Fixed OA,dropout,short,5,thumb,dropout_short_5f_thumb,0.010482835322819772,7.45172790833637e-09,0.02144497333446618,0.0055525444558598095,0.0066693421134676675,1.0706748067195107,1.0,0.8235294117647058,0.0,0.0
7a42a86413ee,deer_horn,Corrected,spike,fixed,2,mixed,spike_fixed_2f_mixed,0.011767998570720464,1.3660378272994933e-08,8.397773414159371e-08,0.012516611471924653,0.026013476701618434,1.3006045574279415,1.0000003795000834,0.7857142857142857,0.0,0.0
7a42a86413ee,deer_horn,Fixed OA,spike,fixed,2,mixed,spike_fixed_2f_mixed,0.010413412683467438,0.0,0.018481134312150035,0.01000476658185439,0.01184648125206925,1.3207134379134506,1.0,0.7333333333333333,0.0,0.04159227522414707
7a8eb842e518,prayer_beads,Corrected,spike,fixed,3,mixed,spike_fixed_3f_mixed,0.016970736750354168,2.7320756545989866e-08,1.8712847100199603e-07,0.01197715674770096,0.02473203718838738,3.078941688734365,1.0000004075702713,0.7142857142857143,0.0,0.0
7a8eb842e518,prayer_beads,Fixed OA,spike,fixed,3,mixed,spike_fixed_3f_mixed,0.013006561410010404,4.8987011586065776e-08,0.02472031306103591,0.009551130127366868,0.011456512861809048,3.6537521884148707,1.0000365975898455,0.6153846153846154,0.0,0.013032497449622982
7b2397c1169e,orchid_finger,Corrected,dropout,short,3,thumb,dropout_short_3f_thumb,0.0005878695918983771,1.3660378272994933e-08,1.7075472624750176e-07,0.0008208343139278935,0.0015869322331646548,1.0000000643378826,1.0000001052807668,1.0,0.0,0.0
7b2397c1169e,orchid_finger,Fixed OA,dropout,short,3,thumb,dropout_short_3f_thumb,0.00048338835342848636,3.1621245288881994e-08,0.0004910420010705833,0.000452805883132066,0.0005663302428933799,1.0002255229059198,0.9999999636152817,1.0,0.0,0.032038198392078325
7c20efdf5db1,prayer_beads,Corrected,spike,fixed,1,mixed,spike_fixed_1f_mixed,0.0024083808801655814,1.3996289023598951e-08,1.387673735642192e-07,0.004946921844945032,0.010168655036113184,1.1195461171597652,0.9999998922844715,0.8666666666666667,0.0,0.0
7c20efdf5db1,prayer_beads,Fixed OA,spike,fixed,1,mixed,spike_fixed_1f_mixed,0.0019268928043155613,0.0,0.0009761412143296372,0.0023930445025280222,0.003503434052682678,1.021881058102141,1.0,0.9333333333333333,0.0,0.040363508129939975
7c3605d89168,prayer_beads,Corrected,gaussian,mild,0,all,gaussian_mild,0.028875356753167117,0.01866571162408716,0.09596643935919,0.04163570881820615,0.07264459959933138,1.025643674564981,1.002982196817468,0.9375,0.0,0.0
7c3605d89168,prayer_beads,Fixed OA,gaussian,mild,0,all,gaussian_mild,0.015371402770548175,0.010383168006834656,0.04768468123172358,0.015436236445002601,0.023238936682912534,1.0175844919258432,1.0132757363637905,0.9411764705882353,0.0,0.03845470611921955
7c395fd3b721,three_finger_bent,Corrected,dropout,short,3,middle,dropout_short_3f_middle,0.003373193101651907,2.7320756545989866e-08,1.6795546828318741e-07,0.005563148754960646,0.01073074482163301,1.1076638114792514,0.9999999797275305,0.9375,0.0,0.0
7c395fd3b721,three_finger_bent,Fixed OA,dropout,short,3,middle,dropout_short_3f_middle,0.0028637415495362216,0.0,0.009652566735660747,0.0030237486171770522,0.0038409604523217357,1.0710106320996347,1.0,0.9411764705882353,0.0,0.034556508647736614
7c5d2a4ee66e,flower_pinch,Corrected,spike,fixed,2,mixed,spike_fixed_2f_mixed,0.0014920367777135693,2.7320756545989866e-08,1.67955468310943e-07,0.0015509898265330874,0.0030273426966610857,1.02606808167818,1.0,0.875,0.0,0.0
7c5d2a4ee66e,flower_pinch,Fixed OA,spike,fixed,2,mixed,spike_fixed_2f_mixed,0.0012363272604998118,3.4990722541650143e-09,1.610826079044003e-05,0.0011725090975754412,0.0013222715843112115,1.039773735458656,1.0000000323479836,0.8823529411764706,0.0,0.0
7c907ad18ed9,three_finger_bent,Corrected,spike,fixed,2,mixed,spike_fixed_2f_mixed,0.005291827416582451,2.7320756540785696e-08,1.67955468310943e-07,0.005534841071046004,0.01106473573300728,1.3446423246747843,1.0,0.75,0.0,0.0
7c907ad18ed9,three_finger_bent,Fixed OA,spike,fixed,2,mixed,spike_fixed_2f_mixed,0.004482340541122147,0.0,0.008071687156636986,0.004287375402283775,0.004991143138148277,1.3356488790578567,1.0,0.7058823529411765,0.0,0.03264557124854716
7d00828615b5,orchid_finger,Corrected,dropout,short,5,index,dropout_short_5f_index,0.003104047870452688,7.761578491027876e-09,3.583049990041319e-07,0.0027126694035889743,0.0044988361800154105,1.0592223333779183,1.0,0.8666666666666667,0.0,0.0
7d00828615b5,orchid_finger,Fixed OA,dropout,short,5,index,dropout_short_5f_index,0.0023651350309701153,1.67955468310943e-07,0.008922719569726378,0.001643366228548498,0.001859985657299926,1.0452367945534609,0.9999987361130083,0.875,0.0625,0.04064737175585265
7d5fc5144077,orchid_finger,Corrected,gaussian,mild,0,all,gaussian_mild,0.02489499151994584,0.011812007164420426,0.08946209928858881,0.0378215800727197,0.06586009760559937,1.164468215477515,1.0594597592101684,0.625,0.0625,0.0
7d5fc5144077,orchid_finger,Fixed OA,gaussian,mild,0,all,gaussian_mild,0.0132035152638618,0.007976140558556943,0.045518360588219564,0.014005906931579302,0.021619595029094326,1.1060102032802446,1.0531653838492399,0.7647058823529411,0.0,0.03678761724958802
7d660200fd8d,orchid_palm,Corrected,dropout,short,5,thumb,dropout_short_5f_thumb,0.003975888210181316,1.5523156982055752e-08,2.1274359316980533e-07,0.002564552497649308,0.0034936491295754174,1.0284213309071166,1.000000087466478,0.875,0.0,0.0
7d660200fd8d,orchid_palm,Fixed OA,dropout,short,5,thumb,dropout_short_5f_thumb,0.0036373652240406333,0.0,0.013807661430736057,0.001644384538098359,0.00175411178686428,1.0505399133844242,1.0,0.8,0.0,0.03939637644474944
7e3657292274,orchid_finger,Corrected,dropout,short,5,middle,dropout_short_5f_middle,0.004659815207739429,1.3660378270392848e-08,2.3793691340812106e-07,0.0034728594791806917,0.005490461175790188,1.1212019719465292,1.0,0.8125,0.0,0.0
7e3657292274,orchid_finger,Fixed OA,dropout,short,5,middle,dropout_short_5f_middle,0.0038640140734539545,0.0,0.012551745005772136,0.002514945988545995,0.0024715020452588414,1.0993338071830867,1.0,0.875,0.0,0.04063776330343773
7e9d9bde7c38,prayer_beads,Corrected,dropout,short,5,index,dropout_short_5f_index,0.00313014488348876,2.371593388339477e-08,1.6392453923985694e-07,0.004793369300592613,0.008814917398511576,0.9945670653115561,1.0,0.875,0.0625,0.0
7e9d9bde7c38,prayer_beads,Fixed OA,dropout,short,5,index,dropout_short_5f_index,0.002170155275975619,1.4229560418854703e-08,0.0012977861560495294,0.002282989984536694,0.0031828140694375724,0.9916791351941783,1.0000000203635615,0.9411764705882353,0.0,0.03193370909637019
7ee41d89e6c5,flower_pinch,Corrected,spike,fixed,2,mixed,spike_fixed_2f_mixed,0.007414597336623285,1.3660378269525486e-08,1.3996289022211172e-07,0.00829616917748618,0.015653046039511818,1.3962083690363873,1.0000000744492858,0.8125,0.0,0.0
7ee41d89e6c5,flower_pinch,Fixed OA,spike,fixed,2,mixed,spike_fixed_2f_mixed,0.006194513871339396,6.311289556248934e-08,0.005473524875121576,0.006312103238655644,0.007744482427595838,1.345782297728411,1.000000145041383,0.8235294117647058,0.0,0.04059962698746225
7fb1cb8e0b1e,orchid_finger,Corrected,gaussian,severe,0,all,gaussian_severe,0.18093430809997146,0.12495352312475472,0.5548383663479705,0.21880836165109238,0.37721771576414387,1.5198898325884898,1.4100295045963243,0.25,0.0,0.0
7fb1cb8e0b1e,orchid_finger,Fixed OA,gaussian,severe,0,all,gaussian_severe,0.10825178222345867,0.08120541888013245,0.31262294732392637,0.08397346443341011,0.12149965053723626,1.4575887787572777,1.416027348260436,0.11764705882352941,0.058823529411764705,0.011029203001073351
803d6f1912f1,three_finger_bent,Corrected,gaussian,mild,0,all,gaussian_mild,0.020544534395192222,0.014346938052844668,0.06522040586158984,0.030195066378812092,0.0525975436001518,1.277095254102643,1.1192327327440406,0.4,0.0,0.0
803d6f1912f1,three_finger_bent,Fixed OA,gaussian,mild,0,all,gaussian_mild,0.010453353315645874,0.007650324000883835,0.033052400057324516,0.011034642684815268,0.01674724586073509,1.0806533331097583,1.0198537508964287,0.5882352941176471,0.0,0.014415983288141754
808e845587ac,deer_horn,Corrected,dropout,short,5,index,dropout_short_5f_index,0.006375088036325044,1.374733654690985e-08,1.6025750931153342e-07,0.008421101528669766,0.014754629093582836,1.2213302914391522,1.0000000597076788,0.8125,0.0,0.0
808e845587ac,deer_horn,Fixed OA,dropout,short,5,index,dropout_short_5f_index,0.004560275250725836,4.762159594440263e-08,0.011093699819555915,0.004490575506417223,0.005726301052099742,1.206254421054118,1.0,0.7647058823529411,0.0,0.03916282918181916
80cc5ff63e7e,orchid_finger,Corrected,spike,fixed,3,mixed,spike_fixed_3f_mixed,0.01129510322574401,1.3660378272994933e-08,1.1830699041745475e-07,0.007867394361028965,0.015903557229555925,1.2679003671416178,1.000000084287027,0.8,0.0,0.0
80cc5ff63e7e,orchid_finger,Fixed OA,spike,fixed,3,mixed,spike_fixed_3f_mixed,0.010477531295877545,5.598515617766253e-08,0.020852245673391775,0.007500759515169429,0.008315213411775962,1.2564851624302862,1.0000186407763754,0.8125,0.0,0.0042222745061374425
80d5a563981a,orchid_palm,Corrected,spike,fixed,3,mixed,spike_fixed_3f_mixed,0.017862728776201642,7.905311349976074e-09,1.1197031223320053e-07,0.014979512759024635,0.02661751690950921,2.51259153378431,1.0000001339694027,0.7857142857142857,0.0,0.0
80d5a563981a,orchid_palm,Fixed OA,spike,fixed,3,mixed,spike_fixed_3f_mixed,0.014891221257906317,1.924489740762203e-07,0.08103584175959685,0.01175721901848978,0.01368637395605536,1.2289631544658453,0.9999995106177423,0.7692307692307693,0.0,0.011787884560287685
8114698d8f25,flower_pinch,Corrected,gaussian,severe,0,all,gaussian_severe,0.17088947820859188,0.12394599669975387,0.49637194594402634,0.17864371814749141,0.2970790196423527,1.6242310523629075,1.4471852871151456,0.25,0.0,0.0
8114698d8f25,flower_pinch,Fixed OA,gaussian,severe,0,all,gaussian_severe,0.10655849163665684,0.08091900132348909,0.2935157544112726,0.07481993820003915,0.10357482069901447,1.571281280115957,1.3428590865815058,0.29411764705882354,0.0,0.024657665236500984
81614312ef6c,three_finger_bent,Corrected,gaussian,mild,0,all,gaussian_mild,0.02859576422850396,0.019645659349917632,0.085769381423398,0.03937437527085163,0.06610495970081892,1.1430939239638973,1.0976430927262362,0.4375,0.0,0.0
81614312ef6c,three_finger_bent,Fixed OA,gaussian,mild,0,all,gaussian_mild,0.016328274403867086,0.01214705630871038,0.0451086678877962,0.015254751983181242,0.022681406588829948,1.0826251019579898,1.0280018105700337,0.5882352941176471,0.0,0.043754423828125666
81ad1a9e78fa,orchid_palm,Corrected,gaussian,mild,0,all,gaussian_mild,0.024820145796038407,0.015679430255861958,0.08121968737023012,0.033332465420521755,0.05777855011501476,1.1860925285368187,1.1243681898152764,0.375,0.0625,0.0
81ad1a9e78fa,orchid_palm,Fixed OA,gaussian,mild,0,all,gaussian_mild,0.013617273603883743,0.009320666243751358,0.03976662127762238,0.012598372683828903,0.018293602004491517,1.1353994408657984,1.110622795515956,0.4375,0.0625,0.027645284322764987
8218dec7c3bc,orchid_palm,Corrected,spike,fixed,1,mixed,spike_fixed_1f_mixed,0.0012420309313865383,2.3391058895372296e-08,1.397211362864914e-07,0.0025477307708415197,0.005229535158889914,1.0580936543744668,0.9999999790752123,0.875,0.0,0.0
8218dec7c3bc,orchid_palm,Fixed OA,spike,fixed,1,mixed,spike_fixed_1f_mixed,0.00114109474205411,0.0,0.0012978951914196103,0.001305656042445367,0.001892699868206706,1.0136833452949268,1.0,0.9411764705882353,0.0,0.03800150628062476
823e5b66cdc3,deer_horn,Corrected,gaussian,severe,0,all,gaussian_severe,0.16718908920328743,0.11361918700875649,0.5335738665995481,0.18409610843936328,0.3126198952864869,2.2180980866366617,1.6644969540805141,0.0,0.0,0.0
823e5b66cdc3,deer_horn,Fixed OA,gaussian,severe,0,all,gaussian_severe,0.10064539800695346,0.06686734218955234,0.3222108361439047,0.07555764650249723,0.10743773659250971,1.9510847530064674,1.4657219212753407,0.17647058823529413,0.0,0.02628912477478305
8255189f725d,prayer_beads,Corrected,spike,fixed,2,mixed,spike_fixed_2f_mixed,0.002312717400127569,2.7320756539050972e-08,1.2596660120545167e-07,0.0023772122049458754,0.0046811830181055685,0.9999999794311152,1.0,1.0,0.0,0.0
8255189f725d,prayer_beads,Fixed OA,spike,fixed,2,mixed,spike_fixed_2f_mixed,0.0018599507256529754,0.0,2.6258351581015527e-05,0.001752490649273959,0.0020613238306386515,1.0115780364208842,1.0000000420974033,1.0,0.0,0.0
825618fb225f,deer_horn,Corrected,gaussian,medium,0,all,gaussian_medium,0.08857631914277966,0.05595333969952492,0.281356521140798,0.11301269537303887,0.1972849444049132,1.1796936417455348,1.0495786797922986,0.5625,0.0,0.0
825618fb225f,deer_horn,Fixed OA,gaussian,medium,0,all,gaussian_medium,0.05151890746075714,0.03490953892603336,0.1604706097576097,0.042384900551212745,0.06416729572741081,1.1315656433417183,1.023274017407129,0.5294117647058824,0.0,0.04085830431451654
837ea2767e1c,flower_pinch,Corrected,gaussian,severe,0,all,gaussian_severe,0.18304131286005068,0.12798150698323849,0.5551342671004209,0.19738427904930503,0.34011373980852383,2.536967402128206,1.9693389347324277,0.0,0.0,0.0
837ea2767e1c,flower_pinch,Fixed OA,gaussian,severe,0,all,gaussian_severe,0.11194430956948286,0.08641581188144293,0.3178400853297757,0.0746763837747283,0.11186118799805082,1.9412173816648202,1.7240224003341307,0.17647058823529413,0.0,0.03893865124258213
83922cc421de,deer_horn,Corrected,dropout,short,3,index,dropout_short_3f_index,0.003123865030562355,1.3660378272994933e-08,1.1197031224430276e-07,0.002726772819007103,0.004388844060500055,1.2359359239431367,1.0000001468649178,0.8125,0.0,0.0
83922cc421de,deer_horn,Fixed OA,dropout,short,3,index,dropout_short_3f_index,0.0025608884791129107,1.754329416459033e-08,0.0005046896690502067,0.0021962132158233933,0.002302146874026587,1.3096984322640959,1.000000452748277,0.7647058823529411,0.0,0.0
83ecb8890a84,three_finger_bent,Corrected,gaussian,mild,0,all,gaussian_mild,0.027418215615427968,0.018008733022653187,0.09646403562421497,0.04066101818784045,0.07192640943910379,1.185953849039355,1.1223877059761302,0.375,0.0,0.0
83ecb8890a84,three_finger_bent,Fixed OA,gaussian,mild,0,all,gaussian_mild,0.014838008784998764,0.010468962307777246,0.045116993703463615,0.015180972426585792,0.022685790269393574,1.10472494196133,1.0476018461213792,0.5294117647058824,0.0,0.03622213006443471
8434590289cd,orchid_palm,Corrected,dropout,short,5,index,dropout_short_5f_index,0.003127187789627959,1.3660378272994933e-08,0.017419938338289323,0.002850272699173336,0.005019792575811515,1.148652414720681,1.0000000388911459,0.75,0.0,0.0
8434590289cd,orchid_palm,Fixed OA,dropout,short,5,index,dropout_short_5f_index,0.0025765285404053314,6.201811734982132e-06,0.018744621168363583,0.0016799890198137745,0.002001926745674153,1.1009876851466014,0.9999995430968306,0.7692307692307693,0.0,0.03372481420276228
8499016c001a,deer_horn,Corrected,gaussian,mild,0,all,gaussian_mild,0.02939401628983841,0.018087198145173677,0.09901716398749093,0.039297356114922216,0.06772460337014038,1.000319103100702,1.0,0.875,0.0,0.0
8499016c001a,deer_horn,Fixed OA,gaussian,mild,0,all,gaussian_mild,0.016743893951054314,0.010311960009515828,0.05337326197716695,0.016132686069226944,0.022444850330923076,0.9769699095744075,0.9809801771663039,0.8823529411764706,0.058823529411764705,0.03477768383232077
85188dece6d4,deer_horn,Corrected,spike,fixed,1,mixed,spike_fixed_1f_mixed,0.0013062776150307345,1.3660378272994933e-08,9.621049172625629e-08,0.002668130830178936,0.005452258103811944,1.0012277668013225,1.0,1.0,0.0,0.0
85188dece6d4,deer_horn,Fixed OA,spike,fixed,1,mixed,spike_fixed_1f_mixed,0.0011255221237831416,0.0,0.0008122793753164576,0.001300786742096065,0.0018684382921014655,1.0171500312778878,1.0,0.8235294117647058,0.0,0.0
852124b36f11,orchid_palm,Corrected,gaussian,medium,0,all,gaussian_medium,0.09721225924352005,0.06798767533351643,0.3048708836649677,0.1141214427602651,0.19830378007537955,1.7066726781959154,1.4218096697892477,0.125,0.0,0.0
852124b36f11,orchid_palm,Fixed OA,gaussian,medium,0,all,gaussian_medium,0.0582610812935847,0.043659658892773234,0.15330667607191897,0.041529163876413894,0.06375455573921655,1.6076756271897839,1.3895817803308728,0.23529411764705882,0.0,0.037484282881025684
855c535c6a77,orchid_palm,Corrected,spike,fixed,3,mixed,spike_fixed_3f_mixed,0.006255058467864268,1.3996289023598951e-08,1.3110654773461345e-07,0.005716901143023198,0.01005442054073191,1.5298510600768849,1.0000000269465814,0.75,0.0,0.0
855c535c6a77,orchid_palm,Fixed OA,spike,fixed,3,mixed,spike_fixed_3f_mixed,0.0052766824429305035,0.0,0.01836294233164536,0.004256159957602688,0.004672286216170632,1.1574386159559376,1.0000010097627223,0.8125,0.0,0.021805385520083206
856427c201ac,orchid_palm,Corrected,gaussian,medium,0,all,gaussian_medium,0.09387375644799305,0.06322189296235717,0.29667418321912364,0.1077216284657557,0.18286812265996993,2.1191888020488454,1.7515735473232934,0.125,0.0,0.0
856427c201ac,orchid_palm,Fixed OA,gaussian,medium,0,all,gaussian_medium,0.05745184752127491,0.044147570713101124,0.15606955858316532,0.04154610659449889,0.061479430130449236,2.122529493336773,1.7362035068517665,0.11764705882352941,0.0,0.0
874e30fee1df,orchid_palm,Corrected,dropout,short,3,thumb,dropout_short_3f_thumb,0.0014259167236167017,1.3660378272994933e-08,1.2596660121690085e-07,0.0017369337679843807,0.002885556062963613,0.9986359566157643,0.9999999308845511,1.0,0.0,0.0
874e30fee1df,orchid_palm,Fixed OA,dropout,short,3,thumb,dropout_short_3f_thumb,0.0012382360525052603,3.499072255552793e-08,0.0016183650342580368,0.001200768770167516,0.0014068843847636833,0.9899888129342912,1.0000000738475883,0.9411764705882353,0.0,0.03832477157006591
8764065ac663,orchid_palm,Corrected,gaussian,mild,0,all,gaussian_mild,0.03152194628415227,0.02002074943157458,0.10162285112293996,0.04379700438477741,0.07689642668222887,1.0731015312423526,1.0343654530252904,0.75,0.0,0.0
8764065ac663,orchid_palm,Fixed OA,gaussian,mild,0,all,gaussian_mild,0.017019085787164788,0.011345377886507219,0.05041406349651374,0.01638442787263413,0.025023350289087455,1.0310957499194737,1.0012697147325686,0.8235294117647058,0.0,0.036250703488477067
8791f31df0d5,three_finger_bent,Corrected,spike,fixed,3,mixed,spike_fixed_3f_mixed,0.01596351913376523,2.7320756545989866e-08,1.6305676710237606e-07,0.011519050614917205,0.017450538573254147,1.319875669842777,1.0000000949554673,0.6875,0.0,0.0
8791f31df0d5,three_finger_bent,Fixed OA,spike,fixed,3,mixed,spike_fixed_3f_mixed,0.012048890510335617,0.0,0.014764490663601098,0.006840574910315395,0.007940076350173821,1.3119662127247975,1.0,0.7058823529411765,0.0,0.0
87c78e3f003d,deer_horn,Corrected,dropout,short,5,thumb,dropout_short_5f_thumb,0.00887206203560742,1.3660378272994933e-08,1.9921384525334318e-07,0.0055683237174425524,0.00964951271484978,1.0064817450868138,1.0,0.9375,0.0,0.0
87c78e3f003d,deer_horn,Fixed OA,dropout,short,5,thumb,dropout_short_5f_thumb,0.006662809795354923,6.324249052225284e-08,0.01394293517016898,0.0038679589258888737,0.004319875642424941,1.0026848716306247,1.000000074445405,0.9411764705882353,0.0,0.0
885e68b19437,orchid_palm,Corrected,dropout,short,3,middle,dropout_short_3f_middle,0.0045061150673092005,1.3660378272994933e-08,2.0639436751762662e-07,0.0067909215735256784,0.01104594295052043,1.0025729112455393,1.0000000544157108,1.0,0.0,0.0
885e68b19437,orchid_palm,Fixed OA,dropout,short,3,middle,dropout_short_3f_middle,0.0034665034098097396,4.7431867905567415e-08,0.009313314065243735,0.0035424788322644856,0.005335259887320453,0.9996914707450348,0.9999999215240531,1.0,0.0,0.028451747303719892
88d9c6914c6a,prayer_beads,Corrected,spike,fixed,1,mixed,spike_fixed_1f_mixed,0.0036843378573144956,1.3660378270826529e-08,1.0929178271279482e-07,0.007557601384506106,0.015512960541303742,1.9572093467605924,1.0000000454295135,0.7857142857142857,0.0,0.0
88d9c6914c6a,prayer_beads,Fixed OA,spike,fixed,1,mixed,spike_fixed_1f_mixed,0.003121407653557074,2.74946730938197e-08,0.0011483603825466703,0.0039008736409352172,0.0056877458090863866,1.868773625354277,1.0000004967112581,0.75,0.0,0.04190071844351189
8965bab92aa4,three_finger_bent,Corrected,spike,fixed,2,mixed,spike_fixed_2f_mixed,0.0011715923178463425,2.7320756545989866e-08,1.8712847094093377e-07,0.0012599300633508118,0.0023854309863417275,1.0301797823786054,1.0,0.9375,0.0,0.0
8965bab92aa4,three_finger_bent,Fixed OA,spike,fixed,2,mixed,spike_fixed_2f_mixed,0.0009758714743892606,1.3996289016660057e-08,4.624891818350019e-05,0.0009094709301403235,0.0010682803883846866,1.027614027302127,1.000000053852749,0.9411764705882353,0.0,0.011696243857903516
8a61a8d620d5,flower_pinch,Corrected,gaussian,mild,0,all,gaussian_mild,0.026541367227015368,0.02018367334811702,0.07619520540323937,0.035949216656200815,0.061562743567796625,1.3633800118414727,1.1981478701747552,0.2,0.0,0.0
8a61a8d620d5,flower_pinch,Fixed OA,gaussian,mild,0,all,gaussian_mild,0.014879338888455065,0.011065161683031371,0.04181459574926199,0.014371386031351442,0.020281090853497143,1.1995125171143406,1.1262690095486092,0.35294117647058826,0.0,0.003594455334422111
8b6e948c5446,three_finger_bent,Corrected,dropout,short,3,thumb,dropout_short_3f_thumb,0.002597760883957167,2.724314054902699e-08,1.7425379836843906e-07,0.003264066988888092,0.005245647216037175,1.0461887373431737,0.9999999726390436,0.875,0.0,0.0
8b6e948c5446,three_finger_bent,Fixed OA,dropout,short,3,thumb,dropout_short_3f_thumb,0.002275073004666739,2.6243041906237607e-09,0.0029147792683255225,0.002161108809328327,0.002299691161071506,1.0385109450583216,1.0,0.8823529411764706,0.0,0.040272005280519926
8c2dad0c4cfa,three_finger_bent,Corrected,dropout,short,3,thumb,dropout_short_3f_thumb,0.006291799717242696,2.1891631341031115e-08,1.399628902248873e-07,0.0053659183630530545,0.008760162620808722,1.3608178578683428,1.0,0.8125,0.0,0.0
8c2dad0c4cfa,three_finger_bent,Fixed OA,dropout,short,3,thumb,dropout_short_3f_thumb,0.0059096241818742505,0.0,0.010463435342719348,0.004684838814862688,0.004801006474785577,1.6692986640188954,1.0,0.7647058823529411,0.0,0.042395305308750436
8c56b18ab337,prayer_beads,Corrected,spike,fixed,3,mixed,spike_fixed_3f_mixed,0.012657233277135544,1.3660378269525486e-08,9.797402315287612e-08,0.008682739965324147,0.017680424560539997,3.354463057878587,1.0000002255276557,0.7333333333333333,0.0,0.0
8c56b18ab337,prayer_beads,Fixed OA,spike,fixed,3,mixed,spike_fixed_3f_mixed,0.010306237765230573,0.0,0.017116743936311806,0.007429460279605554,0.008685107503467284,3.5162576429803023,1.0000002992658392,0.6875,0.0,0.0
8c5bd6c3925d,flower_pinch,Corrected,gaussian,medium,0,all,gaussian_medium,0.09130902090388295,0.06568016576591959,0.2655234127401489,0.1054906828873044,0.18207461753174972,1.6585913595143735,1.3640205308299413,0.0,0.0,0.0
8c5bd6c3925d,flower_pinch,Fixed OA,gaussian,medium,0,all,gaussian_medium,0.05518347883887061,0.0411451755782576,0.14914775016056386,0.03947143470364902,0.05941319064470244,1.3353045799785748,1.1547039341579683,0.35294117647058826,0.0,0.0
8c7c0fb1c0f0,orchid_finger,Corrected,dropout,short,5,index,dropout_short_5f_index,0.009285604651125271,1.3660378272994933e-08,2.2394062437758322e-07,0.006643969020797498,0.01111070946972468,1.5575483390342684,1.0000000164667184,0.8125,0.0,0.0
8c7c0fb1c0f0,orchid_finger,Fixed OA,dropout,short,5,index,dropout_short_5f_index,0.007198974324943283,0.0,0.024486297066942702,0.004676274034235965,0.0049333025478709765,1.5017046388678346,1.0,0.7647058823529411,0.0,0.039561987534625066
8cdafa911e69,orchid_palm,Corrected,dropout,short,3,thumb,dropout_short_3f_thumb,0.0027679334726390032,1.3660378269525486e-08,1.0431123152465635e-07,0.00452229234081705,0.008794682327553633,1.0131672644712237,1.000000011097086,0.9375,0.0,0.0
8cdafa911e69,orchid_palm,Fixed OA,dropout,short,3,thumb,dropout_short_3f_thumb,0.0022254785257194223,4.373840317706268e-09,0.0038572389420713496,0.00233782574378694,0.0031342981150291535,0.9961132403734083,0.99999983476218,1.0,0.0,0.009393695721767601
8d3758285d71,three_finger_bent,Corrected,spike,fixed,3,mixed,spike_fixed_3f_mixed,0.0011330961398207029,2.7320756539050972e-08,2.1798583981213977e-07,0.0010450345021539916,0.002022515481013116,1.0056642461699732,0.9999999871910166,1.0,0.0,0.0
8d3758285d71,three_finger_bent,Fixed OA,spike,fixed,3,mixed,spike_fixed_3f_mixed,0.0008988470787228822,0.0,0.00017229222849716438,0.0007014087341631225,0.0008887649833419004,1.0090352519923338,1.0,1.0,0.0,0.0342734897269338
8d490e349a56,deer_horn,Corrected,gaussian,severe,0,all,gaussian_severe,0.17775790488637502,0.12185976802353332,0.5353346410058576,0.21171964215120706,0.3710551743123787,1.4377643870690662,1.3012459969087176,0.3125,0.0,0.0
8d490e349a56,deer_horn,Fixed OA,gaussian,severe,0,all,gaussian_severe,0.10436055017997525,0.07493243662560839,0.3113274951288219,0.08184226713943311,0.11886544780734513,1.4746435011135672,1.2394743685130831,0.23529411764705882,0.0,0.03226441824434546
8e2dd6d14fff,flower_pinch,Corrected,gaussian,medium,0,all,gaussian_medium,0.08372620186337332,0.05830040123161745,0.25511972893017976,0.11531229226097998,0.19787982986109426,1.6533491096771664,1.3560448014264812,0.25,0.0,0.0
8e2dd6d14fff,flower_pinch,Fixed OA,gaussian,medium,0,all,gaussian_medium,0.046310577977662616,0.03328155566163596,0.13175910832106463,0.04234635756481801,0.06284117455157452,1.4607582740241665,1.2378235039192662,0.23529411764705882,0.0,0.03528483903600623
8eb1e0a2d155,deer_horn,Corrected,dropout,short,3,middle,dropout_short_3f_middle,0.008194754958998032,1.3996289016660057e-08,1.6540730038983053e-07,0.01166560611619284,0.023652480037314735,1.117772900627588,1.0,0.875,0.0,0.0
8eb1e0a2d155,deer_horn,Fixed OA,dropout,short,3,middle,dropout_short_3f_middle,0.0045058778567904105,0.0,0.005002673886782336,0.005518864598117214,0.00829760006424273,1.0998930022347269,1.0,0.8823529411764706,0.0,0.027616093920018348
8f106121fd14,flower_pinch,Corrected,dropout,short,5,thumb,dropout_short_5f_thumb,0.00913217646230206,1.3660378272994933e-08,1.6668307836198409e-07,0.00639600585080352,0.010528620219816652,1.214062196669953,1.0000000356245855,0.8125,0.0,0.0
8f106121fd14,flower_pinch,Fixed OA,dropout,short,5,thumb,dropout_short_5f_thumb,0.007215147720262292,8.537736226332804e-08,0.008323116744485397,0.0051155544867671375,0.0054150775839462975,1.196584297955697,1.0000000203258277,0.8235294117647058,0.0,0.036594403359893155
8f332720276f,orchid_finger,Corrected,dropout,short,3,thumb,dropout_short_3f_thumb,0.0005179006302916703,2.04905674094924e-08,2.2394062437758322e-07,0.0007439245628874003,0.0014862456526288975,0.9999999583264199,0.9999999613830097,1.0,0.0,0.0
8f332720276f,orchid_finger,Fixed OA,dropout,short,3,thumb,dropout_short_3f_thumb,0.00034061032520381584,0.0,0.0001197058931247808,0.0003768570080159882,0.0004626770456056315,0.999829207794583,1.0,1.0,0.0,0.03520097481353794
8f36d5ebd66e,flower_pinch,Corrected,dropout,short,3,thumb,dropout_short_3f_thumb,0.003022812300000892,2.717450764411211e-08,1.9758094577104757e-07,0.003617861484391219,0.005876599030434961,1.156397452613584,1.0,0.8125,0.0,0.0
8f36d5ebd66e,flower_pinch,Fixed OA,dropout,short,3,thumb,dropout_short_3f_thumb,0.0028878440972440154,3.585849295273391e-08,0.0028186767279201885,0.0026982335758323375,0.002795059736500922,1.069046796060637,1.0,0.8823529411764706,0.0,0.029242514966651603
8f459030a523,orchid_palm,Corrected,dropout,short,3,middle,dropout_short_3f_middle,0.0014938727256451618,1.3660378272994933e-08,1.2596660121586e-07,0.0014820031865306008,0.0022858109740307437,1.003975701620881,1.000000028529679,1.0,0.0,0.0
8f459030a523,orchid_palm,Fixed OA,dropout,short,3,middle,dropout_short_3f_middle,0.0012144500094299715,0.0,0.003716699791250964,0.0009342996099017159,0.0011636539469125785,1.026892637507449,1.0000000388440635,0.875,0.0,0.0
8f5918cf5741,prayer_beads,Corrected,gaussian,medium,0,all,gaussian_medium,0.09833064982923599,0.07296889128886556,0.2664464863786016,0.11383578240941748,0.1969447726687772,3.503479455076228,1.4627843733149262,0.375,0.0,0.0
8f5918cf5741,prayer_beads,Fixed OA,gaussian,medium,0,all,gaussian_medium,0.05596688049819376,0.04315220012565868,0.14792326562535207,0.04302943988914502,0.06274047130387217,2.6686082630143404,1.3702033779637866,0.17647058823529413,0.0,0.035499894371125024
8f5e5a691461,three_finger_bent,Corrected,spike,fixed,1,mixed,spike_fixed_1f_mixed,0.0019097722408272925,2.7320756539050972e-08,1.493728996049269e-07,0.003946838660747044,0.008165856402938524,1.04349200804443,1.000000042947183,0.875,0.0,0.0
8f5e5a691461,three_finger_bent,Fixed OA,spike,fixed,1,mixed,spike_fixed_1f_mixed,0.001737857113668492,4.198886707773575e-08,0.001930737133259312,0.0019945217241064974,0.002873466622691248,1.0015792060973103,1.0000003782200735,1.0,0.0,0.038483553211920346
8fa04d7b0a36,orchid_finger,Corrected,spike,fixed,1,mixed,spike_fixed_1f_mixed,0.005282619132680481,1.3660378272994933e-08,1.3270555420247205e-07,0.011005436472787386,0.022967852744185866,1.152926517709044,1.000000038628119,0.875,0.0,0.0
8fa04d7b0a36,orchid_finger,Fixed OA,spike,fixed,1,mixed,spike_fixed_1f_mixed,0.005446072248178701,9.562264788320896e-08,0.011821531231428139,0.0060124910760536035,0.008728747776776924,1.1098037620978722,1.0000031430204146,0.8823529411764706,0.0,0.027017127313974165
8fd89d0ace39,orchid_palm,Corrected,dropout,short,5,thumb,dropout_short_5f_thumb,0.0022552077566350567,1.3660378272994933e-08,1.8195175731788859e-07,0.00241428399778047,0.004297931192673319,0.9803910516705041,1.000000029507087,0.875,0.0625,0.0
8fd89d0ace39,orchid_palm,Fixed OA,dropout,short,5,thumb,dropout_short_5f_thumb,0.0019050150216880267,4.8987011586065776e-08,0.005970041899989597,0.0014467705745804832,0.0017850858768020184,0.9891270611923033,0.9999999671649566,0.8823529411764706,0.058823529411764705,0.02694525673462938
90168382c6e9,orchid_palm,Corrected,dropout,short,3,index,dropout_short_3f_index,0.0024661502091505518,1.3660378272994933e-08,1.244524572828172e-07,0.003702639137872871,0.00708242596257704,1.0213894763643987,0.9999999270896488,0.9375,0.0,0.0
90168382c6e9,orchid_palm,Fixed OA,dropout,short,3,index,dropout_short_3f_index,0.0016807817526586027,4.1485000934482485e-08,0.003456170295170788,0.001947637566531183,0.0025206476958731555,0.9983479620247863,1.0,1.0,0.0,0.02593270920148232
908215ffdcab,deer_horn,Corrected,gaussian,medium,0,all,gaussian_medium,0.09458264940940782,0.060881020632430435,0.28594889821528185,0.1171635187419897,0.1986335489320706,1.2234559364775917,1.016452923755193,0.625,0.0,0.0
908215ffdcab,deer_horn,Fixed OA,gaussian,medium,0,all,gaussian_medium,0.05623657169038819,0.04052112949527676,0.16494948086713082,0.04595959041652068,0.06661356990707859,1.1310577385628469,0.9962794936282119,0.5294117647058824,0.11764705882352941,0.03490146883214014
909ce0b40aeb,flower_pinch,Corrected,dropout,short,3,thumb,dropout_short_3f_thumb,0.001643648568428985,1.3996289030537845e-08,1.399628902498673e-07,0.0015212694387684816,0.002557894184783083,1.000000024593979,1.0,1.0,0.0,0.0
909ce0b40aeb,flower_pinch,Fixed OA,dropout,short,3,thumb,dropout_short_3f_thumb,0.001318387431067801,0.0,0.0018884409832737733,0.0010621450039545424,0.0012670103458924831,0.9999597489092257,1.0,1.0,0.0,0.02879984900803401
90e40c3b645c,prayer_beads,Corrected,spike,fixed,1,mixed,spike_fixed_1f_mixed,0.0050232170109149234,1.3996289023598951e-08,1.2234716227042817e-07,0.010370493674024197,0.021432338158704375,2.8238575311274112,1.0000001155453568,0.7333333333333333,0.0,0.0
90e40c3b645c,prayer_beads,Fixed OA,spike,fixed,1,mixed,spike_fixed_1f_mixed,0.004119797929582391,1.3996289027068398e-08,0.007432126435899776,0.0049180547591368565,0.007180876211455871,2.482837932735491,1.0000017533339083,0.7142857142857143,0.0,0.03386138999105777
90f1a984a449,orchid_palm,Corrected,gaussian,mild,0,all,gaussian_mild,0.023558271139158926,0.0158292992813343,0.07318457214876507,0.034216644540888914,0.06084831151311389,1.6923302710210568,1.2648770133100475,0.25,0.0,0.0
90f1a984a449,orchid_palm,Fixed OA,gaussian,mild,0,all,gaussian_mild,0.012457580962752124,0.008639258387031272,0.0379545347147107,0.012945905700860964,0.019312842043970296,1.274406350653877,1.0699218505697787,0.4666666666666667,0.0,0.03935963618606163
918262be397a,orchid_finger,Corrected,dropout,short,5,middle,dropout_short_5f_middle,0.006192125134756741,1.3660378272994933e-08,1.687952456919105e-07,0.004696140687699955,0.007946270034512848,1.129216543168355,1.0,0.875,0.0,0.0
918262be397a,orchid_finger,Fixed OA,dropout,short,5,middle,dropout_short_5f_middle,0.004916953861952824,0.0,0.015879923007387938,0.003501984211800392,0.0032655788155461106,1.1283437563808707,1.0,0.8823529411764706,0.0,0.0
9200d2d93b19,flower_pinch,Corrected,dropout,short,5,thumb,dropout_short_5f_thumb,0.0002154784148383994,1.3660378272994933e-08,1.399628902498673e-07,0.00030480806289861703,0.000569315673163979,0.9924520559484299,1.0,1.0,0.0,0.0
9200d2d93b19,flower_pinch,Fixed OA,dropout,short,5,thumb,dropout_short_5f_thumb,0.00022121677143103192,0.0,0.0001843447557090378,0.00021310128621086316,0.00030117648604874065,0.991739497734933,1.0,1.0,0.0,0.04163445304112068
92135167f589,orchid_finger,Corrected,gaussian,severe,0,all,gaussian_severe,0.207632062683047,0.15101912910580598,0.6191694652109357,0.2070820412513988,0.36244685150977934,4.504931328626278,3.0173131016630923,0.125,0.0,0.0
92135167f589,orchid_finger,Fixed OA,gaussian,severe,0,all,gaussian_severe,0.13031752018675868,0.10095016279159325,0.36638546173395725,0.08077834754092458,0.12009229928051988,2.7936976763108268,2.5400468664626095,0.125,0.0,0.028883190108064973
9243f28755dc,orchid_palm,Corrected,gaussian,medium,0,all,gaussian_medium,0.10335689022403743,0.07836790253432205,0.27321014056333104,0.11342222152998378,0.1941075342455505,2.939587924737437,3.0069294912555757,0.06666666666666667,0.0,0.0
9243f28755dc,orchid_palm,Fixed OA,gaussian,medium,0,all,gaussian_medium,0.06428294430460368,0.05190281298816432,0.15493194363942017,0.05141421658440293,0.06778747014628549,2.511998103051194,2.405874694663491,0.125,0.0625,0.03262168531737152
927d32f10adf,flower_pinch,Corrected,dropout,short,3,index,dropout_short_3f_index,0.00499198840778259,1.581062261668542e-08,1.6795546828440172e-07,0.004379614049577446,0.007780234303784152,1.026665468162276,1.0,0.875,0.0,0.0
927d32f10adf,flower_pinch,Fixed OA,dropout,short,3,index,dropout_short_3f_index,0.004447775245862683,3.960256925172878e-08,0.007899957721360899,0.0036426575701663574,0.003844434228625723,1.0493948416562318,1.0,0.8235294117647058,0.0,0.029036141357480477
92cdf10f2594,orchid_palm,Corrected,spike,fixed,1,mixed,spike_fixed_1f_mixed,0.003976514828564353,1.3660378272994933e-08,1.2596660123320724e-07,0.008112073480848515,0.01655523777232443,1.0093316098614666,1.0,0.9375,0.0,0.0
92cdf10f2594,orchid_palm,Fixed OA,spike,fixed,1,mixed,spike_fixed_1f_mixed,0.0033156057089502975,0.0,0.003132020111082058,0.0038800875701555616,0.005607239902547366,0.9999562836952073,1.0000037694491177,1.0,0.0,0.02230469613286733
92ec2d35b523,prayer_beads,Corrected,spike,fixed,3,mixed,spike_fixed_3f_mixed,0.0037963726210999884,2.7320756545989866e-08,1.6392453923985694e-07,0.003099338651916187,0.004929273616912095,1.0164671868202424,1.0,0.875,0.0,0.0
92ec2d35b523,prayer_beads,Fixed OA,spike,fixed,3,mixed,spike_fixed_3f_mixed,0.002986728118603735,1.590943904394848e-08,0.0003853425370587158,0.002313991162175253,0.002456156874331213,1.013532632325096,1.0000000000000002,0.9411764705882353,0.0,0.02143260136007539
938c6a0d1043,deer_horn,Corrected,dropout,short,5,middle,dropout_short_5f_middle,0.023369180819255722,2.339105886761672e-08,0.10530540200856715,0.031354317929280104,0.06024615770095251,0.946593907010266,0.9999999499841459,0.875,0.125,0.0
938c6a0d1043,deer_horn,Fixed OA,dropout,short,5,middle,dropout_short_5f_middle,0.01971129834216377,7.278070293104122e-07,0.10783819222990078,0.018957233459187758,0.02409299505291452,0.9643889724864816,0.9999995161752788,0.8235294117647058,0.11764705882352941,0.03133650376220787
93e7d139d98d,prayer_beads,Corrected,gaussian,severe,0,all,gaussian_severe,0.21459032143399465,0.16530224609375235,0.5761081666806863,0.22499920395698747,0.38827812298246767,3.5014326615255413,2.3831133749528135,0.0,0.0,0.0
93e7d139d98d,prayer_beads,Fixed OA,gaussian,severe,0,all,gaussian_severe,0.13415614761677058,0.10812867227326094,0.32338711516283164,0.08806559475201094,0.1246802811576158,2.340427189440695,2.128283655088178,0.23076923076923078,0.0,0.04747556551063211
94336838e554,orchid_finger,Corrected,gaussian,severe,0,all,gaussian_severe,0.19027842780750417,0.1313514283878355,0.6003481658622256,0.2227410687466319,0.38773983953204555,1.4837073600444524,1.4131055189607518,0.0625,0.0,0.0
94336838e554,orchid_finger,Fixed OA,gaussian,severe,0,all,gaussian_severe,0.11528056996985002,0.08513970649163714,0.3467723660473805,0.0864149543701045,0.12465705261771841,1.3504502258402356,1.3653153296314005,0.17647058823529413,0.0,0.027735405309105895
9510f2b06a82,orchid_palm,Corrected,dropout,short,5,thumb,dropout_short_5f_thumb,0.0013452000683247512,2.7320756525173184e-08,1.679554682870038e-07,0.0023050429073564194,0.0043891839786156135,0.9667274114244586,1.000000024754431,0.9375,0.0625,0.0
9510f2b06a82,orchid_palm,Fixed OA,dropout,short,5,thumb,dropout_short_5f_thumb,0.0009963231940769554,9.329926328391358e-08,0.004255848296569618,0.0011518363866596455,0.0017134969307117847,0.9801190978144926,1.0000000495450734,0.9411764705882353,0.058823529411764705,0.03343751937611262
95419268158b,three_finger_bent,Corrected,dropout,short,3,thumb,dropout_short_3f_thumb,0.000612443687573043,2.7320756544255143e-08,1.3996289022211172e-07,0.0011716341867026232,0.002293721702321498,1.0005717312910187,1.0000000487780438,1.0,0.0,0.0
95419268158b,three_finger_bent,Fixed OA,dropout,short,3,thumb,dropout_short_3f_thumb,0.0005197548035584405,0.0,0.0007553939620963956,0.0006109257715333591,0.0009188788657049974,1.0014275546124471,1.0,1.0,0.0,0.041243515694248827
96644269d5c5,orchid_palm,Corrected,spike,fixed,1,mixed,spike_fixed_1f_mixed,0.0019897265330671306,2.0490567395614612e-08,1.1197031224430276e-07,0.004096476127771374,0.008441206956651286,1.1723377981269942,1.0,0.8125,0.0,0.0
96644269d5c5,orchid_palm,Fixed OA,spike,fixed,1,mixed,spike_fixed_1f_mixed,0.0016296424324307285,0.0,0.0019126910665398843,0.0019801328755404716,0.002880845436203227,1.0933286118753212,1.0,0.8235294117647058,0.0,0.0006657614800011925
96fc17d19424,orchid_palm,Corrected,spike,fixed,1,mixed,spike_fixed_1f_mixed,0.004237639065265011,1.3660378272994933e-08,1.3479502893320985e-07,0.008777953645509125,0.013654610023015209,1.0316456400217693,1.0,0.875,0.0,0.0
96fc17d19424,orchid_palm,Fixed OA,spike,fixed,1,mixed,spike_fixed_1f_mixed,0.0032944315298559157,0.0,2.652296769961591e-07,0.0030319721619713764,0.005365429061938938,1.0078783967450784,1.0,0.9411764705882353,0.0,0.012111023883127627
97912d893b82,orchid_finger,Corrected,spike,fixed,2,mixed,spike_fixed_2f_mixed,0.003915061360204059,2.1891631341031115e-08,1.8725842108185942e-07,0.00406819708005864,0.008100143221308975,1.2194012017236806,1.0000000361966945,0.8125,0.0,0.0
97912d893b82,orchid_finger,Fixed OA,spike,fixed,2,mixed,spike_fixed_2f_mixed,0.0037895855808194358,0.0,0.0017259757836048317,0.003446166853806581,0.0037704082396182127,1.2454511119197789,1.0,0.8235294117647058,0.0,0.0
97d5716e7da1,orchid_finger,Corrected,dropout,short,3,thumb,dropout_short_3f_thumb,0.0011644060681112352,8.537736406744045e-09,1.707547245127783e-07,0.0009653862523909369,0.001940368514075973,0.9992712053348612,1.0,1.0,0.0,0.0
97d5716e7da1,orchid_finger,Fixed OA,dropout,short,3,thumb,dropout_short_3f_thumb,0.0009526449227386052,0.0,0.001040676603627999,0.0006995320071616461,0.0008530643080257175,0.9991307906788925,1.0,1.0,0.0,0.03875888047043207
9814244d256e,deer_horn,Corrected,spike,fixed,1,mixed,spike_fixed_1f_mixed,0.0008013383856554526,1.3660378272994933e-08,1.0945815674123783e-07,0.0016399353915237088,0.0033579536759946265,1.020258887449852,1.0,0.875,0.0,0.0
9814244d256e,deer_horn,Fixed OA,spike,fixed,1,mixed,spike_fixed_1f_mixed,0.0006985953111899184,0.0,0.0007761696751413383,0.0008014472801231369,0.00113983715535753,1.0088566040817797,1.0,0.9411764705882353,0.0,0.0
98559383b333,flower_pinch,Corrected,dropout,short,5,middle,dropout_short_5f_middle,0.005322309330134419,1.3660378272994933e-08,1.561402663774467e-07,0.00645035901842654,0.010693071638270038,1.061915638705588,1.0,0.875,0.0,0.0
98559383b333,flower_pinch,Fixed OA,dropout,short,5,middle,dropout_short_5f_middle,0.004530449403491675,1.7519327731585488e-08,0.011005561557089392,0.0038824100508304442,0.005146785788786233,1.0536332719078942,1.0,0.8823529411764706,0.0,0.03573824336215496
9897660778b7,prayer_beads,Corrected,dropout,short,5,thumb,dropout_short_5f_thumb,0.009477056978368648,2.3391058909250084e-08,1.959480463442631e-07,0.00644855623732302,0.008462827959763667,1.2799710913010256,1.0000001124824345,0.75,0.0,0.0
9897660778b7,prayer_beads,Fixed OA,dropout,short,5,thumb,dropout_short_5f_thumb,0.008031613265217754,8.927120201049354e-08,0.019106818636081484,0.005457240479727153,0.00543619371982278,1.428349274946153,0.9999997743287691,0.7647058823529411,0.0,0.040245755240455545
98c96afd8e2f,deer_horn,Corrected,spike,fixed,3,mixed,spike_fixed_3f_mixed,0.0031703634722986813,2.7320756545989866e-08,2.2394062437758322e-07,0.0036592751190429786,0.007465340330835635,1.088042745380186,1.0000000705764682,0.9375,0.0,0.0
98c96afd8e2f,deer_horn,Fixed OA,spike,fixed,3,mixed,spike_fixed_3f_mixed,0.0020616768223456683,0.0,0.0065916939566251775,0.002099644728006031,0.002543345676872008,1.0818091115497968,1.0,0.9411764705882353,0.0,0.03573391031128382
99315e5eaef4,deer_horn,Corrected,gaussian,mild,0,all,gaussian_mild,0.028138187393288026,0.017242293378070164,0.09225688248808718,0.03946034521726393,0.06904085811201596,1.7878167108668945,1.5426963168571597,0.1875,0.0,0.0
99315e5eaef4,deer_horn,Fixed OA,gaussian,mild,0,all,gaussian_mild,0.014929540157056017,0.010461349906286388,0.048566182440680866,0.014710720644584304,0.022381612953103484,1.449231200019895,1.2201036443127773,0.3125,0.0,0.03999202351488526
9966bb8d58c8,flower_pinch,Corrected,dropout,short,5,middle,dropout_short_5f_middle,0.009547030789651795,2.0994433538867874e-08,1.6795546828613644e-07,0.006894590512631777,0.010800532994052698,1.1973220190484806,1.000000007574032,0.8125,0.0,0.0
9966bb8d58c8,flower_pinch,Fixed OA,dropout,short,5,middle,dropout_short_5f_middle,0.007913522461973013,0.0,0.019604307371899554,0.005322015947365933,0.0049998417055654035,1.2382373859446891,1.0,0.7647058823529411,0.0,0.023945788790066175
99a20727e3a0,orchid_palm,Corrected,spike,fixed,3,mixed,spike_fixed_3f_mixed,0.006902561155673409,1.3660378272994933e-08,1.742474356067331e-07,0.007456141736616125,0.012661226404076104,1.098003450658831,1.0000002819528309,0.75,0.0,0.0
99a20727e3a0,orchid_palm,Fixed OA,spike,fixed,3,mixed,spike_fixed_3f_mixed,0.005094806063130924,0.0,0.004619677065749635,0.003157942360967977,0.004209421232675506,1.1210848547251624,1.0,0.8235294117647058,0.0,0.021932051935749756
99ec30476f59,orchid_palm,Corrected,spike,fixed,2,mixed,spike_fixed_2f_mixed,0.006397770842392215,1.1695529447686148e-08,8.581519491124275e-08,0.006606241715190029,0.01345173143375511,3.5019186300459832,1.0000003115542382,0.7333333333333333,0.0,0.0
99ec30476f59,orchid_palm,Fixed OA,spike,fixed,2,mixed,spike_fixed_2f_mixed,0.005565797943507267,2.0994433538867874e-08,0.00830878020525191,0.005305080933225185,0.006173406907091684,3.771495046900262,1.000001240478412,0.6666666666666666,0.0,0.01079267143109676
9a918862c434,three_finger_bent,Corrected,dropout,short,3,middle,dropout_short_3f_middle,0.002294412212929119,2.7320756504356503e-08,2.0229821398598524e-07,0.002484337498355408,0.004538437350809944,1.0000001881914744,1.000000077770077,1.0,0.0,0.0
9a918862c434,three_finger_bent,Fixed OA,dropout,short,3,middle,dropout_short_3f_middle,0.0017803674629858054,1.5445541245995287e-07,0.004506741210444323,0.0017428509067438785,0.0019090457990179957,1.0013739102133792,1.0000003970365983,1.0,0.0,0.04026586090963842
9aa50ec1efaa,three_finger_bent,Corrected,gaussian,medium,0,all,gaussian_medium,0.11031440165367289,0.07916968807665294,0.3349678997481669,0.1398210881765628,0.24690621586189615,3.0114902473548186,2.695156313892111,0.0625,0.0,0.0
9aa50ec1efaa,three_finger_bent,Fixed OA,gaussian,medium,0,all,gaussian_medium,0.06293038769235715,0.04982393138446636,0.1665960291174665,0.05221826249783895,0.07689119037907524,2.5790506793720143,2.0576900506369857,0.058823529411764705,0.0,0.03680703498274467
9b07ae691ee2,deer_horn,Corrected,dropout,short,5,index,dropout_short_5f_index,0.00767872974281995,1.3660378272994933e-08,1.1383648301152572e-07,0.004662718373920535,0.007037020455585423,1.3978909426052382,1.0000001000764378,0.75,0.0,0.0
9b07ae691ee2,deer_horn,Fixed OA,dropout,short,5,index,dropout_short_5f_index,0.005559114714325693,3.499072256593627e-08,0.009210122862808178,0.0031649884897255566,0.0031575493945052756,1.4959654216075975,1.0094406760237444,0.7647058823529411,0.0,0.022797939354359587
9b0d7cac27a4,flower_pinch,Corrected,gaussian,medium,0,all,gaussian_medium,0.09426512188727482,0.06207431614609582,0.2843877512782015,0.11741402928258339,0.20457400171215584,1.804835954446243,1.564877710655352,0.0,0.0,0.0
9b0d7cac27a4,flower_pinch,Fixed OA,gaussian,medium,0,all,gaussian_medium,0.05569834468925523,0.040429811689728576,0.15721165296226958,0.045003121664819706,0.06526557180921365,1.4857366184340928,1.3090443664303475,0.35294117647058826,0.0,0.03937371810156532
9b5b9fac7e73,prayer_beads,Corrected,dropout,short,3,index,dropout_short_3f_index,0.0003222860339310953,1.3660378272994933e-08,1.1896845670406053e-07,0.000512033368774335,0.0010572885414393252,1.0007274306150147,1.0,1.0,0.0,0.0
9b5b9fac7e73,prayer_beads,Fixed OA,dropout,short,3,index,dropout_short_3f_index,0.00024216233107018977,2.7992578047197902e-08,0.00028493654262049716,0.00022150747315231878,0.0003058344314854554,1.0048014514626946,0.999999851895987,1.0,0.0,0.0
9b6d6e12541f,deer_horn,Corrected,spike,fixed,1,mixed,spike_fixed_1f_mixed,0.0005052410149134664,1.3660378272994933e-08,1.1197031224430276e-07,0.0010184216473354106,0.0020529983777419006,1.018800597132712,1.0000000035903933,0.9375,0.0,0.0
9b6d6e12541f,deer_horn,Fixed OA,spike,fixed,1,mixed,spike_fixed_1f_mixed,0.00040594792002262344,3.9526556472324614e-09,2.46142940968537e-06,0.00047422382529632327,0.0006740257091547549,1.0020732125616272,1.0,1.0,0.0,0.0
9b9c00604de9,orchid_palm,Corrected,dropout,short,3,thumb,dropout_short_3f_thumb,0.005082923711446925,1.3996289030537845e-08,1.3134978805590115e-07,0.006692258515903937,0.01225350823072358,1.1081005134106903,1.0,0.875,0.0,0.0
9b9c00604de9,orchid_palm,Fixed OA,dropout,short,3,thumb,dropout_short_3f_thumb,0.004045862387382503,2.0994433538867874e-08,0.0048505735389789565,0.004420390115913834,0.005159645192877094,1.0955967380826719,1.0000000352835143,0.8823529411764706,0.0,0.027861467810424746
9c3dce491b52,deer_horn,Corrected,gaussian,severe,0,all,gaussian_severe,0.1631882656727051,0.10777451537437588,0.4895171954689993,0.19418273444433454,0.33040823264613073,1.53251976908743,1.2222272245158428,0.375,0.0625,0.0
9c3dce491b52,deer_horn,Fixed OA,gaussian,severe,0,all,gaussian_severe,0.09628317330518829,0.06923613828482886,0.26504056418227534,0.07434387181057943,0.11059461933241685,1.399195409026824,1.3530095740547219,0.23529411764705882,0.058823529411764705,0.0
9c98d74e67ff,prayer_beads,Corrected,spike,fixed,1,mixed,spike_fixed_1f_mixed,0.006570793458659581,1.3660378245239357e-08,1.0148263833165119e-07,0.0136470147218081,0.028385776742826573,3.9003311824323004,1.0,0.7333333333333333,0.0,0.0
9c98d74e67ff,prayer_beads,Fixed OA,spike,fixed,1,mixed,spike_fixed_1f_mixed,0.005311497557229959,0.0,0.009865788869734797,0.006283852857080043,0.009349108167742533,1.2726618556006752,1.0,0.8571428571428571,0.0,0.02458886950713888
9d2ca79b7a9e,deer_horn,Corrected,gaussian,mild,0,all,gaussian_mild,0.02783252025389732,0.017738247071573482,0.0936229585687965,0.04032212614038523,0.07045434496536343,1.1357936928582149,1.0487147533707506,0.625,0.0,0.0
9d2ca79b7a9e,deer_horn,Fixed OA,gaussian,mild,0,all,gaussian_mild,0.014455301831100697,0.009358172682929232,0.04733069733197174,0.014890567180711316,0.02238318408530519,1.1051263516464296,1.0536060945177415,0.5882352941176471,0.0,0.017110540311341852
9e82bd60bcff,orchid_finger,Corrected,dropout,short,3,thumb,dropout_short_3f_thumb,0.0016197215958310758,1.3660378272994933e-08,1.6303084729440975e-07,0.0020722980772735927,0.0035471312299402667,1.035671988437921,1.0000000510748568,0.875,0.0,0.0
9e82bd60bcff,orchid_finger,Fixed OA,dropout,short,3,thumb,dropout_short_3f_thumb,0.001118615397641761,2.799257806107569e-08,0.0020250126283397132,0.0010856417567554977,0.0014818640619497791,1.015642776872987,0.9999999378617159,0.9411764705882353,0.0,0.026775336870612315
9f965c57a01a,orchid_finger,Corrected,dropout,short,3,middle,dropout_short_3f_middle,0.001966391016742515,1.3660378272994933e-08,1.2970742766793588e-07,0.0018832774289217814,0.002382465765682784,1.026517290559374,1.0000000642758355,0.875,0.0,0.0
9f965c57a01a,orchid_finger,Fixed OA,dropout,short,3,middle,dropout_short_3f_middle,0.001566680714899779,1.3660378272994933e-08,0.0014332803566393612,0.0012373408746715231,0.0014777414381010247,1.0502965256646783,1.00000001593258,0.8235294117647058,0.0,0.017019410473507055
a0ad3bbf32c6,orchid_finger,Corrected,dropout,short,3,index,dropout_short_3f_index,0.0012068046494568285,1.3660378272994933e-08,1.4229560374445782e-07,0.0010228490314515212,0.001836375775749427,1.0161175280926962,1.0,0.9375,0.0,0.0
a0ad3bbf32c6,orchid_finger,Fixed OA,dropout,short,3,index,dropout_short_3f_index,0.001014708085727995,5.598515606664023e-08,0.0009726040591933827,0.0007556757498729475,0.0009297031877749778,1.0220384004211833,1.0000001560186507,0.9411764705882353,0.0,0.037359944384345936
a0c1252ee362,orchid_palm,Corrected,gaussian,mild,0,all,gaussian_mild,0.02564977928959772,0.018298015222169325,0.08520940675634694,0.03433330643701291,0.058897276317091386,1.1725522249612768,1.1315841601321885,0.375,0.0,0.0
a0c1252ee362,orchid_palm,Fixed OA,gaussian,mild,0,all,gaussian_mild,0.013918112603954223,0.010227644742273029,0.041067142210052116,0.013990993434877353,0.020224451539752487,1.1244402384061851,1.0126029050042868,0.47058823529411764,0.0,0.0
a17401a3710a,flower_pinch,Corrected,spike,fixed,2,mixed,spike_fixed_2f_mixed,0.004972699256250534,2.7320756545989866e-08,1.7222433540495946e-07,0.00792592743852313,0.016113332829640073,1.1220781776726012,1.0,0.875,0.0,0.0
a17401a3710a,flower_pinch,Fixed OA,spike,fixed,2,mixed,spike_fixed_2f_mixed,0.0034579311361827617,0.0,0.0031539745691315504,0.003982864376515043,0.00572884085927016,1.1026786741778787,1.0,0.8823529411764706,0.0,0.012058584807610653
a1eaec3a02b4,orchid_finger,Corrected,dropout,short,5,thumb,dropout_short_5f_thumb,0.010964374236140745,2.134434129441587e-09,1.1494452311824149e-07,0.006340188723431436,0.008878274841249636,1.4611091908890272,1.000000122965684,0.7692307692307693,0.0,0.0
a1eaec3a02b4,orchid_finger,Fixed OA,dropout,short,5,thumb,dropout_short_5f_thumb,0.009204177482262979,0.0,0.020349819056256328,0.005503353726232693,0.005496247368381321,1.498626339313496,1.0000305348793708,0.7142857142857143,0.0,0.04135754346092677
a27fbc906336,flower_pinch,Corrected,spike,fixed,2,mixed,spike_fixed_2f_mixed,0.007903513966301224,2.7320756545989866e-08,1.3996289022211172e-07,0.008387742571138175,0.016765040442309944,1.2430053896933106,1.000000057612191,0.8125,0.0,0.0
a27fbc906336,flower_pinch,Fixed OA,spike,fixed,2,mixed,spike_fixed_2f_mixed,0.0067290585447668146,4.678211773523344e-08,0.0057478592194525596,0.0066538882647278015,0.007771629928362811,1.211480228298898,0.999999826362366,0.8235294117647058,0.0,0.0
a286c8c9db47,orchid_palm,Corrected,dropout,short,3,thumb,dropout_short_3f_thumb,0.0021712785906680175,1.3660378272994933e-08,9.797402317126419e-08,0.0030175699174478012,0.004888237182448646,1.1327388604085609,1.0,0.9375,0.0,0.0
a286c8c9db47,orchid_palm,Fixed OA,dropout,short,3,thumb,dropout_short_3f_thumb,0.001940295339421965,2.845912074056489e-08,0.0011613986167811619,0.001981111156811299,0.0022241359827932647,1.0908746746426623,1.0000001255686846,0.8823529411764706,0.0,0.019545327751799887
a2d9a5ab5735,prayer_beads,Corrected,gaussian,mild,0,all,gaussian_mild,0.028565942034169442,0.019324476536012204,0.09263066985207416,0.036650339404383094,0.061782933730224,2.0264663571816564,1.4452798519907124,0.35714285714285715,0.0,0.0
a2d9a5ab5735,prayer_beads,Fixed OA,gaussian,mild,0,all,gaussian_mild,0.01642196629113266,0.011473975790059043,0.04819913529807514,0.0140373677433563,0.02050292744602272,1.2307408647955211,1.098697052732594,0.5384615384615384,0.0,0.03756643639594688
a36973700099,orchid_finger,Corrected,dropout,short,3,middle,dropout_short_3f_middle,0.008443581085160265,6.8301891364974665e-09,1.3611391076169842e-07,0.007973976675271877,0.01482276439904817,1.0348009158550497,1.0000000080879325,0.875,0.0,0.0
a36973700099,orchid_finger,Fixed OA,dropout,short,3,middle,dropout_short_3f_middle,0.006323869403926368,5.464151309197973e-08,0.014846382750100902,0.005105538847442008,0.006056344969367595,1.05431438238004,0.999999974776996,0.8823529411764706,0.0,0.0
a3bbc3e5bce8,prayer_beads,Corrected,dropout,short,5,middle,dropout_short_5f_middle,0.019694854718216987,2.7320756542086738e-08,2.0574544865592577e-07,0.00899009599154002,0.01656703051530955,2.6330803365494075,1.000000344465719,0.6,0.0,0.0
a3bbc3e5bce8,prayer_beads,Fixed OA,dropout,short,5,middle,dropout_short_5f_middle,0.015466481252103804,0.0,0.10633032583791123,0.007521611445830942,0.008125870705895807,2.643338559246308,1.0320350818348367,0.5333333333333333,0.0,0.02044725034685408
a3c7fe048c12,deer_horn,Corrected,dropout,short,3,index,dropout_short_3f_index,0.0003395873318689759,1.3660378245239357e-08,8.196226961715292e-08,0.00036185843560014363,0.0006706421901997153,1.0000000888658258,1.0,1.0,0.0,0.0
a3c7fe048c12,deer_horn,Fixed OA,dropout,short,3,index,dropout_short_3f_index,0.0002659359168510642,1.1197031213328046e-07,0.0004753270360443769,0.00022906867606399526,0.00025229375918401855,1.0002311307467233,1.0000044155397467,1.0,0.0,0.04196132937313001
a3f39e62654a,orchid_palm,Corrected,dropout,short,3,thumb,dropout_short_3f_thumb,0.00019411413492991883,1.3996289023598951e-08,1.2596660123320724e-07,0.0002740978440644641,0.0005071418744823191,0.9999999837397607,1.0,1.0,0.0,0.0
a3f39e62654a,orchid_palm,Fixed OA,dropout,short,3,thumb,dropout_short_3f_thumb,0.00018951002170913077,0.0,0.0004185210337858838,0.00018611508035047008,0.00022339662251399486,1.0007391289542016,1.0,1.0,0.0,0.03283718650855538
a4a40ba1c9e1,orchid_finger,Corrected,dropout,short,5,index,dropout_short_5f_index,0.004156775651239645,1.755473216791259e-08,1.7061476171586992e-07,0.002755906581085827,0.005095732868172967,1.0020350052772484,1.0,1.0,0.0,0.0
a4a40ba1c9e1,orchid_finger,Fixed OA,dropout,short,5,index,dropout_short_5f_index,0.0035314845345744764,0.0,0.0012472701569729812,0.002344623755038238,0.002229909296244281,1.0174169924656837,1.0,0.9411764705882353,0.0,0.0
a4d892c9d4e3,three_finger_bent,Corrected,gaussian,medium,0,all,gaussian_medium,0.07639800006191842,0.04679462017124866,0.2455363702946177,0.10824041967015491,0.19274872380929203,1.3854131211140623,1.2839824031021778,0.25,0.0625,0.0
a4d892c9d4e3,three_finger_bent,Fixed OA,gaussian,medium,0,all,gaussian_medium,0.042531269029574555,0.029742486757800057,0.1279064354169887,0.04164401513103868,0.06142466855733101,1.3932940795335904,1.235031170310643,0.35294117647058826,0.0,0.0231716647247715
a4f834da011b,flower_pinch,Corrected,dropout,short,5,index,dropout_short_5f_index,0.012629980783147376,1.3996289016660057e-08,1.1248563023258383e-07,0.007155217456891744,0.012047778955769193,1.4362471710029994,1.000000132809308,0.75,0.0,0.0
a4f834da011b,flower_pinch,Fixed OA,dropout,short,5,index,dropout_short_5f_index,0.01078140358491688,6.324249057776399e-08,0.0259940115997183,0.006126935627791349,0.0063594427721722045,1.5279548288757892,1.0000001373564373,0.7647058823529411,0.0,0.03232179819842567
a5277b949382,three_finger_bent,Corrected,spike,fixed,1,mixed,spike_fixed_1f_mixed,0.0018766996674545228,1.707547281348809e-08,1.5810622638889882e-07,0.0038671164655952025,0.00797590956410743,1.1078357825062675,1.0000000931163462,0.875,0.0,0.0
a5277b949382,three_finger_bent,Fixed OA,spike,fixed,1,mixed,spike_fixed_1f_mixed,0.0017389900593649844,0.0,0.001967711486171003,0.0019701686471155964,0.0028386905960252466,1.0482774579642504,1.0,0.8823529411764706,0.0,0.030655054965945817
a5fe68f14455,orchid_finger,Corrected,spike,fixed,3,mixed,spike_fixed_3f_mixed,0.009586985545714828,1.3660378272994933e-08,1.687952443429892e-07,0.007047176582921139,0.014251588201333846,1.6935823327900381,1.0,0.75,0.0,0.0
a5fe68f14455,orchid_finger,Fixed OA,spike,fixed,3,mixed,spike_fixed_3f_mixed,0.0071854585846188165,0.0,0.0036021711100784836,0.005239874346640218,0.006146694519629315,1.841625728133254,1.0,0.7647058823529411,0.0,0.0
a608ba06813c,orchid_finger,Corrected,spike,fixed,3,mixed,spike_fixed_3f_mixed,0.008818267567373623,8.537736406744045e-09,1.3296474572765948e-07,0.006573483438921874,0.012782488169526703,1.3090867427695603,1.0000000288495048,0.7142857142857143,0.0,0.0
a608ba06813c,orchid_finger,Fixed OA,spike,fixed,3,mixed,spike_fixed_3f_mixed,0.007135140389889254,0.0,0.005120267783541529,0.00503960983921743,0.006070714815791599,1.3371156047107315,1.0,0.7333333333333333,0.0,0.03668279692322378
a65164b9d698,flower_pinch,Corrected,dropout,short,3,thumb,dropout_short_3f_thumb,0.00104248918649532,2.490173067748458e-08,1.470767380828956e-07,0.001549693432012825,0.0029324870499708197,1.0245702330610293,1.0000000478732591,0.9375,0.0,0.0
a65164b9d698,flower_pinch,Fixed OA,dropout,short,3,thumb,dropout_short_3f_thumb,0.0007080583420242272,0.0,3.454026645795501e-05,0.0007532321740999675,0.0010731033429904726,1.0260515458001864,1.0,0.9411764705882353,0.0,0.0
a69e7fdc59b2,flower_pinch,Corrected,gaussian,mild,0,all,gaussian_mild,0.029893900137042673,0.018471973309260092,0.10098902092937954,0.04229319090681221,0.07458459703221258,1.1239014028026362,1.0959169556157171,0.5,0.0,0.0
a69e7fdc59b2,flower_pinch,Fixed OA,gaussian,mild,0,all,gaussian_mild,0.016408780729704794,0.010861601303655433,0.054613204270939734,0.01616735331346014,0.023300112073035093,1.07256570370762,1.0512399099871224,0.7058823529411765,0.0,0.01918019518403375
a6deadfbe02c,three_finger_bent,Corrected,dropout,short,5,middle,dropout_short_5f_middle,0.0052190631497696215,2.799257806107569e-08,1.892998082590399e-07,0.005725018354956465,0.00888259002668455,1.0610084429769857,1.0000001138670043,0.8125,0.0,0.0
a6deadfbe02c,three_finger_bent,Fixed OA,dropout,short,5,middle,dropout_short_5f_middle,0.0039258304698525336,2.3905661977741133e-08,0.011941334302551919,0.003627403697461042,0.003914977235433586,1.0657106835145789,1.0000314634468248,0.8125,0.0,0.036040972026961035
a727998a1b7d,orchid_palm,Corrected,dropout,short,3,middle,dropout_short_3f_middle,0.0008640639626260463,0.0,1.021729098760881e-07,0.0015439650566813263,0.00297545076950529,0.9999999877639241,1.0,1.0,0.0,0.0
a727998a1b7d,orchid_palm,Fixed OA,dropout,short,3,middle,dropout_short_3f_middle,0.0006996161013222669,0.0,0.0003366398368293658,0.0007653407843289025,0.001018428946015954,1.0016981838889327,1.0,1.0,0.0,0.0154338128788533
a7afff61595c,orchid_palm,Corrected,spike,fixed,2,mixed,spike_fixed_2f_mixed,0.005349320657250173,1.3660378272994933e-08,1.241852555233791e-07,0.00562665523479287,0.011208113400501025,1.2055523465374813,1.0,0.8125,0.0,0.0
a7afff61595c,orchid_palm,Fixed OA,spike,fixed,2,mixed,spike_fixed_2f_mixed,0.004488738426723482,2.7992578047197902e-08,0.001426029699463839,0.004445985424979523,0.005445130161689015,1.212220582993612,1.0000001393355828,0.8235294117647058,0.0,0.0
a822aed127f5,flower_pinch,Corrected,dropout,short,5,index,dropout_short_5f_index,0.00037251710783480136,2.0994433535398427e-08,1.2806604338111427e-07,0.00021189259953720657,0.00035989178564158964,0.999999964182465,1.0,1.0,0.0,0.0
a822aed127f5,flower_pinch,Fixed OA,dropout,short,5,index,dropout_short_5f_index,0.0003050890745025478,1.3996289016660057e-08,6.311766519648265e-07,0.00015867137932537326,0.00015404778715842138,1.0000004556722946,1.0,1.0,0.0,0.0
a8b6f1321bd5,orchid_finger,Corrected,gaussian,severe,0,all,gaussian_severe,0.18681861370732458,0.12813570055849777,0.568229795643398,0.20792128784316372,0.3535671518238756,1.3662603090468095,1.2591978842462517,0.25,0.0,0.0
a8b6f1321bd5,orchid_finger,Fixed OA,gaussian,severe,0,all,gaussian_severe,0.11707541635805632,0.0879265457011446,0.32411841353881315,0.08173299850208622,0.11842360899537223,1.2836364225513477,1.1333594952562525,0.17647058823529413,0.0,0.01083118961123275
a8d03726efc2,deer_horn,Corrected,spike,fixed,1,mixed,spike_fixed_1f_mixed,0.0033297861579493,1.3660378272994933e-08,1.0942313058981412e-07,0.006810913149250764,0.013938602792494386,1.3052969605207054,1.000000221897079,0.6875,0.0,0.0
a8d03726efc2,deer_horn,Fixed OA,spike,fixed,1,mixed,spike_fixed_1f_mixed,0.0028117427589558364,0.0,1.1197031224430276e-07,0.003136201062157042,0.00418792581669466,1.1998700973897276,1.0,0.7058823529411765,0.0,0.038838897254781866
aa1f81d624a9,prayer_beads,Corrected,dropout,short,3,thumb,dropout_short_3f_thumb,0.00047811634046221864,1.3996289023815792e-08,1.485039808846176e-07,0.0009277434448614052,0.0018422804520899629,0.9999996635932626,0.9999999124230277,1.0,0.0,0.0
aa1f81d624a9,prayer_beads,Fixed OA,dropout,short,3,thumb,dropout_short_3f_thumb,0.0003781430865439463,6.998144508330029e-09,0.0003145620426927786,0.0004467763876637904,0.0006355733011585487,0.9991704970449667,0.9999998795711588,1.0,0.0,0.03562837249331712
aa482e09b8bc,deer_horn,Corrected,gaussian,mild,0,all,gaussian_mild,0.026948550323016143,0.017688670619123978,0.08712883098067249,0.036811258564652796,0.0640834365283965,1.2488758455935125,1.2466328968754299,0.1875,0.0,0.0
aa482e09b8bc,deer_horn,Fixed OA,gaussian,mild,0,all,gaussian_mild,0.014008067542009084,0.009158455683649688,0.044170380027939396,0.013892372096710008,0.020448715069673978,1.1813852614858824,1.207054706948003,0.29411764705882354,0.0,0.04239513735328215
ab3d7a2c11b4,orchid_palm,Corrected,spike,fixed,3,mixed,spike_fixed_3f_mixed,0.005207453752574389,1.3660378272994933e-08,9.797402317213155e-08,0.004919762944330833,0.008306264897194653,1.0976507010249734,1.0,0.875,0.0,0.0
ab3d7a2c11b4,orchid_palm,Fixed OA,spike,fixed,3,mixed,spike_fixed_3f_mixed,0.004267758808184409,0.0,0.0020783492273756124,0.0036365360886699183,0.00396077422083093,1.1600848448009167,1.0,0.8235294117647058,0.0,0.0
abbb4b03db8c,prayer_beads,Corrected,spike,fixed,2,mixed,spike_fixed_2f_mixed,0.005542669219995481,2.7320756545989866e-08,1.6373741218433935e-07,0.005928702872666642,0.011520065355047347,1.8282012777969843,1.0000002965108732,0.625,0.0,0.0
abbb4b03db8c,prayer_beads,Fixed OA,spike,fixed,2,mixed,spike_fixed_2f_mixed,0.004061007152613378,0.0,0.0006437215954259168,0.0037952230970427904,0.004079754625841339,2.0838786299473444,1.0,0.625,0.0,0.04150364372390304
abd14da8ffc3,three_finger_bent,Corrected,dropout,short,3,thumb,dropout_short_3f_thumb,0.0006604910019127441,2.1891631341031115e-08,1.3996289027762288e-07,0.0010381708285170646,0.002032716045092982,0.9999998829317882,1.0000000190908873,1.0,0.0,0.0
abd14da8ffc3,three_finger_bent,Fixed OA,dropout,short,3,thumb,dropout_short_3f_thumb,0.0004672269040469671,2.371593399441707e-08,0.00044346554726903964,0.0005176455410512255,0.0006792622892620189,0.9997262830575342,1.0000000574456513,1.0,0.0,0.013632684789290028
ad6b689f1d87,deer_horn,Corrected,spike,fixed,1,mixed,spike_fixed_1f_mixed,0.0008217490810655835,1.3660378272994933e-08,1.1234354639344511e-07,0.0016845713252404634,0.0034555167659698067,1.000000029289462,1.0,1.0,0.0,0.0
ad6b689f1d87,deer_horn,Fixed OA,spike,fixed,1,mixed,spike_fixed_1f_mixed,0.0006973091479345896,0.0,0.0005260042465084812,0.0008216148313220167,0.0011869511015031983,1.0000008564600882,1.0,1.0,0.0,0.0
ad75d77fe593,orchid_palm,Corrected,spike,fixed,1,mixed,spike_fixed_1f_mixed,0.0031244783990624055,1.3660378272994933e-08,1.1896845669712164e-07,0.0063977234486886254,0.013107517704018062,1.3308707644878714,1.0000001077957512,0.75,0.0,0.0
ad75d77fe593,orchid_palm,Fixed OA,spike,fixed,1,mixed,spike_fixed_1f_mixed,0.002796249190979485,2.1891631341031115e-08,0.003044340327597886,0.0032235770844483026,0.004629339825362242,1.125920319345511,1.0,0.8823529411764706,0.0,0.0
ad9e732b29b2,prayer_beads,Corrected,dropout,short,3,thumb,dropout_short_3f_thumb,0.0037142334859514518,1.3660378272994933e-08,1.2784555706232823e-07,0.00400293216118666,0.006591322103225602,1.1770486172595862,1.0000001525430604,0.8666666666666667,0.0,0.0
ad9e732b29b2,prayer_beads,Fixed OA,dropout,short,3,thumb,dropout_short_3f_thumb,0.003130167770453654,1.3996289023598951e-08,0.005196511200861295,0.00300217432118868,0.0032415747003418567,1.257650717930381,1.0,0.8666666666666667,0.0,0.041953351488386366
aeda1bd65a82,orchid_finger,Corrected,dropout,short,3,index,dropout_short_3f_index,0.0021393426087730357,1.5810622644440997e-08,1.718493060701154e-07,0.00279221030379537,0.005396099770794744,1.2039736551796318,1.0000000721350122,0.75,0.0,0.0
aeda1bd65a82,orchid_finger,Fixed OA,dropout,short,3,index,dropout_short_3f_index,0.001303234255810613,1.3660378272994933e-08,0.0021547614223342178,0.0013996545489347945,0.0020387947832719755,1.1198226073228112,1.0000136715912002,0.8235294117647058,0.0,0.04126655358598221
aedea94bab5a,prayer_beads,Corrected,gaussian,severe,0,all,gaussian_severe,0.20011694700300334,0.1584142367758566,0.5491113098273122,0.19566520303446225,0.3410520319944028,6.404546283139952,3.525229582529418,0.0625,0.0,0.0
aedea94bab5a,prayer_beads,Fixed OA,gaussian,severe,0,all,gaussian_severe,0.12386595108581354,0.10885403223289195,0.3057554685950566,0.0738493272774134,0.1086562221865364,5.31192944895187,3.501197251563457,0.058823529411764705,0.0,0.037283051848717046
af21c5f117be,orchid_finger,Corrected,spike,fixed,1,mixed,spike_fixed_1f_mixed,0.006068491033703595,1.366037827126021e-08,1.5026416098906648e-07,0.012516244455946561,0.02583997078627015,1.2305882061965592,1.0,0.8125,0.0,0.0
af21c5f117be,orchid_finger,Fixed OA,spike,fixed,1,mixed,spike_fixed_1f_mixed,0.005066658495300861,0.0,0.007816808451407198,0.0059430355243439495,0.008604462524747187,1.165926633041459,1.0,0.8823529411764706,0.0,0.020564552015066306
af36849e1bf1,flower_pinch,Corrected,dropout,short,5,thumb,dropout_short_5f_thumb,0.005961250908796883,2.7320756545989866e-08,1.994471185966934e-07,0.007661732980259576,0.012970879191227835,1.072460016827231,0.9999999726252711,0.75,0.0625,0.0
af36849e1bf1,flower_pinch,Fixed OA,dropout,short,5,thumb,dropout_short_5f_thumb,0.004523715142344326,8.747680649290324e-09,0.007911598485362277,0.005229543728098206,0.006172840230382628,1.0642568159733852,1.0,0.8235294117647058,0.058823529411764705,0.025236893721121107
af541dec2162,three_finger_bent,Corrected,dropout,short,5,middle,dropout_short_5f_middle,0.04714165363894849,2.765666728965499e-08,0.2725415425168448,0.04284231030261286,0.04857044363615398,2.237111856883874,1.0000010581666658,0.6428571428571429,0.0,0.0
af541dec2162,three_finger_bent,Fixed OA,dropout,short,5,middle,dropout_short_5f_middle,0.04051477389715339,0.00254482601903179,0.18292430825550154,0.024482089909241722,0.02277459829832571,2.2412166489609544,1.160773503057324,0.4166666666666667,0.08333333333333333,0.04239525632173886
b08d555f834e,orchid_finger,Corrected,gaussian,mild,0,all,gaussian_mild,0.021940526906730002,0.012142630719967636,0.07855641855118531,0.03234374181585359,0.05692785883342414,1.2196102655651857,1.1084191787678657,0.35714285714285715,0.0,0.0
b08d555f834e,orchid_finger,Fixed OA,gaussian,mild,0,all,gaussian_mild,0.011985319240982232,0.007097295054611902,0.04230899431246659,0.012277633896862749,0.018141870558579746,1.1599935713569198,1.084984661766913,0.5333333333333333,0.0,0.04073471559750648
b0ab67dbfd24,three_finger_bent,Corrected,spike,fixed,1,mixed,spike_fixed_1f_mixed,0.002181219383494473,2.189163136878669e-08,1.67955468310943e-07,0.004477220642408927,0.009196437011447385,1.067393457142244,0.9999999850976249,0.8125,0.0,0.0
b0ab67dbfd24,three_finger_bent,Fixed OA,spike,fixed,1,mixed,spike_fixed_1f_mixed,0.0018614534163047243,0.0,0.0026979681700052545,0.002245715483759699,0.0032582781585447835,1.0485548409405183,1.0,0.8823529411764706,0.0,0.01921214203949384
b0dc5759d572,flower_pinch,Corrected,spike,fixed,3,mixed,spike_fixed_3f_mixed,0.009764135883368897,1.3660378272994933e-08,1.67955468310943e-07,0.007096190884342728,0.013751680840150245,1.4732746617398358,1.0,0.8125,0.0,0.0
b0dc5759d572,flower_pinch,Fixed OA,spike,fixed,3,mixed,spike_fixed_3f_mixed,0.0085557249286016,4.9643087633721716e-08,0.018837894374266854,0.006205776091850579,0.007140366350027728,1.5650127936062896,1.000000168819348,0.7058823529411765,0.0,0.03183466435709236
b1043ad7a1fd,flower_pinch,Corrected,dropout,short,5,thumb,dropout_short_5f_thumb,0.00012527159603244672,2.074250047071069e-08,1.2823023061575477e-07,0.0001286133911361854,0.0002303285908834861,1.0016586079412066,1.0,1.0,0.0,0.0
b1043ad7a1fd,flower_pinch,Fixed OA,dropout,short,5,thumb,dropout_short_5f_thumb,0.00010238700504830941,1.411292471775738e-08,3.0733143609003595e-06,8.172312235312392e-05,9.098498306353725e-05,1.000396652698345,1.0,1.0,0.0,0.0
b10fec1d468f,deer_horn,Corrected,gaussian,medium,0,all,gaussian_medium,0.08232407826741003,0.057035307389398326,0.2388280241682526,0.10913292833745321,0.19417593790782414,1.4038316159145854,1.498347128133573,0.25,0.0,0.0
b10fec1d468f,deer_horn,Fixed OA,gaussian,medium,0,all,gaussian_medium,0.044925771363458024,0.0335787038937474,0.12882802178830305,0.04028423938927023,0.060697421900943245,1.292230069771248,1.3241041166662586,0.4117647058823529,0.0,0.0
b14f304bea6c,orchid_palm,Corrected,dropout,short,5,middle,dropout_short_5f_middle,0.006598198267114996,1.3660378272994933e-08,0.04079760714157412,0.008537880463149706,0.015495765131866462,1.0983580097033605,1.0,0.75,0.0,0.0
b14f304bea6c,orchid_palm,Fixed OA,dropout,short,5,middle,dropout_short_5f_middle,0.004374680861509534,4.1988867070796854e-08,0.029341810427345075,0.0046879353423035655,0.0060670677967734205,1.1021976460915683,1.000007879585627,0.6875,0.0,0.0
b16e21ec4a2f,three_finger_bent,Corrected,gaussian,medium,0,all,gaussian_medium,0.10033559701943127,0.06843905747603975,0.31015707581057544,0.12887132913970553,0.22139339951280326,1.8543158222874523,1.639244384704783,0.125,0.0,0.0
b16e21ec4a2f,three_finger_bent,Fixed OA,gaussian,medium,0,all,gaussian_medium,0.05661839440607141,0.04359444781286617,0.15119677918606148,0.04966842650684137,0.0735951022227272,1.564359515589572,1.4023622277076937,0.17647058823529413,0.058823529411764705,0.021800969967565642
b16eed4c076d,deer_horn,Corrected,dropout,short,3,thumb,dropout_short_3f_thumb,0.0013907456468943997,1.3660378272994933e-08,8.756652539188003e-08,0.0013712295714970498,0.002431655552752598,0.999603518178325,0.9999999807099882,1.0,0.0,0.0
b16eed4c076d,deer_horn,Fixed OA,dropout,short,3,thumb,dropout_short_3f_thumb,0.001060847703585895,0.0,0.0011825618714390584,0.0009849621320686093,0.001106660778405637,1.0182970311478179,1.0,0.9411764705882353,0.0,0.04021259103361335
b1d9b9fd9b47,three_finger_bent,Corrected,spike,fixed,3,mixed,spike_fixed_3f_mixed,0.013380952686446651,2.7320756535581525e-08,2.2394062437758322e-07,0.010702984826653415,0.01967093810406458,1.1628782859842497,0.9999999998975622,0.8125,0.0,0.0
b1d9b9fd9b47,three_finger_bent,Fixed OA,spike,fixed,3,mixed,spike_fixed_3f_mixed,0.010280514861068039,0.0,0.028939911715189975,0.008027164758348382,0.008563958792138044,1.1728172948893505,1.0,0.8235294117647058,0.0,0.0
b1f351513f50,orchid_palm,Corrected,gaussian,medium,0,all,gaussian_medium,0.0864874368337207,0.06211634247295672,0.2654259496405842,0.10403960958961878,0.1805313283610952,2.011340872739691,1.572255873661341,0.0625,0.0,0.0
b1f351513f50,orchid_palm,Fixed OA,gaussian,medium,0,all,gaussian_medium,0.05036741780995374,0.03709970474024127,0.14887371512317224,0.03877823083204314,0.058046213432122726,1.7084197764306426,1.4171701534475234,0.11764705882352941,0.0,0.0365020382422281
b301d3628cb7,three_finger_bent,Corrected,dropout,short,5,thumb,dropout_short_5f_thumb,0.0008072404749321705,2.7320756490478715e-08,1.4011627547105832e-07,0.0013012292484673538,0.002432074694778719,1.0582538323522135,1.0000000764990047,0.8666666666666667,0.0,0.0
b301d3628cb7,three_finger_bent,Fixed OA,dropout,short,5,thumb,dropout_short_5f_thumb,0.0005402542825972991,2.099443355274566e-08,0.0004652167638910398,0.0006388386577736933,0.0008242336595922071,1.0075605180649947,1.0,0.9375,0.0,0.04239531230689495
b31399221485,three_finger_bent,Corrected,dropout,short,5,thumb,dropout_short_5f_thumb,0.009800417182789834,2.074250046550652e-08,1.4229560374445782e-07,0.004905747593389695,0.008583176017822285,1.1252818335407448,1.000000011502728,0.875,0.0,0.0
b31399221485,three_finger_bent,Fixed OA,dropout,short,5,thumb,dropout_short_5f_thumb,0.009022213957255056,5.1928150529567674e-08,0.012983300932772288,0.004582511563882618,0.004330711214117616,1.2235155451349795,1.0000000775263784,0.8235294117647058,0.0,0.02829123786119348
b35ffddf5af4,flower_pinch,Corrected,dropout,short,3,middle,dropout_short_3f_middle,0.0003733545898412465,1.3996289020129504e-08,1.4028883376128454e-07,0.0005625131875930434,0.0011057331250171193,0.9999999748422849,1.0,1.0,0.0,0.0
b35ffddf5af4,flower_pinch,Fixed OA,dropout,short,3,middle,dropout_short_3f_middle,0.00022987029005794673,0.0,0.0006843836307969795,0.00029029213195325886,0.00039211194778447623,0.9999999556781385,1.0,1.0,0.0,0.0
b3db83d5063a,prayer_beads,Corrected,dropout,short,5,thumb,dropout_short_5f_thumb,0.0025382053397254925,2.1344340517259752e-08,1.6935509639104396e-07,0.0030067062883967293,0.0049507580590095026,1.0726105507669061,1.0000000815821806,0.8666666666666667,0.0,0.0
b3db83d5063a,prayer_beads,Fixed OA,dropout,short,5,thumb,dropout_short_5f_thumb,0.002092715677697432,6.998144508330029e-09,0.0033330103930751392,0.0017439394621942147,0.002302197622980166,1.0519952249903024,1.0,0.9230769230769231,0.0,0.041581134178084025
b4586f6ff52c,orchid_palm,Corrected,gaussian,mild,0,all,gaussian_mild,0.026121326459686064,0.014383053262566198,0.09059174677831627,0.03693586478210736,0.06412661380079801,1.0167195344129893,1.0,0.875,0.0,0.0
b4586f6ff52c,orchid_palm,Fixed OA,gaussian,mild,0,all,gaussian_mild,0.014148248899410392,0.008747402247478414,0.04693656610847968,0.014348232750540042,0.020762233393588167,1.0152938515184031,1.0039507707340283,0.9411764705882353,0.0,0.015891179937822297
b4bfdcc422a4,flower_pinch,Corrected,spike,fixed,3,mixed,spike_fixed_3f_mixed,0.004038951556110396,1.3660378269525486e-08,1.1197031213328046e-07,0.0036005013267461053,0.007079930669670665,1.2250511409187093,0.9999998736244129,0.875,0.0,0.0
b4bfdcc422a4,flower_pinch,Fixed OA,spike,fixed,3,mixed,spike_fixed_3f_mixed,0.004269166953382911,0.0,0.006398952337779096,0.003405064751549908,0.004390169244410911,1.2717787122570896,1.0,0.8235294117647058,0.0,0.036650752419503496
b4f57c1e7812,prayer_beads,Corrected,gaussian,severe,0,all,gaussian_severe,0.18690573058926044,0.1411777681265589,0.5267468062333294,0.21420829900615354,0.37421566354795893,1.187496249097761,1.1923895767935906,0.3125,0.0,0.0
b4f57c1e7812,prayer_beads,Fixed OA,gaussian,severe,0,all,gaussian_severe,0.10811176494158647,0.0872868938301058,0.2904816228025301,0.08014868762913695,0.11857962676292229,1.1946158013829773,1.107175814806815,0.47058823529411764,0.0,0.0
b556f11f43b2,three_finger_bent,Corrected,spike,fixed,1,mixed,spike_fixed_1f_mixed,0.0015335200902324192,2.1891631341031115e-08,1.3996289022211172e-07,0.003135176664693803,0.006412845359466319,1.382717206950455,1.0000000130357178,0.875,0.0,0.0
b556f11f43b2,three_finger_bent,Fixed OA,spike,fixed,1,mixed,spike_fixed_1f_mixed,0.0014804271478070486,0.0,0.000729800533228469,0.0019318125912026827,0.002922136690460346,1.193026301638368,1.0,0.8823529411764706,0.0,0.0
b58ff0b08ce6,deer_horn,Corrected,spike,fixed,2,mixed,spike_fixed_2f_mixed,0.004910649292537961,1.3660378272994933e-08,1.1383648299834182e-07,0.007147897407662688,0.014013499157043027,1.1504925992631212,1.0000001068155664,0.75,0.0,0.0
b58ff0b08ce6,deer_horn,Fixed OA,spike,fixed,2,mixed,spike_fixed_2f_mixed,0.0034135297474607506,0.0,0.0036807910912657824,0.0036855293635189726,0.005053081604609301,1.2390836388126576,1.0000003171099505,0.7058823529411765,0.0,0.03764842854427044
b5c72eee6031,orchid_palm,Corrected,dropout,short,3,index,dropout_short_3f_index,0.0011772309049894215,1.3660378266056039e-08,9.797402314992709e-08,0.0012780261111153002,0.0019585834088032086,1.2496409218455957,1.000000113764993,0.75,0.0,0.0
b5c72eee6031,orchid_palm,Fixed OA,dropout,short,3,index,dropout_short_3f_index,0.0009714042153934187,2.099443353192898e-08,6.523478111408768e-05,0.0009018130472433985,0.0008990554558704642,1.2162478160167292,1.000000095016166,0.7647058823529411,0.0,0.0
b61cb14c9598,orchid_finger,Corrected,dropout,short,3,middle,dropout_short_3f_middle,0.0017920600252813645,1.3996289020129504e-08,1.4017379494912772e-07,0.0016955416464217196,0.0026523225641968346,1.025848651023525,1.0,0.9375,0.0,0.0
b61cb14c9598,orchid_finger,Fixed OA,dropout,short,3,middle,dropout_short_3f_middle,0.0014282157756822281,0.0,0.00019040241375193847,0.0012292719683872045,0.0012090653345065807,1.0401971427796937,1.0,0.8823529411764706,0.0,0.02768223133318432
b6f557d08f31,flower_pinch,Corrected,dropout,short,5,thumb,dropout_short_5f_thumb,0.0021527012642047704,2.3284735362061326e-08,1.6907517076947258e-07,0.001770694484226263,0.002418018745777132,0.9893220345700023,1.0,0.875,0.0625,0.0
b6f557d08f31,flower_pinch,Fixed OA,dropout,short,5,thumb,dropout_short_5f_thumb,0.0018365254147620575,1.6221699206120377e-08,0.00536523766214461,0.0011959090883268447,0.0013021654070353352,1.01548773592813,1.0000001803900014,0.8823529411764706,0.058823529411764705,0.03464613392405138
b7495fa948df,orchid_palm,Corrected,spike,fixed,2,mixed,spike_fixed_2f_mixed,0.0009510137724231981,1.3660378269525486e-08,1.2596660121239056e-07,0.0009580133491602948,0.0019138595954358779,1.1863456342595204,1.0,0.8125,0.0,0.0
b7495fa948df,orchid_palm,Fixed OA,spike,fixed,2,mixed,spike_fixed_2f_mixed,0.0007796029862543139,1.3660378272994933e-08,1.79139539424608e-07,0.0007621815364456109,0.0009089729976048642,1.1958968917036845,1.0,0.8235294117647058,0.0,0.0
b76d223875b9,orchid_palm,Corrected,dropout,short,3,index,dropout_short_3f_index,0.001225511320264413,1.3660378272994933e-08,1.0894151598050956e-07,0.0015337552417260367,0.0030075364306149824,0.9993510477385954,1.0,1.0,0.0,0.0
b76d223875b9,orchid_palm,Fixed OA,dropout,short,3,index,dropout_short_3f_index,0.0008037092625707533,0.0,0.0008401096111818911,0.0007572726963057397,0.0009146073304313609,1.0028764764001294,1.0,1.0,0.0,0.03468566644239946
b7755c98f813,deer_horn,Corrected,dropout,short,3,thumb,dropout_short_3f_thumb,0.004458386333691551,1.3996289044415633e-08,1.1451950268498424e-07,0.00349349701143341,0.00608317690507445,0.9972958274245786,1.0000000133215872,1.0,0.0,0.0
b7755c98f813,deer_horn,Fixed OA,dropout,short,3,thumb,dropout_short_3f_thumb,0.0038977048281713294,0.0,0.0036189546004073234,0.0028594043546528564,0.0033418200395754195,1.006840852885226,1.0,0.9411764705882353,0.0,0.0
b795f1462f25,orchid_palm,Corrected,gaussian,medium,0,all,gaussian_medium,0.08886390194678934,0.058061272027419106,0.2835548371462877,0.10821829668112572,0.1881953876807006,1.5994772156194976,1.2493918119904013,0.3125,0.0,0.0
b795f1462f25,orchid_palm,Fixed OA,gaussian,medium,0,all,gaussian_medium,0.052473699155694456,0.03812743747569375,0.1527061520408479,0.04073474738717695,0.05986377923802503,1.3798383407539474,1.1912304030313032,0.4117647058823529,0.0,0.015475842190760349
b7ac182a9b13,deer_horn,Corrected,gaussian,mild,0,all,gaussian_mild,0.027289614145160755,0.017151892751859285,0.08672255373210347,0.03969162937882785,0.06800114624995934,1.0525234506790093,1.0347246174103328,0.75,0.0,0.0
b7ac182a9b13,deer_horn,Fixed OA,gaussian,mild,0,all,gaussian_mild,0.014770902058537547,0.00975505541571503,0.04454213379864463,0.014643479106118991,0.02230101189850067,1.0269760891085298,1.0260681336306734,0.8235294117647058,0.0,0.0
b805d106eb4c,orchid_finger,Corrected,gaussian,severe,0,all,gaussian_severe,0.15282586550156155,0.09992548092898498,0.49090981056265526,0.18110200503361926,0.3122438420189362,1.5366951777937385,1.3796777401468936,0.1875,0.0,0.0
b805d106eb4c,orchid_finger,Fixed OA,gaussian,severe,0,all,gaussian_severe,0.09216463568434996,0.06361844261715635,0.272823536042573,0.07073902194016445,0.10369924513394489,1.4107621452100403,1.1853343913434602,0.23529411764705882,0.058823529411764705,0.024643508372554357
b84c025efb8c,flower_pinch,Corrected,spike,fixed,3,mixed,spike_fixed_3f_mixed,0.011287863420135975,1.3996289023598951e-08,1.5446813526609478e-07,0.008027153375633604,0.0158501421037142,1.093361550176339,1.0,0.9375,0.0,0.0
b84c025efb8c,flower_pinch,Fixed OA,spike,fixed,3,mixed,spike_fixed_3f_mixed,0.008509281855766217,0.0,0.0018056277528069374,0.005952133481306825,0.006155364731301583,1.1311332226976696,1.0,0.8823529411764706,0.0,0.015090182743759376
b8fc1565ebd4,prayer_beads,Corrected,gaussian,mild,0,all,gaussian_mild,0.030632246795610784,0.01927485707133457,0.0989369901615511,0.04496050176956286,0.08002436529435768,2.339794158469731,1.6412765370272837,0.13333333333333333,0.0,0.0
b8fc1565ebd4,prayer_beads,Fixed OA,gaussian,mild,0,all,gaussian_mild,0.01668232169260045,0.011866329825278486,0.04797831484990984,0.01577894228206179,0.02457936040496566,1.5619734922329722,1.278923961862819,0.15384615384615385,0.0,0.03926579106815619
ba5410675a72,prayer_beads,Corrected,dropout,short,3,middle,dropout_short_3f_middle,0.004210243465462082,2.0994433535398427e-08,1.6795546824710516e-07,0.005760800223611474,0.008989125056279529,1.625689433539769,1.0000000963054245,0.6875,0.0,0.0
ba5410675a72,prayer_beads,Fixed OA,dropout,short,3,middle,dropout_short_3f_middle,0.0033388359492005936,3.415094568248733e-08,0.006513589868407012,0.0034468486870296855,0.003868975603393453,1.4674457729119634,1.0000006270126671,0.7058823529411765,0.0,0.0387410561963601
bacc659b8a8f,prayer_beads,Corrected,gaussian,severe,0,all,gaussian_severe,0.2179567505655652,0.15998074023267586,0.560911314192381,0.22967287486503873,0.41136081260304797,7.372196829565151,3.4904788902440105,0.0,0.0,0.0
bacc659b8a8f,prayer_beads,Fixed OA,gaussian,severe,0,all,gaussian_severe,0.1362467812677335,0.10995430820849328,0.33079546369075696,0.08402019594854701,0.12469530318930117,3.460038607818441,2.696905497429956,0.0,0.0,0.003249307209267638
bbe485c6a5d7,orchid_palm,Corrected,dropout,short,5,middle,dropout_short_5f_middle,0.02103450821153635,1.3660378272994933e-08,0.08608760980025697,0.016620261409346353,0.027227522292091477,1.2312854280384533,1.0000001970387107,0.75,0.0,0.0
bbe485c6a5d7,orchid_palm,Fixed OA,dropout,short,5,middle,dropout_short_5f_middle,0.017141377808308864,3.6818015673734106e-07,0.11022322264590644,0.012435232742831013,0.012759609724069565,1.2792840478650476,1.0000713858765808,0.7647058823529411,0.0,0.012418592685095275
bc6a0b9f695e,deer_horn,Corrected,dropout,short,3,index,dropout_short_3f_index,0.052454048270065265,1.5523156982055752e-08,0.3816072314530882,0.02428276830546717,0.048675527470862456,1.5635741447404874,1.000000072033379,0.8,0.0,0.0
bc6a0b9f695e,deer_horn,Fixed OA,dropout,short,3,index,dropout_short_3f_index,0.03318369864714454,6.298330060769148e-07,0.2591723026541499,0.01771797418276409,0.01991651781544583,1.7669175603130975,1.01172068746518,0.6875,0.0,0.0011044751594562218
bc8e537307f0,deer_horn,Corrected,dropout,short,3,thumb,dropout_short_3f_thumb,0.001420859253991226,1.3660378272994933e-08,1.1197031218601605e-07,0.0023649878631856838,0.0041177783161495,1.000000002002764,1.000000014330706,1.0,0.0,0.0
bc8e537307f0,deer_horn,Fixed OA,dropout,short,3,thumb,dropout_short_3f_thumb,0.0011239032896691384,2.7320756545989866e-08,0.001023199289579771,0.0012696301696604817,0.0017218976704322325,0.9978229774978729,1.0,1.0,0.0,0.0
bd20f5ba0da3,orchid_palm,Corrected,dropout,short,5,thumb,dropout_short_5f_thumb,0.0017949677374642066,1.3660378272994933e-08,2.2199669377775955e-07,0.001771253056652169,0.0029199816630052504,1.0195184279798317,0.999999923094065,0.9375,0.0,0.0
bd20f5ba0da3,orchid_palm,Fixed OA,dropout,short,5,thumb,dropout_short_5f_thumb,0.001374218022083012,1.0928302616314278e-07,0.004583674665253709,0.001047574232693919,0.0012137622402759232,1.0054209031253833,1.0000049743529609,1.0,0.0,0.04128183753359634
bd273b573d29,prayer_beads,Corrected,dropout,short,3,thumb,dropout_short_3f_thumb,0.00035961476658263446,1.366037827126021e-08,9.960692259891601e-08,0.0006023968685391981,0.0010753132916531214,0.9986468519556584,0.9999998759687292,1.0,0.0,0.0
bd273b573d29,prayer_beads,Fixed OA,dropout,short,3,thumb,dropout_short_3f_thumb,0.00027056509533988693,2.799257805066735e-08,0.00010008488287588096,0.0003159606311444206,0.0004200407640597386,0.9989611074495338,1.0000000591511355,1.0,0.0,0.0
bdbca1c9b840,flower_pinch,Corrected,gaussian,mild,0,all,gaussian_mild,0.028236241938138302,0.020030495114525336,0.08600307807611514,0.040108989517618064,0.07017362771713886,1.180587419694788,1.0978850968821443,0.5,0.0,0.0
bdbca1c9b840,flower_pinch,Fixed OA,gaussian,mild,0,all,gaussian_mild,0.014687242496067851,0.010561099668963514,0.040484756571642605,0.015807549193672304,0.022879007326883534,1.105391574855064,1.0472639702203568,0.5882352941176471,0.0,0.037238526577063356
be4837217a68,orchid_palm,Corrected,dropout,short,5,middle,dropout_short_5f_middle,0.009028930202304657,2.099443353192898e-08,3.471079677797022e-07,0.008852130379787269,0.012519972819083696,1.0662980193891483,1.000000092811551,0.8125,0.0,0.0
be4837217a68,orchid_palm,Fixed OA,dropout,short,5,middle,dropout_short_5f_middle,0.007865451066496998,2.0644526309288036e-07,0.05354021343328655,0.006719197737707125,0.007075816592143172,1.0682748638444077,1.0000013492326914,0.8235294117647058,0.0,0.03938700592924792
be4b7f82fc84,prayer_beads,Corrected,dropout,short,5,index,dropout_short_5f_index,0.005420356151716561,2.7320756545989866e-08,1.8914429427210888e-07,0.0031134299530480173,0.0047322707668316435,1.588844959076905,1.0000003492490124,0.8125,0.0,0.0
be4b7f82fc84,prayer_beads,Fixed OA,dropout,short,5,index,dropout_short_5f_index,0.004364831456579097,0.0,0.010201144132879383,0.002574531120332761,0.0024009922343620287,1.4808038375503625,1.0,0.7333333333333333,0.0,0.04126877899593702
be8d1d3c90c6,prayer_beads,Corrected,gaussian,severe,0,all,gaussian_severe,0.2096061848466508,0.1587409416370158,0.5585018845792654,0.21923668143140948,0.37950583959092515,2.3686659348617347,1.6636557871469413,0.0,0.0625,0.0
be8d1d3c90c6,prayer_beads,Fixed OA,gaussian,severe,0,all,gaussian_severe,0.12762599612840586,0.10763219165128222,0.31562132008222377,0.08246984970983923,0.12130143817697445,1.9313185795656338,1.4381903787254284,0.17647058823529413,0.058823529411764705,0.03662880169181053
bec0e0714be5,three_finger_bent,Corrected,dropout,short,3,middle,dropout_short_3f_middle,0.006008039127305069,2.04905674094924e-08,1.67955468310943e-07,0.011651850561861412,0.021573573160109466,1.1676573890189883,1.000000243474565,0.8125,0.0,0.0
bec0e0714be5,three_finger_bent,Fixed OA,dropout,short,3,middle,dropout_short_3f_middle,0.004504122096340667,0.0,0.012296743599930627,0.005462484073091408,0.007813286917921825,1.1243504003866054,1.0,0.7647058823529411,0.0,0.03203991993562827
bf60b395dae0,orchid_finger,Corrected,dropout,short,3,thumb,dropout_short_3f_thumb,0.0014684110186433527,1.3660378266056039e-08,1.2648498110001682e-07,0.0017134647207109547,0.002748208313000064,1.0073008833864812,0.9999999874135526,0.9375,0.0,0.0
bf60b395dae0,orchid_finger,Fixed OA,dropout,short,3,thumb,dropout_short_3f_thumb,0.0011900770712484697,2.7992578033320115e-08,0.0008066378127826896,0.0011096306725350287,0.00128920752128741,0.9996536959194106,0.9999998581327317,1.0,0.0,0.013467628193060893
c17a0b2ed916,orchid_finger,Corrected,spike,fixed,3,mixed,spike_fixed_3f_mixed,0.006450304238898713,6.8301891364974665e-09,1.5810622638889882e-07,0.0050254322456805695,0.008356012380019148,1.7584143889411592,1.0000000276475942,0.7857142857142857,0.0,0.0
c17a0b2ed916,orchid_finger,Fixed OA,spike,fixed,3,mixed,spike_fixed_3f_mixed,0.006190608335349805,4.1988867070796854e-08,0.004634733693999218,0.00462704382562114,0.005006032849297979,1.930130896081468,1.0,0.7333333333333333,0.0,0.04029402144315456
c19dce71c849,orchid_palm,Corrected,spike,fixed,3,mixed,spike_fixed_3f_mixed,0.0024970178698258405,1.3660378269525486e-08,1.1642367703235124e-07,0.0018356841235602408,0.0035527476140842953,1.1038739370840223,1.0000000115612322,0.875,0.0,0.0
c19dce71c849,orchid_palm,Fixed OA,spike,fixed,3,mixed,spike_fixed_3f_mixed,0.002061586451513202,6.9981445152689226e-09,8.025472234153563e-05,0.001458248221629288,0.0017173282238767303,1.1975277657379064,1.0000000590338523,0.8235294117647058,0.0,0.0019100735630954808
c23fbde4e68a,deer_horn,Corrected,dropout,short,5,index,dropout_short_5f_index,0.01873597374422159,1.5172807815710954e-08,1.422956037597234e-07,0.01829595477062665,0.033145576228015554,1.5770564482366325,1.0000000892582515,0.75,0.0,0.0
c23fbde4e68a,deer_horn,Fixed OA,dropout,short,5,index,dropout_short_5f_index,0.012504243153272632,6.914166823801526e-08,0.02862264669873601,0.011840073950934615,0.014048200172320667,1.7918628617033296,1.0,0.7647058823529411,0.0,0.0
c2467c682e7e,flower_pinch,Corrected,gaussian,medium,0,all,gaussian_medium,0.08273680856962426,0.05624724114683333,0.2508056326463937,0.10381849943664112,0.17972718525137557,2.3046553769103877,2.166626667506849,0.0,0.0,0.0
c2467c682e7e,flower_pinch,Fixed OA,gaussian,medium,0,all,gaussian_medium,0.04799428966687259,0.035970124095289005,0.13608070947364984,0.03989191482196382,0.058022993098504574,1.7417498302288015,1.551273033929853,0.17647058823529413,0.0,0.040676106137218775
c2a6c80f6451,deer_horn,Corrected,dropout,short,3,thumb,dropout_short_3f_thumb,0.0029155384389414735,1.3996289016660057e-08,1.1309001469173024e-07,0.003547980381085937,0.006074422146171119,1.0237633526137446,0.9999999598625018,0.9375,0.0,0.0
c2a6c80f6451,deer_horn,Fixed OA,dropout,short,3,thumb,dropout_short_3f_thumb,0.002543898848823255,5.598515617766253e-08,0.005137349181459629,0.002418155700647521,0.0030450797230837296,1.0062974290443871,1.000000038873807,0.9411764705882353,0.0,0.0
c2c1c6ba4cb1,flower_pinch,Corrected,gaussian,medium,0,all,gaussian_medium,0.09232175501010675,0.062028879662846176,0.2851767563348253,0.11895355578666068,0.20107486754112838,1.7839747615498631,1.6314594357242684,0.0,0.0,0.0
c2c1c6ba4cb1,flower_pinch,Fixed OA,gaussian,medium,0,all,gaussian_medium,0.05399267570299479,0.03864722844926771,0.15341775564306734,0.04721338290798332,0.06586151424988673,1.4066438734100277,1.3299314566077185,0.058823529411764705,0.0,0.03084610104353904
c445d8e9ffda,prayer_beads,Corrected,dropout,short,3,thumb,dropout_short_3f_thumb,0.03512961648108359,3.10463138530892e-08,0.3549139675469114,0.04119014097223092,0.04868887406977222,0.9398047362848494,0.9999999645173552,0.8125,0.125,0.0
c445d8e9ffda,prayer_beads,Fixed OA,dropout,short,3,thumb,dropout_short_3f_thumb,0.0308471093197419,7.43056276045484e-05,0.25012629098450806,0.027237440516863474,0.028421323203194487,0.975218915417765,1.0000002186110541,0.8235294117647058,0.11764705882352941,0.021620075783680533
c44d56eae143,prayer_beads,Corrected,gaussian,mild,0,all,gaussian_mild,0.030505420920364554,0.021108180428735066,0.0933748525270254,0.04036791809689559,0.06846949205108711,1.2492754738025609,1.1281379815403816,0.5,0.0,0.0
c44d56eae143,prayer_beads,Fixed OA,gaussian,mild,0,all,gaussian_mild,0.016758238646178838,0.011317175364123959,0.05075151817733661,0.015487146881917503,0.0226477557591819,1.2173894586193397,1.1009835116668885,0.47058823529411764,0.0,0.03461308168752137
c450d239553d,three_finger_bent,Corrected,gaussian,mild,0,all,gaussian_mild,0.030318287907132275,0.02133496162797855,0.09067650877575999,0.04182455500515993,0.07213475002600568,1.096517118266169,1.0428277913634718,0.6875,0.0,0.0
c450d239553d,three_finger_bent,Fixed OA,gaussian,mild,0,all,gaussian_mild,0.016519425385965333,0.012437742510306354,0.04717010746770598,0.016867054358473937,0.024532819085248524,1.0421488491423234,1.0104133879806922,0.7647058823529411,0.0,0.0
c4fda800833e,deer_horn,Corrected,dropout,short,5,middle,dropout_short_5f_middle,0.015881412779484228,2.074250046030235e-08,0.00235895974541293,0.013328202932473042,0.021715089804263347,1.0719179988126748,1.0000000315159943,0.875,0.0,0.0
c4fda800833e,deer_horn,Fixed OA,dropout,short,5,middle,dropout_short_5f_middle,0.012170681110946742,3.3700264938374414e-07,0.03909343435144999,0.009495191528269222,0.011309060538933687,1.1891593557797486,1.0,0.8235294117647058,0.0,0.02051718807275439
c54b91205ad3,three_finger_bent,Corrected,spike,fixed,3,mixed,spike_fixed_3f_mixed,0.009347144969036018,2.04905674094924e-08,1.7327405747447076e-07,0.006831289676137594,0.013617523282446375,1.294330956675749,1.0,0.8125,0.0,0.0
c54b91205ad3,three_finger_bent,Fixed OA,spike,fixed,3,mixed,spike_fixed_3f_mixed,0.007970986795567174,3.5573900936114455e-08,0.01740914253148756,0.005819968141960616,0.006579944916682852,1.450369038409446,1.0,0.7647058823529411,0.0,0.0370367490763499
c55847179934,prayer_beads,Corrected,dropout,short,5,middle,dropout_short_5f_middle,0.006961362347097159,1.366037827126021e-08,0.006212910177232475,0.004877788218300703,0.0073849982103188685,1.4232996744754352,1.0,0.6153846153846154,0.0,0.0
c55847179934,prayer_beads,Fixed OA,dropout,short,5,middle,dropout_short_5f_middle,0.00607303881528004,2.4588680887227543e-07,0.035906344818432336,0.0041484240075804766,0.0041135826362197645,1.5081596654660125,1.000137605265594,0.6153846153846154,0.0,0.04181413040146536
c5b9fc9e3bb0,prayer_beads,Corrected,dropout,short,3,index,dropout_short_3f_index,0.0004666089718396817,1.3660378266056039e-08,1.027690471611109e-07,0.000694181414662001,0.0012466613462900292,1.0569051687945124,1.0,0.8666666666666667,0.0,0.0
c5b9fc9e3bb0,prayer_beads,Fixed OA,dropout,short,3,index,dropout_short_3f_index,0.00033653101134254403,0.0,0.00011094959231625762,0.00034092815303946765,0.0003697746562151016,1.040338390681388,1.0,0.8666666666666667,0.0,0.04137456736728242
c62c446c0ccf,orchid_finger,Corrected,dropout,short,5,thumb,dropout_short_5f_thumb,0.003531490595201352,1.5810622644440997e-08,3.1141743078721973e-07,0.0047904044924167895,0.007431312549655282,1.2258342309866666,1.0000001943545995,0.8125,0.0,0.0
c62c446c0ccf,orchid_finger,Fixed OA,dropout,short,5,thumb,dropout_short_5f_thumb,0.00283392944887005,1.4274393620589132e-07,0.005872093247932666,0.0030448431619568652,0.0035757995940369726,1.1544823871310201,1.000000021903033,0.8235294117647058,0.0,0.03539795158711619
c6ede3201cb2,deer_horn,Corrected,spike,fixed,2,mixed,spike_fixed_2f_mixed,0.0040220264946001635,1.3660378272994933e-08,1.0497216768046158e-07,0.00476859590881221,0.008478877798407818,1.1328023325698027,1.0,0.875,0.0,0.0
c6ede3201cb2,deer_horn,Fixed OA,spike,fixed,2,mixed,spike_fixed_2f_mixed,0.0035993006301109254,3.244339838448518e-08,0.004716582183942372,0.0035356728701140877,0.0046783595464229746,1.1524837046684377,1.0000012754142227,0.8823529411764706,0.0,0.035143736989574584
c70aba6435d2,orchid_finger,Corrected,gaussian,mild,0,all,gaussian_mild,0.034545686722122784,0.01756552316779947,0.12231371503943246,0.05170440166558305,0.09194394213797337,1.5941381711576637,1.4932875986473328,0.07692307692307693,0.0,0.0
c70aba6435d2,orchid_finger,Fixed OA,gaussian,mild,0,all,gaussian_mild,0.019177334798482392,0.011579779716838115,0.06438122988396235,0.01945385156148805,0.029365549917506888,1.3822177740836459,1.2904480573897383,0.2857142857142857,0.0,0.04010882954493446
c719c5fab19e,orchid_finger,Corrected,dropout,short,3,middle,dropout_short_3f_middle,0.00521048374828559,1.3660378272994933e-08,1.2823023061575552e-07,0.004760310886928246,0.007851428679674647,1.2005011025791665,1.0000003461667262,0.6923076923076923,0.0,0.0
c719c5fab19e,orchid_finger,Fixed OA,dropout,short,3,middle,dropout_short_3f_middle,0.004462470476349058,3.10463138530892e-08,0.00668911693595856,0.003879744433083012,0.004194439577084723,1.2013496032336557,1.0000082621457882,0.7142857142857143,0.0,0.029186104596227357
c7c202c809f7,three_finger_bent,Corrected,dropout,short,3,middle,dropout_short_3f_middle,0.0021415768726238123,2.7320756525173184e-08,1.1197031218892171e-07,0.0021369914685743893,0.004163943427560722,1.0236990548981795,1.0,0.9375,0.0,0.0
c7c202c809f7,three_finger_bent,Fixed OA,dropout,short,3,middle,dropout_short_3f_middle,0.0016482681614320223,0.0,0.0010607418821730191,0.0013712604398842798,0.0016394689053574293,1.0236827970685944,1.0,0.8823529411764706,0.0,0.036984913819949776
c95334b741f6,orchid_finger,Corrected,gaussian,severe,0,all,gaussian_severe,0.17532710606130023,0.12400235696166687,0.5396629222291508,0.2114567075887726,0.3787370652724529,3.049676293880526,2.20271022481019,0.125,0.0,0.0
c95334b741f6,orchid_finger,Fixed OA,gaussian,severe,0,all,gaussian_severe,0.1042881713931237,0.0792825854086673,0.3056633626140015,0.08082879757275281,0.11788785649245477,2.712777567793015,1.9218569146318416,0.058823529411764705,0.058823529411764705,0.039012872629497534
c9a5b4833267,three_finger_bent,Corrected,dropout,short,5,index,dropout_short_5f_index,0.014144806509926259,2.1891631341031115e-08,2.2394062437758322e-07,0.008855250164346837,0.015143263595288194,1.3058822712137133,1.0,0.8125,0.0,0.0
c9a5b4833267,three_finger_bent,Fixed OA,dropout,short,5,index,dropout_short_5f_index,0.010560376265563108,1.3660378266056039e-08,0.024077431378711295,0.006441490913980982,0.00708605817209221,1.3639252540867606,1.0000020929095432,0.7647058823529411,0.0,0.031228548062766637
c9c8314e6ee1,orchid_palm,Corrected,dropout,short,5,middle,dropout_short_5f_middle,0.0034159834702724126,1.3660378272994933e-08,0.02809017138023053,0.0040450391131970605,0.007080843741961813,1.0000000272407261,1.0,1.0,0.0,0.0
c9c8314e6ee1,orchid_palm,Fixed OA,dropout,short,5,middle,dropout_short_5f_middle,0.0025569933594895926,0.0,0.02379780136216737,0.0016158059099099936,0.0022500558452647353,0.9968950748029135,1.0,1.0,0.0,0.02890253278245806
ca086ba3b9cd,prayer_beads,Corrected,dropout,short,5,index,dropout_short_5f_index,0.008513775480009325,7.905311349976074e-09,1.3992471854795682e-07,0.005813637342284001,0.009322396102302346,2.0410263951697245,1.0000001225771247,0.75,0.0,0.0
ca086ba3b9cd,prayer_beads,Fixed OA,dropout,short,5,index,dropout_short_5f_index,0.006041187096176322,0.0,0.007432117386094506,0.004266040299170734,0.004620068634122945,2.0430076277142803,1.0006954375863621,0.7142857142857143,0.0,0.0394922790171414
cbef0ec6aba2,flower_pinch,Corrected,spike,fixed,1,mixed,spike_fixed_1f_mixed,0.00397255559844001,1.3660378272994933e-08,1.3134978807394226e-07,0.008107239373690634,0.016552268835621456,1.4774552603468554,1.0000003420204493,0.6875,0.0,0.0
cbef0ec6aba2,flower_pinch,Fixed OA,spike,fixed,1,mixed,spike_fixed_1f_mixed,0.0031103570302332753,0.0,7.885159328875597e-07,0.0034243500355346096,0.004612610615141498,1.2684473450028502,1.0,0.7058823529411765,0.0,0.023877515115642237
cbef34d0c133,orchid_palm,Corrected,dropout,short,5,index,dropout_short_5f_index,0.04223636103626927,1.3660378272994933e-08,0.3440656195118644,0.016531490006551013,0.018292482559976175,1.6606992265461018,1.0,0.7142857142857143,0.0,0.0
cbef34d0c133,orchid_palm,Fixed OA,dropout,short,5,index,dropout_short_5f_index,0.02967518383141006,1.1127049774004028e-06,0.19937410438559372,0.012902794275087202,0.012264442817044134,1.4592283449978554,1.04988798435718,0.5454545454545454,0.09090909090909091,0.04157420013533337
cbfc925af7a9,prayer_beads,Corrected,spike,fixed,1,mixed,spike_fixed_1f_mixed,0.0005967831164432148,2.1891631396542266e-08,1.313497880461867e-07,0.0012021338088850973,0.0024216754257245115,1.027973400013627,1.0,0.9375,0.0,0.0
cbfc925af7a9,prayer_beads,Fixed OA,spike,fixed,1,mixed,spike_fixed_1f_mixed,0.0004933344764709439,0.0,5.9208149939937795e-06,0.0005794370134093806,0.000825855946683491,1.0111519226980668,1.0,0.9411764705882353,0.0,0.023646688317059614
cc53d590d185,orchid_finger,Corrected,gaussian,mild,0,all,gaussian_mild,0.03170012908649063,0.01897725337104121,0.10799520741839083,0.04585852696472569,0.08095690304632949,1.51399352160191,1.3253353479141647,0.13333333333333333,0.0,0.0
cc53d590d185,orchid_finger,Fixed OA,gaussian,mild,0,all,gaussian_mild,0.017935849554414657,0.011197323276198573,0.056064661699320166,0.017502666354560412,0.025785161791624708,1.3304060351542546,1.1454922186544403,0.375,0.0,0.04090686995250079
cc78a42c6dc0,three_finger_bent,Corrected,dropout,short,5,thumb,dropout_short_5f_thumb,0.010879408338391117,2.7320756545989866e-08,1.959480463442631e-07,0.0076715879348629975,0.013607944394802849,1.2056937377338033,0.9999999888371207,0.8125,0.0,0.0
cc78a42c6dc0,three_finger_bent,Fixed OA,dropout,short,5,thumb,dropout_short_5f_thumb,0.00834915970012916,0.0,0.006896392951519438,0.00479179766306971,0.0056893863101113145,1.229406931934659,1.0000003976920302,0.8235294117647058,0.0,0.0
cd47e798e2ae,three_finger_bent,Corrected,dropout,short,3,thumb,dropout_short_3f_thumb,0.0008140383637017375,1.707547281348809e-08,1.6974388252766178e-07,0.0010934403970130923,0.0020429602633895865,1.0165645965725836,0.9999998485340433,0.9375,0.0,0.0
cd47e798e2ae,three_finger_bent,Fixed OA,dropout,short,3,thumb,dropout_short_3f_thumb,0.0005991838207201394,5.598515606664023e-08,0.0010245604313940955,0.0006193144110446014,0.0007586535068431036,1.0241816327824598,0.9999999383047813,0.9411764705882353,0.0,0.04173004069700959
cdb90f5b9fec,deer_horn,Corrected,dropout,short,5,middle,dropout_short_5f_middle,0.012525863336185192,1.3660378272994933e-08,2.0102818046874132e-07,0.007994629315336605,0.014795215373974964,1.2436427282860718,1.0000000166827505,0.75,0.0,0.0
cdb90f5b9fec,deer_horn,Fixed OA,dropout,short,5,middle,dropout_short_5f_middle,0.009804550362124324,1.049721677637283e-08,0.03115212325613808,0.006249829281812786,0.0076174448029970076,1.2880229722556678,1.0,0.6470588235294118,0.0,0.024892623737411107
cdb921f24eb1,orchid_palm,Corrected,dropout,short,5,middle,dropout_short_5f_middle,0.013000450328157798,2.7320756545989866e-08,0.0451854987161635,0.01100888197957066,0.01682848034211148,1.0133915633036974,1.0,0.875,0.0,0.0
cdb921f24eb1,orchid_palm,Fixed OA,dropout,short,5,middle,dropout_short_5f_middle,0.009684844256637522,3.639035146274505e-07,0.06182155645295677,0.007151496388912157,0.007283950765932968,0.9948189976608441,1.0000001187547236,1.0,0.0,0.0
cdc106a2c6e5,deer_horn,Corrected,spike,fixed,2,mixed,spike_fixed_2f_mixed,0.007497530819994989,1.3660378272994933e-08,1.1197031219174063e-07,0.009020720073067782,0.015994745517837586,1.418808421169365,1.0,0.75,0.0,0.0
cdc106a2c6e5,deer_horn,Fixed OA,spike,fixed,2,mixed,spike_fixed_2f_mixed,0.006255026206573123,4.5706631347786075e-08,0.008109766001209323,0.006269206110567494,0.0074068711441464,1.500526320883932,1.0000001607150921,0.7647058823529411,0.0,0.0026624760268899083
cdce0ff32f24,flower_pinch,Corrected,spike,fixed,3,mixed,spike_fixed_3f_mixed,0.011008750244784225,2.0994433538867874e-08,1.328032499650633e-07,0.008386201253963636,0.015443218073610482,1.0739160476896334,0.9999999671303017,0.8125,0.0,0.0
cdce0ff32f24,flower_pinch,Fixed OA,spike,fixed,3,mixed,spike_fixed_3f_mixed,0.007938723360263822,0.0,0.008902594288771314,0.005674815229142197,0.005827126720058524,1.0642303553737662,1.0,0.8235294117647058,0.0,0.03226273915622122
cddcaa7ad5fd,deer_horn,Corrected,spike,fixed,1,mixed,spike_fixed_1f_mixed,0.0010606605680846333,1.3996289016660057e-08,1.0633362399481419e-07,0.002177127711297833,0.004471924113053714,1.0485869757478679,1.0,0.9375,0.0,0.0
cddcaa7ad5fd,deer_horn,Fixed OA,spike,fixed,1,mixed,spike_fixed_1f_mixed,0.0014678342422307909,0.0,0.0013911952320432267,0.0016460457226430782,0.0023636878602100245,1.0200017744921237,1.0,0.9411764705882353,0.0,0.01576057024240593
ce5ef86c7330,flower_pinch,Corrected,gaussian,severe,0,all,gaussian_severe,0.15683431480509763,0.11804068509390792,0.45606152282294854,0.1722064149092098,0.29798651417898225,3.1892593579446347,2.525349463593103,0.0,0.0,0.0
ce5ef86c7330,flower_pinch,Fixed OA,gaussian,severe,0,all,gaussian_severe,0.09283369229660991,0.0699738016887092,0.25558723285108187,0.0651925512131328,0.09590658237528737,2.4779712311814723,2.353350287296883,0.0,0.0,0.0
cf06bd8e63b0,prayer_beads,Corrected,dropout,short,5,index,dropout_short_5f_index,0.0030305829530800545,2.7320756545989866e-08,1.980280485286423e-07,0.002764107216788862,0.005311693967080573,1.4432548904219717,1.0,0.8125,0.0,0.0
cf06bd8e63b0,prayer_beads,Fixed OA,dropout,short,5,index,dropout_short_5f_index,0.0021254289362093036,6.9981445152689226e-09,0.0021397287633042224,0.0016595446396370057,0.001956337487136619,1.1631671754405384,1.0000022819209362,0.9333333333333333,0.0,0.03481073756265821
cf2d104edd27,orchid_finger,Corrected,spike,fixed,1,mixed,spike_fixed_1f_mixed,0.0007181891699640069,1.5810622644440997e-08,1.67955468310943e-07,0.0014465403371668201,0.0029137293439809525,1.249216925858423,1.0000000171403665,0.875,0.0,0.0
cf2d104edd27,orchid_finger,Fixed OA,spike,fixed,1,mixed,spike_fixed_1f_mixed,0.0006523044091828052,0.0,1.926295551777347e-05,0.0007252156759472779,0.0010126483174324925,1.1861426938440343,1.0,0.8823529411764706,0.0,0.027246421883701754
cf4a676b5324,deer_horn,Corrected,gaussian,mild,0,all,gaussian_mild,0.026731783523393674,0.016058112243910627,0.08477708298108046,0.0364833546306719,0.060192847944313996,1.3584020668611687,1.2264025618994518,0.23076923076923078,0.0,0.0
cf4a676b5324,deer_horn,Fixed OA,gaussian,mild,0,all,gaussian_mild,0.014466591753563518,0.00929435062079248,0.04651130859687454,0.014236187638443764,0.02062340928408748,1.2050974954360831,1.110873320819684,0.5,0.0,0.041538312531815315
d0e025e85f60,prayer_beads,Corrected,dropout,short,5,middle,dropout_short_5f_middle,0.003866266644003462,1.3660378272994933e-08,0.021768671407317648,0.002503923632960887,0.0038366644289390926,1.45338363630248,0.9999995323074967,0.7692307692307693,0.0,0.0
d0e025e85f60,prayer_beads,Fixed OA,dropout,short,5,middle,dropout_short_5f_middle,0.003218303569125052,2.450646509055687e-07,0.022468770396007212,0.0018427826323301768,0.0019257568814234263,1.0327767469517168,0.9995929959164094,0.9,0.0,0.042054313719260474
d1412a35214d,three_finger_bent,Corrected,spike,fixed,2,mixed,spike_fixed_2f_mixed,0.005078093049588314,2.7320756539050972e-08,1.3996289027762288e-07,0.005879263131741531,0.010664012594797373,1.5837506777587242,1.0000000720661304,0.8125,0.0,0.0
d1412a35214d,three_finger_bent,Fixed OA,spike,fixed,2,mixed,spike_fixed_2f_mixed,0.004720095533806401,3.283744701154667e-08,0.002989318083766595,0.0043270208910869325,0.0052032722515549705,1.668344252018915,0.9999996043732841,0.7647058823529411,0.0,0.03582091326049119
d1ddba246804,orchid_palm,Corrected,spike,fixed,2,mixed,spike_fixed_2f_mixed,0.004364154074309952,1.3660378272994933e-08,9.5357028657983e-08,0.004834768702366652,0.009513282238802406,2.0712927070473484,1.0,0.8125,0.0,0.0
d1ddba246804,orchid_palm,Fixed OA,spike,fixed,2,mixed,spike_fixed_2f_mixed,0.003738575141870089,1.5810622644440997e-08,0.0032696501395641977,0.0036558347260130593,0.004257581824593463,2.176151078303484,1.0000003101910584,0.8235294117647058,0.0,0.0
d1f605f1fcc9,flower_pinch,Corrected,gaussian,medium,0,all,gaussian_medium,0.08073240300425022,0.05330931467860977,0.26009270359645825,0.10527165903776742,0.1824915699147272,1.6808819587484765,1.6422649617008598,0.0,0.0,0.0
d1f605f1fcc9,flower_pinch,Fixed OA,gaussian,medium,0,all,gaussian_medium,0.04509546378725533,0.03286445781619189,0.12716761788632633,0.03992914382820958,0.05952340223541526,1.3758107571612395,1.2678140832191045,0.058823529411764705,0.058823529411764705,0.03142739334092959
d282dc86376e,three_finger_bent,Corrected,spike,fixed,1,mixed,spike_fixed_1f_mixed,0.0006879663379686331,2.7320756545989866e-08,1.7075472626693066e-07,0.0013856647644869462,0.0027911070326980944,1.029630083934633,1.0,0.9375,0.0,0.0
d282dc86376e,three_finger_bent,Fixed OA,spike,fixed,1,mixed,spike_fixed_1f_mixed,0.0005823089810692624,0.0,2.092180286122347e-05,0.0006627704439586042,0.0009355953333314448,1.0201520021052313,1.0,0.9411764705882353,0.0,0.025265893565165124
d2ada17068ed,orchid_palm,Corrected,dropout,short,3,index,dropout_short_3f_index,0.005751763609662512,1.3660378272994933e-08,1.4229560374445782e-07,0.00883380451620426,0.0169573203100186,1.7776136762986705,1.0000000276102372,0.75,0.0,0.0
d2ada17068ed,orchid_palm,Fixed OA,dropout,short,3,index,dropout_short_3f_index,0.0047138450792144635,0.0,0.007223768840391711,0.0048411872253719184,0.006264047760316472,1.7087491007548203,1.0000000503951547,0.7058823529411765,0.0,0.007024917827702058
d2b4b7f80256,deer_horn,Corrected,gaussian,medium,0,all,gaussian_medium,0.08623015979282624,0.05605531949258974,0.26824827292633346,0.11546951340050324,0.20607793711352032,1.5963518591791184,1.446347987612851,0.3125,0.0,0.0
d2b4b7f80256,deer_horn,Fixed OA,gaussian,medium,0,all,gaussian_medium,0.04610727702934874,0.032460832451157495,0.13840696280374307,0.042612746528477664,0.06422392860617834,1.4605502886842185,1.3034868924288665,0.35294117647058826,0.0,0.040369461997397695
d34423f0890a,orchid_palm,Corrected,dropout,short,3,thumb,dropout_short_3f_thumb,0.0005963616890953828,1.3660378272994933e-08,1.1197031218879161e-07,0.0005917211345697825,0.0009580814210911732,1.0109842228694248,1.0,0.9375,0.0,0.0
d34423f0890a,orchid_palm,Fixed OA,dropout,short,3,thumb,dropout_short_3f_thumb,0.00047327131505445273,1.6443047728964544e-08,0.0007166842378504963,0.00040628933654045636,0.00044244563954373885,0.9978625992721577,0.9999998868329564,1.0,0.0,0.0
d3cc18ceb43b,deer_horn,Corrected,gaussian,medium,0,all,gaussian_medium,0.09100698519019963,0.05770119192947584,0.29713123604159164,0.1110864408627372,0.1925286689867512,1.444086941541895,1.3533792966303717,0.3125,0.0,0.0
d3cc18ceb43b,deer_horn,Fixed OA,gaussian,medium,0,all,gaussian_medium,0.05457407494675766,0.037191537282143305,0.16441969564836795,0.04321977905297633,0.061612953650977735,1.4404591129491902,1.3205446162547243,0.29411764705882354,0.0,0.02730665491351623
d3e4d9834acb,orchid_finger,Corrected,gaussian,medium,0,all,gaussian_medium,0.0869160583255171,0.05469558086079916,0.27790134043859616,0.11502175864995717,0.1900982608241922,1.717593449621541,1.2486107566646125,0.1875,0.0,0.0
d3e4d9834acb,orchid_finger,Fixed OA,gaussian,medium,0,all,gaussian_medium,0.05130884672399095,0.03701788907689019,0.14897073513313797,0.04496123275648527,0.06603893422968107,1.7101626846423024,1.338083214293472,0.29411764705882354,0.0,0.02619141263106848
d42c53f263c8,orchid_finger,Corrected,dropout,short,5,index,dropout_short_5f_index,0.00868220421638776,1.3660378272994933e-08,2.2324080992674926e-07,0.004660282566301463,0.00817241501377196,2.0120343703838177,1.0000002676160187,0.75,0.0,0.0
d42c53f263c8,orchid_finger,Fixed OA,dropout,short,5,index,dropout_short_5f_index,0.006843570591994887,0.0,0.006014252009253812,0.003828618957598149,0.003978685111567111,2.1107346723016494,1.0,0.7647058823529411,0.0,0.031367986092167524
d455c87163f4,deer_horn,Corrected,dropout,short,5,index,dropout_short_5f_index,0.007750337758638563,2.099443353192898e-08,1.5402721625888683e-07,0.006065977449170919,0.009512955998442606,1.4358222612551113,1.0000000240069236,0.75,0.0,0.0
d455c87163f4,deer_horn,Fixed OA,dropout,short,5,index,dropout_short_5f_index,0.005600595363232831,0.0,0.0032254578428995606,0.003872941350459256,0.0036954425853295506,1.3851648474210534,1.0,0.7647058823529411,0.0,0.019503093949670185
d5692b1ff000,three_finger_bent,Corrected,dropout,short,5,thumb,dropout_short_5f_thumb,0.009435781708188205,2.7320756539050972e-08,2.092157630473332e-07,0.007453823033650873,0.0136277416760211,1.158234414496035,1.000000057503175,0.8125,0.0,0.0
d5692b1ff000,three_finger_bent,Fixed OA,dropout,short,5,thumb,dropout_short_5f_thumb,0.008957752758324233,1.3996289016660057e-08,0.021647418363597255,0.004942179967567579,0.005962830379469492,1.116304685879565,1.000000094281039,0.8235294117647058,0.0,0.036214658040896894
d5922c1146c7,deer_horn,Corrected,dropout,short,5,middle,dropout_short_5f_middle,0.041561322309109014,1.825879525872709e-08,0.1746929979765283,0.026075240066771532,0.04626446724595819,1.0872057852334487,1.0000000705087944,0.625,0.125,0.0
d5922c1146c7,deer_horn,Fixed OA,dropout,short,5,middle,dropout_short_5f_middle,0.03352362019174064,0.0005489149800596074,0.12236118066751081,0.020839368596276577,0.02261763299308044,1.103917076812051,1.0000078247581836,0.5294117647058824,0.17647058823529413,0.00455451841498745
d63635c1356e,three_finger_bent,Corrected,dropout,short,3,index,dropout_short_3f_index,0.0013248306857929913,2.7320756545989866e-08,2.0801030289341116e-07,0.0012068990641062388,0.0022054188426244366,1.0169034111326845,1.0,0.9375,0.0,0.0
d63635c1356e,three_finger_bent,Fixed OA,dropout,short,3,index,dropout_short_3f_index,0.001052733244956538,0.0,0.00016625090001965652,0.0008246707002666541,0.0009604454571880876,1.0224401962394307,1.0000000305040622,0.9411764705882353,0.0,0.01888160972999619
d6c6fae37fe5,deer_horn,Corrected,dropout,short,3,index,dropout_short_3f_index,0.0019272519827339492,1.3660378272994933e-08,8.773699302876122e-08,0.0028869613945857885,0.005808200998835317,1.0481867288122457,1.0,0.875,0.0,0.0
d6c6fae37fe5,deer_horn,Fixed OA,dropout,short,3,index,dropout_short_3f_index,0.001247389925597774,0.0,0.0011775142081107354,0.0013331210217980716,0.002128475502972083,1.0122414998086005,1.0000001211594816,0.9411764705882353,0.0,0.020640586354933852
d714acc9b9f2,prayer_beads,Corrected,spike,fixed,1,mixed,spike_fixed_1f_mixed,0.008086434856258658,4.09811348189848e-08,2.097312100601822e-07,0.016819745717217994,0.03504111437165374,3.777514444404796,1.0000011842328453,0.6,0.0,0.0
d714acc9b9f2,prayer_beads,Fixed OA,spike,fixed,1,mixed,spike_fixed_1f_mixed,0.006041967533338092,0.0,0.009732543979438353,0.006992517383371568,0.009531691266916475,2.9301696862740583,1.0,0.5714285714285714,0.0,0.041171959666613994
d750700162fe,three_finger_bent,Corrected,dropout,short,5,thumb,dropout_short_5f_thumb,0.009015302823222935,2.339105886761672e-08,1.7186146808595435e-07,0.004500096638478239,0.008031427708928552,1.1490779373795081,1.0000001258293563,0.8125,0.0,0.0
d750700162fe,three_finger_bent,Fixed OA,dropout,short,5,thumb,dropout_short_5f_thumb,0.0064922128040541035,0.0,0.0018645034463399613,0.003259063905135827,0.003272327782088693,1.1188659914650045,1.0,0.8235294117647058,0.0,0.0
d78701c28f85,three_finger_bent,Corrected,dropout,short,3,middle,dropout_short_3f_middle,0.009757162763457436,2.0994433535398427e-08,2.3471585370860023e-07,0.010828402039780811,0.018071806106092752,1.6322979961507766,1.0000001274578045,0.7333333333333333,0.0,0.0
d78701c28f85,three_finger_bent,Fixed OA,dropout,short,3,middle,dropout_short_3f_middle,0.007888559803162398,6.8301891364974665e-09,0.020304400231132863,0.007387616735160207,0.008158096338869186,1.5749105771834402,1.0002059616676244,0.6875,0.0,0.03969717218792582
d7d0deef648a,orchid_palm,Corrected,spike,fixed,1,mixed,spike_fixed_1f_mixed,0.0033925694513750587,1.3660378266056039e-08,1.0928302618395946e-07,0.006978987355335084,0.0143684933057839,2.330304912898893,1.0,0.75,0.0,0.0
d7d0deef648a,orchid_palm,Fixed OA,spike,fixed,1,mixed,spike_fixed_1f_mixed,0.003124972237931897,1.3996289016660057e-08,0.005721351035023169,0.00356857096142149,0.005153804330726128,1.8658830792134085,1.0,0.6875,0.0,0.0
d9e4eb5486f3,flower_pinch,Corrected,dropout,short,3,middle,dropout_short_3f_middle,0.004665434989602773,1.3660378272994933e-08,1.1705595253548574e-07,0.005344775492474492,0.01055616820088876,1.1792510831023122,1.0000000343281799,0.75,0.0,0.0
d9e4eb5486f3,flower_pinch,Fixed OA,dropout,short,3,middle,dropout_short_3f_middle,0.0032744937001624483,6.9981445152689226e-09,0.00832144733043314,0.003333387205468978,0.0043463334632898734,1.103738147904673,1.0003412149897282,0.8235294117647058,0.0,0.035636042459702234
da1ffae5f0a2,orchid_palm,Corrected,gaussian,severe,0,all,gaussian_severe,0.20598680528816596,0.15523618911184572,0.5839041924020237,0.2173128390717885,0.37468727621824427,3.048728810611333,2.5285123145525272,0.0,0.0,0.0
da1ffae5f0a2,orchid_palm,Fixed OA,gaussian,severe,0,all,gaussian_severe,0.12539636803709045,0.09983527291352576,0.3309471995595087,0.0808269297326096,0.12355574771356032,2.8090910275008745,1.979058089971112,0.0,0.0,0.04282135754559436
dafc6d4beae7,orchid_palm,Corrected,dropout,short,3,index,dropout_short_3f_index,0.00042480570386139007,1.3996289016660057e-08,1.4369523304649792e-07,0.0005097687180062656,0.0009051084352349701,1.0294028058773892,1.0000000479912128,0.9166666666666666,0.0,0.0
dafc6d4beae7,orchid_palm,Fixed OA,dropout,short,3,index,dropout_short_3f_index,0.0003338600020541219,0.0,0.0008996211705149724,0.00031428880767418103,0.00037917872743702515,1.0642362975794493,1.0,0.9166666666666666,0.0,0.047751986038421776
db135c9eec51,prayer_beads,Corrected,dropout,short,5,middle,dropout_short_5f_middle,0.012781991444680011,4.098113480510701e-08,0.10179612116167444,0.01608549637560903,0.023925043416005043,1.5196001381734736,1.0000002056524906,0.6875,0.0,0.0
db135c9eec51,prayer_beads,Fixed OA,dropout,short,5,middle,dropout_short_5f_middle,0.009855321060840888,0.0,0.07072501202050654,0.009421008052743686,0.010032003046817353,1.452961119920804,1.0,0.7058823529411765,0.0,0.035350252234122644
db282ca439ed,flower_pinch,Corrected,dropout,short,5,middle,dropout_short_5f_middle,0.014381215068216768,2.1891631341031115e-08,0.028941765921826915,0.015815170048056798,0.027701696820191312,1.3730453951140889,1.0000000828885587,0.6875,0.0,0.0
db282ca439ed,flower_pinch,Fixed OA,dropout,short,5,middle,dropout_short_5f_middle,0.010404066638905855,6.158367170591705e-07,0.054074051538981524,0.010646073634972135,0.012819763349417786,1.4637380825402868,1.000307864340071,0.7058823529411765,0.0,0.023377573985176214
db39c266a790,deer_horn,Corrected,dropout,short,5,thumb,dropout_short_5f_thumb,0.0016093014060698306,1.3660378272994933e-08,1.1197031218879161e-07,0.0016545836851445082,0.0029141779069522676,1.0219746981476314,1.0000000335599952,0.9375,0.0,0.0
db39c266a790,deer_horn,Fixed OA,dropout,short,5,thumb,dropout_short_5f_thumb,0.0013910406891541876,7.905311294464923e-09,0.0002579521589865602,0.0012216338707893024,0.0012509462230436894,1.0230295103581122,1.0000000272149192,0.9411764705882353,0.0,0.020803741096085782
db70aea60cf4,flower_pinch,Corrected,spike,fixed,3,mixed,spike_fixed_3f_mixed,0.006898711558502626,1.3660378272994933e-08,1.3996289022211172e-07,0.005250142905936984,0.0099211182992687,1.1248794342070174,1.0000000394273945,0.75,0.0,0.0
db70aea60cf4,flower_pinch,Fixed OA,spike,fixed,3,mixed,spike_fixed_3f_mixed,0.005653565895874531,0.0,0.01670519308568558,0.00420468773457993,0.0047874076725009625,1.1618591273883694,1.0065673174611418,0.8125,0.0,0.030844328934626273
db9729894815,orchid_palm,Corrected,dropout,short,5,thumb,dropout_short_5f_thumb,0.01836980926360739,1.3660378272994933e-08,1.9921384525334318e-07,0.00857460637316448,0.015520936418826873,0.9999998814843808,0.9999999642602707,1.0,0.0,0.0
db9729894815,orchid_palm,Fixed OA,dropout,short,5,thumb,dropout_short_5f_thumb,0.01444030503369978,1.1796187554882764e-07,0.024541233934304744,0.007203965403287886,0.007605547401938704,1.0328163532630303,1.0000018155601478,0.9411764705882353,0.0,0.0257232845860458
dc1412571fa7,prayer_beads,Corrected,dropout,short,3,middle,dropout_short_3f_middle,0.0025057038958744733,2.1891631396542266e-08,1.6795546825543184e-07,0.002655572288127949,0.005077483425163019,1.0062525952157526,1.0,0.9375,0.0,0.0
dc1412571fa7,prayer_beads,Fixed OA,dropout,short,3,middle,dropout_short_3f_middle,0.0019055260759781247,2.04905674094924e-08,0.00013727356796700086,0.0017180795221923295,0.0021998824757847655,1.0121215016302103,1.0000000379286167,1.0,0.0,0.0
dd7fb6f24a48,deer_horn,Corrected,dropout,short,3,thumb,dropout_short_3f_thumb,0.001109385462594107,1.3660378272994933e-08,9.356423558148919e-08,0.00123947803859405,0.0020825032186934608,1.0091274085198179,1.0000000070238189,0.9375,0.0,0.0
dd7fb6f24a48,deer_horn,Fixed OA,dropout,short,3,thumb,dropout_short_3f_thumb,0.0009097515539335803,4.1988867070796854e-08,0.000924603770482868,0.000828773868082497,0.0010072647121288838,1.0084709779790142,1.0000002316448928,0.9411764705882353,0.0,0.03955724979079047
dd960d56ba2e,orchid_palm,Corrected,gaussian,medium,0,all,gaussian_medium,0.09416668627477966,0.06702525207867677,0.28324030536543554,0.11638386668192378,0.2060333206822255,2.255650526094782,1.2715448614065323,0.3125,0.0,0.0
dd960d56ba2e,orchid_palm,Fixed OA,gaussian,medium,0,all,gaussian_medium,0.05368003930407687,0.03962861734500577,0.1507154252826069,0.042301113950880806,0.063029028805862,1.2846139707168278,1.1844898081717579,0.4375,0.0,0.018595127597711092
de1b27901fcd,flower_pinch,Corrected,spike,fixed,1,mixed,spike_fixed_1f_mixed,0.0019498127011913773,2.7320756532112078e-08,1.3996289027762288e-07,0.003992453864714367,0.008179644599055073,1.1184518944840032,1.0,0.875,0.0,0.0
de1b27901fcd,flower_pinch,Fixed OA,spike,fixed,1,mixed,spike_fixed_1f_mixed,0.001663333106636659,0.0,0.0028427072158148034,0.001970916728162215,0.002874039599944323,1.035860255818972,1.0,0.9411764705882353,0.0,0.036554094047504246
df281fd4d6c9,deer_horn,Corrected,gaussian,severe,0,all,gaussian_severe,0.17177184542994245,0.11938742331623581,0.5143842915923234,0.20659799908957055,0.35735342936707537,1.7137178463880347,1.4251988290838007,0.125,0.0625,0.0
df281fd4d6c9,deer_horn,Fixed OA,gaussian,severe,0,all,gaussian_severe,0.10032563943304192,0.07323072626884063,0.27689915470812065,0.07825534603251581,0.1167977194077998,1.7786410339176502,1.5848924395573385,0.23529411764705882,0.0,0.04778773256058889
df438784161c,orchid_finger,Corrected,gaussian,severe,0,all,gaussian_severe,0.18121378836256463,0.13246387452830757,0.551431873225253,0.2212135222233635,0.3868487745716311,2.262153315046498,1.6639308933100083,0.125,0.0,0.0
df438784161c,orchid_finger,Fixed OA,gaussian,severe,0,all,gaussian_severe,0.10850891156984639,0.07947418321506236,0.3059744508423327,0.08269801964648286,0.12291274137344263,2.0397008708287347,1.5955803435163096,0.17647058823529413,0.058823529411764705,0.0133740069021544
dff2e96f8ae8,deer_horn,Corrected,gaussian,medium,0,all,gaussian_medium,0.09169477189267991,0.06178178597561364,0.29002472157581816,0.11389534352796969,0.19850844816573093,1.3991393959866336,1.2000966472898966,0.3125,0.0,0.0
dff2e96f8ae8,deer_horn,Fixed OA,gaussian,medium,0,all,gaussian_medium,0.053722403078239465,0.037599962661633596,0.16752025144588942,0.04308522595244428,0.06342800392371661,1.2383943584357737,1.1332732733748025,0.35294117647058826,0.0,0.0
e00aac6a3046,three_finger_bent,Corrected,dropout,short,5,index,dropout_short_5f_index,0.006841856216441879,2.1891631396542266e-08,1.4229560374445782e-07,0.008871002323094148,0.016289287268817162,1.2288171096402376,0.9999999684857828,0.875,0.0,0.0
e00aac6a3046,three_finger_bent,Fixed OA,dropout,short,5,index,dropout_short_5f_index,0.005354222300561124,6.567489402309334e-08,0.015708778958082256,0.004519829010096326,0.005614525925582128,1.1841954544380353,0.999999892763375,0.8823529411764706,0.0,0.027340750028647998
e02d0ba05950,orchid_finger,Corrected,dropout,short,5,thumb,dropout_short_5f_thumb,0.0030424212872961357,1.3660378272994933e-08,1.5850797314802172e-07,0.0019899874360802,0.0025384243648335324,1.007773368194331,1.0000000261145918,0.9333333333333333,0.0,0.0
e02d0ba05950,orchid_finger,Fixed OA,dropout,short,5,thumb,dropout_short_5f_thumb,0.002262188088325936,2.074250047071069e-08,0.0034119364201526253,0.0013982959985436643,0.0013735556773755164,1.010493530221547,1.0,0.9375,0.0,0.03873678033006329
e078f346d502,three_finger_bent,Corrected,gaussian,severe,0,all,gaussian_severe,0.18082603758439342,0.12881341139304653,0.5110982029940734,0.20849330980380829,0.35987576833922924,2.2898364542329017,1.8929911485755466,0.1875,0.0,0.0
e078f346d502,three_finger_bent,Fixed OA,gaussian,severe,0,all,gaussian_severe,0.11054806358729745,0.08299549995072612,0.2893507973545892,0.08076597603986119,0.11739680428239768,2.0220232671435614,1.5888481970872048,0.29411764705882354,0.0,0.0371718805673155
e0c87d157b8f,flower_pinch,Corrected,dropout,short,3,thumb,dropout_short_3f_thumb,0.0036700795841460242,1.55231569265446e-08,1.4068815255008336e-07,0.0051658725786744245,0.009480999479820843,1.0037728145867795,1.000000039066579,0.9375,0.0,0.0
e0c87d157b8f,flower_pinch,Fixed OA,dropout,short,3,thumb,dropout_short_3f_thumb,0.00274697453913252,0.0,0.0038438635483997023,0.0028741341267041827,0.004012935649818649,0.9922071723095298,0.999999976560901,1.0,0.0,0.0
e0cd28478a3a,orchid_palm,Corrected,dropout,short,5,thumb,dropout_short_5f_thumb,0.00092544666824555,1.3660378272994933e-08,1.2976698146524588e-07,0.0012881459742740727,0.0025838327967971685,1.0097041651577063,1.0,1.0,0.0,0.0
e0cd28478a3a,orchid_palm,Fixed OA,dropout,short,5,thumb,dropout_short_5f_thumb,0.0007525809832624003,4.712733453482443e-08,0.003303370885980106,0.0006462379035753207,0.0009195864148499043,0.9940713018186761,0.9999982186948735,1.0,0.0,0.02493303825423727
e17fcacd002c,prayer_beads,Corrected,dropout,short,5,middle,dropout_short_5f_middle,0.008370880462517487,1.2677953853401647e-08,1.6133475789492628e-07,0.008026610447055934,0.012905334029660724,2.3197847729569245,1.000000286254161,0.6,0.0,0.0
e17fcacd002c,prayer_beads,Fixed OA,dropout,short,5,middle,dropout_short_5f_middle,0.006805260258462548,1.9016930773163576e-08,0.030633704527506876,0.005640537879359728,0.006622029631009298,2.1896671147509417,1.000002934244175,0.6875,0.0,0.02739800598092342
e1a23abc119d,deer_horn,Corrected,dropout,short,5,thumb,dropout_short_5f_thumb,0.004932899947350118,1.3996289016660057e-08,2.1856605227354998e-07,0.00424107388559396,0.0064761658569357635,1.0052882481800933,1.0,0.9333333333333333,0.0,0.0
e1a23abc119d,deer_horn,Fixed OA,dropout,short,5,thumb,dropout_short_5f_thumb,0.0035267275399859027,0.0,0.008091653736739438,0.002459818439340183,0.0027376588968796053,1.0031928227806732,1.0,1.0,0.0,0.03166583755761549
e1f91dcfe69d,three_finger_bent,Corrected,dropout,short,5,index,dropout_short_5f_index,0.005020499413877151,2.04905674094924e-08,2.2394062437758322e-07,0.003467624800702217,0.004691918542624878,1.1370864964625276,1.0000000823550224,0.875,0.0,0.0
e1f91dcfe69d,three_finger_bent,Fixed OA,dropout,short,5,index,dropout_short_5f_index,0.004103349438231178,3.061688225169945e-08,0.013976693700776595,0.002665470355033283,0.0026109735848620376,1.1185423991874506,1.0,0.7647058823529411,0.0,0.03883249872218548
e1fc3dd80451,orchid_palm,Corrected,dropout,short,3,index,dropout_short_3f_index,0.002310532389126823,2.7320756532112078e-08,1.4929374904104645e-07,0.0036235464757626147,0.007094055276809023,1.2786116276159378,1.0,0.8125,0.0,0.0
e1fc3dd80451,orchid_palm,Fixed OA,dropout,short,3,index,dropout_short_3f_index,0.0020878369632046532,4.093435304608484e-08,0.005107647999447507,0.002129635815734473,0.002674740406511217,1.1289231909096618,1.0000004147743753,0.8235294117647058,0.0,0.02601558822693751
e2064c38a923,orchid_palm,Corrected,dropout,short,5,index,dropout_short_5f_index,0.0019100653966501254,1.3660378269525486e-08,1.0108737276137686e-07,0.0012805806494805175,0.0019406970781684545,1.182256909616649,1.0,0.8125,0.0,0.0
e2064c38a923,orchid_palm,Fixed OA,dropout,short,5,index,dropout_short_5f_index,0.0016008422651802054,2.371593399441707e-08,0.00023608154159812444,0.0010438687348502617,0.0009442502118787397,1.1768332503125574,1.0000000093878392,0.8235294117647058,0.0,0.008968731030654532
e2d391c756d3,prayer_beads,Corrected,spike,fixed,3,mixed,spike_fixed_3f_mixed,0.017067834937994866,2.7320756541815688e-08,1.866288491081389e-07,0.012757216694940622,0.025038466642225827,3.5399260497019682,1.0000001521718014,0.625,0.0,0.0
e2d391c756d3,prayer_beads,Fixed OA,spike,fixed,3,mixed,spike_fixed_3f_mixed,0.012542788977283061,0.0,0.032679754119792646,0.009263004465312103,0.009146187708435864,2.1037140350116563,1.0,0.6428571428571429,0.0,0.03910352947974518
e2dfbd47d619,orchid_palm,Corrected,gaussian,severe,0,all,gaussian_severe,0.19432711788280377,0.14550755758221465,0.5298751113063983,0.18445174015190327,0.3141338891658579,2.3710848566992135,1.800464415151604,0.125,0.0,0.0
e2dfbd47d619,orchid_palm,Fixed OA,gaussian,severe,0,all,gaussian_severe,0.12099793814388618,0.09339280931475583,0.3090446915968862,0.0732158348398531,0.10547518761422328,2.030981503580719,1.6546634330787382,0.17647058823529413,0.0,0.03378111862558384
e3051e08aa18,flower_pinch,Corrected,dropout,short,5,middle,dropout_short_5f_middle,0.01159097707081834,2.7320756490478715e-08,1.95948046326222e-07,0.00856453335930524,0.012688875729819015,1.3903660282452552,1.0000000604445631,0.6875,0.0,0.0
e3051e08aa18,flower_pinch,Fixed OA,dropout,short,5,middle,dropout_short_5f_middle,0.009492870476753332,8.297000188978165e-08,0.037690374532235185,0.00662186735698215,0.006375508493420399,1.31419372510819,1.000000120900988,0.7647058823529411,0.0,0.029552723390920133
e30742f7f077,orchid_finger,Corrected,spike,fixed,1,mixed,spike_fixed_1f_mixed,0.0026058457265198103,1.3660378272994933e-08,1.7491413445633313e-07,0.005420137623236326,0.011291934948063456,1.052389581969719,1.000000001883074,0.875,0.0,0.0
e30742f7f077,orchid_finger,Fixed OA,spike,fixed,1,mixed,spike_fixed_1f_mixed,0.0019977940963859715,5.598515606664023e-08,0.0020254339289097166,0.0023379123818910233,0.003425233137955429,1.0318304415013462,1.0000005059952373,0.8823529411764706,0.0,0.019449747094055482
e35dc6af27b7,deer_horn,Corrected,spike,fixed,3,mixed,spike_fixed_3f_mixed,0.009711529748210579,1.3828333644827495e-08,1.2841595159809834e-07,0.008061126202881366,0.01533720638843621,1.7507915518807513,1.0000000447466069,0.8125,0.0,0.0
e35dc6af27b7,deer_horn,Fixed OA,spike,fixed,3,mixed,spike_fixed_3f_mixed,0.007789386782757051,4.925294140589731e-08,0.010893731495347746,0.005935382163801018,0.007123076339205181,1.7802862899557295,1.0,0.7647058823529411,0.0,0.02207811720800347
e37d11d914db,three_finger_bent,Corrected,spike,fixed,1,mixed,spike_fixed_1f_mixed,0.002862260023895435,2.1891631396542266e-08,1.539591792630579e-07,0.005903388702483037,0.009140743220844204,1.2212916666671234,1.0000000582406507,0.75,0.0,0.0
e37d11d914db,three_finger_bent,Fixed OA,spike,fixed,1,mixed,spike_fixed_1f_mixed,0.002082977120891165,0.0,1.0497216768046158e-07,0.0019604919521215417,0.003432343864453265,1.1101860854504417,1.0,0.8235294117647058,0.0,0.04113022973088915
e383fe6f8e3c,orchid_finger,Corrected,dropout,short,5,thumb,dropout_short_5f_thumb,0.0013425798708416087,1.3660378272994933e-08,1.707547258977815e-07,0.0011908751690724018,0.0019580313970746998,0.9980224374131068,1.0,1.0,0.0,0.0
e383fe6f8e3c,orchid_finger,Fixed OA,dropout,short,5,thumb,dropout_short_5f_thumb,0.0010656305462120772,0.0,0.0013279595167954522,0.0007967502522710068,0.0008933309881291137,0.9966351492776262,1.0,1.0,0.0,0.02732147698359257
e477493e71b7,orchid_finger,Corrected,gaussian,mild,0,all,gaussian_mild,0.03141819133402967,0.015588221107952905,0.11296245136969434,0.04646700726879341,0.08076694775416147,1.015403319387497,1.0065974097006194,1.0,0.0,0.0
e477493e71b7,orchid_finger,Fixed OA,gaussian,mild,0,all,gaussian_mild,0.01804198102776998,0.010127834259646085,0.06713458967372168,0.01835501180332448,0.02650135285545482,1.0057266859127303,1.0042138374738772,0.9411764705882353,0.0,0.035817070461937724
e47cab926107,three_finger_bent,Corrected,dropout,short,5,middle,dropout_short_5f_middle,0.012149674190464848,2.339105886761672e-08,3.35910936621886e-07,0.011981203931687346,0.020845984921818547,1.2626886220659477,1.0,0.75,0.0,0.0
e47cab926107,three_finger_bent,Fixed OA,dropout,short,5,middle,dropout_short_5f_middle,0.008571347582900181,5.464151309197973e-08,0.034820634816863434,0.006618543510541405,0.008492540941898226,1.2494089250095388,1.0000047705346073,0.7647058823529411,0.0,0.03972090709463113
e49a32eb1560,prayer_beads,Corrected,dropout,short,5,index,dropout_short_5f_index,0.00944527187456185,2.7320756541653057e-08,1.670488905092247e-07,0.004937312348711851,0.007604701709337559,2.0845816585080836,1.0000005313073757,0.7333333333333333,0.0,0.0
e49a32eb1560,prayer_beads,Fixed OA,dropout,short,5,index,dropout_short_5f_index,0.006973508817631996,0.0,0.00916804013545528,0.003944577770902534,0.003979263321106843,1.8584280706751317,1.0000000380551728,0.75,0.0,0.04027695996683439
e4a25b86c09f,orchid_finger,Corrected,spike,fixed,1,mixed,spike_fixed_1f_mixed,0.003579118541862956,1.7075472868999242e-08,1.683143474345835e-07,0.007341750767447199,0.015069890047172482,1.1015621384087901,1.0000000640852795,0.75,0.0,0.0
e4a25b86c09f,orchid_finger,Fixed OA,spike,fixed,1,mixed,spike_fixed_1f_mixed,0.0029992457704804904,0.0,0.0006652962802858062,0.0035893654277521143,0.004936037192734448,1.0339499432719392,1.0,0.8823529411764706,0.0,0.013462737267184832
e635b04f95b4,orchid_finger,Corrected,dropout,short,5,middle,dropout_short_5f_middle,0.0037639411497413684,1.5810622588929846e-08,1.8563108405977857e-07,0.005347551664751439,0.010398449034734544,0.9985966772081424,1.0,1.0,0.0,0.0
e635b04f95b4,orchid_finger,Fixed OA,dropout,short,5,middle,dropout_short_5f_middle,0.0022791442700673204,1.749536127082507e-08,0.0006322409499440185,0.0025015258087509634,0.003497760773125901,1.0136823713170204,1.0000000379372413,0.9411764705882353,0.0,0.0
e641f135d028,orchid_palm,Corrected,spike,fixed,2,mixed,spike_fixed_2f_mixed,0.0035834582180584123,2.3391058895372296e-08,2.701283781519897e-07,0.004950664551173791,0.009170494209565297,1.3511034872830456,1.00000015612075,0.8125,0.0,0.0
e641f135d028,orchid_palm,Fixed OA,spike,fixed,2,mixed,spike_fixed_2f_mixed,0.002710522910068811,0.0,0.0009540582360155821,0.0029590963292617867,0.003835732282378808,1.2403706971361237,1.0000012763621127,0.8823529411764706,0.0,0.021082092294049157
e649d8e33325,deer_horn,Corrected,gaussian,severe,0,all,gaussian_severe,0.159657039735723,0.11269923820123094,0.48112471029431253,0.18070713636802385,0.3106816913635775,2.4627256931878247,2.4189317798942835,0.0625,0.0,0.0
e649d8e33325,deer_horn,Fixed OA,gaussian,severe,0,all,gaussian_severe,0.09759573267704445,0.07237570822172508,0.2791433656155406,0.07108002524192639,0.10238228392717369,2.231401538682438,2.231733771725225,0.11764705882352941,0.058823529411764705,0.0
e67852a203b2,prayer_beads,Corrected,dropout,short,5,thumb,dropout_short_5f_thumb,0.0024798893933344044,4.802476721854632e-09,1.6795546822767626e-07,0.0025793842969662494,0.0044551356873565205,1.0384097444631357,1.0,0.8461538461538461,0.0,0.0
e67852a203b2,prayer_beads,Fixed OA,dropout,short,5,thumb,dropout_short_5f_thumb,0.0019907171923721524,1.1381482642458529e-07,0.0065156328440223454,0.001673473210922827,0.0019907132654973228,1.030438361630174,1.0000000951171466,0.6666666666666666,0.16666666666666666,0.0415071959799146
e6caf1c42e89,orchid_palm,Corrected,dropout,short,5,index,dropout_short_5f_index,0.019691651472193074,2.099443353192898e-08,1.8501662644720993e-07,0.010048084637382972,0.016973946989759604,1.627784074680529,1.0000000645624523,0.75,0.0,0.0
e6caf1c42e89,orchid_palm,Fixed OA,dropout,short,5,index,dropout_short_5f_index,0.015614051163594678,8.300576884168187e-08,0.04459992727654799,0.008323625400261351,0.00836387151352801,1.5726895828758947,1.0000034454115843,0.7647058823529411,0.0,0.03421109232277862
e705d6b681c2,deer_horn,Corrected,spike,fixed,2,mixed,spike_fixed_2f_mixed,0.008368969234343292,1.707547281348809e-08,1.241852554123568e-07,0.009223855643925163,0.017667833372992343,1.0740970762186732,1.000000160431009,0.8125,0.0,0.0
e705d6b681c2,deer_horn,Fixed OA,spike,fixed,2,mixed,spike_fixed_2f_mixed,0.006811204305654279,0.0,0.008662362751584676,0.00673132911605951,0.007509078761276949,1.097634908870677,1.0,0.8823529411764706,0.0,0.022340239708843596
e73522e35522,orchid_finger,Corrected,dropout,short,3,index,dropout_short_3f_index,0.0020549449135181083,1.3660378272994933e-08,2.1593357868998646e-07,0.0029868465981802727,0.004869816455225807,1.0703083793097785,1.0,0.875,0.0,0.0
e73522e35522,orchid_finger,Fixed OA,dropout,short,3,index,dropout_short_3f_index,0.0016753935694810425,0.0,0.001782730606149497,0.0017820288104067722,0.002069579904229,1.068090830124642,1.0000001083153744,0.8823529411764706,0.0,0.019442132931414658
e7bd80074a35,flower_pinch,Corrected,dropout,short,3,thumb,dropout_short_3f_thumb,0.0004341771396531601,1.3996289016660057e-08,1.3996289023252007e-07,0.000593797072120739,0.0010161731869193348,0.9999999200677143,0.9999998893025106,1.0,0.0,0.0
e7bd80074a35,flower_pinch,Fixed OA,dropout,short,3,thumb,dropout_short_3f_thumb,0.00042037265445225554,0.0,0.0002425473853412824,0.00037625410989190907,0.0005417658591252461,0.9990325858775068,1.0,1.0,0.0,0.04052709464612553
e83978ff4839,flower_pinch,Corrected,dropout,short,5,middle,dropout_short_5f_middle,0.0011549850486642476,2.732075651823429e-08,1.539591792611497e-07,0.0016366399032517172,0.0031182470192331595,0.9999999449112936,1.0,1.0,0.0,0.0
e83978ff4839,flower_pinch,Fixed OA,dropout,short,5,middle,dropout_short_5f_middle,0.0007816406291898262,1.5810622699952148e-08,4.2263432842544215e-05,0.0007355211198296822,0.0011021628370070852,0.9999966456458914,1.0,1.0,0.0,0.0
e98094963e55,flower_pinch,Corrected,spike,fixed,1,mixed,spike_fixed_1f_mixed,0.002826169535843633,1.3660378272994933e-08,1.1686901337099035e-07,0.005840735226035393,0.01208426607061204,1.3629222638372926,1.000000082693294,0.8125,0.0,0.0
e98094963e55,flower_pinch,Fixed OA,spike,fixed,1,mixed,spike_fixed_1f_mixed,0.002415260497088619,0.0,0.004100977748305488,0.003191609189479082,0.004835346055200694,1.1872470715057946,1.0,0.8235294117647058,0.0,0.032235371113702914
ea0777b243d8,orchid_finger,Corrected,gaussian,medium,0,all,gaussian_medium,0.08842303629276504,0.05094459102472698,0.29537904850991475,0.1209612777450627,0.21375425388132796,1.1081742307862328,1.0662390273749605,0.625,0.0,0.0
ea0777b243d8,orchid_finger,Fixed OA,gaussian,medium,0,all,gaussian_medium,0.04969744176174684,0.03210852274627907,0.1627604199227481,0.045640792270002215,0.0688914003869476,1.0476170729359298,1.0289753513842246,0.5294117647058824,0.0,0.02253950979733691
ea3497d6cef4,orchid_finger,Corrected,dropout,short,3,index,dropout_short_3f_index,0.0038728858202154975,1.3660378272994933e-08,2.2394062437758322e-07,0.005382457427766114,0.009746524221210584,1.172735654062847,1.0000000511925804,0.9375,0.0,0.0
ea3497d6cef4,orchid_finger,Fixed OA,dropout,short,3,index,dropout_short_3f_index,0.003024866158752665,5.598515606664023e-08,0.006055121778764651,0.0032537935015879917,0.003912394052064411,1.154587182089171,1.0,0.8823529411764706,0.0,0.0
ea4c18ea28b7,three_finger_bent,Corrected,dropout,short,3,index,dropout_short_3f_index,0.004175331517183746,2.7320756525173184e-08,1.2688024671192455e-07,0.008143404969505283,0.016556921619899,1.0842592458517482,1.000000081302853,0.75,0.0,0.0
ea4c18ea28b7,three_finger_bent,Fixed OA,dropout,short,3,index,dropout_short_3f_index,0.003813352429389938,0.0,0.01002528080132761,0.0040781262885146875,0.005799291234031625,1.0244707732388054,1.0,0.9411764705882353,0.0,0.0
ea4efbd686b9,deer_horn,Corrected,gaussian,mild,0,all,gaussian_mild,0.027913231671757674,0.019063366617351488,0.09290765626304862,0.04081384511613628,0.06944619664084463,1.100082461509774,1.0758816436210035,0.625,0.0,0.0
ea4efbd686b9,deer_horn,Fixed OA,gaussian,mild,0,all,gaussian_mild,0.014677245230091085,0.010196955846174083,0.04675605052576352,0.015722708044764652,0.02302642101385741,1.1191163219143816,1.0030924004686048,0.5882352941176471,0.0,0.04196830652320844
ea9b0c52712b,orchid_finger,Corrected,spike,fixed,1,mixed,spike_fixed_1f_mixed,0.0037249394646708214,1.3660378272994933e-08,1.9345981647767034e-07,0.007656801452962798,0.015751113970363165,1.0767086904237337,1.0,0.8125,0.0,0.0
ea9b0c52712b,orchid_finger,Fixed OA,spike,fixed,1,mixed,spike_fixed_1f_mixed,0.0031994211336746413,0.0,0.002335184099373021,0.0038329510152646414,0.005270592941678429,1.0246395736505434,1.0,0.9411764705882353,0.0,0.018158926887886784
ead22ed8d1dd,orchid_finger,Corrected,dropout,short,5,thumb,dropout_short_5f_thumb,0.001053417870111975,2.0994433538867874e-08,1.8592892902513483e-07,0.0009930788047285838,0.0018406555471017039,0.9988606364908673,1.0,1.0,0.0,0.0
ead22ed8d1dd,orchid_finger,Fixed OA,dropout,short,5,thumb,dropout_short_5f_thumb,0.0008172535031591915,0.0,9.656757340028813e-05,0.0005825509288568733,0.0006928279046697818,0.9999673642466161,1.0,1.0,0.0,0.004235752932467486
eae2b467b678,three_finger_bent,Corrected,spike,fixed,2,mixed,spike_fixed_2f_mixed,0.005238804628915844,1.5810622644440997e-08,1.6795546826375852e-07,0.005723557706842482,0.011132474509149233,1.3608198998673018,1.0000000370720028,0.8125,0.0,0.0
eae2b467b678,three_finger_bent,Fixed OA,spike,fixed,2,mixed,spike_fixed_2f_mixed,0.00467799313863544,2.7992578033320115e-08,0.007894872746316669,0.0044620301596588465,0.005176001039912357,1.3704875819804323,1.0000004333272767,0.8235294117647058,0.0,0.027471930092455285
eae98ad1ab96,deer_horn,Corrected,dropout,short,5,thumb,dropout_short_5f_thumb,0.005697852102745891,1.1857966941697384e-08,1.1197031221932274e-07,0.004920016370722772,0.008771845298404392,1.1191673337412977,1.0000000260546393,0.8125,0.0,0.0
eae98ad1ab96,deer_horn,Fixed OA,dropout,short,5,thumb,dropout_short_5f_thumb,0.004703468205528355,2.7320756545989866e-08,0.006672928640984156,0.003326856504408635,0.0034515624273923603,1.1286833098678863,1.0000006677164863,0.8235294117647058,0.0,0.0
ec805aeab0cb,deer_horn,Corrected,dropout,short,5,index,dropout_short_5f_index,0.007719832284237484,1.3660378272994933e-08,1.168690125568847e-07,0.008464170819646292,0.016398283616852905,1.030665057831174,1.0,0.9375,0.0,0.0
ec805aeab0cb,deer_horn,Fixed OA,dropout,short,5,index,dropout_short_5f_index,0.005452298417344644,5.5337179227787914e-08,0.009957065098160044,0.0043007189927798655,0.006107871653314592,1.0310457224903362,1.0000000398600069,0.9411764705882353,0.0,0.010824995759591009
ed4fbd3e4769,three_finger_bent,Corrected,gaussian,medium,0,all,gaussian_medium,0.09196321843622639,0.062230678157993186,0.2878149900655797,0.1263106032593683,0.22176567825957644,1.456915262496669,1.2361677925122696,0.3125,0.0,0.0
ed4fbd3e4769,three_finger_bent,Fixed OA,gaussian,medium,0,all,gaussian_medium,0.049650480163306414,0.036534894200651646,0.14602913766805134,0.046901203033211436,0.0697793299153029,1.2705332515043202,1.105640048763189,0.4117647058823529,0.0,0.041296785173407916
ee37db102cde,three_finger_bent,Corrected,spike,fixed,2,mixed,spike_fixed_2f_mixed,0.008066970616774981,2.732075654252042e-08,1.3996289026096952e-07,0.00867338079803843,0.01705589702013074,1.3549213017633253,1.000000073020675,0.75,0.0,0.0
ee37db102cde,three_finger_bent,Fixed OA,spike,fixed,2,mixed,spike_fixed_2f_mixed,0.005946628510757717,0.0,0.007063588166303917,0.005703953989630276,0.006534194391573413,1.3155260576953347,1.0,0.8235294117647058,0.0,0.016828493199488037
ee6710fadfd3,orchid_finger,Corrected,spike,fixed,3,mixed,spike_fixed_3f_mixed,0.00817110004576186,2.0994433528459533e-08,1.5298145632780535e-07,0.006335032615790332,0.01265116484713816,1.660563652581764,0.9999999790668759,0.875,0.0,0.0
ee6710fadfd3,orchid_finger,Fixed OA,spike,fixed,3,mixed,spike_fixed_3f_mixed,0.006490748759206655,1.8783020125368033e-08,0.00440436627371728,0.00485924186468324,0.005510777713630243,1.671476079517186,1.0000001197766308,0.8823529411764706,0.0,0.02373607561691093
ee73f970fb19,prayer_beads,Corrected,spike,fixed,2,mixed,spike_fixed_2f_mixed,0.0015827844152787943,2.0994433538000512e-08,1.4034635331672263e-07,0.0016165457452718406,0.0032166418725000463,0.9999999946769657,1.0,1.0,0.0,0.0
ee73f970fb19,prayer_beads,Fixed OA,spike,fixed,2,mixed,spike_fixed_2f_mixed,0.0012811156526684388,0.0,5.3106086565993824e-05,0.0012151612280335911,0.0014125760884503857,1.0080785511685837,1.0,0.9411764705882353,0.0,0.0
ee7a7b5dd1d7,prayer_beads,Corrected,dropout,short,3,middle,dropout_short_3f_middle,0.013204715008087634,2.1891631341031115e-08,2.0712782451970379e-07,0.013118201337960754,0.02209349943219921,2.489052939368463,1.0000003965521713,0.6153846153846154,0.0,0.0
ee7a7b5dd1d7,prayer_beads,Fixed OA,dropout,short,3,middle,dropout_short_3f_middle,0.01055452402217448,6.9981445152689226e-09,0.031716992621659196,0.009603091108734018,0.010185382689947281,2.457521020439963,1.0090656495803285,0.6153846153846154,0.0,0.020453602422750048
ee8be4262526,orchid_palm,Corrected,gaussian,mild,0,all,gaussian_mild,0.025766729563924805,0.017067116535798954,0.08350050407634915,0.0348728044737223,0.06000532801010536,1.0961751113708353,1.0276984673962466,0.625,0.0,0.0
ee8be4262526,orchid_palm,Fixed OA,gaussian,mild,0,all,gaussian_mild,0.014337556680400878,0.009587422990668254,0.04232824823475465,0.013817885405391238,0.01938161846555,1.1011034448039223,1.0318596335929098,0.6470588235294118,0.0,0.00948895909738492
eea8808072e4,three_finger_bent,Corrected,dropout,short,5,thumb,dropout_short_5f_thumb,0.002193490526782366,2.7320756545989866e-08,2.2394062437758322e-07,0.0018572183792790653,0.003046060373112768,1.0198584870441683,1.0,0.9375,0.0,0.0
eea8808072e4,three_finger_bent,Fixed OA,dropout,short,5,thumb,dropout_short_5f_thumb,0.0018855073171966425,2.04905674094924e-08,0.0003687626203731512,0.0015524362975826375,0.0016612154705347635,1.0228312454817234,1.0000000500772124,0.9411764705882353,0.0,0.01879304121305277
eeaedbdb7f0b,prayer_beads,Corrected,spike,fixed,2,mixed,spike_fixed_2f_mixed,0.008026866905742244,2.04905674094924e-08,1.4019296806222493e-07,0.008344143982011524,0.016971103323749525,2.730720391178336,1.0000003374814757,0.7142857142857143,0.0,0.0
eeaedbdb7f0b,prayer_beads,Fixed OA,spike,fixed,2,mixed,spike_fixed_2f_mixed,0.006626791430704489,2.7992578047197902e-08,0.010022856614455749,0.006397284740148279,0.0075061380753308786,3.128866652201139,1.000014349316662,0.6153846153846154,0.0,0.013186232802234816
eedcd7c58526,deer_horn,Corrected,dropout,short,3,index,dropout_short_3f_index,0.0007034795187687596,1.3660378272994933e-08,8.537736223557246e-08,0.0010573099957474285,0.0021172009061451312,0.9999999816089697,1.0,1.0,0.0,0.0
eedcd7c58526,deer_horn,Fixed OA,dropout,short,3,index,dropout_short_3f_index,0.00044888793512408876,2.845912074056489e-08,0.0003385962384207181,0.0005702200982612675,0.0007417950638709096,1.0015863421441722,1.0,1.0,0.0,0.04048585047773416
eee4b32d4fd5,three_finger_bent,Corrected,spike,fixed,3,mixed,spike_fixed_3f_mixed,0.002023243790172475,2.173960611528969e-08,1.4026966062008482e-07,0.0016054341760190444,0.003093256073533179,1.0000000264396602,1.0000000237495934,1.0,0.0,0.0
eee4b32d4fd5,three_finger_bent,Fixed OA,spike,fixed,3,mixed,spike_fixed_3f_mixed,0.001750561623734695,0.0,0.0018015907580280618,0.001276150972510648,0.0015487188354464665,1.0056297608148006,1.0,1.0,0.0,0.029629196545044447
ef78d436972e,flower_pinch,Corrected,spike,fixed,2,mixed,spike_fixed_2f_mixed,0.007105561064865618,2.0994433538867874e-08,1.2596660123181946e-07,0.00742378786066223,0.014857096294138408,1.1594416999292791,1.0000001473945335,0.75,0.0,0.0
ef78d436972e,flower_pinch,Fixed OA,spike,fixed,2,mixed,spike_fixed_2f_mixed,0.006024505274623573,0.0,0.0063372894329528804,0.005780060803906551,0.00670372073653663,1.1976639264845543,1.0,0.7058823529411765,0.0,0.008200439735408554
ef8799305102,flower_pinch,Corrected,spike,fixed,1,mixed,spike_fixed_1f_mixed,0.002385262261395789,2.0994433535398427e-08,1.3996289022211172e-07,0.004889766790774177,0.01003027663783356,1.072146806524297,1.000000032359082,0.8125,0.0,0.0
ef8799305102,flower_pinch,Fixed OA,spike,fixed,1,mixed,spike_fixed_1f_mixed,0.0020433703102081644,1.3996289016660057e-08,0.0010973989751847592,0.002394029577303593,0.0034202378041463533,1.0057414887632754,1.0000003723371804,1.0,0.0,0.035858051596199786
f03cc7c2c2f4,prayer_beads,Corrected,dropout,short,3,middle,dropout_short_3f_middle,0.005284469627417836,1.5810622644440997e-08,1.6338334661303325e-07,0.005131226632411697,0.008148798746853087,1.3619589446781204,1.000000078230952,0.7692307692307693,0.0,0.0
f03cc7c2c2f4,prayer_beads,Fixed OA,dropout,short,3,middle,dropout_short_3f_middle,0.0042069614582766575,4.09811348189848e-08,0.009343244271909116,0.0036279817475645846,0.003371525354595872,1.1820842310126696,1.0001490050842419,0.7142857142857143,0.0,0.040233242762748665
f0b24a58900a,prayer_beads,Corrected,dropout,short,5,thumb,dropout_short_5f_thumb,0.0043541744972286495,2.371593393890592e-08,1.6384968837268585e-07,0.002280096320458677,0.0036285920074038535,0.9999999632067557,1.0,1.0,0.0,0.0
f0b24a58900a,prayer_beads,Fixed OA,dropout,short,5,thumb,dropout_short_5f_thumb,0.0033826599941431577,2.0994433538867874e-08,0.0031183862500262934,0.0017777682822540171,0.001699762699227016,1.0053570392491746,0.9999999650252834,0.9411764705882353,0.0,0.027373564173195118
f0eea42356eb,prayer_beads,Corrected,gaussian,medium,0,all,gaussian_medium,0.102716909723984,0.06732270786973593,0.314339583523851,0.13318716602791458,0.23293860652269735,1.0587747486199555,1.0,0.8125,0.0,0.0
f0eea42356eb,prayer_beads,Fixed OA,gaussian,medium,0,all,gaussian_medium,0.058226355058585214,0.040641416747898,0.17171671163016583,0.049175186820179066,0.07347929710906816,1.025004899302866,1.0020439668477719,0.8235294117647058,0.0,0.0018444615068086145
f1830d7435e4,deer_horn,Corrected,spike,fixed,3,mixed,spike_fixed_3f_mixed,0.008540490992888759,1.4876358617188501e-08,1.7495361280539523e-07,0.009232802328975331,0.017134009908709523,1.270302337528412,1.0000002764819054,0.75,0.0,0.0
f1830d7435e4,deer_horn,Fixed OA,spike,fixed,3,mixed,spike_fixed_3f_mixed,0.00687776963514522,0.0,0.03101272768827773,0.005129558290559021,0.0072309387285613095,1.2178075613473098,1.0,0.7058823529411765,0.0,0.0036907654304537693
f1c7f228cedd,three_finger_bent,Corrected,spike,fixed,2,mixed,spike_fixed_2f_mixed,0.009275966431951332,2.7320756525173184e-08,1.4206233360184558e-07,0.009620309339712842,0.01971144282246477,2.1863409886474017,1.0000000221302279,0.7333333333333333,0.0,0.0
f1c7f228cedd,three_finger_bent,Fixed OA,spike,fixed,2,mixed,spike_fixed_2f_mixed,0.007484223405819902,0.0,0.010594960612643468,0.007276794009019725,0.008514983464974294,2.2110969519575185,1.0,0.7058823529411765,0.0,0.04012174128963841
f25e3cbe53c1,deer_horn,Corrected,dropout,short,3,index,dropout_short_3f_index,0.0030726273194445273,1.3660378272994933e-08,1.1197031218879161e-07,0.0034636799374759913,0.006650804955077914,1.003229967903085,0.9999999991452124,1.0,0.0,0.0
f25e3cbe53c1,deer_horn,Fixed OA,dropout,short,3,index,dropout_short_3f_index,0.0024734621370273713,0.0,0.005009431466667685,0.0021249724015354196,0.002539185042288793,1.0256222815917622,1.0,0.9411764705882353,0.0,0.0
f26082036e3f,prayer_beads,Corrected,dropout,short,3,middle,dropout_short_3f_middle,0.000490625956055887,1.3996289024032632e-08,1.5290309526294598e-07,0.0008314186880026148,0.0014146201506229177,1.0002108337907487,1.0,1.0,0.0,0.0
f26082036e3f,prayer_beads,Fixed OA,dropout,short,3,middle,dropout_short_3f_middle,0.0003365951475275265,2.0994433538867874e-08,0.00048695768110568226,0.0003319886710033955,0.0005739274280413243,0.9992227827305525,1.0000000336945147,1.0,0.0,0.03999037489747032
f26e45eb7249,prayer_beads,Corrected,gaussian,medium,0,all,gaussian_medium,0.0977324480742196,0.07158794675229847,0.2929684575431671,0.11437619851191899,0.19701551428891503,5.081839048695501,2.617602979592658,0.0,0.0,0.0
f26e45eb7249,prayer_beads,Fixed OA,gaussian,medium,0,all,gaussian_medium,0.05828147265734909,0.043096092633210716,0.16127144878806834,0.04327855429766965,0.06489105710567696,3.663938777312772,1.8880322883785152,0.06666666666666667,0.0,0.027881279557538115
f286e3bd08ff,flower_pinch,Corrected,spike,fixed,1,mixed,spike_fixed_1f_mixed,0.0036598772598098227,1.3660378272994933e-08,1.3199577111877578e-07,0.0075811590353049955,0.01572386885892563,1.2461204987684438,1.0000000502546857,0.8125,0.0,0.0
f286e3bd08ff,flower_pinch,Fixed OA,spike,fixed,1,mixed,spike_fixed_1f_mixed,0.0031877583009338843,4.198886707773575e-08,0.0037565999263842165,0.003769911276685297,0.00558514975079862,1.166710276474486,1.0000015421941844,0.8235294117647058,0.0,0.029796944638098656
f2b323c2533c,prayer_beads,Corrected,dropout,short,3,middle,dropout_short_3f_middle,0.004078110583912715,1.4112924694338613e-08,1.889887787338144e-07,0.00702731562589489,0.01059383541628175,1.3842421605583952,1.0000001045948803,0.7142857142857143,0.0,0.0
f2b323c2533c,prayer_beads,Fixed OA,dropout,short,3,middle,dropout_short_3f_middle,0.0025561607806041677,0.0,0.006738257325778144,0.002305239115768687,0.004370978742095628,1.0993034485934319,1.0,0.7857142857142857,0.0,0.04013744252993484
f2e413cd96f3,deer_horn,Corrected,gaussian,severe,0,all,gaussian_severe,0.17099666974365038,0.11204993578597686,0.522137818378835,0.19939671373295137,0.3447648559797706,1.5765112145524696,1.240150589153998,0.25,0.0,0.0
f2e413cd96f3,deer_horn,Fixed OA,gaussian,severe,0,all,gaussian_severe,0.10531707310778851,0.07317019062306557,0.29663010037247295,0.07485070933835034,0.11164966855621514,1.4295519780639354,1.4188566328588772,0.17647058823529413,0.058823529411764705,0.0010072479918048658
f2f5ee4d38b5,three_finger_bent,Corrected,spike,fixed,1,mixed,spike_fixed_1f_mixed,0.002500262831308963,2.7320756545989866e-08,1.573875621357912e-07,0.005135645741807043,0.01055658763360673,1.350357788118974,0.9999999674979339,0.8125,0.0,0.0
f2f5ee4d38b5,three_finger_bent,Fixed OA,spike,fixed,1,mixed,spike_fixed_1f_mixed,0.0022090786591222275,0.0,0.0009923268198470739,0.0024058880042433064,0.003514223390699687,1.1709073006115878,1.0,0.7647058823529411,0.0,0.04195655412313588
f35e0605c235,three_finger_bent,Corrected,spike,fixed,3,mixed,spike_fixed_3f_mixed,0.0074375112422387655,2.0994433535398427e-08,1.3996289023924212e-07,0.006393116276375075,0.012854057974485258,1.4368167842244965,1.0000002611614711,0.8125,0.0,0.0
f35e0605c235,three_finger_bent,Fixed OA,spike,fixed,3,mixed,spike_fixed_3f_mixed,0.0055085918463083005,0.0,0.009486631720692612,0.004228841732249241,0.005303609548879175,1.4512589541568057,1.0000044534677506,0.875,0.0,0.0285372439187489
f3f4bc4b790b,prayer_beads,Corrected,gaussian,medium,0,all,gaussian_medium,0.09255404358803994,0.06551847299733538,0.28665481729174325,0.1049773877182371,0.17977273987546905,3.7159272724715295,2.1761323293350308,0.125,0.0,0.0
f3f4bc4b790b,prayer_beads,Fixed OA,gaussian,medium,0,all,gaussian_medium,0.05641884950638822,0.044001365704890466,0.16390872121520228,0.040518771851412054,0.05908395378894336,2.6749059744223747,1.8113331015186,0.125,0.0,0.03363645962476344
f406413c3d58,prayer_beads,Corrected,dropout,short,5,index,dropout_short_5f_index,0.0007357797950566404,1.3996289023598951e-08,1.1896845670752998e-07,0.0007354054905017886,0.0014278208688016994,1.0734973864029846,1.0,0.7333333333333333,0.0,0.0
f406413c3d58,prayer_beads,Fixed OA,dropout,short,5,index,dropout_short_5f_index,0.0006116078556658685,2.8459120726687104e-08,0.0024507568418456185,0.000475561546945175,0.0006002747384846127,1.0648079934185117,1.0000006471744198,0.7692307692307693,0.0,0.04206822603055026
f43069368ec6,orchid_finger,Corrected,dropout,short,5,thumb,dropout_short_5f_thumb,0.0027014760268708744,1.3660378272994933e-08,1.4034635331672263e-07,0.0031225188043569586,0.004800607630474849,1.017467596368836,1.0000000173074066,0.875,0.0,0.0
f43069368ec6,orchid_finger,Fixed OA,dropout,short,5,thumb,dropout_short_5f_thumb,0.002371768941153096,4.743186793332299e-08,0.0053449226662491515,0.0021411353908541114,0.002219428771640058,1.0379997900719264,0.9999999840261252,0.8125,0.0,0.01776495779908915
f499a3f8c193,prayer_beads,Corrected,spike,fixed,3,mixed,spike_fixed_3f_mixed,0.007467540008425816,1.3660378272994933e-08,1.427483630078719e-07,0.005576650692720481,0.011432118877834005,1.1644483918221158,1.0000000308097492,0.875,0.0,0.0
f499a3f8c193,prayer_beads,Fixed OA,spike,fixed,3,mixed,spike_fixed_3f_mixed,0.00588869491613245,0.0,0.0020632237075856527,0.004317242331512179,0.005129141576846551,1.2136478691613624,1.0,0.875,0.0,0.018395889513854298
f631b47141c7,orchid_finger,Corrected,gaussian,severe,0,all,gaussian_severe,0.18435078689204124,0.12127947080442647,0.6184934051265955,0.21461701683014037,0.3660655465470774,2.4875465707039277,2.1280132088196577,0.125,0.0,0.0
f631b47141c7,orchid_finger,Fixed OA,gaussian,severe,0,all,gaussian_severe,0.10758068491049826,0.07122174598349018,0.33748255707311176,0.0836065867240239,0.12160960992364164,1.8921186036806934,1.467295114396887,0.125,0.0625,0.03611741322529492
f6e089c6ee0b,flower_pinch,Corrected,dropout,short,5,index,dropout_short_5f_index,0.0018262233722581532,2.0994433524990086e-08,1.4229560374445782e-07,0.0015857727450726098,0.0026492603896609893,1.0685678408580763,1.0,0.875,0.0,0.0
f6e089c6ee0b,flower_pinch,Fixed OA,dropout,short,5,index,dropout_short_5f_index,0.0014163368428111883,0.0,7.918522694418084e-06,0.0010070185326507405,0.0011636801114802884,1.041049791213512,1.0,0.8823529411764706,0.0,0.0
f7c4c9d9223b,three_finger_bent,Corrected,dropout,short,5,middle,dropout_short_5f_middle,0.014015300717206762,2.7320756490478715e-08,3.058825350232837e-07,0.012328684155025613,0.020593910267857223,1.0393546683928485,1.0000000388461718,0.8125,0.0,0.0
f7c4c9d9223b,three_finger_bent,Fixed OA,dropout,short,5,middle,dropout_short_5f_middle,0.009726655012789296,2.7992578033320115e-08,0.036722138742994195,0.006825712738042112,0.008836095165272787,1.048918955360268,1.0,0.8235294117647058,0.0,0.03831044636824992
f85ee5c0252c,flower_pinch,Corrected,dropout,short,3,middle,dropout_short_3f_middle,0.003585296243573067,2.7320756532112078e-08,1.258775339345318e-07,0.0031630530983103684,0.00508812461750038,1.105317365509534,1.0000002271341015,0.75,0.0,0.0
f85ee5c0252c,flower_pinch,Fixed OA,dropout,short,3,middle,dropout_short_3f_middle,0.002937477794857712,3.617165969527214e-09,0.005481845391027345,0.002259418215242079,0.002577231844439582,1.1035475285633953,1.0,0.6875,0.0,0.04055055942467414
f8c41f8182b0,orchid_finger,Corrected,dropout,short,3,thumb,dropout_short_3f_thumb,0.009098496297926181,1.3660378272994933e-08,2.5193320241090333e-07,0.011104412477508228,0.02092647153575006,0.9845353687592753,0.9999999930078495,0.875,0.0625,0.0
f8c41f8182b0,orchid_finger,Fixed OA,dropout,short,3,thumb,dropout_short_3f_thumb,0.006369240958233678,5.598515617766253e-08,0.015449266750675567,0.006372896182998009,0.007607119969543868,0.973379995229651,1.0,0.9411764705882353,0.058823529411764705,0.0113849943825894
f94a82f53977,flower_pinch,Corrected,dropout,short,3,middle,dropout_short_3f_middle,0.00264504793761468,2.732075651823429e-08,1.6336527997040662e-07,0.004008276166296213,0.007624084325168532,1.0123603564738923,0.9999999859286288,0.9375,0.0,0.0
f94a82f53977,flower_pinch,Fixed OA,dropout,short,3,middle,dropout_short_3f_middle,0.0021448514867082966,2.1891631341031115e-08,0.0029920589608106,0.002214835886015648,0.0028096016197895713,1.0030425283912314,1.0000014700569175,1.0,0.0,0.03256501871093898
f9c70a8fc4e4,orchid_palm,Corrected,dropout,short,3,middle,dropout_short_3f_middle,0.0019554502428432933,1.1695529454625042e-08,1.102207760617091e-07,0.0033848840621689357,0.005803533060421926,1.008115763182726,1.0,0.9375,0.0,0.0
f9c70a8fc4e4,orchid_palm,Fixed OA,dropout,short,3,middle,dropout_short_3f_middle,0.0012850156103597224,0.0,0.0024107503444791845,0.0016103901045506303,0.002149872619472074,1.0032127455311777,1.0,1.0,0.0,0.03273501763742361
fbcd89dd30a3,prayer_beads,Corrected,gaussian,medium,0,all,gaussian_medium,0.10162609720389017,0.07246433780547425,0.3111238914706291,0.11177924370723938,0.18733506930496424,5.873264517383361,5.665962475206068,0.07692307692307693,0.0,0.0
fbcd89dd30a3,prayer_beads,Fixed OA,gaussian,medium,0,all,gaussian_medium,0.0602264708042221,0.0447332365661125,0.17178038145263452,0.043667033181510335,0.062353164183905435,3.597434604943687,2.7357713704285977,0.07692307692307693,0.0,0.03852285412020573
fbd9a6c1e22c,orchid_finger,Corrected,dropout,short,3,index,dropout_short_3f_index,0.002047301345076407,1.3660378272994933e-08,1.6795546826653406e-07,0.002348720807182543,0.0033008875292457715,1.0233223191902678,1.0000000096731902,0.9375,0.0,0.0
fbd9a6c1e22c,orchid_finger,Fixed OA,dropout,short,3,index,dropout_short_3f_index,0.0015517597918232751,0.0,0.001674789888444122,0.0010910785799190525,0.001278565983276006,1.0144474305318996,1.0,0.9411764705882353,0.0,0.025746663529631755
fc3e749cb1f3,flower_pinch,Corrected,gaussian,medium,0,all,gaussian_medium,0.08474010670726935,0.0536136406110696,0.2715599745883377,0.11142703890341553,0.19714948921582692,1.413607212699213,1.4246678475047596,0.1875,0.0,0.0
fc3e749cb1f3,flower_pinch,Fixed OA,gaussian,medium,0,all,gaussian_medium,0.04732384669185447,0.03276445870157495,0.14329697579557232,0.04216868151274706,0.062344101343859724,1.2567407895564897,1.2635010700179525,0.35294117647058826,0.0,0.03976039192968377
fccdc04e24f5,prayer_beads,Corrected,spike,fixed,2,mixed,spike_fixed_2f_mixed,0.0065868627922644,1.366037827126021e-08,1.0863639739637855e-07,0.006997305046912956,0.014051979964792245,1.2151792385852649,1.0000003088300375,0.8,0.0,0.0
fccdc04e24f5,prayer_beads,Fixed OA,spike,fixed,2,mixed,spike_fixed_2f_mixed,0.006208723998068793,0.0,0.009082630475268461,0.005731170573580256,0.006454838947095503,1.2396504053710522,1.0,0.8,0.0,0.04019011694854743
fce4f9cebbe7,prayer_beads,Corrected,spike,fixed,3,mixed,spike_fixed_3f_mixed,0.01462262961971518,1.4229560363343552e-08,1.1454796103593779e-07,0.010116608478650129,0.020786601527240732,4.033140166567795,1.0000004292563616,0.75,0.0,0.0
fce4f9cebbe7,prayer_beads,Fixed OA,spike,fixed,3,mixed,spike_fixed_3f_mixed,0.011104174333259595,0.0,0.020671778092589164,0.008161505693168408,0.009505339906629846,3.053111087280097,1.0000002232795981,0.6666666666666666,0.0,0.0030073546299934036
fd6be5c6b2e3,prayer_beads,Corrected,dropout,short,3,index,dropout_short_3f_index,0.005797606554688307,1.366037827126021e-08,1.110297620871003e-07,0.005534228601170627,0.005648035574511021,2.5825385138745633,1.0,0.7142857142857143,0.0,0.0
fd6be5c6b2e3,prayer_beads,Fixed OA,dropout,short,3,index,dropout_short_3f_index,0.004534721267155395,0.0,0.011626598121925643,0.0029962940680770783,0.002718798988742366,2.0936599935535205,1.0,0.6428571428571429,0.0,0.04126705045424256
fe0830cc7db3,three_finger_bent,Corrected,gaussian,medium,0,all,gaussian_medium,0.09949425955702312,0.06817974858566679,0.2923104443624855,0.12080394915804998,0.20868677646849237,1.6069751307898517,1.3819447855118225,0.125,0.0625,0.0
fe0830cc7db3,three_finger_bent,Fixed OA,gaussian,medium,0,all,gaussian_medium,0.05894471409555622,0.04422734812138468,0.16406373184483578,0.04652662946620998,0.06753121470573059,1.512711850716877,1.3685025187688586,0.11764705882352941,0.0,0.03624439782208041
fe356bb47a53,orchid_palm,Corrected,gaussian,medium,0,all,gaussian_medium,0.09498199695526392,0.06509954693306408,0.2914299305461418,0.11219870379329502,0.195292894119269,1.4993572450649046,1.3993208760521998,0.1875,0.0,0.0
fe356bb47a53,orchid_palm,Fixed OA,gaussian,medium,0,all,gaussian_medium,0.05683212617303317,0.04314404330524282,0.1582594625290293,0.04240598318438468,0.06239353523963681,1.3088675266074798,1.2689201444358171,0.29411764705882354,0.0,0.034816404520219064
fe91df670e61,prayer_beads,Corrected,dropout,short,5,middle,dropout_short_5f_middle,0.00502537886668892,1.3660378272994933e-08,1.4229560374445782e-07,0.002784799808382875,0.004775801773939731,1.145049211880382,1.0000001219388928,0.75,0.0,0.0
fe91df670e61,prayer_beads,Fixed OA,dropout,short,5,middle,dropout_short_5f_middle,0.004058858758954256,0.0,0.012507781291272767,0.0022817143685270724,0.0023255284595088467,1.1707188395778436,1.0,0.6875,0.0,0.03916613499336071
ff214b889ee0,three_finger_bent,Corrected,gaussian,medium,0,all,gaussian_medium,0.07859037369432974,0.05569981562916726,0.22753113183132465,0.10215350221421161,0.17451234782169533,2.966512980509326,2.0137992299988507,0.0,0.0,0.0
ff214b889ee0,three_finger_bent,Fixed OA,gaussian,medium,0,all,gaussian_medium,0.04615957184871401,0.031988322616141596,0.1366148370619013,0.04086639258104304,0.0582099778409541,1.8629055870656201,1.7094035644214243,0.0625,0.0,0.018075754037512628
