shot,classifier,feature_set,true_label,predicted_label,count
1,knn,corrected,deer_horn,deer_horn,536
1,knn,corrected,deer_horn,flower_pinch,171
1,knn,corrected,deer_horn,orchid_finger,114
1,knn,corrected,deer_horn,orchid_palm,60
1,knn,corrected,deer_horn,prayer_beads,16
1,knn,corrected,deer_horn,three_finger_bent,53
1,knn,corrected,flower_pinch,deer_horn,101
1,knn,corrected,flower_pinch,flower_pinch,446
1,knn,corrected,flower_pinch,orchid_finger,47
1,knn,corrected,flower_pinch,orchid_palm,148
1,knn,corrected,flower_pinch,prayer_beads,20
1,knn,corrected,flower_pinch,three_finger_bent,188
1,knn,corrected,orchid_finger,deer_horn,206
1,knn,corrected,orchid_finger,flower_pinch,130
1,knn,corrected,orchid_finger,orchid_finger,394
1,knn,corrected,orchid_finger,orchid_palm,93
1,knn,corrected,orchid_finger,prayer_beads,31
1,knn,corrected,orchid_finger,three_finger_bent,71
1,knn,corrected,orchid_palm,deer_horn,83
1,knn,corrected,orchid_palm,flower_pinch,248
1,knn,corrected,orchid_palm,orchid_finger,119
1,knn,corrected,orchid_palm,orchid_palm,451
1,knn,corrected,orchid_palm,prayer_beads,98
1,knn,corrected,orchid_palm,three_finger_bent,101
1,knn,corrected,prayer_beads,deer_horn,44
1,knn,corrected,prayer_beads,flower_pinch,93
1,knn,corrected,prayer_beads,orchid_finger,66
1,knn,corrected,prayer_beads,orchid_palm,67
1,knn,corrected,prayer_beads,prayer_beads,627
1,knn,corrected,prayer_beads,three_finger_bent,28
1,knn,corrected,three_finger_bent,deer_horn,30
1,knn,corrected,three_finger_bent,flower_pinch,174
1,knn,corrected,three_finger_bent,orchid_finger,14
1,knn,corrected,three_finger_bent,orchid_palm,39
1,knn,corrected,three_finger_bent,prayer_beads,14
1,knn,corrected,three_finger_bent,three_finger_bent,629
1,knn,joint_angle,deer_horn,deer_horn,503
1,knn,joint_angle,deer_horn,flower_pinch,200
1,knn,joint_angle,deer_horn,orchid_finger,143
1,knn,joint_angle,deer_horn,orchid_palm,69
1,knn,joint_angle,deer_horn,prayer_beads,5
1,knn,joint_angle,deer_horn,three_finger_bent,30
1,knn,joint_angle,flower_pinch,deer_horn,96
1,knn,joint_angle,flower_pinch,flower_pinch,541
1,knn,joint_angle,flower_pinch,orchid_finger,30
1,knn,joint_angle,flower_pinch,orchid_palm,144
1,knn,joint_angle,flower_pinch,prayer_beads,16
1,knn,joint_angle,flower_pinch,three_finger_bent,123
1,knn,joint_angle,orchid_finger,deer_horn,189
1,knn,joint_angle,orchid_finger,flower_pinch,122
1,knn,joint_angle,orchid_finger,orchid_finger,447
1,knn,joint_angle,orchid_finger,orchid_palm,74
1,knn,joint_angle,orchid_finger,prayer_beads,17
1,knn,joint_angle,orchid_finger,three_finger_bent,76
1,knn,joint_angle,orchid_palm,deer_horn,61
1,knn,joint_angle,orchid_palm,flower_pinch,318
1,knn,joint_angle,orchid_palm,orchid_finger,76
1,knn,joint_angle,orchid_palm,orchid_palm,456
1,knn,joint_angle,orchid_palm,prayer_beads,150
1,knn,joint_angle,orchid_palm,three_finger_bent,39
1,knn,joint_angle,prayer_beads,deer_horn,45
1,knn,joint_angle,prayer_beads,flower_pinch,72
1,knn,joint_angle,prayer_beads,orchid_finger,41
1,knn,joint_angle,prayer_beads,orchid_palm,179
1,knn,joint_angle,prayer_beads,prayer_beads,552
1,knn,joint_angle,prayer_beads,three_finger_bent,36
1,knn,joint_angle,three_finger_bent,deer_horn,8
1,knn,joint_angle,three_finger_bent,flower_pinch,141
1,knn,joint_angle,three_finger_bent,orchid_finger,7
1,knn,joint_angle,three_finger_bent,orchid_palm,35
1,knn,joint_angle,three_finger_bent,prayer_beads,33
1,knn,joint_angle,three_finger_bent,three_finger_bent,676
1,knn,optimized_action,deer_horn,deer_horn,550
1,knn,optimized_action,deer_horn,flower_pinch,163
1,knn,optimized_action,deer_horn,orchid_finger,112
1,knn,optimized_action,deer_horn,orchid_palm,57
1,knn,optimized_action,deer_horn,prayer_beads,19
1,knn,optimized_action,deer_horn,three_finger_bent,49
1,knn,optimized_action,flower_pinch,deer_horn,102
1,knn,optimized_action,flower_pinch,flower_pinch,421
1,knn,optimized_action,flower_pinch,orchid_finger,51
1,knn,optimized_action,flower_pinch,orchid_palm,143
1,knn,optimized_action,flower_pinch,prayer_beads,21
1,knn,optimized_action,flower_pinch,three_finger_bent,212
1,knn,optimized_action,orchid_finger,deer_horn,216
1,knn,optimized_action,orchid_finger,flower_pinch,122
1,knn,optimized_action,orchid_finger,orchid_finger,374
1,knn,optimized_action,orchid_finger,orchid_palm,109
1,knn,optimized_action,orchid_finger,prayer_beads,30
1,knn,optimized_action,orchid_finger,three_finger_bent,74
1,knn,optimized_action,orchid_palm,deer_horn,93
1,knn,optimized_action,orchid_palm,flower_pinch,232
1,knn,optimized_action,orchid_palm,orchid_finger,121
1,knn,optimized_action,orchid_palm,orchid_palm,434
1,knn,optimized_action,orchid_palm,prayer_beads,104
1,knn,optimized_action,orchid_palm,three_finger_bent,116
1,knn,optimized_action,prayer_beads,deer_horn,43
1,knn,optimized_action,prayer_beads,flower_pinch,69
1,knn,optimized_action,prayer_beads,orchid_finger,56
1,knn,optimized_action,prayer_beads,orchid_palm,99
1,knn,optimized_action,prayer_beads,prayer_beads,623
1,knn,optimized_action,prayer_beads,three_finger_bent,35
1,knn,optimized_action,three_finger_bent,deer_horn,28
1,knn,optimized_action,three_finger_bent,flower_pinch,187
1,knn,optimized_action,three_finger_bent,orchid_finger,23
1,knn,optimized_action,three_finger_bent,orchid_palm,55
1,knn,optimized_action,three_finger_bent,prayer_beads,7
1,knn,optimized_action,three_finger_bent,three_finger_bent,600
1,knn,optimized_full,deer_horn,deer_horn,288
1,knn,optimized_full,deer_horn,flower_pinch,133
1,knn,optimized_full,deer_horn,orchid_finger,163
1,knn,optimized_full,deer_horn,orchid_palm,109
1,knn,optimized_full,deer_horn,prayer_beads,81
1,knn,optimized_full,deer_horn,three_finger_bent,176
1,knn,optimized_full,flower_pinch,deer_horn,143
1,knn,optimized_full,flower_pinch,flower_pinch,230
1,knn,optimized_full,flower_pinch,orchid_finger,160
1,knn,optimized_full,flower_pinch,orchid_palm,139
1,knn,optimized_full,flower_pinch,prayer_beads,60
1,knn,optimized_full,flower_pinch,three_finger_bent,218
1,knn,optimized_full,orchid_finger,deer_horn,158
1,knn,optimized_full,orchid_finger,flower_pinch,145
1,knn,optimized_full,orchid_finger,orchid_finger,240
1,knn,optimized_full,orchid_finger,orchid_palm,174
1,knn,optimized_full,orchid_finger,prayer_beads,78
1,knn,optimized_full,orchid_finger,three_finger_bent,130
1,knn,optimized_full,orchid_palm,deer_horn,163
1,knn,optimized_full,orchid_palm,flower_pinch,157
1,knn,optimized_full,orchid_palm,orchid_finger,202
1,knn,optimized_full,orchid_palm,orchid_palm,268
1,knn,optimized_full,orchid_palm,prayer_beads,155
1,knn,optimized_full,orchid_palm,three_finger_bent,155
1,knn,optimized_full,prayer_beads,deer_horn,87
1,knn,optimized_full,prayer_beads,flower_pinch,80
1,knn,optimized_full,prayer_beads,orchid_finger,115
1,knn,optimized_full,prayer_beads,orchid_palm,89
1,knn,optimized_full,prayer_beads,prayer_beads,424
1,knn,optimized_full,prayer_beads,three_finger_bent,130
1,knn,optimized_full,three_finger_bent,deer_horn,110
1,knn,optimized_full,three_finger_bent,flower_pinch,163
1,knn,optimized_full,three_finger_bent,orchid_finger,175
1,knn,optimized_full,three_finger_bent,orchid_palm,103
1,knn,optimized_full,three_finger_bent,prayer_beads,52
1,knn,optimized_full,three_finger_bent,three_finger_bent,297
1,knn,raw,deer_horn,deer_horn,367
1,knn,raw,deer_horn,flower_pinch,120
1,knn,raw,deer_horn,orchid_finger,174
1,knn,raw,deer_horn,orchid_palm,138
1,knn,raw,deer_horn,prayer_beads,47
1,knn,raw,deer_horn,three_finger_bent,104
1,knn,raw,flower_pinch,deer_horn,183
1,knn,raw,flower_pinch,flower_pinch,244
1,knn,raw,flower_pinch,orchid_finger,95
1,knn,raw,flower_pinch,orchid_palm,178
1,knn,raw,flower_pinch,prayer_beads,108
1,knn,raw,flower_pinch,three_finger_bent,142
1,knn,raw,orchid_finger,deer_horn,216
1,knn,raw,orchid_finger,flower_pinch,97
1,knn,raw,orchid_finger,orchid_finger,249
1,knn,raw,orchid_finger,orchid_palm,167
1,knn,raw,orchid_finger,prayer_beads,90
1,knn,raw,orchid_finger,three_finger_bent,106
1,knn,raw,orchid_palm,deer_horn,221
1,knn,raw,orchid_palm,flower_pinch,219
1,knn,raw,orchid_palm,orchid_finger,149
1,knn,raw,orchid_palm,orchid_palm,282
1,knn,raw,orchid_palm,prayer_beads,109
1,knn,raw,orchid_palm,three_finger_bent,120
1,knn,raw,prayer_beads,deer_horn,146
1,knn,raw,prayer_beads,flower_pinch,151
1,knn,raw,prayer_beads,orchid_finger,118
1,knn,raw,prayer_beads,orchid_palm,156
1,knn,raw,prayer_beads,prayer_beads,224
1,knn,raw,prayer_beads,three_finger_bent,130
1,knn,raw,three_finger_bent,deer_horn,140
1,knn,raw,three_finger_bent,flower_pinch,168
1,knn,raw,three_finger_bent,orchid_finger,117
1,knn,raw,three_finger_bent,orchid_palm,139
1,knn,raw,three_finger_bent,prayer_beads,126
1,knn,raw,three_finger_bent,three_finger_bent,210
1,knn,raw_pca11,deer_horn,deer_horn,507
1,knn,raw_pca11,deer_horn,flower_pinch,129
1,knn,raw_pca11,deer_horn,orchid_finger,137
1,knn,raw_pca11,deer_horn,orchid_palm,63
1,knn,raw_pca11,deer_horn,prayer_beads,30
1,knn,raw_pca11,deer_horn,three_finger_bent,84
1,knn,raw_pca11,flower_pinch,deer_horn,103
1,knn,raw_pca11,flower_pinch,flower_pinch,365
1,knn,raw_pca11,flower_pinch,orchid_finger,97
1,knn,raw_pca11,flower_pinch,orchid_palm,189
1,knn,raw_pca11,flower_pinch,prayer_beads,83
1,knn,raw_pca11,flower_pinch,three_finger_bent,113
1,knn,raw_pca11,orchid_finger,deer_horn,142
1,knn,raw_pca11,orchid_finger,flower_pinch,124
1,knn,raw_pca11,orchid_finger,orchid_finger,352
1,knn,raw_pca11,orchid_finger,orchid_palm,130
1,knn,raw_pca11,orchid_finger,prayer_beads,70
1,knn,raw_pca11,orchid_finger,three_finger_bent,107
1,knn,raw_pca11,orchid_palm,deer_horn,93
1,knn,raw_pca11,orchid_palm,flower_pinch,273
1,knn,raw_pca11,orchid_palm,orchid_finger,134
1,knn,raw_pca11,orchid_palm,orchid_palm,374
1,knn,raw_pca11,orchid_palm,prayer_beads,131
1,knn,raw_pca11,orchid_palm,three_finger_bent,95
1,knn,raw_pca11,prayer_beads,deer_horn,67
1,knn,raw_pca11,prayer_beads,flower_pinch,139
1,knn,raw_pca11,prayer_beads,orchid_finger,111
1,knn,raw_pca11,prayer_beads,orchid_palm,172
1,knn,raw_pca11,prayer_beads,prayer_beads,344
1,knn,raw_pca11,prayer_beads,three_finger_bent,92
1,knn,raw_pca11,three_finger_bent,deer_horn,97
1,knn,raw_pca11,three_finger_bent,flower_pinch,166
1,knn,raw_pca11,three_finger_bent,orchid_finger,100
1,knn,raw_pca11,three_finger_bent,orchid_palm,76
1,knn,raw_pca11,three_finger_bent,prayer_beads,80
1,knn,raw_pca11,three_finger_bent,three_finger_bent,381
1,knn,raw_pca17,deer_horn,deer_horn,580
1,knn,raw_pca17,deer_horn,flower_pinch,118
1,knn,raw_pca17,deer_horn,orchid_finger,81
1,knn,raw_pca17,deer_horn,orchid_palm,53
1,knn,raw_pca17,deer_horn,prayer_beads,36
1,knn,raw_pca17,deer_horn,three_finger_bent,82
1,knn,raw_pca17,flower_pinch,deer_horn,119
1,knn,raw_pca17,flower_pinch,flower_pinch,348
1,knn,raw_pca17,flower_pinch,orchid_finger,104
1,knn,raw_pca17,flower_pinch,orchid_palm,189
1,knn,raw_pca17,flower_pinch,prayer_beads,63
1,knn,raw_pca17,flower_pinch,three_finger_bent,127
1,knn,raw_pca17,orchid_finger,deer_horn,198
1,knn,raw_pca17,orchid_finger,flower_pinch,107
1,knn,raw_pca17,orchid_finger,orchid_finger,355
1,knn,raw_pca17,orchid_finger,orchid_palm,96
1,knn,raw_pca17,orchid_finger,prayer_beads,62
1,knn,raw_pca17,orchid_finger,three_finger_bent,107
1,knn,raw_pca17,orchid_palm,deer_horn,156
1,knn,raw_pca17,orchid_palm,flower_pinch,242
1,knn,raw_pca17,orchid_palm,orchid_finger,125
1,knn,raw_pca17,orchid_palm,orchid_palm,380
1,knn,raw_pca17,orchid_palm,prayer_beads,88
1,knn,raw_pca17,orchid_palm,three_finger_bent,109
1,knn,raw_pca17,prayer_beads,deer_horn,131
1,knn,raw_pca17,prayer_beads,flower_pinch,129
1,knn,raw_pca17,prayer_beads,orchid_finger,71
1,knn,raw_pca17,prayer_beads,orchid_palm,124
1,knn,raw_pca17,prayer_beads,prayer_beads,377
1,knn,raw_pca17,prayer_beads,three_finger_bent,93
1,knn,raw_pca17,three_finger_bent,deer_horn,140
1,knn,raw_pca17,three_finger_bent,flower_pinch,175
1,knn,raw_pca17,three_finger_bent,orchid_finger,79
1,knn,raw_pca17,three_finger_bent,orchid_palm,83
1,knn,raw_pca17,three_finger_bent,prayer_beads,58
1,knn,raw_pca17,three_finger_bent,three_finger_bent,365
1,mlp,corrected,deer_horn,deer_horn,529
1,mlp,corrected,deer_horn,flower_pinch,139
1,mlp,corrected,deer_horn,orchid_finger,118
1,mlp,corrected,deer_horn,orchid_palm,61
1,mlp,corrected,deer_horn,prayer_beads,32
1,mlp,corrected,deer_horn,three_finger_bent,71
1,mlp,corrected,flower_pinch,deer_horn,121
1,mlp,corrected,flower_pinch,flower_pinch,365
1,mlp,corrected,flower_pinch,orchid_finger,72
1,mlp,corrected,flower_pinch,orchid_palm,135
1,mlp,corrected,flower_pinch,prayer_beads,55
1,mlp,corrected,flower_pinch,three_finger_bent,202
1,mlp,corrected,orchid_finger,deer_horn,204
1,mlp,corrected,orchid_finger,flower_pinch,90
1,mlp,corrected,orchid_finger,orchid_finger,399
1,mlp,corrected,orchid_finger,orchid_palm,100
1,mlp,corrected,orchid_finger,prayer_beads,49
1,mlp,corrected,orchid_finger,three_finger_bent,83
1,mlp,corrected,orchid_palm,deer_horn,115
1,mlp,corrected,orchid_palm,flower_pinch,179
1,mlp,corrected,orchid_palm,orchid_finger,124
1,mlp,corrected,orchid_palm,orchid_palm,420
1,mlp,corrected,orchid_palm,prayer_beads,123
1,mlp,corrected,orchid_palm,three_finger_bent,139
1,mlp,corrected,prayer_beads,deer_horn,43
1,mlp,corrected,prayer_beads,flower_pinch,91
1,mlp,corrected,prayer_beads,orchid_finger,61
1,mlp,corrected,prayer_beads,orchid_palm,75
1,mlp,corrected,prayer_beads,prayer_beads,613
1,mlp,corrected,prayer_beads,three_finger_bent,42
1,mlp,corrected,three_finger_bent,deer_horn,39
1,mlp,corrected,three_finger_bent,flower_pinch,132
1,mlp,corrected,three_finger_bent,orchid_finger,50
1,mlp,corrected,three_finger_bent,orchid_palm,52
1,mlp,corrected,three_finger_bent,prayer_beads,26
1,mlp,corrected,three_finger_bent,three_finger_bent,601
1,mlp,joint_angle,deer_horn,deer_horn,479
1,mlp,joint_angle,deer_horn,flower_pinch,166
1,mlp,joint_angle,deer_horn,orchid_finger,174
1,mlp,joint_angle,deer_horn,orchid_palm,76
1,mlp,joint_angle,deer_horn,prayer_beads,18
1,mlp,joint_angle,deer_horn,three_finger_bent,37
1,mlp,joint_angle,flower_pinch,deer_horn,94
1,mlp,joint_angle,flower_pinch,flower_pinch,444
1,mlp,joint_angle,flower_pinch,orchid_finger,52
1,mlp,joint_angle,flower_pinch,orchid_palm,160
1,mlp,joint_angle,flower_pinch,prayer_beads,46
1,mlp,joint_angle,flower_pinch,three_finger_bent,154
1,mlp,joint_angle,orchid_finger,deer_horn,177
1,mlp,joint_angle,orchid_finger,flower_pinch,100
1,mlp,joint_angle,orchid_finger,orchid_finger,457
1,mlp,joint_angle,orchid_finger,orchid_palm,80
1,mlp,joint_angle,orchid_finger,prayer_beads,33
1,mlp,joint_angle,orchid_finger,three_finger_bent,78
1,mlp,joint_angle,orchid_palm,deer_horn,82
1,mlp,joint_angle,orchid_palm,flower_pinch,215
1,mlp,joint_angle,orchid_palm,orchid_finger,119
1,mlp,joint_angle,orchid_palm,orchid_palm,441
1,mlp,joint_angle,orchid_palm,prayer_beads,185
1,mlp,joint_angle,orchid_palm,three_finger_bent,58
1,mlp,joint_angle,prayer_beads,deer_horn,52
1,mlp,joint_angle,prayer_beads,flower_pinch,81
1,mlp,joint_angle,prayer_beads,orchid_finger,51
1,mlp,joint_angle,prayer_beads,orchid_palm,159
1,mlp,joint_angle,prayer_beads,prayer_beads,543
1,mlp,joint_angle,prayer_beads,three_finger_bent,39
1,mlp,joint_angle,three_finger_bent,deer_horn,14
1,mlp,joint_angle,three_finger_bent,flower_pinch,149
1,mlp,joint_angle,three_finger_bent,orchid_finger,13
1,mlp,joint_angle,three_finger_bent,orchid_palm,39
1,mlp,joint_angle,three_finger_bent,prayer_beads,35
1,mlp,joint_angle,three_finger_bent,three_finger_bent,650
1,mlp,optimized_action,deer_horn,deer_horn,542
1,mlp,optimized_action,deer_horn,flower_pinch,116
1,mlp,optimized_action,deer_horn,orchid_finger,119
1,mlp,optimized_action,deer_horn,orchid_palm,74
1,mlp,optimized_action,deer_horn,prayer_beads,36
1,mlp,optimized_action,deer_horn,three_finger_bent,63
1,mlp,optimized_action,flower_pinch,deer_horn,114
1,mlp,optimized_action,flower_pinch,flower_pinch,350
1,mlp,optimized_action,flower_pinch,orchid_finger,90
1,mlp,optimized_action,flower_pinch,orchid_palm,133
1,mlp,optimized_action,flower_pinch,prayer_beads,53
1,mlp,optimized_action,flower_pinch,three_finger_bent,210
1,mlp,optimized_action,orchid_finger,deer_horn,215
1,mlp,optimized_action,orchid_finger,flower_pinch,98
1,mlp,optimized_action,orchid_finger,orchid_finger,351
1,mlp,optimized_action,orchid_finger,orchid_palm,135
1,mlp,optimized_action,orchid_finger,prayer_beads,48
1,mlp,optimized_action,orchid_finger,three_finger_bent,78
1,mlp,optimized_action,orchid_palm,deer_horn,107
1,mlp,optimized_action,orchid_palm,flower_pinch,171
1,mlp,optimized_action,orchid_palm,orchid_finger,135
1,mlp,optimized_action,orchid_palm,orchid_palm,396
1,mlp,optimized_action,orchid_palm,prayer_beads,143
1,mlp,optimized_action,orchid_palm,three_finger_bent,148
1,mlp,optimized_action,prayer_beads,deer_horn,43
1,mlp,optimized_action,prayer_beads,flower_pinch,98
1,mlp,optimized_action,prayer_beads,orchid_finger,51
1,mlp,optimized_action,prayer_beads,orchid_palm,96
1,mlp,optimized_action,prayer_beads,prayer_beads,598
1,mlp,optimized_action,prayer_beads,three_finger_bent,39
1,mlp,optimized_action,three_finger_bent,deer_horn,45
1,mlp,optimized_action,three_finger_bent,flower_pinch,155
1,mlp,optimized_action,three_finger_bent,orchid_finger,57
1,mlp,optimized_action,three_finger_bent,orchid_palm,55
1,mlp,optimized_action,three_finger_bent,prayer_beads,24
1,mlp,optimized_action,three_finger_bent,three_finger_bent,564
1,mlp,optimized_full,deer_horn,deer_horn,288
1,mlp,optimized_full,deer_horn,flower_pinch,156
1,mlp,optimized_full,deer_horn,orchid_finger,161
1,mlp,optimized_full,deer_horn,orchid_palm,129
1,mlp,optimized_full,deer_horn,prayer_beads,74
1,mlp,optimized_full,deer_horn,three_finger_bent,142
1,mlp,optimized_full,flower_pinch,deer_horn,145
1,mlp,optimized_full,flower_pinch,flower_pinch,224
1,mlp,optimized_full,flower_pinch,orchid_finger,155
1,mlp,optimized_full,flower_pinch,orchid_palm,154
1,mlp,optimized_full,flower_pinch,prayer_beads,80
1,mlp,optimized_full,flower_pinch,three_finger_bent,192
1,mlp,optimized_full,orchid_finger,deer_horn,163
1,mlp,optimized_full,orchid_finger,flower_pinch,135
1,mlp,optimized_full,orchid_finger,orchid_finger,230
1,mlp,optimized_full,orchid_finger,orchid_palm,195
1,mlp,optimized_full,orchid_finger,prayer_beads,96
1,mlp,optimized_full,orchid_finger,three_finger_bent,106
1,mlp,optimized_full,orchid_palm,deer_horn,182
1,mlp,optimized_full,orchid_palm,flower_pinch,153
1,mlp,optimized_full,orchid_palm,orchid_finger,205
1,mlp,optimized_full,orchid_palm,orchid_palm,270
1,mlp,optimized_full,orchid_palm,prayer_beads,165
1,mlp,optimized_full,orchid_palm,three_finger_bent,125
1,mlp,optimized_full,prayer_beads,deer_horn,86
1,mlp,optimized_full,prayer_beads,flower_pinch,82
1,mlp,optimized_full,prayer_beads,orchid_finger,117
1,mlp,optimized_full,prayer_beads,orchid_palm,104
1,mlp,optimized_full,prayer_beads,prayer_beads,440
1,mlp,optimized_full,prayer_beads,three_finger_bent,96
1,mlp,optimized_full,three_finger_bent,deer_horn,130
1,mlp,optimized_full,three_finger_bent,flower_pinch,172
1,mlp,optimized_full,three_finger_bent,orchid_finger,163
1,mlp,optimized_full,three_finger_bent,orchid_palm,114
1,mlp,optimized_full,three_finger_bent,prayer_beads,56
1,mlp,optimized_full,three_finger_bent,three_finger_bent,265
1,mlp,raw,deer_horn,deer_horn,315
1,mlp,raw,deer_horn,flower_pinch,142
1,mlp,raw,deer_horn,orchid_finger,176
1,mlp,raw,deer_horn,orchid_palm,159
1,mlp,raw,deer_horn,prayer_beads,53
1,mlp,raw,deer_horn,three_finger_bent,105
1,mlp,raw,flower_pinch,deer_horn,151
1,mlp,raw,flower_pinch,flower_pinch,243
1,mlp,raw,flower_pinch,orchid_finger,100
1,mlp,raw,flower_pinch,orchid_palm,180
1,mlp,raw,flower_pinch,prayer_beads,121
1,mlp,raw,flower_pinch,three_finger_bent,155
1,mlp,raw,orchid_finger,deer_horn,199
1,mlp,raw,orchid_finger,flower_pinch,95
1,mlp,raw,orchid_finger,orchid_finger,259
1,mlp,raw,orchid_finger,orchid_palm,165
1,mlp,raw,orchid_finger,prayer_beads,92
1,mlp,raw,orchid_finger,three_finger_bent,115
1,mlp,raw,orchid_palm,deer_horn,193
1,mlp,raw,orchid_palm,flower_pinch,202
1,mlp,raw,orchid_palm,orchid_finger,142
1,mlp,raw,orchid_palm,orchid_palm,308
1,mlp,raw,orchid_palm,prayer_beads,110
1,mlp,raw,orchid_palm,three_finger_bent,145
1,mlp,raw,prayer_beads,deer_horn,135
1,mlp,raw,prayer_beads,flower_pinch,135
1,mlp,raw,prayer_beads,orchid_finger,121
1,mlp,raw,prayer_beads,orchid_palm,162
1,mlp,raw,prayer_beads,prayer_beads,235
1,mlp,raw,prayer_beads,three_finger_bent,137
1,mlp,raw,three_finger_bent,deer_horn,122
1,mlp,raw,three_finger_bent,flower_pinch,167
1,mlp,raw,three_finger_bent,orchid_finger,123
1,mlp,raw,three_finger_bent,orchid_palm,140
1,mlp,raw,three_finger_bent,prayer_beads,132
1,mlp,raw,three_finger_bent,three_finger_bent,216
1,mlp,raw_pca11,deer_horn,deer_horn,467
1,mlp,raw_pca11,deer_horn,flower_pinch,140
1,mlp,raw_pca11,deer_horn,orchid_finger,150
1,mlp,raw_pca11,deer_horn,orchid_palm,78
1,mlp,raw_pca11,deer_horn,prayer_beads,41
1,mlp,raw_pca11,deer_horn,three_finger_bent,74
1,mlp,raw_pca11,flower_pinch,deer_horn,90
1,mlp,raw_pca11,flower_pinch,flower_pinch,328
1,mlp,raw_pca11,flower_pinch,orchid_finger,114
1,mlp,raw_pca11,flower_pinch,orchid_palm,184
1,mlp,raw_pca11,flower_pinch,prayer_beads,93
1,mlp,raw_pca11,flower_pinch,three_finger_bent,141
1,mlp,raw_pca11,orchid_finger,deer_horn,154
1,mlp,raw_pca11,orchid_finger,flower_pinch,122
1,mlp,raw_pca11,orchid_finger,orchid_finger,326
1,mlp,raw_pca11,orchid_finger,orchid_palm,146
1,mlp,raw_pca11,orchid_finger,prayer_beads,62
1,mlp,raw_pca11,orchid_finger,three_finger_bent,115
1,mlp,raw_pca11,orchid_palm,deer_horn,95
1,mlp,raw_pca11,orchid_palm,flower_pinch,246
1,mlp,raw_pca11,orchid_palm,orchid_finger,139
1,mlp,raw_pca11,orchid_palm,orchid_palm,380
1,mlp,raw_pca11,orchid_palm,prayer_beads,125
1,mlp,raw_pca11,orchid_palm,three_finger_bent,115
1,mlp,raw_pca11,prayer_beads,deer_horn,84
1,mlp,raw_pca11,prayer_beads,flower_pinch,132
1,mlp,raw_pca11,prayer_beads,orchid_finger,109
1,mlp,raw_pca11,prayer_beads,orchid_palm,168
1,mlp,raw_pca11,prayer_beads,prayer_beads,339
1,mlp,raw_pca11,prayer_beads,three_finger_bent,93
1,mlp,raw_pca11,three_finger_bent,deer_horn,101
1,mlp,raw_pca11,three_finger_bent,flower_pinch,160
1,mlp,raw_pca11,three_finger_bent,orchid_finger,110
1,mlp,raw_pca11,three_finger_bent,orchid_palm,96
1,mlp,raw_pca11,three_finger_bent,prayer_beads,63
1,mlp,raw_pca11,three_finger_bent,three_finger_bent,370
1,mlp,raw_pca17,deer_horn,deer_horn,552
1,mlp,raw_pca17,deer_horn,flower_pinch,92
1,mlp,raw_pca17,deer_horn,orchid_finger,74
1,mlp,raw_pca17,deer_horn,orchid_palm,86
1,mlp,raw_pca17,deer_horn,prayer_beads,64
1,mlp,raw_pca17,deer_horn,three_finger_bent,82
1,mlp,raw_pca17,flower_pinch,deer_horn,145
1,mlp,raw_pca17,flower_pinch,flower_pinch,294
1,mlp,raw_pca17,flower_pinch,orchid_finger,89
1,mlp,raw_pca17,flower_pinch,orchid_palm,179
1,mlp,raw_pca17,flower_pinch,prayer_beads,103
1,mlp,raw_pca17,flower_pinch,three_finger_bent,140
1,mlp,raw_pca17,orchid_finger,deer_horn,206
1,mlp,raw_pca17,orchid_finger,flower_pinch,144
1,mlp,raw_pca17,orchid_finger,orchid_finger,264
1,mlp,raw_pca17,orchid_finger,orchid_palm,103
1,mlp,raw_pca17,orchid_finger,prayer_beads,95
1,mlp,raw_pca17,orchid_finger,three_finger_bent,113
1,mlp,raw_pca17,orchid_palm,deer_horn,171
1,mlp,raw_pca17,orchid_palm,flower_pinch,221
1,mlp,raw_pca17,orchid_palm,orchid_finger,125
1,mlp,raw_pca17,orchid_palm,orchid_palm,332
1,mlp,raw_pca17,orchid_palm,prayer_beads,111
1,mlp,raw_pca17,orchid_palm,three_finger_bent,140
1,mlp,raw_pca17,prayer_beads,deer_horn,111
1,mlp,raw_pca17,prayer_beads,flower_pinch,149
1,mlp,raw_pca17,prayer_beads,orchid_finger,77
1,mlp,raw_pca17,prayer_beads,orchid_palm,126
1,mlp,raw_pca17,prayer_beads,prayer_beads,373
1,mlp,raw_pca17,prayer_beads,three_finger_bent,89
1,mlp,raw_pca17,three_finger_bent,deer_horn,150
1,mlp,raw_pca17,three_finger_bent,flower_pinch,170
1,mlp,raw_pca17,three_finger_bent,orchid_finger,92
1,mlp,raw_pca17,three_finger_bent,orchid_palm,97
1,mlp,raw_pca17,three_finger_bent,prayer_beads,76
1,mlp,raw_pca17,three_finger_bent,three_finger_bent,315
1,rf,corrected,deer_horn,deer_horn,540
1,rf,corrected,deer_horn,flower_pinch,120
1,rf,corrected,deer_horn,orchid_finger,156
1,rf,corrected,deer_horn,orchid_palm,55
1,rf,corrected,deer_horn,prayer_beads,21
1,rf,corrected,deer_horn,three_finger_bent,58
1,rf,corrected,flower_pinch,deer_horn,154
1,rf,corrected,flower_pinch,flower_pinch,465
1,rf,corrected,flower_pinch,orchid_finger,48
1,rf,corrected,flower_pinch,orchid_palm,108
1,rf,corrected,flower_pinch,prayer_beads,18
1,rf,corrected,flower_pinch,three_finger_bent,157
1,rf,corrected,orchid_finger,deer_horn,188
1,rf,corrected,orchid_finger,flower_pinch,88
1,rf,corrected,orchid_finger,orchid_finger,414
1,rf,corrected,orchid_finger,orchid_palm,117
1,rf,corrected,orchid_finger,prayer_beads,59
1,rf,corrected,orchid_finger,three_finger_bent,59
1,rf,corrected,orchid_palm,deer_horn,80
1,rf,corrected,orchid_palm,flower_pinch,174
1,rf,corrected,orchid_palm,orchid_finger,126
1,rf,corrected,orchid_palm,orchid_palm,470
1,rf,corrected,orchid_palm,prayer_beads,170
1,rf,corrected,orchid_palm,three_finger_bent,80
1,rf,corrected,prayer_beads,deer_horn,44
1,rf,corrected,prayer_beads,flower_pinch,59
1,rf,corrected,prayer_beads,orchid_finger,71
1,rf,corrected,prayer_beads,orchid_palm,79
1,rf,corrected,prayer_beads,prayer_beads,647
1,rf,corrected,prayer_beads,three_finger_bent,25
1,rf,corrected,three_finger_bent,deer_horn,39
1,rf,corrected,three_finger_bent,flower_pinch,184
1,rf,corrected,three_finger_bent,orchid_finger,29
1,rf,corrected,three_finger_bent,orchid_palm,53
1,rf,corrected,three_finger_bent,prayer_beads,12
1,rf,corrected,three_finger_bent,three_finger_bent,583
1,rf,joint_angle,deer_horn,deer_horn,504
1,rf,joint_angle,deer_horn,flower_pinch,200
1,rf,joint_angle,deer_horn,orchid_finger,165
1,rf,joint_angle,deer_horn,orchid_palm,52
1,rf,joint_angle,deer_horn,prayer_beads,10
1,rf,joint_angle,deer_horn,three_finger_bent,19
1,rf,joint_angle,flower_pinch,deer_horn,121
1,rf,joint_angle,flower_pinch,flower_pinch,549
1,rf,joint_angle,flower_pinch,orchid_finger,30
1,rf,joint_angle,flower_pinch,orchid_palm,112
1,rf,joint_angle,flower_pinch,prayer_beads,19
1,rf,joint_angle,flower_pinch,three_finger_bent,119
1,rf,joint_angle,orchid_finger,deer_horn,203
1,rf,joint_angle,orchid_finger,flower_pinch,113
1,rf,joint_angle,orchid_finger,orchid_finger,471
1,rf,joint_angle,orchid_finger,orchid_palm,74
1,rf,joint_angle,orchid_finger,prayer_beads,27
1,rf,joint_angle,orchid_finger,three_finger_bent,37
1,rf,joint_angle,orchid_palm,deer_horn,82
1,rf,joint_angle,orchid_palm,flower_pinch,199
1,rf,joint_angle,orchid_palm,orchid_finger,60
1,rf,joint_angle,orchid_palm,orchid_palm,481
1,rf,joint_angle,orchid_palm,prayer_beads,225
1,rf,joint_angle,orchid_palm,three_finger_bent,53
1,rf,joint_angle,prayer_beads,deer_horn,47
1,rf,joint_angle,prayer_beads,flower_pinch,66
1,rf,joint_angle,prayer_beads,orchid_finger,25
1,rf,joint_angle,prayer_beads,orchid_palm,173
1,rf,joint_angle,prayer_beads,prayer_beads,588
1,rf,joint_angle,prayer_beads,three_finger_bent,26
1,rf,joint_angle,three_finger_bent,deer_horn,19
1,rf,joint_angle,three_finger_bent,flower_pinch,185
1,rf,joint_angle,three_finger_bent,orchid_finger,9
1,rf,joint_angle,three_finger_bent,orchid_palm,26
1,rf,joint_angle,three_finger_bent,prayer_beads,12
1,rf,joint_angle,three_finger_bent,three_finger_bent,649
1,rf,optimized_action,deer_horn,deer_horn,552
1,rf,optimized_action,deer_horn,flower_pinch,129
1,rf,optimized_action,deer_horn,orchid_finger,136
1,rf,optimized_action,deer_horn,orchid_palm,49
1,rf,optimized_action,deer_horn,prayer_beads,37
1,rf,optimized_action,deer_horn,three_finger_bent,47
1,rf,optimized_action,flower_pinch,deer_horn,157
1,rf,optimized_action,flower_pinch,flower_pinch,440
1,rf,optimized_action,flower_pinch,orchid_finger,51
1,rf,optimized_action,flower_pinch,orchid_palm,115
1,rf,optimized_action,flower_pinch,prayer_beads,17
1,rf,optimized_action,flower_pinch,three_finger_bent,170
1,rf,optimized_action,orchid_finger,deer_horn,212
1,rf,optimized_action,orchid_finger,flower_pinch,96
1,rf,optimized_action,orchid_finger,orchid_finger,387
1,rf,optimized_action,orchid_finger,orchid_palm,109
1,rf,optimized_action,orchid_finger,prayer_beads,60
1,rf,optimized_action,orchid_finger,three_finger_bent,61
1,rf,optimized_action,orchid_palm,deer_horn,84
1,rf,optimized_action,orchid_palm,flower_pinch,169
1,rf,optimized_action,orchid_palm,orchid_finger,121
1,rf,optimized_action,orchid_palm,orchid_palm,437
1,rf,optimized_action,orchid_palm,prayer_beads,199
1,rf,optimized_action,orchid_palm,three_finger_bent,90
1,rf,optimized_action,prayer_beads,deer_horn,54
1,rf,optimized_action,prayer_beads,flower_pinch,64
1,rf,optimized_action,prayer_beads,orchid_finger,57
1,rf,optimized_action,prayer_beads,orchid_palm,101
1,rf,optimized_action,prayer_beads,prayer_beads,629
1,rf,optimized_action,prayer_beads,three_finger_bent,20
1,rf,optimized_action,three_finger_bent,deer_horn,44
1,rf,optimized_action,three_finger_bent,flower_pinch,194
1,rf,optimized_action,three_finger_bent,orchid_finger,27
1,rf,optimized_action,three_finger_bent,orchid_palm,50
1,rf,optimized_action,three_finger_bent,prayer_beads,21
1,rf,optimized_action,three_finger_bent,three_finger_bent,564
1,rf,optimized_full,deer_horn,deer_horn,265
1,rf,optimized_full,deer_horn,flower_pinch,179
1,rf,optimized_full,deer_horn,orchid_finger,180
1,rf,optimized_full,deer_horn,orchid_palm,113
1,rf,optimized_full,deer_horn,prayer_beads,89
1,rf,optimized_full,deer_horn,three_finger_bent,124
1,rf,optimized_full,flower_pinch,deer_horn,135
1,rf,optimized_full,flower_pinch,flower_pinch,258
1,rf,optimized_full,flower_pinch,orchid_finger,164
1,rf,optimized_full,flower_pinch,orchid_palm,120
1,rf,optimized_full,flower_pinch,prayer_beads,100
1,rf,optimized_full,flower_pinch,three_finger_bent,173
1,rf,optimized_full,orchid_finger,deer_horn,165
1,rf,optimized_full,orchid_finger,flower_pinch,146
1,rf,optimized_full,orchid_finger,orchid_finger,240
1,rf,optimized_full,orchid_finger,orchid_palm,162
1,rf,optimized_full,orchid_finger,prayer_beads,102
1,rf,optimized_full,orchid_finger,three_finger_bent,110
1,rf,optimized_full,orchid_palm,deer_horn,142
1,rf,optimized_full,orchid_palm,flower_pinch,200
1,rf,optimized_full,orchid_palm,orchid_finger,202
1,rf,optimized_full,orchid_palm,orchid_palm,242
1,rf,optimized_full,orchid_palm,prayer_beads,180
1,rf,optimized_full,orchid_palm,three_finger_bent,134
1,rf,optimized_full,prayer_beads,deer_horn,96
1,rf,optimized_full,prayer_beads,flower_pinch,107
1,rf,optimized_full,prayer_beads,orchid_finger,101
1,rf,optimized_full,prayer_beads,orchid_palm,104
1,rf,optimized_full,prayer_beads,prayer_beads,423
1,rf,optimized_full,prayer_beads,three_finger_bent,94
1,rf,optimized_full,three_finger_bent,deer_horn,130
1,rf,optimized_full,three_finger_bent,flower_pinch,172
1,rf,optimized_full,three_finger_bent,orchid_finger,148
1,rf,optimized_full,three_finger_bent,orchid_palm,108
1,rf,optimized_full,three_finger_bent,prayer_beads,76
1,rf,optimized_full,three_finger_bent,three_finger_bent,266
1,rf,raw,deer_horn,deer_horn,348
1,rf,raw,deer_horn,flower_pinch,111
1,rf,raw,deer_horn,orchid_finger,188
1,rf,raw,deer_horn,orchid_palm,163
1,rf,raw,deer_horn,prayer_beads,43
1,rf,raw,deer_horn,three_finger_bent,97
1,rf,raw,flower_pinch,deer_horn,155
1,rf,raw,flower_pinch,flower_pinch,254
1,rf,raw,flower_pinch,orchid_finger,106
1,rf,raw,flower_pinch,orchid_palm,192
1,rf,raw,flower_pinch,prayer_beads,102
1,rf,raw,flower_pinch,three_finger_bent,141
1,rf,raw,orchid_finger,deer_horn,233
1,rf,raw,orchid_finger,flower_pinch,84
1,rf,raw,orchid_finger,orchid_finger,274
1,rf,raw,orchid_finger,orchid_palm,144
1,rf,raw,orchid_finger,prayer_beads,92
1,rf,raw,orchid_finger,three_finger_bent,98
1,rf,raw,orchid_palm,deer_horn,197
1,rf,raw,orchid_palm,flower_pinch,209
1,rf,raw,orchid_palm,orchid_finger,164
1,rf,raw,orchid_palm,orchid_palm,279
1,rf,raw,orchid_palm,prayer_beads,118
1,rf,raw,orchid_palm,three_finger_bent,133
1,rf,raw,prayer_beads,deer_horn,114
1,rf,raw,prayer_beads,flower_pinch,146
1,rf,raw,prayer_beads,orchid_finger,143
1,rf,raw,prayer_beads,orchid_palm,153
1,rf,raw,prayer_beads,prayer_beads,235
1,rf,raw,prayer_beads,three_finger_bent,134
1,rf,raw,three_finger_bent,deer_horn,134
1,rf,raw,three_finger_bent,flower_pinch,156
1,rf,raw,three_finger_bent,orchid_finger,128
1,rf,raw,three_finger_bent,orchid_palm,146
1,rf,raw,three_finger_bent,prayer_beads,128
1,rf,raw,three_finger_bent,three_finger_bent,208
1,rf,raw_pca11,deer_horn,deer_horn,471
1,rf,raw_pca11,deer_horn,flower_pinch,125
1,rf,raw_pca11,deer_horn,orchid_finger,141
1,rf,raw_pca11,deer_horn,orchid_palm,93
1,rf,raw_pca11,deer_horn,prayer_beads,44
1,rf,raw_pca11,deer_horn,three_finger_bent,76
1,rf,raw_pca11,flower_pinch,deer_horn,105
1,rf,raw_pca11,flower_pinch,flower_pinch,343
1,rf,raw_pca11,flower_pinch,orchid_finger,91
1,rf,raw_pca11,flower_pinch,orchid_palm,168
1,rf,raw_pca11,flower_pinch,prayer_beads,109
1,rf,raw_pca11,flower_pinch,three_finger_bent,134
1,rf,raw_pca11,orchid_finger,deer_horn,183
1,rf,raw_pca11,orchid_finger,flower_pinch,112
1,rf,raw_pca11,orchid_finger,orchid_finger,336
1,rf,raw_pca11,orchid_finger,orchid_palm,114
1,rf,raw_pca11,orchid_finger,prayer_beads,85
1,rf,raw_pca11,orchid_finger,three_finger_bent,95
1,rf,raw_pca11,orchid_palm,deer_horn,131
1,rf,raw_pca11,orchid_palm,flower_pinch,243
1,rf,raw_pca11,orchid_palm,orchid_finger,122
1,rf,raw_pca11,orchid_palm,orchid_palm,353
1,rf,raw_pca11,orchid_palm,prayer_beads,134
1,rf,raw_pca11,orchid_palm,three_finger_bent,117
1,rf,raw_pca11,prayer_beads,deer_horn,86
1,rf,raw_pca11,prayer_beads,flower_pinch,157
1,rf,raw_pca11,prayer_beads,orchid_finger,100
1,rf,raw_pca11,prayer_beads,orchid_palm,177
1,rf,raw_pca11,prayer_beads,prayer_beads,327
1,rf,raw_pca11,prayer_beads,three_finger_bent,78
1,rf,raw_pca11,three_finger_bent,deer_horn,104
1,rf,raw_pca11,three_finger_bent,flower_pinch,149
1,rf,raw_pca11,three_finger_bent,orchid_finger,108
1,rf,raw_pca11,three_finger_bent,orchid_palm,82
1,rf,raw_pca11,three_finger_bent,prayer_beads,97
1,rf,raw_pca11,three_finger_bent,three_finger_bent,360
1,rf,raw_pca17,deer_horn,deer_horn,517
1,rf,raw_pca17,deer_horn,flower_pinch,120
1,rf,raw_pca17,deer_horn,orchid_finger,113
1,rf,raw_pca17,deer_horn,orchid_palm,71
1,rf,raw_pca17,deer_horn,prayer_beads,50
1,rf,raw_pca17,deer_horn,three_finger_bent,79
1,rf,raw_pca17,flower_pinch,deer_horn,139
1,rf,raw_pca17,flower_pinch,flower_pinch,361
1,rf,raw_pca17,flower_pinch,orchid_finger,84
1,rf,raw_pca17,flower_pinch,orchid_palm,187
1,rf,raw_pca17,flower_pinch,prayer_beads,68
1,rf,raw_pca17,flower_pinch,three_finger_bent,111
1,rf,raw_pca17,orchid_finger,deer_horn,215
1,rf,raw_pca17,orchid_finger,flower_pinch,128
1,rf,raw_pca17,orchid_finger,orchid_finger,299
1,rf,raw_pca17,orchid_finger,orchid_palm,111
1,rf,raw_pca17,orchid_finger,prayer_beads,70
1,rf,raw_pca17,orchid_finger,three_finger_bent,102
1,rf,raw_pca17,orchid_palm,deer_horn,155
1,rf,raw_pca17,orchid_palm,flower_pinch,236
1,rf,raw_pca17,orchid_palm,orchid_finger,115
1,rf,raw_pca17,orchid_palm,orchid_palm,389
1,rf,raw_pca17,orchid_palm,prayer_beads,106
1,rf,raw_pca17,orchid_palm,three_finger_bent,99
1,rf,raw_pca17,prayer_beads,deer_horn,91
1,rf,raw_pca17,prayer_beads,flower_pinch,142
1,rf,raw_pca17,prayer_beads,orchid_finger,86
1,rf,raw_pca17,prayer_beads,orchid_palm,161
1,rf,raw_pca17,prayer_beads,prayer_beads,364
1,rf,raw_pca17,prayer_beads,three_finger_bent,81
1,rf,raw_pca17,three_finger_bent,deer_horn,140
1,rf,raw_pca17,three_finger_bent,flower_pinch,165
1,rf,raw_pca17,three_finger_bent,orchid_finger,90
1,rf,raw_pca17,three_finger_bent,orchid_palm,91
1,rf,raw_pca17,three_finger_bent,prayer_beads,75
1,rf,raw_pca17,three_finger_bent,three_finger_bent,339
1,svm,corrected,deer_horn,deer_horn,536
1,svm,corrected,deer_horn,flower_pinch,171
1,svm,corrected,deer_horn,orchid_finger,114
1,svm,corrected,deer_horn,orchid_palm,60
1,svm,corrected,deer_horn,prayer_beads,16
1,svm,corrected,deer_horn,three_finger_bent,53
1,svm,corrected,flower_pinch,deer_horn,101
1,svm,corrected,flower_pinch,flower_pinch,446
1,svm,corrected,flower_pinch,orchid_finger,47
1,svm,corrected,flower_pinch,orchid_palm,148
1,svm,corrected,flower_pinch,prayer_beads,20
1,svm,corrected,flower_pinch,three_finger_bent,188
1,svm,corrected,orchid_finger,deer_horn,206
1,svm,corrected,orchid_finger,flower_pinch,130
1,svm,corrected,orchid_finger,orchid_finger,394
1,svm,corrected,orchid_finger,orchid_palm,93
1,svm,corrected,orchid_finger,prayer_beads,31
1,svm,corrected,orchid_finger,three_finger_bent,71
1,svm,corrected,orchid_palm,deer_horn,83
1,svm,corrected,orchid_palm,flower_pinch,248
1,svm,corrected,orchid_palm,orchid_finger,119
1,svm,corrected,orchid_palm,orchid_palm,451
1,svm,corrected,orchid_palm,prayer_beads,98
1,svm,corrected,orchid_palm,three_finger_bent,101
1,svm,corrected,prayer_beads,deer_horn,44
1,svm,corrected,prayer_beads,flower_pinch,93
1,svm,corrected,prayer_beads,orchid_finger,66
1,svm,corrected,prayer_beads,orchid_palm,67
1,svm,corrected,prayer_beads,prayer_beads,627
1,svm,corrected,prayer_beads,three_finger_bent,28
1,svm,corrected,three_finger_bent,deer_horn,30
1,svm,corrected,three_finger_bent,flower_pinch,174
1,svm,corrected,three_finger_bent,orchid_finger,14
1,svm,corrected,three_finger_bent,orchid_palm,39
1,svm,corrected,three_finger_bent,prayer_beads,14
1,svm,corrected,three_finger_bent,three_finger_bent,629
1,svm,joint_angle,deer_horn,deer_horn,503
1,svm,joint_angle,deer_horn,flower_pinch,200
1,svm,joint_angle,deer_horn,orchid_finger,143
1,svm,joint_angle,deer_horn,orchid_palm,69
1,svm,joint_angle,deer_horn,prayer_beads,5
1,svm,joint_angle,deer_horn,three_finger_bent,30
1,svm,joint_angle,flower_pinch,deer_horn,96
1,svm,joint_angle,flower_pinch,flower_pinch,541
1,svm,joint_angle,flower_pinch,orchid_finger,30
1,svm,joint_angle,flower_pinch,orchid_palm,144
1,svm,joint_angle,flower_pinch,prayer_beads,16
1,svm,joint_angle,flower_pinch,three_finger_bent,123
1,svm,joint_angle,orchid_finger,deer_horn,189
1,svm,joint_angle,orchid_finger,flower_pinch,122
1,svm,joint_angle,orchid_finger,orchid_finger,447
1,svm,joint_angle,orchid_finger,orchid_palm,74
1,svm,joint_angle,orchid_finger,prayer_beads,17
1,svm,joint_angle,orchid_finger,three_finger_bent,76
1,svm,joint_angle,orchid_palm,deer_horn,61
1,svm,joint_angle,orchid_palm,flower_pinch,318
1,svm,joint_angle,orchid_palm,orchid_finger,76
1,svm,joint_angle,orchid_palm,orchid_palm,456
1,svm,joint_angle,orchid_palm,prayer_beads,150
1,svm,joint_angle,orchid_palm,three_finger_bent,39
1,svm,joint_angle,prayer_beads,deer_horn,45
1,svm,joint_angle,prayer_beads,flower_pinch,72
1,svm,joint_angle,prayer_beads,orchid_finger,41
1,svm,joint_angle,prayer_beads,orchid_palm,179
1,svm,joint_angle,prayer_beads,prayer_beads,552
1,svm,joint_angle,prayer_beads,three_finger_bent,36
1,svm,joint_angle,three_finger_bent,deer_horn,8
1,svm,joint_angle,three_finger_bent,flower_pinch,141
1,svm,joint_angle,three_finger_bent,orchid_finger,7
1,svm,joint_angle,three_finger_bent,orchid_palm,35
1,svm,joint_angle,three_finger_bent,prayer_beads,33
1,svm,joint_angle,three_finger_bent,three_finger_bent,676
1,svm,optimized_action,deer_horn,deer_horn,550
1,svm,optimized_action,deer_horn,flower_pinch,163
1,svm,optimized_action,deer_horn,orchid_finger,112
1,svm,optimized_action,deer_horn,orchid_palm,57
1,svm,optimized_action,deer_horn,prayer_beads,19
1,svm,optimized_action,deer_horn,three_finger_bent,49
1,svm,optimized_action,flower_pinch,deer_horn,102
1,svm,optimized_action,flower_pinch,flower_pinch,421
1,svm,optimized_action,flower_pinch,orchid_finger,51
1,svm,optimized_action,flower_pinch,orchid_palm,143
1,svm,optimized_action,flower_pinch,prayer_beads,21
1,svm,optimized_action,flower_pinch,three_finger_bent,212
1,svm,optimized_action,orchid_finger,deer_horn,216
1,svm,optimized_action,orchid_finger,flower_pinch,122
1,svm,optimized_action,orchid_finger,orchid_finger,374
1,svm,optimized_action,orchid_finger,orchid_palm,109
1,svm,optimized_action,orchid_finger,prayer_beads,30
1,svm,optimized_action,orchid_finger,three_finger_bent,74
1,svm,optimized_action,orchid_palm,deer_horn,93
1,svm,optimized_action,orchid_palm,flower_pinch,232
1,svm,optimized_action,orchid_palm,orchid_finger,121
1,svm,optimized_action,orchid_palm,orchid_palm,434
1,svm,optimized_action,orchid_palm,prayer_beads,104
1,svm,optimized_action,orchid_palm,three_finger_bent,116
1,svm,optimized_action,prayer_beads,deer_horn,43
1,svm,optimized_action,prayer_beads,flower_pinch,69
1,svm,optimized_action,prayer_beads,orchid_finger,56
1,svm,optimized_action,prayer_beads,orchid_palm,99
1,svm,optimized_action,prayer_beads,prayer_beads,623
1,svm,optimized_action,prayer_beads,three_finger_bent,35
1,svm,optimized_action,three_finger_bent,deer_horn,28
1,svm,optimized_action,three_finger_bent,flower_pinch,187
1,svm,optimized_action,three_finger_bent,orchid_finger,23
1,svm,optimized_action,three_finger_bent,orchid_palm,55
1,svm,optimized_action,three_finger_bent,prayer_beads,7
1,svm,optimized_action,three_finger_bent,three_finger_bent,600
1,svm,optimized_full,deer_horn,deer_horn,288
1,svm,optimized_full,deer_horn,flower_pinch,133
1,svm,optimized_full,deer_horn,orchid_finger,162
1,svm,optimized_full,deer_horn,orchid_palm,107
1,svm,optimized_full,deer_horn,prayer_beads,79
1,svm,optimized_full,deer_horn,three_finger_bent,181
1,svm,optimized_full,flower_pinch,deer_horn,141
1,svm,optimized_full,flower_pinch,flower_pinch,228
1,svm,optimized_full,flower_pinch,orchid_finger,152
1,svm,optimized_full,flower_pinch,orchid_palm,135
1,svm,optimized_full,flower_pinch,prayer_beads,58
1,svm,optimized_full,flower_pinch,three_finger_bent,236
1,svm,optimized_full,orchid_finger,deer_horn,158
1,svm,optimized_full,orchid_finger,flower_pinch,144
1,svm,optimized_full,orchid_finger,orchid_finger,240
1,svm,optimized_full,orchid_finger,orchid_palm,174
1,svm,optimized_full,orchid_finger,prayer_beads,77
1,svm,optimized_full,orchid_finger,three_finger_bent,132
1,svm,optimized_full,orchid_palm,deer_horn,163
1,svm,optimized_full,orchid_palm,flower_pinch,155
1,svm,optimized_full,orchid_palm,orchid_finger,195
1,svm,optimized_full,orchid_palm,orchid_palm,268
1,svm,optimized_full,orchid_palm,prayer_beads,153
1,svm,optimized_full,orchid_palm,three_finger_bent,166
1,svm,optimized_full,prayer_beads,deer_horn,85
1,svm,optimized_full,prayer_beads,flower_pinch,76
1,svm,optimized_full,prayer_beads,orchid_finger,102
1,svm,optimized_full,prayer_beads,orchid_palm,86
1,svm,optimized_full,prayer_beads,prayer_beads,417
1,svm,optimized_full,prayer_beads,three_finger_bent,159
1,svm,optimized_full,three_finger_bent,deer_horn,108
1,svm,optimized_full,three_finger_bent,flower_pinch,159
1,svm,optimized_full,three_finger_bent,orchid_finger,161
1,svm,optimized_full,three_finger_bent,orchid_palm,91
1,svm,optimized_full,three_finger_bent,prayer_beads,49
1,svm,optimized_full,three_finger_bent,three_finger_bent,332
1,svm,raw,deer_horn,deer_horn,367
1,svm,raw,deer_horn,flower_pinch,120
1,svm,raw,deer_horn,orchid_finger,174
1,svm,raw,deer_horn,orchid_palm,138
1,svm,raw,deer_horn,prayer_beads,47
1,svm,raw,deer_horn,three_finger_bent,104
1,svm,raw,flower_pinch,deer_horn,183
1,svm,raw,flower_pinch,flower_pinch,244
1,svm,raw,flower_pinch,orchid_finger,95
1,svm,raw,flower_pinch,orchid_palm,178
1,svm,raw,flower_pinch,prayer_beads,108
1,svm,raw,flower_pinch,three_finger_bent,142
1,svm,raw,orchid_finger,deer_horn,216
1,svm,raw,orchid_finger,flower_pinch,97
1,svm,raw,orchid_finger,orchid_finger,249
1,svm,raw,orchid_finger,orchid_palm,167
1,svm,raw,orchid_finger,prayer_beads,90
1,svm,raw,orchid_finger,three_finger_bent,106
1,svm,raw,orchid_palm,deer_horn,221
1,svm,raw,orchid_palm,flower_pinch,219
1,svm,raw,orchid_palm,orchid_finger,149
1,svm,raw,orchid_palm,orchid_palm,282
1,svm,raw,orchid_palm,prayer_beads,109
1,svm,raw,orchid_palm,three_finger_bent,120
1,svm,raw,prayer_beads,deer_horn,146
1,svm,raw,prayer_beads,flower_pinch,151
1,svm,raw,prayer_beads,orchid_finger,118
1,svm,raw,prayer_beads,orchid_palm,156
1,svm,raw,prayer_beads,prayer_beads,224
1,svm,raw,prayer_beads,three_finger_bent,130
1,svm,raw,three_finger_bent,deer_horn,140
1,svm,raw,three_finger_bent,flower_pinch,168
1,svm,raw,three_finger_bent,orchid_finger,117
1,svm,raw,three_finger_bent,orchid_palm,139
1,svm,raw,three_finger_bent,prayer_beads,126
1,svm,raw,three_finger_bent,three_finger_bent,210
1,svm,raw_pca11,deer_horn,deer_horn,507
1,svm,raw_pca11,deer_horn,flower_pinch,129
1,svm,raw_pca11,deer_horn,orchid_finger,137
1,svm,raw_pca11,deer_horn,orchid_palm,63
1,svm,raw_pca11,deer_horn,prayer_beads,30
1,svm,raw_pca11,deer_horn,three_finger_bent,84
1,svm,raw_pca11,flower_pinch,deer_horn,103
1,svm,raw_pca11,flower_pinch,flower_pinch,365
1,svm,raw_pca11,flower_pinch,orchid_finger,97
1,svm,raw_pca11,flower_pinch,orchid_palm,189
1,svm,raw_pca11,flower_pinch,prayer_beads,83
1,svm,raw_pca11,flower_pinch,three_finger_bent,113
1,svm,raw_pca11,orchid_finger,deer_horn,142
1,svm,raw_pca11,orchid_finger,flower_pinch,124
1,svm,raw_pca11,orchid_finger,orchid_finger,352
1,svm,raw_pca11,orchid_finger,orchid_palm,130
1,svm,raw_pca11,orchid_finger,prayer_beads,70
1,svm,raw_pca11,orchid_finger,three_finger_bent,107
1,svm,raw_pca11,orchid_palm,deer_horn,93
1,svm,raw_pca11,orchid_palm,flower_pinch,273
1,svm,raw_pca11,orchid_palm,orchid_finger,134
1,svm,raw_pca11,orchid_palm,orchid_palm,374
1,svm,raw_pca11,orchid_palm,prayer_beads,131
1,svm,raw_pca11,orchid_palm,three_finger_bent,95
1,svm,raw_pca11,prayer_beads,deer_horn,67
1,svm,raw_pca11,prayer_beads,flower_pinch,139
1,svm,raw_pca11,prayer_beads,orchid_finger,111
1,svm,raw_pca11,prayer_beads,orchid_palm,172
1,svm,raw_pca11,prayer_beads,prayer_beads,344
1,svm,raw_pca11,prayer_beads,three_finger_bent,92
1,svm,raw_pca11,three_finger_bent,deer_horn,97
1,svm,raw_pca11,three_finger_bent,flower_pinch,166
1,svm,raw_pca11,three_finger_bent,orchid_finger,100
1,svm,raw_pca11,three_finger_bent,orchid_palm,76
1,svm,raw_pca11,three_finger_bent,prayer_beads,80
1,svm,raw_pca11,three_finger_bent,three_finger_bent,381
1,svm,raw_pca17,deer_horn,deer_horn,580
1,svm,raw_pca17,deer_horn,flower_pinch,118
1,svm,raw_pca17,deer_horn,orchid_finger,81
1,svm,raw_pca17,deer_horn,orchid_palm,53
1,svm,raw_pca17,deer_horn,prayer_beads,36
1,svm,raw_pca17,deer_horn,three_finger_bent,82
1,svm,raw_pca17,flower_pinch,deer_horn,119
1,svm,raw_pca17,flower_pinch,flower_pinch,348
1,svm,raw_pca17,flower_pinch,orchid_finger,104
1,svm,raw_pca17,flower_pinch,orchid_palm,189
1,svm,raw_pca17,flower_pinch,prayer_beads,63
1,svm,raw_pca17,flower_pinch,three_finger_bent,127
1,svm,raw_pca17,orchid_finger,deer_horn,198
1,svm,raw_pca17,orchid_finger,flower_pinch,107
1,svm,raw_pca17,orchid_finger,orchid_finger,355
1,svm,raw_pca17,orchid_finger,orchid_palm,96
1,svm,raw_pca17,orchid_finger,prayer_beads,62
1,svm,raw_pca17,orchid_finger,three_finger_bent,107
1,svm,raw_pca17,orchid_palm,deer_horn,156
1,svm,raw_pca17,orchid_palm,flower_pinch,242
1,svm,raw_pca17,orchid_palm,orchid_finger,125
1,svm,raw_pca17,orchid_palm,orchid_palm,380
1,svm,raw_pca17,orchid_palm,prayer_beads,88
1,svm,raw_pca17,orchid_palm,three_finger_bent,109
1,svm,raw_pca17,prayer_beads,deer_horn,131
1,svm,raw_pca17,prayer_beads,flower_pinch,129
1,svm,raw_pca17,prayer_beads,orchid_finger,71
1,svm,raw_pca17,prayer_beads,orchid_palm,124
1,svm,raw_pca17,prayer_beads,prayer_beads,377
1,svm,raw_pca17,prayer_beads,three_finger_bent,93
1,svm,raw_pca17,three_finger_bent,deer_horn,140
1,svm,raw_pca17,three_finger_bent,flower_pinch,174
1,svm,raw_pca17,three_finger_bent,orchid_finger,79
1,svm,raw_pca17,three_finger_bent,orchid_palm,83
1,svm,raw_pca17,three_finger_bent,prayer_beads,58
1,svm,raw_pca17,three_finger_bent,three_finger_bent,366
3,knn,corrected,deer_horn,deer_horn,673
3,knn,corrected,deer_horn,flower_pinch,123
3,knn,corrected,deer_horn,orchid_finger,106
3,knn,corrected,deer_horn,orchid_palm,33
3,knn,corrected,deer_horn,prayer_beads,4
3,knn,corrected,deer_horn,three_finger_bent,11
3,knn,corrected,flower_pinch,deer_horn,66
3,knn,corrected,flower_pinch,flower_pinch,640
3,knn,corrected,flower_pinch,orchid_finger,22
3,knn,corrected,flower_pinch,orchid_palm,134
3,knn,corrected,flower_pinch,prayer_beads,2
3,knn,corrected,flower_pinch,three_finger_bent,86
3,knn,corrected,orchid_finger,deer_horn,219
3,knn,corrected,orchid_finger,flower_pinch,73
3,knn,corrected,orchid_finger,orchid_finger,541
3,knn,corrected,orchid_finger,orchid_palm,62
3,knn,corrected,orchid_finger,prayer_beads,5
3,knn,corrected,orchid_finger,three_finger_bent,25
3,knn,corrected,orchid_palm,deer_horn,36
3,knn,corrected,orchid_palm,flower_pinch,292
3,knn,corrected,orchid_palm,orchid_finger,77
3,knn,corrected,orchid_palm,orchid_palm,593
3,knn,corrected,orchid_palm,prayer_beads,73
3,knn,corrected,orchid_palm,three_finger_bent,29
3,knn,corrected,prayer_beads,deer_horn,46
3,knn,corrected,prayer_beads,flower_pinch,34
3,knn,corrected,prayer_beads,orchid_finger,43
3,knn,corrected,prayer_beads,orchid_palm,34
3,knn,corrected,prayer_beads,prayer_beads,755
3,knn,corrected,prayer_beads,three_finger_bent,13
3,knn,corrected,three_finger_bent,deer_horn,13
3,knn,corrected,three_finger_bent,flower_pinch,132
3,knn,corrected,three_finger_bent,orchid_finger,4
3,knn,corrected,three_finger_bent,orchid_palm,4
3,knn,corrected,three_finger_bent,prayer_beads,1
3,knn,corrected,three_finger_bent,three_finger_bent,746
3,knn,joint_angle,deer_horn,deer_horn,652
3,knn,joint_angle,deer_horn,flower_pinch,164
3,knn,joint_angle,deer_horn,orchid_finger,105
3,knn,joint_angle,deer_horn,orchid_palm,25
3,knn,joint_angle,deer_horn,prayer_beads,1
3,knn,joint_angle,deer_horn,three_finger_bent,3
3,knn,joint_angle,flower_pinch,deer_horn,39
3,knn,joint_angle,flower_pinch,flower_pinch,699
3,knn,joint_angle,flower_pinch,orchid_finger,11
3,knn,joint_angle,flower_pinch,orchid_palm,151
3,knn,joint_angle,flower_pinch,prayer_beads,2
3,knn,joint_angle,flower_pinch,three_finger_bent,48
3,knn,joint_angle,orchid_finger,deer_horn,210
3,knn,joint_angle,orchid_finger,flower_pinch,103
3,knn,joint_angle,orchid_finger,orchid_finger,532
3,knn,joint_angle,orchid_finger,orchid_palm,64
3,knn,joint_angle,orchid_finger,prayer_beads,6
3,knn,joint_angle,orchid_finger,three_finger_bent,10
3,knn,joint_angle,orchid_palm,deer_horn,15
3,knn,joint_angle,orchid_palm,flower_pinch,351
3,knn,joint_angle,orchid_palm,orchid_finger,34
3,knn,joint_angle,orchid_palm,orchid_palm,604
3,knn,joint_angle,orchid_palm,prayer_beads,86
3,knn,joint_angle,orchid_palm,three_finger_bent,10
3,knn,joint_angle,prayer_beads,deer_horn,25
3,knn,joint_angle,prayer_beads,flower_pinch,61
3,knn,joint_angle,prayer_beads,orchid_finger,27
3,knn,joint_angle,prayer_beads,orchid_palm,97
3,knn,joint_angle,prayer_beads,prayer_beads,699
3,knn,joint_angle,prayer_beads,three_finger_bent,16
3,knn,joint_angle,three_finger_bent,deer_horn,0
3,knn,joint_angle,three_finger_bent,flower_pinch,165
3,knn,joint_angle,three_finger_bent,orchid_finger,0
3,knn,joint_angle,three_finger_bent,orchid_palm,16
3,knn,joint_angle,three_finger_bent,prayer_beads,0
3,knn,joint_angle,three_finger_bent,three_finger_bent,719
3,knn,optimized_action,deer_horn,deer_horn,713
3,knn,optimized_action,deer_horn,flower_pinch,108
3,knn,optimized_action,deer_horn,orchid_finger,90
3,knn,optimized_action,deer_horn,orchid_palm,28
3,knn,optimized_action,deer_horn,prayer_beads,4
3,knn,optimized_action,deer_horn,three_finger_bent,7
3,knn,optimized_action,flower_pinch,deer_horn,85
3,knn,optimized_action,flower_pinch,flower_pinch,586
3,knn,optimized_action,flower_pinch,orchid_finger,21
3,knn,optimized_action,flower_pinch,orchid_palm,138
3,knn,optimized_action,flower_pinch,prayer_beads,6
3,knn,optimized_action,flower_pinch,three_finger_bent,114
3,knn,optimized_action,orchid_finger,deer_horn,199
3,knn,optimized_action,orchid_finger,flower_pinch,88
3,knn,optimized_action,orchid_finger,orchid_finger,537
3,knn,optimized_action,orchid_finger,orchid_palm,62
3,knn,optimized_action,orchid_finger,prayer_beads,9
3,knn,optimized_action,orchid_finger,three_finger_bent,30
3,knn,optimized_action,orchid_palm,deer_horn,39
3,knn,optimized_action,orchid_palm,flower_pinch,281
3,knn,optimized_action,orchid_palm,orchid_finger,88
3,knn,optimized_action,orchid_palm,orchid_palm,554
3,knn,optimized_action,orchid_palm,prayer_beads,102
3,knn,optimized_action,orchid_palm,three_finger_bent,36
3,knn,optimized_action,prayer_beads,deer_horn,42
3,knn,optimized_action,prayer_beads,flower_pinch,35
3,knn,optimized_action,prayer_beads,orchid_finger,40
3,knn,optimized_action,prayer_beads,orchid_palm,49
3,knn,optimized_action,prayer_beads,prayer_beads,748
3,knn,optimized_action,prayer_beads,three_finger_bent,11
3,knn,optimized_action,three_finger_bent,deer_horn,11
3,knn,optimized_action,three_finger_bent,flower_pinch,144
3,knn,optimized_action,three_finger_bent,orchid_finger,5
3,knn,optimized_action,three_finger_bent,orchid_palm,20
3,knn,optimized_action,three_finger_bent,prayer_beads,0
3,knn,optimized_action,three_finger_bent,three_finger_bent,720
3,knn,optimized_full,deer_horn,deer_horn,398
3,knn,optimized_full,deer_horn,flower_pinch,114
3,knn,optimized_full,deer_horn,orchid_finger,170
3,knn,optimized_full,deer_horn,orchid_palm,85
3,knn,optimized_full,deer_horn,prayer_beads,44
3,knn,optimized_full,deer_horn,three_finger_bent,139
3,knn,optimized_full,flower_pinch,deer_horn,139
3,knn,optimized_full,flower_pinch,flower_pinch,311
3,knn,optimized_full,flower_pinch,orchid_finger,142
3,knn,optimized_full,flower_pinch,orchid_palm,133
3,knn,optimized_full,flower_pinch,prayer_beads,32
3,knn,optimized_full,flower_pinch,three_finger_bent,193
3,knn,optimized_full,orchid_finger,deer_horn,151
3,knn,optimized_full,orchid_finger,flower_pinch,131
3,knn,optimized_full,orchid_finger,orchid_finger,335
3,knn,optimized_full,orchid_finger,orchid_palm,141
3,knn,optimized_full,orchid_finger,prayer_beads,66
3,knn,optimized_full,orchid_finger,three_finger_bent,101
3,knn,optimized_full,orchid_palm,deer_horn,141
3,knn,optimized_full,orchid_palm,flower_pinch,164
3,knn,optimized_full,orchid_palm,orchid_finger,207
3,knn,optimized_full,orchid_palm,orchid_palm,330
3,knn,optimized_full,orchid_palm,prayer_beads,143
3,knn,optimized_full,orchid_palm,three_finger_bent,115
3,knn,optimized_full,prayer_beads,deer_horn,61
3,knn,optimized_full,prayer_beads,flower_pinch,46
3,knn,optimized_full,prayer_beads,orchid_finger,88
3,knn,optimized_full,prayer_beads,orchid_palm,41
3,knn,optimized_full,prayer_beads,prayer_beads,611
3,knn,optimized_full,prayer_beads,three_finger_bent,78
3,knn,optimized_full,three_finger_bent,deer_horn,102
3,knn,optimized_full,three_finger_bent,flower_pinch,175
3,knn,optimized_full,three_finger_bent,orchid_finger,131
3,knn,optimized_full,three_finger_bent,orchid_palm,70
3,knn,optimized_full,three_finger_bent,prayer_beads,39
3,knn,optimized_full,three_finger_bent,three_finger_bent,383
3,knn,raw,deer_horn,deer_horn,486
3,knn,raw,deer_horn,flower_pinch,93
3,knn,raw,deer_horn,orchid_finger,167
3,knn,raw,deer_horn,orchid_palm,101
3,knn,raw,deer_horn,prayer_beads,43
3,knn,raw,deer_horn,three_finger_bent,60
3,knn,raw,flower_pinch,deer_horn,159
3,knn,raw,flower_pinch,flower_pinch,297
3,knn,raw,flower_pinch,orchid_finger,64
3,knn,raw,flower_pinch,orchid_palm,185
3,knn,raw,flower_pinch,prayer_beads,127
3,knn,raw,flower_pinch,three_finger_bent,118
3,knn,raw,orchid_finger,deer_horn,227
3,knn,raw,orchid_finger,flower_pinch,78
3,knn,raw,orchid_finger,orchid_finger,328
3,knn,raw,orchid_finger,orchid_palm,133
3,knn,raw,orchid_finger,prayer_beads,93
3,knn,raw,orchid_finger,three_finger_bent,66
3,knn,raw,orchid_palm,deer_horn,194
3,knn,raw,orchid_palm,flower_pinch,212
3,knn,raw,orchid_palm,orchid_finger,150
3,knn,raw,orchid_palm,orchid_palm,338
3,knn,raw,orchid_palm,prayer_beads,141
3,knn,raw,orchid_palm,three_finger_bent,65
3,knn,raw,prayer_beads,deer_horn,77
3,knn,raw,prayer_beads,flower_pinch,146
3,knn,raw,prayer_beads,orchid_finger,86
3,knn,raw,prayer_beads,orchid_palm,115
3,knn,raw,prayer_beads,prayer_beads,383
3,knn,raw,prayer_beads,three_finger_bent,118
3,knn,raw,three_finger_bent,deer_horn,143
3,knn,raw,three_finger_bent,flower_pinch,178
3,knn,raw,three_finger_bent,orchid_finger,100
3,knn,raw,three_finger_bent,orchid_palm,103
3,knn,raw,three_finger_bent,prayer_beads,144
3,knn,raw,three_finger_bent,three_finger_bent,232
3,knn,raw_pca11,deer_horn,deer_horn,615
3,knn,raw_pca11,deer_horn,flower_pinch,105
3,knn,raw_pca11,deer_horn,orchid_finger,141
3,knn,raw_pca11,deer_horn,orchid_palm,55
3,knn,raw_pca11,deer_horn,prayer_beads,21
3,knn,raw_pca11,deer_horn,three_finger_bent,13
3,knn,raw_pca11,flower_pinch,deer_horn,105
3,knn,raw_pca11,flower_pinch,flower_pinch,484
3,knn,raw_pca11,flower_pinch,orchid_finger,49
3,knn,raw_pca11,flower_pinch,orchid_palm,213
3,knn,raw_pca11,flower_pinch,prayer_beads,29
3,knn,raw_pca11,flower_pinch,three_finger_bent,70
3,knn,raw_pca11,orchid_finger,deer_horn,185
3,knn,raw_pca11,orchid_finger,flower_pinch,87
3,knn,raw_pca11,orchid_finger,orchid_finger,440
3,knn,raw_pca11,orchid_finger,orchid_palm,134
3,knn,raw_pca11,orchid_finger,prayer_beads,46
3,knn,raw_pca11,orchid_finger,three_finger_bent,33
3,knn,raw_pca11,orchid_palm,deer_horn,75
3,knn,raw_pca11,orchid_palm,flower_pinch,250
3,knn,raw_pca11,orchid_palm,orchid_finger,82
3,knn,raw_pca11,orchid_palm,orchid_palm,511
3,knn,raw_pca11,orchid_palm,prayer_beads,156
3,knn,raw_pca11,orchid_palm,three_finger_bent,26
3,knn,raw_pca11,prayer_beads,deer_horn,29
3,knn,raw_pca11,prayer_beads,flower_pinch,81
3,knn,raw_pca11,prayer_beads,orchid_finger,58
3,knn,raw_pca11,prayer_beads,orchid_palm,146
3,knn,raw_pca11,prayer_beads,prayer_beads,573
3,knn,raw_pca11,prayer_beads,three_finger_bent,38
3,knn,raw_pca11,three_finger_bent,deer_horn,66
3,knn,raw_pca11,three_finger_bent,flower_pinch,162
3,knn,raw_pca11,three_finger_bent,orchid_finger,43
3,knn,raw_pca11,three_finger_bent,orchid_palm,73
3,knn,raw_pca11,three_finger_bent,prayer_beads,44
3,knn,raw_pca11,three_finger_bent,three_finger_bent,512
3,knn,raw_pca17,deer_horn,deer_horn,703
3,knn,raw_pca17,deer_horn,flower_pinch,71
3,knn,raw_pca17,deer_horn,orchid_finger,64
3,knn,raw_pca17,deer_horn,orchid_palm,66
3,knn,raw_pca17,deer_horn,prayer_beads,24
3,knn,raw_pca17,deer_horn,three_finger_bent,22
3,knn,raw_pca17,flower_pinch,deer_horn,64
3,knn,raw_pca17,flower_pinch,flower_pinch,521
3,knn,raw_pca17,flower_pinch,orchid_finger,56
3,knn,raw_pca17,flower_pinch,orchid_palm,196
3,knn,raw_pca17,flower_pinch,prayer_beads,25
3,knn,raw_pca17,flower_pinch,three_finger_bent,88
3,knn,raw_pca17,orchid_finger,deer_horn,134
3,knn,raw_pca17,orchid_finger,flower_pinch,107
3,knn,raw_pca17,orchid_finger,orchid_finger,497
3,knn,raw_pca17,orchid_finger,orchid_palm,104
3,knn,raw_pca17,orchid_finger,prayer_beads,34
3,knn,raw_pca17,orchid_finger,three_finger_bent,49
3,knn,raw_pca17,orchid_palm,deer_horn,75
3,knn,raw_pca17,orchid_palm,flower_pinch,276
3,knn,raw_pca17,orchid_palm,orchid_finger,73
3,knn,raw_pca17,orchid_palm,orchid_palm,527
3,knn,raw_pca17,orchid_palm,prayer_beads,117
3,knn,raw_pca17,orchid_palm,three_finger_bent,32
3,knn,raw_pca17,prayer_beads,deer_horn,47
3,knn,raw_pca17,prayer_beads,flower_pinch,104
3,knn,raw_pca17,prayer_beads,orchid_finger,28
3,knn,raw_pca17,prayer_beads,orchid_palm,115
3,knn,raw_pca17,prayer_beads,prayer_beads,595
3,knn,raw_pca17,prayer_beads,three_finger_bent,36
3,knn,raw_pca17,three_finger_bent,deer_horn,57
3,knn,raw_pca17,three_finger_bent,flower_pinch,173
3,knn,raw_pca17,three_finger_bent,orchid_finger,49
3,knn,raw_pca17,three_finger_bent,orchid_palm,65
3,knn,raw_pca17,three_finger_bent,prayer_beads,56
3,knn,raw_pca17,three_finger_bent,three_finger_bent,500
3,mlp,corrected,deer_horn,deer_horn,717
3,mlp,corrected,deer_horn,flower_pinch,66
3,mlp,corrected,deer_horn,orchid_finger,124
3,mlp,corrected,deer_horn,orchid_palm,20
3,mlp,corrected,deer_horn,prayer_beads,13
3,mlp,corrected,deer_horn,three_finger_bent,10
3,mlp,corrected,flower_pinch,deer_horn,94
3,mlp,corrected,flower_pinch,flower_pinch,591
3,mlp,corrected,flower_pinch,orchid_finger,42
3,mlp,corrected,flower_pinch,orchid_palm,136
3,mlp,corrected,flower_pinch,prayer_beads,12
3,mlp,corrected,flower_pinch,three_finger_bent,75
3,mlp,corrected,orchid_finger,deer_horn,159
3,mlp,corrected,orchid_finger,flower_pinch,35
3,mlp,corrected,orchid_finger,orchid_finger,654
3,mlp,corrected,orchid_finger,orchid_palm,44
3,mlp,corrected,orchid_finger,prayer_beads,10
3,mlp,corrected,orchid_finger,three_finger_bent,23
3,mlp,corrected,orchid_palm,deer_horn,31
3,mlp,corrected,orchid_palm,flower_pinch,173
3,mlp,corrected,orchid_palm,orchid_finger,119
3,mlp,corrected,orchid_palm,orchid_palm,681
3,mlp,corrected,orchid_palm,prayer_beads,68
3,mlp,corrected,orchid_palm,three_finger_bent,28
3,mlp,corrected,prayer_beads,deer_horn,38
3,mlp,corrected,prayer_beads,flower_pinch,28
3,mlp,corrected,prayer_beads,orchid_finger,51
3,mlp,corrected,prayer_beads,orchid_palm,19
3,mlp,corrected,prayer_beads,prayer_beads,766
3,mlp,corrected,prayer_beads,three_finger_bent,23
3,mlp,corrected,three_finger_bent,deer_horn,18
3,mlp,corrected,three_finger_bent,flower_pinch,49
3,mlp,corrected,three_finger_bent,orchid_finger,26
3,mlp,corrected,three_finger_bent,orchid_palm,9
3,mlp,corrected,three_finger_bent,prayer_beads,3
3,mlp,corrected,three_finger_bent,three_finger_bent,795
3,mlp,joint_angle,deer_horn,deer_horn,679
3,mlp,joint_angle,deer_horn,flower_pinch,109
3,mlp,joint_angle,deer_horn,orchid_finger,138
3,mlp,joint_angle,deer_horn,orchid_palm,16
3,mlp,joint_angle,deer_horn,prayer_beads,3
3,mlp,joint_angle,deer_horn,three_finger_bent,5
3,mlp,joint_angle,flower_pinch,deer_horn,57
3,mlp,joint_angle,flower_pinch,flower_pinch,647
3,mlp,joint_angle,flower_pinch,orchid_finger,24
3,mlp,joint_angle,flower_pinch,orchid_palm,137
3,mlp,joint_angle,flower_pinch,prayer_beads,12
3,mlp,joint_angle,flower_pinch,three_finger_bent,73
3,mlp,joint_angle,orchid_finger,deer_horn,177
3,mlp,joint_angle,orchid_finger,flower_pinch,35
3,mlp,joint_angle,orchid_finger,orchid_finger,665
3,mlp,joint_angle,orchid_finger,orchid_palm,34
3,mlp,joint_angle,orchid_finger,prayer_beads,4
3,mlp,joint_angle,orchid_finger,three_finger_bent,10
3,mlp,joint_angle,orchid_palm,deer_horn,21
3,mlp,joint_angle,orchid_palm,flower_pinch,211
3,mlp,joint_angle,orchid_palm,orchid_finger,79
3,mlp,joint_angle,orchid_palm,orchid_palm,672
3,mlp,joint_angle,orchid_palm,prayer_beads,101
3,mlp,joint_angle,orchid_palm,three_finger_bent,16
3,mlp,joint_angle,prayer_beads,deer_horn,24
3,mlp,joint_angle,prayer_beads,flower_pinch,55
3,mlp,joint_angle,prayer_beads,orchid_finger,40
3,mlp,joint_angle,prayer_beads,orchid_palm,63
3,mlp,joint_angle,prayer_beads,prayer_beads,722
3,mlp,joint_angle,prayer_beads,three_finger_bent,21
3,mlp,joint_angle,three_finger_bent,deer_horn,0
3,mlp,joint_angle,three_finger_bent,flower_pinch,82
3,mlp,joint_angle,three_finger_bent,orchid_finger,1
3,mlp,joint_angle,three_finger_bent,orchid_palm,9
3,mlp,joint_angle,three_finger_bent,prayer_beads,3
3,mlp,joint_angle,three_finger_bent,three_finger_bent,805
3,mlp,optimized_action,deer_horn,deer_horn,737
3,mlp,optimized_action,deer_horn,flower_pinch,69
3,mlp,optimized_action,deer_horn,orchid_finger,105
3,mlp,optimized_action,deer_horn,orchid_palm,18
3,mlp,optimized_action,deer_horn,prayer_beads,12
3,mlp,optimized_action,deer_horn,three_finger_bent,9
3,mlp,optimized_action,flower_pinch,deer_horn,94
3,mlp,optimized_action,flower_pinch,flower_pinch,546
3,mlp,optimized_action,flower_pinch,orchid_finger,34
3,mlp,optimized_action,flower_pinch,orchid_palm,150
3,mlp,optimized_action,flower_pinch,prayer_beads,23
3,mlp,optimized_action,flower_pinch,three_finger_bent,103
3,mlp,optimized_action,orchid_finger,deer_horn,167
3,mlp,optimized_action,orchid_finger,flower_pinch,52
3,mlp,optimized_action,orchid_finger,orchid_finger,626
3,mlp,optimized_action,orchid_finger,orchid_palm,44
3,mlp,optimized_action,orchid_finger,prayer_beads,10
3,mlp,optimized_action,orchid_finger,three_finger_bent,26
3,mlp,optimized_action,orchid_palm,deer_horn,39
3,mlp,optimized_action,orchid_palm,flower_pinch,181
3,mlp,optimized_action,orchid_palm,orchid_finger,127
3,mlp,optimized_action,orchid_palm,orchid_palm,623
3,mlp,optimized_action,orchid_palm,prayer_beads,93
3,mlp,optimized_action,orchid_palm,three_finger_bent,37
3,mlp,optimized_action,prayer_beads,deer_horn,36
3,mlp,optimized_action,prayer_beads,flower_pinch,39
3,mlp,optimized_action,prayer_beads,orchid_finger,43
3,mlp,optimized_action,prayer_beads,orchid_palm,35
3,mlp,optimized_action,prayer_beads,prayer_beads,753
3,mlp,optimized_action,prayer_beads,three_finger_bent,19
3,mlp,optimized_action,three_finger_bent,deer_horn,18
3,mlp,optimized_action,three_finger_bent,flower_pinch,80
3,mlp,optimized_action,three_finger_bent,orchid_finger,18
3,mlp,optimized_action,three_finger_bent,orchid_palm,17
3,mlp,optimized_action,three_finger_bent,prayer_beads,8
3,mlp,optimized_action,three_finger_bent,three_finger_bent,759
3,mlp,optimized_full,deer_horn,deer_horn,417
3,mlp,optimized_full,deer_horn,flower_pinch,117
3,mlp,optimized_full,deer_horn,orchid_finger,186
3,mlp,optimized_full,deer_horn,orchid_palm,97
3,mlp,optimized_full,deer_horn,prayer_beads,47
3,mlp,optimized_full,deer_horn,three_finger_bent,86
3,mlp,optimized_full,flower_pinch,deer_horn,127
3,mlp,optimized_full,flower_pinch,flower_pinch,359
3,mlp,optimized_full,flower_pinch,orchid_finger,116
3,mlp,optimized_full,flower_pinch,orchid_palm,144
3,mlp,optimized_full,flower_pinch,prayer_beads,34
3,mlp,optimized_full,flower_pinch,three_finger_bent,170
3,mlp,optimized_full,orchid_finger,deer_horn,143
3,mlp,optimized_full,orchid_finger,flower_pinch,132
3,mlp,optimized_full,orchid_finger,orchid_finger,343
3,mlp,optimized_full,orchid_finger,orchid_palm,171
3,mlp,optimized_full,orchid_finger,prayer_beads,66
3,mlp,optimized_full,orchid_finger,three_finger_bent,70
3,mlp,optimized_full,orchid_palm,deer_horn,98
3,mlp,optimized_full,orchid_palm,flower_pinch,136
3,mlp,optimized_full,orchid_palm,orchid_finger,208
3,mlp,optimized_full,orchid_palm,orchid_palm,427
3,mlp,optimized_full,orchid_palm,prayer_beads,147
3,mlp,optimized_full,orchid_palm,three_finger_bent,84
3,mlp,optimized_full,prayer_beads,deer_horn,58
3,mlp,optimized_full,prayer_beads,flower_pinch,59
3,mlp,optimized_full,prayer_beads,orchid_finger,46
3,mlp,optimized_full,prayer_beads,orchid_palm,42
3,mlp,optimized_full,prayer_beads,prayer_beads,658
3,mlp,optimized_full,prayer_beads,three_finger_bent,62
3,mlp,optimized_full,three_finger_bent,deer_horn,94
3,mlp,optimized_full,three_finger_bent,flower_pinch,184
3,mlp,optimized_full,three_finger_bent,orchid_finger,90
3,mlp,optimized_full,three_finger_bent,orchid_palm,69
3,mlp,optimized_full,three_finger_bent,prayer_beads,35
3,mlp,optimized_full,three_finger_bent,three_finger_bent,428
3,mlp,raw,deer_horn,deer_horn,470
3,mlp,raw,deer_horn,flower_pinch,94
3,mlp,raw,deer_horn,orchid_finger,164
3,mlp,raw,deer_horn,orchid_palm,117
3,mlp,raw,deer_horn,prayer_beads,35
3,mlp,raw,deer_horn,three_finger_bent,70
3,mlp,raw,flower_pinch,deer_horn,141
3,mlp,raw,flower_pinch,flower_pinch,320
3,mlp,raw,flower_pinch,orchid_finger,82
3,mlp,raw,flower_pinch,orchid_palm,176
3,mlp,raw,flower_pinch,prayer_beads,109
3,mlp,raw,flower_pinch,three_finger_bent,122
3,mlp,raw,orchid_finger,deer_horn,191
3,mlp,raw,orchid_finger,flower_pinch,58
3,mlp,raw,orchid_finger,orchid_finger,396
3,mlp,raw,orchid_finger,orchid_palm,111
3,mlp,raw,orchid_finger,prayer_beads,96
3,mlp,raw,orchid_finger,three_finger_bent,73
3,mlp,raw,orchid_palm,deer_horn,149
3,mlp,raw,orchid_palm,flower_pinch,205
3,mlp,raw,orchid_palm,orchid_finger,154
3,mlp,raw,orchid_palm,orchid_palm,361
3,mlp,raw,orchid_palm,prayer_beads,127
3,mlp,raw,orchid_palm,three_finger_bent,104
3,mlp,raw,prayer_beads,deer_horn,80
3,mlp,raw,prayer_beads,flower_pinch,136
3,mlp,raw,prayer_beads,orchid_finger,77
3,mlp,raw,prayer_beads,orchid_palm,120
3,mlp,raw,prayer_beads,prayer_beads,406
3,mlp,raw,prayer_beads,three_finger_bent,106
3,mlp,raw,three_finger_bent,deer_horn,107
3,mlp,raw,three_finger_bent,flower_pinch,183
3,mlp,raw,three_finger_bent,orchid_finger,94
3,mlp,raw,three_finger_bent,orchid_palm,85
3,mlp,raw,three_finger_bent,prayer_beads,136
3,mlp,raw,three_finger_bent,three_finger_bent,295
3,mlp,raw_pca11,deer_horn,deer_horn,684
3,mlp,raw_pca11,deer_horn,flower_pinch,48
3,mlp,raw_pca11,deer_horn,orchid_finger,146
3,mlp,raw_pca11,deer_horn,orchid_palm,36
3,mlp,raw_pca11,deer_horn,prayer_beads,14
3,mlp,raw_pca11,deer_horn,three_finger_bent,22
3,mlp,raw_pca11,flower_pinch,deer_horn,86
3,mlp,raw_pca11,flower_pinch,flower_pinch,448
3,mlp,raw_pca11,flower_pinch,orchid_finger,45
3,mlp,raw_pca11,flower_pinch,orchid_palm,214
3,mlp,raw_pca11,flower_pinch,prayer_beads,41
3,mlp,raw_pca11,flower_pinch,three_finger_bent,116
3,mlp,raw_pca11,orchid_finger,deer_horn,182
3,mlp,raw_pca11,orchid_finger,flower_pinch,56
3,mlp,raw_pca11,orchid_finger,orchid_finger,515
3,mlp,raw_pca11,orchid_finger,orchid_palm,97
3,mlp,raw_pca11,orchid_finger,prayer_beads,38
3,mlp,raw_pca11,orchid_finger,three_finger_bent,37
3,mlp,raw_pca11,orchid_palm,deer_horn,62
3,mlp,raw_pca11,orchid_palm,flower_pinch,200
3,mlp,raw_pca11,orchid_palm,orchid_finger,94
3,mlp,raw_pca11,orchid_palm,orchid_palm,548
3,mlp,raw_pca11,orchid_palm,prayer_beads,147
3,mlp,raw_pca11,orchid_palm,three_finger_bent,49
3,mlp,raw_pca11,prayer_beads,deer_horn,28
3,mlp,raw_pca11,prayer_beads,flower_pinch,58
3,mlp,raw_pca11,prayer_beads,orchid_finger,43
3,mlp,raw_pca11,prayer_beads,orchid_palm,148
3,mlp,raw_pca11,prayer_beads,prayer_beads,587
3,mlp,raw_pca11,prayer_beads,three_finger_bent,61
3,mlp,raw_pca11,three_finger_bent,deer_horn,66
3,mlp,raw_pca11,three_finger_bent,flower_pinch,88
3,mlp,raw_pca11,three_finger_bent,orchid_finger,34
3,mlp,raw_pca11,three_finger_bent,orchid_palm,54
3,mlp,raw_pca11,three_finger_bent,prayer_beads,49
3,mlp,raw_pca11,three_finger_bent,three_finger_bent,609
3,mlp,raw_pca17,deer_horn,deer_horn,753
3,mlp,raw_pca17,deer_horn,flower_pinch,45
3,mlp,raw_pca17,deer_horn,orchid_finger,51
3,mlp,raw_pca17,deer_horn,orchid_palm,54
3,mlp,raw_pca17,deer_horn,prayer_beads,24
3,mlp,raw_pca17,deer_horn,three_finger_bent,23
3,mlp,raw_pca17,flower_pinch,deer_horn,63
3,mlp,raw_pca17,flower_pinch,flower_pinch,491
3,mlp,raw_pca17,flower_pinch,orchid_finger,47
3,mlp,raw_pca17,flower_pinch,orchid_palm,217
3,mlp,raw_pca17,flower_pinch,prayer_beads,30
3,mlp,raw_pca17,flower_pinch,three_finger_bent,102
3,mlp,raw_pca17,orchid_finger,deer_horn,107
3,mlp,raw_pca17,orchid_finger,flower_pinch,75
3,mlp,raw_pca17,orchid_finger,orchid_finger,568
3,mlp,raw_pca17,orchid_finger,orchid_palm,84
3,mlp,raw_pca17,orchid_finger,prayer_beads,35
3,mlp,raw_pca17,orchid_finger,three_finger_bent,56
3,mlp,raw_pca17,orchid_palm,deer_horn,79
3,mlp,raw_pca17,orchid_palm,flower_pinch,190
3,mlp,raw_pca17,orchid_palm,orchid_finger,92
3,mlp,raw_pca17,orchid_palm,orchid_palm,588
3,mlp,raw_pca17,orchid_palm,prayer_beads,101
3,mlp,raw_pca17,orchid_palm,three_finger_bent,50
3,mlp,raw_pca17,prayer_beads,deer_horn,48
3,mlp,raw_pca17,prayer_beads,flower_pinch,66
3,mlp,raw_pca17,prayer_beads,orchid_finger,41
3,mlp,raw_pca17,prayer_beads,orchid_palm,91
3,mlp,raw_pca17,prayer_beads,prayer_beads,620
3,mlp,raw_pca17,prayer_beads,three_finger_bent,59
3,mlp,raw_pca17,three_finger_bent,deer_horn,50
3,mlp,raw_pca17,three_finger_bent,flower_pinch,89
3,mlp,raw_pca17,three_finger_bent,orchid_finger,56
3,mlp,raw_pca17,three_finger_bent,orchid_palm,81
3,mlp,raw_pca17,three_finger_bent,prayer_beads,41
3,mlp,raw_pca17,three_finger_bent,three_finger_bent,583
3,rf,corrected,deer_horn,deer_horn,756
3,rf,corrected,deer_horn,flower_pinch,58
3,rf,corrected,deer_horn,orchid_finger,111
3,rf,corrected,deer_horn,orchid_palm,12
3,rf,corrected,deer_horn,prayer_beads,3
3,rf,corrected,deer_horn,three_finger_bent,10
3,rf,corrected,flower_pinch,deer_horn,93
3,rf,corrected,flower_pinch,flower_pinch,632
3,rf,corrected,flower_pinch,orchid_finger,22
3,rf,corrected,flower_pinch,orchid_palm,96
3,rf,corrected,flower_pinch,prayer_beads,5
3,rf,corrected,flower_pinch,three_finger_bent,102
3,rf,corrected,orchid_finger,deer_horn,118
3,rf,corrected,orchid_finger,flower_pinch,16
3,rf,corrected,orchid_finger,orchid_finger,724
3,rf,corrected,orchid_finger,orchid_palm,48
3,rf,corrected,orchid_finger,prayer_beads,11
3,rf,corrected,orchid_finger,three_finger_bent,8
3,rf,corrected,orchid_palm,deer_horn,26
3,rf,corrected,orchid_palm,flower_pinch,118
3,rf,corrected,orchid_palm,orchid_finger,104
3,rf,corrected,orchid_palm,orchid_palm,695
3,rf,corrected,orchid_palm,prayer_beads,128
3,rf,corrected,orchid_palm,three_finger_bent,29
3,rf,corrected,prayer_beads,deer_horn,39
3,rf,corrected,prayer_beads,flower_pinch,16
3,rf,corrected,prayer_beads,orchid_finger,45
3,rf,corrected,prayer_beads,orchid_palm,34
3,rf,corrected,prayer_beads,prayer_beads,770
3,rf,corrected,prayer_beads,three_finger_bent,21
3,rf,corrected,three_finger_bent,deer_horn,26
3,rf,corrected,three_finger_bent,flower_pinch,50
3,rf,corrected,three_finger_bent,orchid_finger,16
3,rf,corrected,three_finger_bent,orchid_palm,3
3,rf,corrected,three_finger_bent,prayer_beads,0
3,rf,corrected,three_finger_bent,three_finger_bent,805
3,rf,joint_angle,deer_horn,deer_horn,743
3,rf,joint_angle,deer_horn,flower_pinch,62
3,rf,joint_angle,deer_horn,orchid_finger,127
3,rf,joint_angle,deer_horn,orchid_palm,14
3,rf,joint_angle,deer_horn,prayer_beads,3
3,rf,joint_angle,deer_horn,three_finger_bent,1
3,rf,joint_angle,flower_pinch,deer_horn,46
3,rf,joint_angle,flower_pinch,flower_pinch,742
3,rf,joint_angle,flower_pinch,orchid_finger,13
3,rf,joint_angle,flower_pinch,orchid_palm,86
3,rf,joint_angle,flower_pinch,prayer_beads,3
3,rf,joint_angle,flower_pinch,three_finger_bent,60
3,rf,joint_angle,orchid_finger,deer_horn,161
3,rf,joint_angle,orchid_finger,flower_pinch,6
3,rf,joint_angle,orchid_finger,orchid_finger,742
3,rf,joint_angle,orchid_finger,orchid_palm,11
3,rf,joint_angle,orchid_finger,prayer_beads,1
3,rf,joint_angle,orchid_finger,three_finger_bent,4
3,rf,joint_angle,orchid_palm,deer_horn,26
3,rf,joint_angle,orchid_palm,flower_pinch,138
3,rf,joint_angle,orchid_palm,orchid_finger,55
3,rf,joint_angle,orchid_palm,orchid_palm,700
3,rf,joint_angle,orchid_palm,prayer_beads,167
3,rf,joint_angle,orchid_palm,three_finger_bent,14
3,rf,joint_angle,prayer_beads,deer_horn,29
3,rf,joint_angle,prayer_beads,flower_pinch,25
3,rf,joint_angle,prayer_beads,orchid_finger,18
3,rf,joint_angle,prayer_beads,orchid_palm,68
3,rf,joint_angle,prayer_beads,prayer_beads,759
3,rf,joint_angle,prayer_beads,three_finger_bent,26
3,rf,joint_angle,three_finger_bent,deer_horn,3
3,rf,joint_angle,three_finger_bent,flower_pinch,56
3,rf,joint_angle,three_finger_bent,orchid_finger,2
3,rf,joint_angle,three_finger_bent,orchid_palm,7
3,rf,joint_angle,three_finger_bent,prayer_beads,1
3,rf,joint_angle,three_finger_bent,three_finger_bent,831
3,rf,optimized_action,deer_horn,deer_horn,774
3,rf,optimized_action,deer_horn,flower_pinch,49
3,rf,optimized_action,deer_horn,orchid_finger,107
3,rf,optimized_action,deer_horn,orchid_palm,12
3,rf,optimized_action,deer_horn,prayer_beads,2
3,rf,optimized_action,deer_horn,three_finger_bent,6
3,rf,optimized_action,flower_pinch,deer_horn,99
3,rf,optimized_action,flower_pinch,flower_pinch,631
3,rf,optimized_action,flower_pinch,orchid_finger,24
3,rf,optimized_action,flower_pinch,orchid_palm,93
3,rf,optimized_action,flower_pinch,prayer_beads,4
3,rf,optimized_action,flower_pinch,three_finger_bent,99
3,rf,optimized_action,orchid_finger,deer_horn,154
3,rf,optimized_action,orchid_finger,flower_pinch,20
3,rf,optimized_action,orchid_finger,orchid_finger,677
3,rf,optimized_action,orchid_finger,orchid_palm,55
3,rf,optimized_action,orchid_finger,prayer_beads,16
3,rf,optimized_action,orchid_finger,three_finger_bent,3
3,rf,optimized_action,orchid_palm,deer_horn,27
3,rf,optimized_action,orchid_palm,flower_pinch,118
3,rf,optimized_action,orchid_palm,orchid_finger,116
3,rf,optimized_action,orchid_palm,orchid_palm,675
3,rf,optimized_action,orchid_palm,prayer_beads,139
3,rf,optimized_action,orchid_palm,three_finger_bent,25
3,rf,optimized_action,prayer_beads,deer_horn,41
3,rf,optimized_action,prayer_beads,flower_pinch,19
3,rf,optimized_action,prayer_beads,orchid_finger,32
3,rf,optimized_action,prayer_beads,orchid_palm,43
3,rf,optimized_action,prayer_beads,prayer_beads,767
3,rf,optimized_action,prayer_beads,three_finger_bent,23
3,rf,optimized_action,three_finger_bent,deer_horn,25
3,rf,optimized_action,three_finger_bent,flower_pinch,53
3,rf,optimized_action,three_finger_bent,orchid_finger,9
3,rf,optimized_action,three_finger_bent,orchid_palm,9
3,rf,optimized_action,three_finger_bent,prayer_beads,0
3,rf,optimized_action,three_finger_bent,three_finger_bent,804
3,rf,optimized_full,deer_horn,deer_horn,491
3,rf,optimized_full,deer_horn,flower_pinch,122
3,rf,optimized_full,deer_horn,orchid_finger,169
3,rf,optimized_full,deer_horn,orchid_palm,58
3,rf,optimized_full,deer_horn,prayer_beads,44
3,rf,optimized_full,deer_horn,three_finger_bent,66
3,rf,optimized_full,flower_pinch,deer_horn,137
3,rf,optimized_full,flower_pinch,flower_pinch,376
3,rf,optimized_full,flower_pinch,orchid_finger,121
3,rf,optimized_full,flower_pinch,orchid_palm,131
3,rf,optimized_full,flower_pinch,prayer_beads,32
3,rf,optimized_full,flower_pinch,three_finger_bent,153
3,rf,optimized_full,orchid_finger,deer_horn,125
3,rf,optimized_full,orchid_finger,flower_pinch,127
3,rf,optimized_full,orchid_finger,orchid_finger,336
3,rf,optimized_full,orchid_finger,orchid_palm,186
3,rf,optimized_full,orchid_finger,prayer_beads,79
3,rf,optimized_full,orchid_finger,three_finger_bent,72
3,rf,optimized_full,orchid_palm,deer_horn,108
3,rf,optimized_full,orchid_palm,flower_pinch,140
3,rf,optimized_full,orchid_palm,orchid_finger,203
3,rf,optimized_full,orchid_palm,orchid_palm,430
3,rf,optimized_full,orchid_palm,prayer_beads,124
3,rf,optimized_full,orchid_palm,three_finger_bent,95
3,rf,optimized_full,prayer_beads,deer_horn,69
3,rf,optimized_full,prayer_beads,flower_pinch,43
3,rf,optimized_full,prayer_beads,orchid_finger,30
3,rf,optimized_full,prayer_beads,orchid_palm,54
3,rf,optimized_full,prayer_beads,prayer_beads,687
3,rf,optimized_full,prayer_beads,three_finger_bent,42
3,rf,optimized_full,three_finger_bent,deer_horn,79
3,rf,optimized_full,three_finger_bent,flower_pinch,159
3,rf,optimized_full,three_finger_bent,orchid_finger,86
3,rf,optimized_full,three_finger_bent,orchid_palm,86
3,rf,optimized_full,three_finger_bent,prayer_beads,40
3,rf,optimized_full,three_finger_bent,three_finger_bent,450
3,rf,raw,deer_horn,deer_horn,530
3,rf,raw,deer_horn,flower_pinch,101
3,rf,raw,deer_horn,orchid_finger,167
3,rf,raw,deer_horn,orchid_palm,80
3,rf,raw,deer_horn,prayer_beads,27
3,rf,raw,deer_horn,three_finger_bent,45
3,rf,raw,flower_pinch,deer_horn,130
3,rf,raw,flower_pinch,flower_pinch,385
3,rf,raw,flower_pinch,orchid_finger,51
3,rf,raw,flower_pinch,orchid_palm,181
3,rf,raw,flower_pinch,prayer_beads,94
3,rf,raw,flower_pinch,three_finger_bent,109
3,rf,raw,orchid_finger,deer_horn,231
3,rf,raw,orchid_finger,flower_pinch,40
3,rf,raw,orchid_finger,orchid_finger,418
3,rf,raw,orchid_finger,orchid_palm,87
3,rf,raw,orchid_finger,prayer_beads,79
3,rf,raw,orchid_finger,three_finger_bent,70
3,rf,raw,orchid_palm,deer_horn,171
3,rf,raw,orchid_palm,flower_pinch,223
3,rf,raw,orchid_palm,orchid_finger,118
3,rf,raw,orchid_palm,orchid_palm,379
3,rf,raw,orchid_palm,prayer_beads,119
3,rf,raw,orchid_palm,three_finger_bent,90
3,rf,raw,prayer_beads,deer_horn,81
3,rf,raw,prayer_beads,flower_pinch,116
3,rf,raw,prayer_beads,orchid_finger,82
3,rf,raw,prayer_beads,orchid_palm,147
3,rf,raw,prayer_beads,prayer_beads,382
3,rf,raw,prayer_beads,three_finger_bent,117
3,rf,raw,three_finger_bent,deer_horn,111
3,rf,raw,three_finger_bent,flower_pinch,166
3,rf,raw,three_finger_bent,orchid_finger,76
3,rf,raw,three_finger_bent,orchid_palm,94
3,rf,raw,three_finger_bent,prayer_beads,116
3,rf,raw,three_finger_bent,three_finger_bent,337
3,rf,raw_pca11,deer_horn,deer_horn,731
3,rf,raw_pca11,deer_horn,flower_pinch,43
3,rf,raw_pca11,deer_horn,orchid_finger,108
3,rf,raw_pca11,deer_horn,orchid_palm,32
3,rf,raw_pca11,deer_horn,prayer_beads,14
3,rf,raw_pca11,deer_horn,three_finger_bent,22
3,rf,raw_pca11,flower_pinch,deer_horn,101
3,rf,raw_pca11,flower_pinch,flower_pinch,505
3,rf,raw_pca11,flower_pinch,orchid_finger,41
3,rf,raw_pca11,flower_pinch,orchid_palm,156
3,rf,raw_pca11,flower_pinch,prayer_beads,40
3,rf,raw_pca11,flower_pinch,three_finger_bent,107
3,rf,raw_pca11,orchid_finger,deer_horn,208
3,rf,raw_pca11,orchid_finger,flower_pinch,32
3,rf,raw_pca11,orchid_finger,orchid_finger,560
3,rf,raw_pca11,orchid_finger,orchid_palm,60
3,rf,raw_pca11,orchid_finger,prayer_beads,27
3,rf,raw_pca11,orchid_finger,three_finger_bent,38
3,rf,raw_pca11,orchid_palm,deer_horn,56
3,rf,raw_pca11,orchid_palm,flower_pinch,219
3,rf,raw_pca11,orchid_palm,orchid_finger,80
3,rf,raw_pca11,orchid_palm,orchid_palm,520
3,rf,raw_pca11,orchid_palm,prayer_beads,162
3,rf,raw_pca11,orchid_palm,three_finger_bent,63
3,rf,raw_pca11,prayer_beads,deer_horn,31
3,rf,raw_pca11,prayer_beads,flower_pinch,49
3,rf,raw_pca11,prayer_beads,orchid_finger,51
3,rf,raw_pca11,prayer_beads,orchid_palm,135
3,rf,raw_pca11,prayer_beads,prayer_beads,590
3,rf,raw_pca11,prayer_beads,three_finger_bent,69
3,rf,raw_pca11,three_finger_bent,deer_horn,41
3,rf,raw_pca11,three_finger_bent,flower_pinch,97
3,rf,raw_pca11,three_finger_bent,orchid_finger,28
3,rf,raw_pca11,three_finger_bent,orchid_palm,48
3,rf,raw_pca11,three_finger_bent,prayer_beads,33
3,rf,raw_pca11,three_finger_bent,three_finger_bent,653
3,rf,raw_pca17,deer_horn,deer_horn,794
3,rf,raw_pca17,deer_horn,flower_pinch,32
3,rf,raw_pca17,deer_horn,orchid_finger,52
3,rf,raw_pca17,deer_horn,orchid_palm,38
3,rf,raw_pca17,deer_horn,prayer_beads,16
3,rf,raw_pca17,deer_horn,three_finger_bent,18
3,rf,raw_pca17,flower_pinch,deer_horn,55
3,rf,raw_pca17,flower_pinch,flower_pinch,534
3,rf,raw_pca17,flower_pinch,orchid_finger,56
3,rf,raw_pca17,flower_pinch,orchid_palm,181
3,rf,raw_pca17,flower_pinch,prayer_beads,24
3,rf,raw_pca17,flower_pinch,three_finger_bent,100
3,rf,raw_pca17,orchid_finger,deer_horn,108
3,rf,raw_pca17,orchid_finger,flower_pinch,52
3,rf,raw_pca17,orchid_finger,orchid_finger,638
3,rf,raw_pca17,orchid_finger,orchid_palm,48
3,rf,raw_pca17,orchid_finger,prayer_beads,35
3,rf,raw_pca17,orchid_finger,three_finger_bent,44
3,rf,raw_pca17,orchid_palm,deer_horn,67
3,rf,raw_pca17,orchid_palm,flower_pinch,210
3,rf,raw_pca17,orchid_palm,orchid_finger,80
3,rf,raw_pca17,orchid_palm,orchid_palm,558
3,rf,raw_pca17,orchid_palm,prayer_beads,126
3,rf,raw_pca17,orchid_palm,three_finger_bent,59
3,rf,raw_pca17,prayer_beads,deer_horn,48
3,rf,raw_pca17,prayer_beads,flower_pinch,63
3,rf,raw_pca17,prayer_beads,orchid_finger,35
3,rf,raw_pca17,prayer_beads,orchid_palm,101
3,rf,raw_pca17,prayer_beads,prayer_beads,607
3,rf,raw_pca17,prayer_beads,three_finger_bent,71
3,rf,raw_pca17,three_finger_bent,deer_horn,39
3,rf,raw_pca17,three_finger_bent,flower_pinch,81
3,rf,raw_pca17,three_finger_bent,orchid_finger,39
3,rf,raw_pca17,three_finger_bent,orchid_palm,45
3,rf,raw_pca17,three_finger_bent,prayer_beads,36
3,rf,raw_pca17,three_finger_bent,three_finger_bent,660
3,svm,corrected,deer_horn,deer_horn,710
3,svm,corrected,deer_horn,flower_pinch,53
3,svm,corrected,deer_horn,orchid_finger,135
3,svm,corrected,deer_horn,orchid_palm,41
3,svm,corrected,deer_horn,prayer_beads,6
3,svm,corrected,deer_horn,three_finger_bent,5
3,svm,corrected,flower_pinch,deer_horn,69
3,svm,corrected,flower_pinch,flower_pinch,662
3,svm,corrected,flower_pinch,orchid_finger,40
3,svm,corrected,flower_pinch,orchid_palm,120
3,svm,corrected,flower_pinch,prayer_beads,4
3,svm,corrected,flower_pinch,three_finger_bent,55
3,svm,corrected,orchid_finger,deer_horn,125
3,svm,corrected,orchid_finger,flower_pinch,38
3,svm,corrected,orchid_finger,orchid_finger,673
3,svm,corrected,orchid_finger,orchid_palm,76
3,svm,corrected,orchid_finger,prayer_beads,5
3,svm,corrected,orchid_finger,three_finger_bent,8
3,svm,corrected,orchid_palm,deer_horn,25
3,svm,corrected,orchid_palm,flower_pinch,204
3,svm,corrected,orchid_palm,orchid_finger,127
3,svm,corrected,orchid_palm,orchid_palm,683
3,svm,corrected,orchid_palm,prayer_beads,52
3,svm,corrected,orchid_palm,three_finger_bent,9
3,svm,corrected,prayer_beads,deer_horn,24
3,svm,corrected,prayer_beads,flower_pinch,32
3,svm,corrected,prayer_beads,orchid_finger,54
3,svm,corrected,prayer_beads,orchid_palm,45
3,svm,corrected,prayer_beads,prayer_beads,751
3,svm,corrected,prayer_beads,three_finger_bent,19
3,svm,corrected,three_finger_bent,deer_horn,18
3,svm,corrected,three_finger_bent,flower_pinch,43
3,svm,corrected,three_finger_bent,orchid_finger,30
3,svm,corrected,three_finger_bent,orchid_palm,26
3,svm,corrected,three_finger_bent,prayer_beads,4
3,svm,corrected,three_finger_bent,three_finger_bent,779
3,svm,joint_angle,deer_horn,deer_horn,672
3,svm,joint_angle,deer_horn,flower_pinch,56
3,svm,joint_angle,deer_horn,orchid_finger,193
3,svm,joint_angle,deer_horn,orchid_palm,19
3,svm,joint_angle,deer_horn,prayer_beads,5
3,svm,joint_angle,deer_horn,three_finger_bent,5
3,svm,joint_angle,flower_pinch,deer_horn,49
3,svm,joint_angle,flower_pinch,flower_pinch,679
3,svm,joint_angle,flower_pinch,orchid_finger,38
3,svm,joint_angle,flower_pinch,orchid_palm,136
3,svm,joint_angle,flower_pinch,prayer_beads,2
3,svm,joint_angle,flower_pinch,three_finger_bent,46
3,svm,joint_angle,orchid_finger,deer_horn,177
3,svm,joint_angle,orchid_finger,flower_pinch,14
3,svm,joint_angle,orchid_finger,orchid_finger,664
3,svm,joint_angle,orchid_finger,orchid_palm,50
3,svm,joint_angle,orchid_finger,prayer_beads,16
3,svm,joint_angle,orchid_finger,three_finger_bent,4
3,svm,joint_angle,orchid_palm,deer_horn,17
3,svm,joint_angle,orchid_palm,flower_pinch,205
3,svm,joint_angle,orchid_palm,orchid_finger,101
3,svm,joint_angle,orchid_palm,orchid_palm,692
3,svm,joint_angle,orchid_palm,prayer_beads,71
3,svm,joint_angle,orchid_palm,three_finger_bent,14
3,svm,joint_angle,prayer_beads,deer_horn,27
3,svm,joint_angle,prayer_beads,flower_pinch,18
3,svm,joint_angle,prayer_beads,orchid_finger,100
3,svm,joint_angle,prayer_beads,orchid_palm,82
3,svm,joint_angle,prayer_beads,prayer_beads,693
3,svm,joint_angle,prayer_beads,three_finger_bent,5
3,svm,joint_angle,three_finger_bent,deer_horn,12
3,svm,joint_angle,three_finger_bent,flower_pinch,52
3,svm,joint_angle,three_finger_bent,orchid_finger,43
3,svm,joint_angle,three_finger_bent,orchid_palm,21
3,svm,joint_angle,three_finger_bent,prayer_beads,1
3,svm,joint_angle,three_finger_bent,three_finger_bent,771
3,svm,optimized_action,deer_horn,deer_horn,710
3,svm,optimized_action,deer_horn,flower_pinch,62
3,svm,optimized_action,deer_horn,orchid_finger,133
3,svm,optimized_action,deer_horn,orchid_palm,32
3,svm,optimized_action,deer_horn,prayer_beads,7
3,svm,optimized_action,deer_horn,three_finger_bent,6
3,svm,optimized_action,flower_pinch,deer_horn,70
3,svm,optimized_action,flower_pinch,flower_pinch,596
3,svm,optimized_action,flower_pinch,orchid_finger,40
3,svm,optimized_action,flower_pinch,orchid_palm,148
3,svm,optimized_action,flower_pinch,prayer_beads,4
3,svm,optimized_action,flower_pinch,three_finger_bent,92
3,svm,optimized_action,orchid_finger,deer_horn,112
3,svm,optimized_action,orchid_finger,flower_pinch,60
3,svm,optimized_action,orchid_finger,orchid_finger,666
3,svm,optimized_action,orchid_finger,orchid_palm,74
3,svm,optimized_action,orchid_finger,prayer_beads,4
3,svm,optimized_action,orchid_finger,three_finger_bent,9
3,svm,optimized_action,orchid_palm,deer_horn,26
3,svm,optimized_action,orchid_palm,flower_pinch,195
3,svm,optimized_action,orchid_palm,orchid_finger,131
3,svm,optimized_action,orchid_palm,orchid_palm,672
3,svm,optimized_action,orchid_palm,prayer_beads,61
3,svm,optimized_action,orchid_palm,three_finger_bent,15
3,svm,optimized_action,prayer_beads,deer_horn,15
3,svm,optimized_action,prayer_beads,flower_pinch,32
3,svm,optimized_action,prayer_beads,orchid_finger,56
3,svm,optimized_action,prayer_beads,orchid_palm,65
3,svm,optimized_action,prayer_beads,prayer_beads,741
3,svm,optimized_action,prayer_beads,three_finger_bent,16
3,svm,optimized_action,three_finger_bent,deer_horn,17
3,svm,optimized_action,three_finger_bent,flower_pinch,63
3,svm,optimized_action,three_finger_bent,orchid_finger,30
3,svm,optimized_action,three_finger_bent,orchid_palm,42
3,svm,optimized_action,three_finger_bent,prayer_beads,5
3,svm,optimized_action,three_finger_bent,three_finger_bent,743
3,svm,optimized_full,deer_horn,deer_horn,419
3,svm,optimized_full,deer_horn,flower_pinch,128
3,svm,optimized_full,deer_horn,orchid_finger,179
3,svm,optimized_full,deer_horn,orchid_palm,98
3,svm,optimized_full,deer_horn,prayer_beads,26
3,svm,optimized_full,deer_horn,three_finger_bent,100
3,svm,optimized_full,flower_pinch,deer_horn,124
3,svm,optimized_full,flower_pinch,flower_pinch,350
3,svm,optimized_full,flower_pinch,orchid_finger,135
3,svm,optimized_full,flower_pinch,orchid_palm,157
3,svm,optimized_full,flower_pinch,prayer_beads,14
3,svm,optimized_full,flower_pinch,three_finger_bent,170
3,svm,optimized_full,orchid_finger,deer_horn,143
3,svm,optimized_full,orchid_finger,flower_pinch,138
3,svm,optimized_full,orchid_finger,orchid_finger,344
3,svm,optimized_full,orchid_finger,orchid_palm,157
3,svm,optimized_full,orchid_finger,prayer_beads,50
3,svm,optimized_full,orchid_finger,three_finger_bent,93
3,svm,optimized_full,orchid_palm,deer_horn,124
3,svm,optimized_full,orchid_palm,flower_pinch,173
3,svm,optimized_full,orchid_palm,orchid_finger,216
3,svm,optimized_full,orchid_palm,orchid_palm,428
3,svm,optimized_full,orchid_palm,prayer_beads,70
3,svm,optimized_full,orchid_palm,three_finger_bent,89
3,svm,optimized_full,prayer_beads,deer_horn,46
3,svm,optimized_full,prayer_beads,flower_pinch,66
3,svm,optimized_full,prayer_beads,orchid_finger,68
3,svm,optimized_full,prayer_beads,orchid_palm,67
3,svm,optimized_full,prayer_beads,prayer_beads,618
3,svm,optimized_full,prayer_beads,three_finger_bent,60
3,svm,optimized_full,three_finger_bent,deer_horn,106
3,svm,optimized_full,three_finger_bent,flower_pinch,180
3,svm,optimized_full,three_finger_bent,orchid_finger,110
3,svm,optimized_full,three_finger_bent,orchid_palm,88
3,svm,optimized_full,three_finger_bent,prayer_beads,18
3,svm,optimized_full,three_finger_bent,three_finger_bent,398
3,svm,raw,deer_horn,deer_horn,478
3,svm,raw,deer_horn,flower_pinch,98
3,svm,raw,deer_horn,orchid_finger,166
3,svm,raw,deer_horn,orchid_palm,106
3,svm,raw,deer_horn,prayer_beads,32
3,svm,raw,deer_horn,three_finger_bent,70
3,svm,raw,flower_pinch,deer_horn,101
3,svm,raw,flower_pinch,flower_pinch,331
3,svm,raw,flower_pinch,orchid_finger,58
3,svm,raw,flower_pinch,orchid_palm,181
3,svm,raw,flower_pinch,prayer_beads,126
3,svm,raw,flower_pinch,three_finger_bent,153
3,svm,raw,orchid_finger,deer_horn,178
3,svm,raw,orchid_finger,flower_pinch,73
3,svm,raw,orchid_finger,orchid_finger,372
3,svm,raw,orchid_finger,orchid_palm,113
3,svm,raw,orchid_finger,prayer_beads,95
3,svm,raw,orchid_finger,three_finger_bent,94
3,svm,raw,orchid_palm,deer_horn,121
3,svm,raw,orchid_palm,flower_pinch,232
3,svm,raw,orchid_palm,orchid_finger,138
3,svm,raw,orchid_palm,orchid_palm,372
3,svm,raw,orchid_palm,prayer_beads,130
3,svm,raw,orchid_palm,three_finger_bent,107
3,svm,raw,prayer_beads,deer_horn,31
3,svm,raw,prayer_beads,flower_pinch,143
3,svm,raw,prayer_beads,orchid_finger,71
3,svm,raw,prayer_beads,orchid_palm,121
3,svm,raw,prayer_beads,prayer_beads,402
3,svm,raw,prayer_beads,three_finger_bent,157
3,svm,raw,three_finger_bent,deer_horn,87
3,svm,raw,three_finger_bent,flower_pinch,171
3,svm,raw,three_finger_bent,orchid_finger,66
3,svm,raw,three_finger_bent,orchid_palm,105
3,svm,raw,three_finger_bent,prayer_beads,145
3,svm,raw,three_finger_bent,three_finger_bent,326
3,svm,raw_pca11,deer_horn,deer_horn,624
3,svm,raw_pca11,deer_horn,flower_pinch,56
3,svm,raw_pca11,deer_horn,orchid_finger,165
3,svm,raw_pca11,deer_horn,orchid_palm,43
3,svm,raw_pca11,deer_horn,prayer_beads,19
3,svm,raw_pca11,deer_horn,three_finger_bent,43
3,svm,raw_pca11,flower_pinch,deer_horn,59
3,svm,raw_pca11,flower_pinch,flower_pinch,481
3,svm,raw_pca11,flower_pinch,orchid_finger,59
3,svm,raw_pca11,flower_pinch,orchid_palm,181
3,svm,raw_pca11,flower_pinch,prayer_beads,32
3,svm,raw_pca11,flower_pinch,three_finger_bent,138
3,svm,raw_pca11,orchid_finger,deer_horn,137
3,svm,raw_pca11,orchid_finger,flower_pinch,52
3,svm,raw_pca11,orchid_finger,orchid_finger,532
3,svm,raw_pca11,orchid_finger,orchid_palm,111
3,svm,raw_pca11,orchid_finger,prayer_beads,32
3,svm,raw_pca11,orchid_finger,three_finger_bent,61
3,svm,raw_pca11,orchid_palm,deer_horn,36
3,svm,raw_pca11,orchid_palm,flower_pinch,189
3,svm,raw_pca11,orchid_palm,orchid_finger,115
3,svm,raw_pca11,orchid_palm,orchid_palm,544
3,svm,raw_pca11,orchid_palm,prayer_beads,137
3,svm,raw_pca11,orchid_palm,three_finger_bent,79
3,svm,raw_pca11,prayer_beads,deer_horn,23
3,svm,raw_pca11,prayer_beads,flower_pinch,46
3,svm,raw_pca11,prayer_beads,orchid_finger,71
3,svm,raw_pca11,prayer_beads,orchid_palm,126
3,svm,raw_pca11,prayer_beads,prayer_beads,563
3,svm,raw_pca11,prayer_beads,three_finger_bent,96
3,svm,raw_pca11,three_finger_bent,deer_horn,35
3,svm,raw_pca11,three_finger_bent,flower_pinch,90
3,svm,raw_pca11,three_finger_bent,orchid_finger,48
3,svm,raw_pca11,three_finger_bent,orchid_palm,63
3,svm,raw_pca11,three_finger_bent,prayer_beads,34
3,svm,raw_pca11,three_finger_bent,three_finger_bent,630
3,svm,raw_pca17,deer_horn,deer_horn,670
3,svm,raw_pca17,deer_horn,flower_pinch,42
3,svm,raw_pca17,deer_horn,orchid_finger,91
3,svm,raw_pca17,deer_horn,orchid_palm,57
3,svm,raw_pca17,deer_horn,prayer_beads,20
3,svm,raw_pca17,deer_horn,three_finger_bent,70
3,svm,raw_pca17,flower_pinch,deer_horn,41
3,svm,raw_pca17,flower_pinch,flower_pinch,478
3,svm,raw_pca17,flower_pinch,orchid_finger,65
3,svm,raw_pca17,flower_pinch,orchid_palm,182
3,svm,raw_pca17,flower_pinch,prayer_beads,38
3,svm,raw_pca17,flower_pinch,three_finger_bent,146
3,svm,raw_pca17,orchid_finger,deer_horn,72
3,svm,raw_pca17,orchid_finger,flower_pinch,48
3,svm,raw_pca17,orchid_finger,orchid_finger,606
3,svm,raw_pca17,orchid_finger,orchid_palm,71
3,svm,raw_pca17,orchid_finger,prayer_beads,41
3,svm,raw_pca17,orchid_finger,three_finger_bent,87
3,svm,raw_pca17,orchid_palm,deer_horn,43
3,svm,raw_pca17,orchid_palm,flower_pinch,156
3,svm,raw_pca17,orchid_palm,orchid_finger,114
3,svm,raw_pca17,orchid_palm,orchid_palm,583
3,svm,raw_pca17,orchid_palm,prayer_beads,111
3,svm,raw_pca17,orchid_palm,three_finger_bent,93
3,svm,raw_pca17,prayer_beads,deer_horn,34
3,svm,raw_pca17,prayer_beads,flower_pinch,59
3,svm,raw_pca17,prayer_beads,orchid_finger,64
3,svm,raw_pca17,prayer_beads,orchid_palm,90
3,svm,raw_pca17,prayer_beads,prayer_beads,586
3,svm,raw_pca17,prayer_beads,three_finger_bent,92
3,svm,raw_pca17,three_finger_bent,deer_horn,42
3,svm,raw_pca17,three_finger_bent,flower_pinch,79
3,svm,raw_pca17,three_finger_bent,orchid_finger,71
3,svm,raw_pca17,three_finger_bent,orchid_palm,49
3,svm,raw_pca17,three_finger_bent,prayer_beads,38
3,svm,raw_pca17,three_finger_bent,three_finger_bent,621
5,knn,corrected,deer_horn,deer_horn,772
5,knn,corrected,deer_horn,flower_pinch,64
5,knn,corrected,deer_horn,orchid_finger,84
5,knn,corrected,deer_horn,orchid_palm,25
5,knn,corrected,deer_horn,prayer_beads,3
5,knn,corrected,deer_horn,three_finger_bent,2
5,knn,corrected,flower_pinch,deer_horn,57
5,knn,corrected,flower_pinch,flower_pinch,700
5,knn,corrected,flower_pinch,orchid_finger,21
5,knn,corrected,flower_pinch,orchid_palm,102
5,knn,corrected,flower_pinch,prayer_beads,2
5,knn,corrected,flower_pinch,three_finger_bent,68
5,knn,corrected,orchid_finger,deer_horn,185
5,knn,corrected,orchid_finger,flower_pinch,41
5,knn,corrected,orchid_finger,orchid_finger,642
5,knn,corrected,orchid_finger,orchid_palm,38
5,knn,corrected,orchid_finger,prayer_beads,3
5,knn,corrected,orchid_finger,three_finger_bent,16
5,knn,corrected,orchid_palm,deer_horn,21
5,knn,corrected,orchid_palm,flower_pinch,265
5,knn,corrected,orchid_palm,orchid_finger,84
5,knn,corrected,orchid_palm,orchid_palm,649
5,knn,corrected,orchid_palm,prayer_beads,69
5,knn,corrected,orchid_palm,three_finger_bent,12
5,knn,corrected,prayer_beads,deer_horn,43
5,knn,corrected,prayer_beads,flower_pinch,12
5,knn,corrected,prayer_beads,orchid_finger,40
5,knn,corrected,prayer_beads,orchid_palm,19
5,knn,corrected,prayer_beads,prayer_beads,800
5,knn,corrected,prayer_beads,three_finger_bent,11
5,knn,corrected,three_finger_bent,deer_horn,10
5,knn,corrected,three_finger_bent,flower_pinch,60
5,knn,corrected,three_finger_bent,orchid_finger,5
5,knn,corrected,three_finger_bent,orchid_palm,1
5,knn,corrected,three_finger_bent,prayer_beads,2
5,knn,corrected,three_finger_bent,three_finger_bent,822
5,knn,joint_angle,deer_horn,deer_horn,735
5,knn,joint_angle,deer_horn,flower_pinch,98
5,knn,joint_angle,deer_horn,orchid_finger,93
5,knn,joint_angle,deer_horn,orchid_palm,21
5,knn,joint_angle,deer_horn,prayer_beads,2
5,knn,joint_angle,deer_horn,three_finger_bent,1
5,knn,joint_angle,flower_pinch,deer_horn,20
5,knn,joint_angle,flower_pinch,flower_pinch,755
5,knn,joint_angle,flower_pinch,orchid_finger,10
5,knn,joint_angle,flower_pinch,orchid_palm,132
5,knn,joint_angle,flower_pinch,prayer_beads,0
5,knn,joint_angle,flower_pinch,three_finger_bent,33
5,knn,joint_angle,orchid_finger,deer_horn,194
5,knn,joint_angle,orchid_finger,flower_pinch,55
5,knn,joint_angle,orchid_finger,orchid_finger,625
5,knn,joint_angle,orchid_finger,orchid_palm,41
5,knn,joint_angle,orchid_finger,prayer_beads,1
5,knn,joint_angle,orchid_finger,three_finger_bent,9
5,knn,joint_angle,orchid_palm,deer_horn,14
5,knn,joint_angle,orchid_palm,flower_pinch,283
5,knn,joint_angle,orchid_palm,orchid_finger,41
5,knn,joint_angle,orchid_palm,orchid_palm,690
5,knn,joint_angle,orchid_palm,prayer_beads,64
5,knn,joint_angle,orchid_palm,three_finger_bent,8
5,knn,joint_angle,prayer_beads,deer_horn,25
5,knn,joint_angle,prayer_beads,flower_pinch,33
5,knn,joint_angle,prayer_beads,orchid_finger,27
5,knn,joint_angle,prayer_beads,orchid_palm,71
5,knn,joint_angle,prayer_beads,prayer_beads,757
5,knn,joint_angle,prayer_beads,three_finger_bent,12
5,knn,joint_angle,three_finger_bent,deer_horn,0
5,knn,joint_angle,three_finger_bent,flower_pinch,92
5,knn,joint_angle,three_finger_bent,orchid_finger,0
5,knn,joint_angle,three_finger_bent,orchid_palm,5
5,knn,joint_angle,three_finger_bent,prayer_beads,0
5,knn,joint_angle,three_finger_bent,three_finger_bent,803
5,knn,optimized_action,deer_horn,deer_horn,793
5,knn,optimized_action,deer_horn,flower_pinch,56
5,knn,optimized_action,deer_horn,orchid_finger,76
5,knn,optimized_action,deer_horn,orchid_palm,22
5,knn,optimized_action,deer_horn,prayer_beads,1
5,knn,optimized_action,deer_horn,three_finger_bent,2
5,knn,optimized_action,flower_pinch,deer_horn,80
5,knn,optimized_action,flower_pinch,flower_pinch,637
5,knn,optimized_action,flower_pinch,orchid_finger,23
5,knn,optimized_action,flower_pinch,orchid_palm,132
5,knn,optimized_action,flower_pinch,prayer_beads,2
5,knn,optimized_action,flower_pinch,three_finger_bent,76
5,knn,optimized_action,orchid_finger,deer_horn,188
5,knn,optimized_action,orchid_finger,flower_pinch,53
5,knn,optimized_action,orchid_finger,orchid_finger,618
5,knn,optimized_action,orchid_finger,orchid_palm,45
5,knn,optimized_action,orchid_finger,prayer_beads,6
5,knn,optimized_action,orchid_finger,three_finger_bent,15
5,knn,optimized_action,orchid_palm,deer_horn,21
5,knn,optimized_action,orchid_palm,flower_pinch,256
5,knn,optimized_action,orchid_palm,orchid_finger,80
5,knn,optimized_action,orchid_palm,orchid_palm,643
5,knn,optimized_action,orchid_palm,prayer_beads,92
5,knn,optimized_action,orchid_palm,three_finger_bent,8
5,knn,optimized_action,prayer_beads,deer_horn,46
5,knn,optimized_action,prayer_beads,flower_pinch,14
5,knn,optimized_action,prayer_beads,orchid_finger,38
5,knn,optimized_action,prayer_beads,orchid_palm,29
5,knn,optimized_action,prayer_beads,prayer_beads,792
5,knn,optimized_action,prayer_beads,three_finger_bent,6
5,knn,optimized_action,three_finger_bent,deer_horn,9
5,knn,optimized_action,three_finger_bent,flower_pinch,79
5,knn,optimized_action,three_finger_bent,orchid_finger,4
5,knn,optimized_action,three_finger_bent,orchid_palm,11
5,knn,optimized_action,three_finger_bent,prayer_beads,0
5,knn,optimized_action,three_finger_bent,three_finger_bent,797
5,knn,optimized_full,deer_horn,deer_horn,516
5,knn,optimized_full,deer_horn,flower_pinch,76
5,knn,optimized_full,deer_horn,orchid_finger,158
5,knn,optimized_full,deer_horn,orchid_palm,69
5,knn,optimized_full,deer_horn,prayer_beads,26
5,knn,optimized_full,deer_horn,three_finger_bent,105
5,knn,optimized_full,flower_pinch,deer_horn,146
5,knn,optimized_full,flower_pinch,flower_pinch,357
5,knn,optimized_full,flower_pinch,orchid_finger,94
5,knn,optimized_full,flower_pinch,orchid_palm,141
5,knn,optimized_full,flower_pinch,prayer_beads,28
5,knn,optimized_full,flower_pinch,three_finger_bent,184
5,knn,optimized_full,orchid_finger,deer_horn,157
5,knn,optimized_full,orchid_finger,flower_pinch,107
5,knn,optimized_full,orchid_finger,orchid_finger,363
5,knn,optimized_full,orchid_finger,orchid_palm,131
5,knn,optimized_full,orchid_finger,prayer_beads,63
5,knn,optimized_full,orchid_finger,three_finger_bent,104
5,knn,optimized_full,orchid_palm,deer_horn,130
5,knn,optimized_full,orchid_palm,flower_pinch,182
5,knn,optimized_full,orchid_palm,orchid_finger,215
5,knn,optimized_full,orchid_palm,orchid_palm,370
5,knn,optimized_full,orchid_palm,prayer_beads,119
5,knn,optimized_full,orchid_palm,three_finger_bent,84
5,knn,optimized_full,prayer_beads,deer_horn,77
5,knn,optimized_full,prayer_beads,flower_pinch,36
5,knn,optimized_full,prayer_beads,orchid_finger,46
5,knn,optimized_full,prayer_beads,orchid_palm,31
5,knn,optimized_full,prayer_beads,prayer_beads,674
5,knn,optimized_full,prayer_beads,three_finger_bent,61
5,knn,optimized_full,three_finger_bent,deer_horn,121
5,knn,optimized_full,three_finger_bent,flower_pinch,138
5,knn,optimized_full,three_finger_bent,orchid_finger,97
5,knn,optimized_full,three_finger_bent,orchid_palm,64
5,knn,optimized_full,three_finger_bent,prayer_beads,30
5,knn,optimized_full,three_finger_bent,three_finger_bent,450
5,knn,raw,deer_horn,deer_horn,586
5,knn,raw,deer_horn,flower_pinch,70
5,knn,raw,deer_horn,orchid_finger,159
5,knn,raw,deer_horn,orchid_palm,79
5,knn,raw,deer_horn,prayer_beads,21
5,knn,raw,deer_horn,three_finger_bent,35
5,knn,raw,flower_pinch,deer_horn,144
5,knn,raw,flower_pinch,flower_pinch,341
5,knn,raw,flower_pinch,orchid_finger,48
5,knn,raw,flower_pinch,orchid_palm,181
5,knn,raw,flower_pinch,prayer_beads,109
5,knn,raw,flower_pinch,three_finger_bent,127
5,knn,raw,orchid_finger,deer_horn,236
5,knn,raw,orchid_finger,flower_pinch,50
5,knn,raw,orchid_finger,orchid_finger,394
5,knn,raw,orchid_finger,orchid_palm,113
5,knn,raw,orchid_finger,prayer_beads,80
5,knn,raw,orchid_finger,three_finger_bent,52
5,knn,raw,orchid_palm,deer_horn,167
5,knn,raw,orchid_palm,flower_pinch,221
5,knn,raw,orchid_palm,orchid_finger,161
5,knn,raw,orchid_palm,orchid_palm,372
5,knn,raw,orchid_palm,prayer_beads,114
5,knn,raw,orchid_palm,three_finger_bent,65
5,knn,raw,prayer_beads,deer_horn,56
5,knn,raw,prayer_beads,flower_pinch,121
5,knn,raw,prayer_beads,orchid_finger,82
5,knn,raw,prayer_beads,orchid_palm,103
5,knn,raw,prayer_beads,prayer_beads,448
5,knn,raw,prayer_beads,three_finger_bent,115
5,knn,raw,three_finger_bent,deer_horn,147
5,knn,raw,three_finger_bent,flower_pinch,172
5,knn,raw,three_finger_bent,orchid_finger,92
5,knn,raw,three_finger_bent,orchid_palm,82
5,knn,raw,three_finger_bent,prayer_beads,136
5,knn,raw,three_finger_bent,three_finger_bent,271
5,knn,raw_pca11,deer_horn,deer_horn,702
5,knn,raw_pca11,deer_horn,flower_pinch,60
5,knn,raw_pca11,deer_horn,orchid_finger,130
5,knn,raw_pca11,deer_horn,orchid_palm,42
5,knn,raw_pca11,deer_horn,prayer_beads,10
5,knn,raw_pca11,deer_horn,three_finger_bent,6
5,knn,raw_pca11,flower_pinch,deer_horn,86
5,knn,raw_pca11,flower_pinch,flower_pinch,514
5,knn,raw_pca11,flower_pinch,orchid_finger,42
5,knn,raw_pca11,flower_pinch,orchid_palm,205
5,knn,raw_pca11,flower_pinch,prayer_beads,19
5,knn,raw_pca11,flower_pinch,three_finger_bent,84
5,knn,raw_pca11,orchid_finger,deer_horn,206
5,knn,raw_pca11,orchid_finger,flower_pinch,62
5,knn,raw_pca11,orchid_finger,orchid_finger,513
5,knn,raw_pca11,orchid_finger,orchid_palm,101
5,knn,raw_pca11,orchid_finger,prayer_beads,28
5,knn,raw_pca11,orchid_finger,three_finger_bent,15
5,knn,raw_pca11,orchid_palm,deer_horn,56
5,knn,raw_pca11,orchid_palm,flower_pinch,234
5,knn,raw_pca11,orchid_palm,orchid_finger,94
5,knn,raw_pca11,orchid_palm,orchid_palm,544
5,knn,raw_pca11,orchid_palm,prayer_beads,148
5,knn,raw_pca11,orchid_palm,three_finger_bent,24
5,knn,raw_pca11,prayer_beads,deer_horn,28
5,knn,raw_pca11,prayer_beads,flower_pinch,41
5,knn,raw_pca11,prayer_beads,orchid_finger,52
5,knn,raw_pca11,prayer_beads,orchid_palm,109
5,knn,raw_pca11,prayer_beads,prayer_beads,660
5,knn,raw_pca11,prayer_beads,three_finger_bent,35
5,knn,raw_pca11,three_finger_bent,deer_horn,56
5,knn,raw_pca11,three_finger_bent,flower_pinch,165
5,knn,raw_pca11,three_finger_bent,orchid_finger,37
5,knn,raw_pca11,three_finger_bent,orchid_palm,55
5,knn,raw_pca11,three_finger_bent,prayer_beads,29
5,knn,raw_pca11,three_finger_bent,three_finger_bent,558
5,knn,raw_pca17,deer_horn,deer_horn,792
5,knn,raw_pca17,deer_horn,flower_pinch,40
5,knn,raw_pca17,deer_horn,orchid_finger,54
5,knn,raw_pca17,deer_horn,orchid_palm,38
5,knn,raw_pca17,deer_horn,prayer_beads,18
5,knn,raw_pca17,deer_horn,three_finger_bent,8
5,knn,raw_pca17,flower_pinch,deer_horn,45
5,knn,raw_pca17,flower_pinch,flower_pinch,593
5,knn,raw_pca17,flower_pinch,orchid_finger,27
5,knn,raw_pca17,flower_pinch,orchid_palm,180
5,knn,raw_pca17,flower_pinch,prayer_beads,25
5,knn,raw_pca17,flower_pinch,three_finger_bent,80
5,knn,raw_pca17,orchid_finger,deer_horn,102
5,knn,raw_pca17,orchid_finger,flower_pinch,67
5,knn,raw_pca17,orchid_finger,orchid_finger,610
5,knn,raw_pca17,orchid_finger,orchid_palm,93
5,knn,raw_pca17,orchid_finger,prayer_beads,32
5,knn,raw_pca17,orchid_finger,three_finger_bent,21
5,knn,raw_pca17,orchid_palm,deer_horn,52
5,knn,raw_pca17,orchid_palm,flower_pinch,248
5,knn,raw_pca17,orchid_palm,orchid_finger,62
5,knn,raw_pca17,orchid_palm,orchid_palm,589
5,knn,raw_pca17,orchid_palm,prayer_beads,132
5,knn,raw_pca17,orchid_palm,three_finger_bent,17
5,knn,raw_pca17,prayer_beads,deer_horn,37
5,knn,raw_pca17,prayer_beads,flower_pinch,64
5,knn,raw_pca17,prayer_beads,orchid_finger,29
5,knn,raw_pca17,prayer_beads,orchid_palm,106
5,knn,raw_pca17,prayer_beads,prayer_beads,656
5,knn,raw_pca17,prayer_beads,three_finger_bent,33
5,knn,raw_pca17,three_finger_bent,deer_horn,45
5,knn,raw_pca17,three_finger_bent,flower_pinch,142
5,knn,raw_pca17,three_finger_bent,orchid_finger,32
5,knn,raw_pca17,three_finger_bent,orchid_palm,50
5,knn,raw_pca17,three_finger_bent,prayer_beads,37
5,knn,raw_pca17,three_finger_bent,three_finger_bent,594
5,mlp,corrected,deer_horn,deer_horn,801
5,mlp,corrected,deer_horn,flower_pinch,32
5,mlp,corrected,deer_horn,orchid_finger,97
5,mlp,corrected,deer_horn,orchid_palm,8
5,mlp,corrected,deer_horn,prayer_beads,5
5,mlp,corrected,deer_horn,three_finger_bent,7
5,mlp,corrected,flower_pinch,deer_horn,78
5,mlp,corrected,flower_pinch,flower_pinch,676
5,mlp,corrected,flower_pinch,orchid_finger,31
5,mlp,corrected,flower_pinch,orchid_palm,108
5,mlp,corrected,flower_pinch,prayer_beads,8
5,mlp,corrected,flower_pinch,three_finger_bent,49
5,mlp,corrected,orchid_finger,deer_horn,126
5,mlp,corrected,orchid_finger,flower_pinch,16
5,mlp,corrected,orchid_finger,orchid_finger,741
5,mlp,corrected,orchid_finger,orchid_palm,27
5,mlp,corrected,orchid_finger,prayer_beads,5
5,mlp,corrected,orchid_finger,three_finger_bent,10
5,mlp,corrected,orchid_palm,deer_horn,23
5,mlp,corrected,orchid_palm,flower_pinch,153
5,mlp,corrected,orchid_palm,orchid_finger,105
5,mlp,corrected,orchid_palm,orchid_palm,751
5,mlp,corrected,orchid_palm,prayer_beads,53
5,mlp,corrected,orchid_palm,three_finger_bent,15
5,mlp,corrected,prayer_beads,deer_horn,38
5,mlp,corrected,prayer_beads,flower_pinch,10
5,mlp,corrected,prayer_beads,orchid_finger,45
5,mlp,corrected,prayer_beads,orchid_palm,17
5,mlp,corrected,prayer_beads,prayer_beads,801
5,mlp,corrected,prayer_beads,three_finger_bent,14
5,mlp,corrected,three_finger_bent,deer_horn,12
5,mlp,corrected,three_finger_bent,flower_pinch,36
5,mlp,corrected,three_finger_bent,orchid_finger,13
5,mlp,corrected,three_finger_bent,orchid_palm,2
5,mlp,corrected,three_finger_bent,prayer_beads,3
5,mlp,corrected,three_finger_bent,three_finger_bent,834
5,mlp,joint_angle,deer_horn,deer_horn,750
5,mlp,joint_angle,deer_horn,flower_pinch,68
5,mlp,joint_angle,deer_horn,orchid_finger,120
5,mlp,joint_angle,deer_horn,orchid_palm,10
5,mlp,joint_angle,deer_horn,prayer_beads,2
5,mlp,joint_angle,deer_horn,three_finger_bent,0
5,mlp,joint_angle,flower_pinch,deer_horn,43
5,mlp,joint_angle,flower_pinch,flower_pinch,722
5,mlp,joint_angle,flower_pinch,orchid_finger,21
5,mlp,joint_angle,flower_pinch,orchid_palm,106
5,mlp,joint_angle,flower_pinch,prayer_beads,3
5,mlp,joint_angle,flower_pinch,three_finger_bent,55
5,mlp,joint_angle,orchid_finger,deer_horn,136
5,mlp,joint_angle,orchid_finger,flower_pinch,16
5,mlp,joint_angle,orchid_finger,orchid_finger,754
5,mlp,joint_angle,orchid_finger,orchid_palm,12
5,mlp,joint_angle,orchid_finger,prayer_beads,2
5,mlp,joint_angle,orchid_finger,three_finger_bent,5
5,mlp,joint_angle,orchid_palm,deer_horn,21
5,mlp,joint_angle,orchid_palm,flower_pinch,148
5,mlp,joint_angle,orchid_palm,orchid_finger,81
5,mlp,joint_angle,orchid_palm,orchid_palm,755
5,mlp,joint_angle,orchid_palm,prayer_beads,82
5,mlp,joint_angle,orchid_palm,three_finger_bent,13
5,mlp,joint_angle,prayer_beads,deer_horn,15
5,mlp,joint_angle,prayer_beads,flower_pinch,33
5,mlp,joint_angle,prayer_beads,orchid_finger,40
5,mlp,joint_angle,prayer_beads,orchid_palm,55
5,mlp,joint_angle,prayer_beads,prayer_beads,768
5,mlp,joint_angle,prayer_beads,three_finger_bent,14
5,mlp,joint_angle,three_finger_bent,deer_horn,0
5,mlp,joint_angle,three_finger_bent,flower_pinch,65
5,mlp,joint_angle,three_finger_bent,orchid_finger,1
5,mlp,joint_angle,three_finger_bent,orchid_palm,2
5,mlp,joint_angle,three_finger_bent,prayer_beads,0
5,mlp,joint_angle,three_finger_bent,three_finger_bent,832
5,mlp,optimized_action,deer_horn,deer_horn,791
5,mlp,optimized_action,deer_horn,flower_pinch,37
5,mlp,optimized_action,deer_horn,orchid_finger,98
5,mlp,optimized_action,deer_horn,orchid_palm,14
5,mlp,optimized_action,deer_horn,prayer_beads,6
5,mlp,optimized_action,deer_horn,three_finger_bent,4
5,mlp,optimized_action,flower_pinch,deer_horn,83
5,mlp,optimized_action,flower_pinch,flower_pinch,647
5,mlp,optimized_action,flower_pinch,orchid_finger,29
5,mlp,optimized_action,flower_pinch,orchid_palm,110
5,mlp,optimized_action,flower_pinch,prayer_beads,11
5,mlp,optimized_action,flower_pinch,three_finger_bent,70
5,mlp,optimized_action,orchid_finger,deer_horn,124
5,mlp,optimized_action,orchid_finger,flower_pinch,29
5,mlp,optimized_action,orchid_finger,orchid_finger,731
5,mlp,optimized_action,orchid_finger,orchid_palm,20
5,mlp,optimized_action,orchid_finger,prayer_beads,7
5,mlp,optimized_action,orchid_finger,three_finger_bent,14
5,mlp,optimized_action,orchid_palm,deer_horn,28
5,mlp,optimized_action,orchid_palm,flower_pinch,135
5,mlp,optimized_action,orchid_palm,orchid_finger,101
5,mlp,optimized_action,orchid_palm,orchid_palm,744
5,mlp,optimized_action,orchid_palm,prayer_beads,70
5,mlp,optimized_action,orchid_palm,three_finger_bent,22
5,mlp,optimized_action,prayer_beads,deer_horn,34
5,mlp,optimized_action,prayer_beads,flower_pinch,11
5,mlp,optimized_action,prayer_beads,orchid_finger,42
5,mlp,optimized_action,prayer_beads,orchid_palm,29
5,mlp,optimized_action,prayer_beads,prayer_beads,793
5,mlp,optimized_action,prayer_beads,three_finger_bent,16
5,mlp,optimized_action,three_finger_bent,deer_horn,6
5,mlp,optimized_action,three_finger_bent,flower_pinch,61
5,mlp,optimized_action,three_finger_bent,orchid_finger,14
5,mlp,optimized_action,three_finger_bent,orchid_palm,9
5,mlp,optimized_action,three_finger_bent,prayer_beads,1
5,mlp,optimized_action,three_finger_bent,three_finger_bent,809
5,mlp,optimized_full,deer_horn,deer_horn,566
5,mlp,optimized_full,deer_horn,flower_pinch,74
5,mlp,optimized_full,deer_horn,orchid_finger,162
5,mlp,optimized_full,deer_horn,orchid_palm,72
5,mlp,optimized_full,deer_horn,prayer_beads,27
5,mlp,optimized_full,deer_horn,three_finger_bent,49
5,mlp,optimized_full,flower_pinch,deer_horn,101
5,mlp,optimized_full,flower_pinch,flower_pinch,436
5,mlp,optimized_full,flower_pinch,orchid_finger,82
5,mlp,optimized_full,flower_pinch,orchid_palm,146
5,mlp,optimized_full,flower_pinch,prayer_beads,26
5,mlp,optimized_full,flower_pinch,three_finger_bent,159
5,mlp,optimized_full,orchid_finger,deer_horn,133
5,mlp,optimized_full,orchid_finger,flower_pinch,125
5,mlp,optimized_full,orchid_finger,orchid_finger,408
5,mlp,optimized_full,orchid_finger,orchid_palm,155
5,mlp,optimized_full,orchid_finger,prayer_beads,50
5,mlp,optimized_full,orchid_finger,three_finger_bent,54
5,mlp,optimized_full,orchid_palm,deer_horn,87
5,mlp,optimized_full,orchid_palm,flower_pinch,132
5,mlp,optimized_full,orchid_palm,orchid_finger,208
5,mlp,optimized_full,orchid_palm,orchid_palm,497
5,mlp,optimized_full,orchid_palm,prayer_beads,97
5,mlp,optimized_full,orchid_palm,three_finger_bent,79
5,mlp,optimized_full,prayer_beads,deer_horn,52
5,mlp,optimized_full,prayer_beads,flower_pinch,36
5,mlp,optimized_full,prayer_beads,orchid_finger,44
5,mlp,optimized_full,prayer_beads,orchid_palm,39
5,mlp,optimized_full,prayer_beads,prayer_beads,711
5,mlp,optimized_full,prayer_beads,three_finger_bent,43
5,mlp,optimized_full,three_finger_bent,deer_horn,75
5,mlp,optimized_full,three_finger_bent,flower_pinch,157
5,mlp,optimized_full,three_finger_bent,orchid_finger,67
5,mlp,optimized_full,three_finger_bent,orchid_palm,60
5,mlp,optimized_full,three_finger_bent,prayer_beads,20
5,mlp,optimized_full,three_finger_bent,three_finger_bent,521
5,mlp,raw,deer_horn,deer_horn,560
5,mlp,raw,deer_horn,flower_pinch,73
5,mlp,raw,deer_horn,orchid_finger,173
5,mlp,raw,deer_horn,orchid_palm,77
5,mlp,raw,deer_horn,prayer_beads,24
5,mlp,raw,deer_horn,three_finger_bent,43
5,mlp,raw,flower_pinch,deer_horn,109
5,mlp,raw,flower_pinch,flower_pinch,388
5,mlp,raw,flower_pinch,orchid_finger,60
5,mlp,raw,flower_pinch,orchid_palm,175
5,mlp,raw,flower_pinch,prayer_beads,96
5,mlp,raw,flower_pinch,three_finger_bent,122
5,mlp,raw,orchid_finger,deer_horn,194
5,mlp,raw,orchid_finger,flower_pinch,38
5,mlp,raw,orchid_finger,orchid_finger,488
5,mlp,raw,orchid_finger,orchid_palm,92
5,mlp,raw,orchid_finger,prayer_beads,64
5,mlp,raw,orchid_finger,three_finger_bent,49
5,mlp,raw,orchid_palm,deer_horn,130
5,mlp,raw,orchid_palm,flower_pinch,205
5,mlp,raw,orchid_palm,orchid_finger,134
5,mlp,raw,orchid_palm,orchid_palm,441
5,mlp,raw,orchid_palm,prayer_beads,112
5,mlp,raw,orchid_palm,three_finger_bent,78
5,mlp,raw,prayer_beads,deer_horn,42
5,mlp,raw,prayer_beads,flower_pinch,108
5,mlp,raw,prayer_beads,orchid_finger,80
5,mlp,raw,prayer_beads,orchid_palm,112
5,mlp,raw,prayer_beads,prayer_beads,475
5,mlp,raw,prayer_beads,three_finger_bent,108
5,mlp,raw,three_finger_bent,deer_horn,97
5,mlp,raw,three_finger_bent,flower_pinch,183
5,mlp,raw,three_finger_bent,orchid_finger,81
5,mlp,raw,three_finger_bent,orchid_palm,71
5,mlp,raw,three_finger_bent,prayer_beads,127
5,mlp,raw,three_finger_bent,three_finger_bent,341
5,mlp,raw_pca11,deer_horn,deer_horn,733
5,mlp,raw_pca11,deer_horn,flower_pinch,37
5,mlp,raw_pca11,deer_horn,orchid_finger,124
5,mlp,raw_pca11,deer_horn,orchid_palm,30
5,mlp,raw_pca11,deer_horn,prayer_beads,8
5,mlp,raw_pca11,deer_horn,three_finger_bent,18
5,mlp,raw_pca11,flower_pinch,deer_horn,56
5,mlp,raw_pca11,flower_pinch,flower_pinch,526
5,mlp,raw_pca11,flower_pinch,orchid_finger,49
5,mlp,raw_pca11,flower_pinch,orchid_palm,205
5,mlp,raw_pca11,flower_pinch,prayer_beads,29
5,mlp,raw_pca11,flower_pinch,three_finger_bent,85
5,mlp,raw_pca11,orchid_finger,deer_horn,142
5,mlp,raw_pca11,orchid_finger,flower_pinch,40
5,mlp,raw_pca11,orchid_finger,orchid_finger,638
5,mlp,raw_pca11,orchid_finger,orchid_palm,73
5,mlp,raw_pca11,orchid_finger,prayer_beads,19
5,mlp,raw_pca11,orchid_finger,three_finger_bent,13
5,mlp,raw_pca11,orchid_palm,deer_horn,34
5,mlp,raw_pca11,orchid_palm,flower_pinch,195
5,mlp,raw_pca11,orchid_palm,orchid_finger,85
5,mlp,raw_pca11,orchid_palm,orchid_palm,616
5,mlp,raw_pca11,orchid_palm,prayer_beads,128
5,mlp,raw_pca11,orchid_palm,three_finger_bent,42
5,mlp,raw_pca11,prayer_beads,deer_horn,21
5,mlp,raw_pca11,prayer_beads,flower_pinch,41
5,mlp,raw_pca11,prayer_beads,orchid_finger,67
5,mlp,raw_pca11,prayer_beads,orchid_palm,96
5,mlp,raw_pca11,prayer_beads,prayer_beads,665
5,mlp,raw_pca11,prayer_beads,three_finger_bent,35
5,mlp,raw_pca11,three_finger_bent,deer_horn,30
5,mlp,raw_pca11,three_finger_bent,flower_pinch,102
5,mlp,raw_pca11,three_finger_bent,orchid_finger,22
5,mlp,raw_pca11,three_finger_bent,orchid_palm,31
5,mlp,raw_pca11,three_finger_bent,prayer_beads,21
5,mlp,raw_pca11,three_finger_bent,three_finger_bent,694
5,mlp,raw_pca17,deer_horn,deer_horn,830
5,mlp,raw_pca17,deer_horn,flower_pinch,19
5,mlp,raw_pca17,deer_horn,orchid_finger,43
5,mlp,raw_pca17,deer_horn,orchid_palm,30
5,mlp,raw_pca17,deer_horn,prayer_beads,11
5,mlp,raw_pca17,deer_horn,three_finger_bent,17
5,mlp,raw_pca17,flower_pinch,deer_horn,36
5,mlp,raw_pca17,flower_pinch,flower_pinch,562
5,mlp,raw_pca17,flower_pinch,orchid_finger,52
5,mlp,raw_pca17,flower_pinch,orchid_palm,176
5,mlp,raw_pca17,flower_pinch,prayer_beads,28
5,mlp,raw_pca17,flower_pinch,three_finger_bent,96
5,mlp,raw_pca17,orchid_finger,deer_horn,65
5,mlp,raw_pca17,orchid_finger,flower_pinch,27
5,mlp,raw_pca17,orchid_finger,orchid_finger,711
5,mlp,raw_pca17,orchid_finger,orchid_palm,59
5,mlp,raw_pca17,orchid_finger,prayer_beads,29
5,mlp,raw_pca17,orchid_finger,three_finger_bent,34
5,mlp,raw_pca17,orchid_palm,deer_horn,46
5,mlp,raw_pca17,orchid_palm,flower_pinch,180
5,mlp,raw_pca17,orchid_palm,orchid_finger,87
5,mlp,raw_pca17,orchid_palm,orchid_palm,665
5,mlp,raw_pca17,orchid_palm,prayer_beads,97
5,mlp,raw_pca17,orchid_palm,three_finger_bent,25
5,mlp,raw_pca17,prayer_beads,deer_horn,43
5,mlp,raw_pca17,prayer_beads,flower_pinch,56
5,mlp,raw_pca17,prayer_beads,orchid_finger,37
5,mlp,raw_pca17,prayer_beads,orchid_palm,71
5,mlp,raw_pca17,prayer_beads,prayer_beads,660
5,mlp,raw_pca17,prayer_beads,three_finger_bent,58
5,mlp,raw_pca17,three_finger_bent,deer_horn,35
5,mlp,raw_pca17,three_finger_bent,flower_pinch,46
5,mlp,raw_pca17,three_finger_bent,orchid_finger,39
5,mlp,raw_pca17,three_finger_bent,orchid_palm,30
5,mlp,raw_pca17,three_finger_bent,prayer_beads,38
5,mlp,raw_pca17,three_finger_bent,three_finger_bent,712
5,rf,corrected,deer_horn,deer_horn,841
5,rf,corrected,deer_horn,flower_pinch,9
5,rf,corrected,deer_horn,orchid_finger,95
5,rf,corrected,deer_horn,orchid_palm,2
5,rf,corrected,deer_horn,prayer_beads,1
5,rf,corrected,deer_horn,three_finger_bent,2
5,rf,corrected,flower_pinch,deer_horn,79
5,rf,corrected,flower_pinch,flower_pinch,727
5,rf,corrected,flower_pinch,orchid_finger,13
5,rf,corrected,flower_pinch,orchid_palm,71
5,rf,corrected,flower_pinch,prayer_beads,3
5,rf,corrected,flower_pinch,three_finger_bent,57
5,rf,corrected,orchid_finger,deer_horn,90
5,rf,corrected,orchid_finger,flower_pinch,2
5,rf,corrected,orchid_finger,orchid_finger,815
5,rf,corrected,orchid_finger,orchid_palm,14
5,rf,corrected,orchid_finger,prayer_beads,3
5,rf,corrected,orchid_finger,three_finger_bent,1
5,rf,corrected,orchid_palm,deer_horn,16
5,rf,corrected,orchid_palm,flower_pinch,90
5,rf,corrected,orchid_palm,orchid_finger,60
5,rf,corrected,orchid_palm,orchid_palm,812
5,rf,corrected,orchid_palm,prayer_beads,108
5,rf,corrected,orchid_palm,three_finger_bent,14
5,rf,corrected,prayer_beads,deer_horn,31
5,rf,corrected,prayer_beads,flower_pinch,9
5,rf,corrected,prayer_beads,orchid_finger,34
5,rf,corrected,prayer_beads,orchid_palm,19
5,rf,corrected,prayer_beads,prayer_beads,805
5,rf,corrected,prayer_beads,three_finger_bent,27
5,rf,corrected,three_finger_bent,deer_horn,22
5,rf,corrected,three_finger_bent,flower_pinch,27
5,rf,corrected,three_finger_bent,orchid_finger,13
5,rf,corrected,three_finger_bent,orchid_palm,0
5,rf,corrected,three_finger_bent,prayer_beads,0
5,rf,corrected,three_finger_bent,three_finger_bent,838
5,rf,joint_angle,deer_horn,deer_horn,825
5,rf,joint_angle,deer_horn,flower_pinch,12
5,rf,joint_angle,deer_horn,orchid_finger,101
5,rf,joint_angle,deer_horn,orchid_palm,12
5,rf,joint_angle,deer_horn,prayer_beads,0
5,rf,joint_angle,deer_horn,three_finger_bent,0
5,rf,joint_angle,flower_pinch,deer_horn,28
5,rf,joint_angle,flower_pinch,flower_pinch,787
5,rf,joint_angle,flower_pinch,orchid_finger,4
5,rf,joint_angle,flower_pinch,orchid_palm,76
5,rf,joint_angle,flower_pinch,prayer_beads,1
5,rf,joint_angle,flower_pinch,three_finger_bent,54
5,rf,joint_angle,orchid_finger,deer_horn,138
5,rf,joint_angle,orchid_finger,flower_pinch,1
5,rf,joint_angle,orchid_finger,orchid_finger,782
5,rf,joint_angle,orchid_finger,orchid_palm,3
5,rf,joint_angle,orchid_finger,prayer_beads,0
5,rf,joint_angle,orchid_finger,three_finger_bent,1
5,rf,joint_angle,orchid_palm,deer_horn,9
5,rf,joint_angle,orchid_palm,flower_pinch,114
5,rf,joint_angle,orchid_palm,orchid_finger,50
5,rf,joint_angle,orchid_palm,orchid_palm,775
5,rf,joint_angle,orchid_palm,prayer_beads,139
5,rf,joint_angle,orchid_palm,three_finger_bent,13
5,rf,joint_angle,prayer_beads,deer_horn,16
5,rf,joint_angle,prayer_beads,flower_pinch,23
5,rf,joint_angle,prayer_beads,orchid_finger,18
5,rf,joint_angle,prayer_beads,orchid_palm,39
5,rf,joint_angle,prayer_beads,prayer_beads,805
5,rf,joint_angle,prayer_beads,three_finger_bent,24
5,rf,joint_angle,three_finger_bent,deer_horn,0
5,rf,joint_angle,three_finger_bent,flower_pinch,44
5,rf,joint_angle,three_finger_bent,orchid_finger,3
5,rf,joint_angle,three_finger_bent,orchid_palm,3
5,rf,joint_angle,three_finger_bent,prayer_beads,0
5,rf,joint_angle,three_finger_bent,three_finger_bent,850
5,rf,optimized_action,deer_horn,deer_horn,839
5,rf,optimized_action,deer_horn,flower_pinch,16
5,rf,optimized_action,deer_horn,orchid_finger,89
5,rf,optimized_action,deer_horn,orchid_palm,4
5,rf,optimized_action,deer_horn,prayer_beads,0
5,rf,optimized_action,deer_horn,three_finger_bent,2
5,rf,optimized_action,flower_pinch,deer_horn,71
5,rf,optimized_action,flower_pinch,flower_pinch,726
5,rf,optimized_action,flower_pinch,orchid_finger,10
5,rf,optimized_action,flower_pinch,orchid_palm,82
5,rf,optimized_action,flower_pinch,prayer_beads,3
5,rf,optimized_action,flower_pinch,three_finger_bent,58
5,rf,optimized_action,orchid_finger,deer_horn,93
5,rf,optimized_action,orchid_finger,flower_pinch,3
5,rf,optimized_action,orchid_finger,orchid_finger,812
5,rf,optimized_action,orchid_finger,orchid_palm,11
5,rf,optimized_action,orchid_finger,prayer_beads,3
5,rf,optimized_action,orchid_finger,three_finger_bent,3
5,rf,optimized_action,orchid_palm,deer_horn,11
5,rf,optimized_action,orchid_palm,flower_pinch,100
5,rf,optimized_action,orchid_palm,orchid_finger,61
5,rf,optimized_action,orchid_palm,orchid_palm,795
5,rf,optimized_action,orchid_palm,prayer_beads,119
5,rf,optimized_action,orchid_palm,three_finger_bent,14
5,rf,optimized_action,prayer_beads,deer_horn,30
5,rf,optimized_action,prayer_beads,flower_pinch,10
5,rf,optimized_action,prayer_beads,orchid_finger,25
5,rf,optimized_action,prayer_beads,orchid_palm,25
5,rf,optimized_action,prayer_beads,prayer_beads,802
5,rf,optimized_action,prayer_beads,three_finger_bent,33
5,rf,optimized_action,three_finger_bent,deer_horn,16
5,rf,optimized_action,three_finger_bent,flower_pinch,32
5,rf,optimized_action,three_finger_bent,orchid_finger,14
5,rf,optimized_action,three_finger_bent,orchid_palm,0
5,rf,optimized_action,three_finger_bent,prayer_beads,0
5,rf,optimized_action,three_finger_bent,three_finger_bent,838
5,rf,optimized_full,deer_horn,deer_horn,656
5,rf,optimized_full,deer_horn,flower_pinch,68
5,rf,optimized_full,deer_horn,orchid_finger,123
5,rf,optimized_full,deer_horn,orchid_palm,43
5,rf,optimized_full,deer_horn,prayer_beads,27
5,rf,optimized_full,deer_horn,three_finger_bent,33
5,rf,optimized_full,flower_pinch,deer_horn,107
5,rf,optimized_full,flower_pinch,flower_pinch,468
5,rf,optimized_full,flower_pinch,orchid_finger,101
5,rf,optimized_full,flower_pinch,orchid_palm,120
5,rf,optimized_full,flower_pinch,prayer_beads,21
5,rf,optimized_full,flower_pinch,three_finger_bent,133
5,rf,optimized_full,orchid_finger,deer_horn,109
5,rf,optimized_full,orchid_finger,flower_pinch,131
5,rf,optimized_full,orchid_finger,orchid_finger,410
5,rf,optimized_full,orchid_finger,orchid_palm,167
5,rf,optimized_full,orchid_finger,prayer_beads,70
5,rf,optimized_full,orchid_finger,three_finger_bent,38
5,rf,optimized_full,orchid_palm,deer_horn,65
5,rf,optimized_full,orchid_palm,flower_pinch,131
5,rf,optimized_full,orchid_palm,orchid_finger,202
5,rf,optimized_full,orchid_palm,orchid_palm,504
5,rf,optimized_full,orchid_palm,prayer_beads,129
5,rf,optimized_full,orchid_palm,three_finger_bent,69
5,rf,optimized_full,prayer_beads,deer_horn,65
5,rf,optimized_full,prayer_beads,flower_pinch,18
5,rf,optimized_full,prayer_beads,orchid_finger,21
5,rf,optimized_full,prayer_beads,orchid_palm,38
5,rf,optimized_full,prayer_beads,prayer_beads,753
5,rf,optimized_full,prayer_beads,three_finger_bent,30
5,rf,optimized_full,three_finger_bent,deer_horn,49
5,rf,optimized_full,three_finger_bent,flower_pinch,116
5,rf,optimized_full,three_finger_bent,orchid_finger,56
5,rf,optimized_full,three_finger_bent,orchid_palm,53
5,rf,optimized_full,three_finger_bent,prayer_beads,26
5,rf,optimized_full,three_finger_bent,three_finger_bent,600
5,rf,raw,deer_horn,deer_horn,656
5,rf,raw,deer_horn,flower_pinch,38
5,rf,raw,deer_horn,orchid_finger,172
5,rf,raw,deer_horn,orchid_palm,44
5,rf,raw,deer_horn,prayer_beads,23
5,rf,raw,deer_horn,three_finger_bent,17
5,rf,raw,flower_pinch,deer_horn,92
5,rf,raw,flower_pinch,flower_pinch,467
5,rf,raw,flower_pinch,orchid_finger,34
5,rf,raw,flower_pinch,orchid_palm,171
5,rf,raw,flower_pinch,prayer_beads,91
5,rf,raw,flower_pinch,three_finger_bent,95
5,rf,raw,orchid_finger,deer_horn,218
5,rf,raw,orchid_finger,flower_pinch,5
5,rf,raw,orchid_finger,orchid_finger,567
5,rf,raw,orchid_finger,orchid_palm,46
5,rf,raw,orchid_finger,prayer_beads,61
5,rf,raw,orchid_finger,three_finger_bent,28
5,rf,raw,orchid_palm,deer_horn,124
5,rf,raw,orchid_palm,flower_pinch,231
5,rf,raw,orchid_palm,orchid_finger,110
5,rf,raw,orchid_palm,orchid_palm,452
5,rf,raw,orchid_palm,prayer_beads,120
5,rf,raw,orchid_palm,three_finger_bent,63
5,rf,raw,prayer_beads,deer_horn,52
5,rf,raw,prayer_beads,flower_pinch,99
5,rf,raw,prayer_beads,orchid_finger,76
5,rf,raw,prayer_beads,orchid_palm,131
5,rf,raw,prayer_beads,prayer_beads,461
5,rf,raw,prayer_beads,three_finger_bent,106
5,rf,raw,three_finger_bent,deer_horn,61
5,rf,raw,three_finger_bent,flower_pinch,155
5,rf,raw,three_finger_bent,orchid_finger,58
5,rf,raw,three_finger_bent,orchid_palm,66
5,rf,raw,three_finger_bent,prayer_beads,116
5,rf,raw,three_finger_bent,three_finger_bent,444
5,rf,raw_pca11,deer_horn,deer_horn,784
5,rf,raw_pca11,deer_horn,flower_pinch,9
5,rf,raw_pca11,deer_horn,orchid_finger,117
5,rf,raw_pca11,deer_horn,orchid_palm,16
5,rf,raw_pca11,deer_horn,prayer_beads,11
5,rf,raw_pca11,deer_horn,three_finger_bent,13
5,rf,raw_pca11,flower_pinch,deer_horn,56
5,rf,raw_pca11,flower_pinch,flower_pinch,593
5,rf,raw_pca11,flower_pinch,orchid_finger,36
5,rf,raw_pca11,flower_pinch,orchid_palm,149
5,rf,raw_pca11,flower_pinch,prayer_beads,28
5,rf,raw_pca11,flower_pinch,three_finger_bent,88
5,rf,raw_pca11,orchid_finger,deer_horn,156
5,rf,raw_pca11,orchid_finger,flower_pinch,15
5,rf,raw_pca11,orchid_finger,orchid_finger,698
5,rf,raw_pca11,orchid_finger,orchid_palm,41
5,rf,raw_pca11,orchid_finger,prayer_beads,5
5,rf,raw_pca11,orchid_finger,three_finger_bent,10
5,rf,raw_pca11,orchid_palm,deer_horn,27
5,rf,raw_pca11,orchid_palm,flower_pinch,189
5,rf,raw_pca11,orchid_palm,orchid_finger,60
5,rf,raw_pca11,orchid_palm,orchid_palm,645
5,rf,raw_pca11,orchid_palm,prayer_beads,142
5,rf,raw_pca11,orchid_palm,three_finger_bent,37
5,rf,raw_pca11,prayer_beads,deer_horn,21
5,rf,raw_pca11,prayer_beads,flower_pinch,36
5,rf,raw_pca11,prayer_beads,orchid_finger,40
5,rf,raw_pca11,prayer_beads,orchid_palm,107
5,rf,raw_pca11,prayer_beads,prayer_beads,678
5,rf,raw_pca11,prayer_beads,three_finger_bent,43
5,rf,raw_pca11,three_finger_bent,deer_horn,20
5,rf,raw_pca11,three_finger_bent,flower_pinch,55
5,rf,raw_pca11,three_finger_bent,orchid_finger,24
5,rf,raw_pca11,three_finger_bent,orchid_palm,15
5,rf,raw_pca11,three_finger_bent,prayer_beads,29
5,rf,raw_pca11,three_finger_bent,three_finger_bent,757
5,rf,raw_pca17,deer_horn,deer_horn,870
5,rf,raw_pca17,deer_horn,flower_pinch,7
5,rf,raw_pca17,deer_horn,orchid_finger,32
5,rf,raw_pca17,deer_horn,orchid_palm,20
5,rf,raw_pca17,deer_horn,prayer_beads,11
5,rf,raw_pca17,deer_horn,three_finger_bent,10
5,rf,raw_pca17,flower_pinch,deer_horn,36
5,rf,raw_pca17,flower_pinch,flower_pinch,625
5,rf,raw_pca17,flower_pinch,orchid_finger,41
5,rf,raw_pca17,flower_pinch,orchid_palm,140
5,rf,raw_pca17,flower_pinch,prayer_beads,27
5,rf,raw_pca17,flower_pinch,three_finger_bent,81
5,rf,raw_pca17,orchid_finger,deer_horn,70
5,rf,raw_pca17,orchid_finger,flower_pinch,15
5,rf,raw_pca17,orchid_finger,orchid_finger,780
5,rf,raw_pca17,orchid_finger,orchid_palm,29
5,rf,raw_pca17,orchid_finger,prayer_beads,16
5,rf,raw_pca17,orchid_finger,three_finger_bent,15
5,rf,raw_pca17,orchid_palm,deer_horn,32
5,rf,raw_pca17,orchid_palm,flower_pinch,136
5,rf,raw_pca17,orchid_palm,orchid_finger,47
5,rf,raw_pca17,orchid_palm,orchid_palm,722
5,rf,raw_pca17,orchid_palm,prayer_beads,136
5,rf,raw_pca17,orchid_palm,three_finger_bent,27
5,rf,raw_pca17,prayer_beads,deer_horn,37
5,rf,raw_pca17,prayer_beads,flower_pinch,33
5,rf,raw_pca17,prayer_beads,orchid_finger,35
5,rf,raw_pca17,prayer_beads,orchid_palm,87
5,rf,raw_pca17,prayer_beads,prayer_beads,694
5,rf,raw_pca17,prayer_beads,three_finger_bent,39
5,rf,raw_pca17,three_finger_bent,deer_horn,23
5,rf,raw_pca17,three_finger_bent,flower_pinch,42
5,rf,raw_pca17,three_finger_bent,orchid_finger,18
5,rf,raw_pca17,three_finger_bent,orchid_palm,18
5,rf,raw_pca17,three_finger_bent,prayer_beads,25
5,rf,raw_pca17,three_finger_bent,three_finger_bent,774
5,svm,corrected,deer_horn,deer_horn,773
5,svm,corrected,deer_horn,flower_pinch,25
5,svm,corrected,deer_horn,orchid_finger,125
5,svm,corrected,deer_horn,orchid_palm,23
5,svm,corrected,deer_horn,prayer_beads,4
5,svm,corrected,deer_horn,three_finger_bent,0
5,svm,corrected,flower_pinch,deer_horn,62
5,svm,corrected,flower_pinch,flower_pinch,715
5,svm,corrected,flower_pinch,orchid_finger,44
5,svm,corrected,flower_pinch,orchid_palm,103
5,svm,corrected,flower_pinch,prayer_beads,1
5,svm,corrected,flower_pinch,three_finger_bent,25
5,svm,corrected,orchid_finger,deer_horn,89
5,svm,corrected,orchid_finger,flower_pinch,17
5,svm,corrected,orchid_finger,orchid_finger,784
5,svm,corrected,orchid_finger,orchid_palm,31
5,svm,corrected,orchid_finger,prayer_beads,2
5,svm,corrected,orchid_finger,three_finger_bent,2
5,svm,corrected,orchid_palm,deer_horn,22
5,svm,corrected,orchid_palm,flower_pinch,158
5,svm,corrected,orchid_palm,orchid_finger,128
5,svm,corrected,orchid_palm,orchid_palm,743
5,svm,corrected,orchid_palm,prayer_beads,41
5,svm,corrected,orchid_palm,three_finger_bent,8
5,svm,corrected,prayer_beads,deer_horn,19
5,svm,corrected,prayer_beads,flower_pinch,18
5,svm,corrected,prayer_beads,orchid_finger,71
5,svm,corrected,prayer_beads,orchid_palm,30
5,svm,corrected,prayer_beads,prayer_beads,784
5,svm,corrected,prayer_beads,three_finger_bent,3
5,svm,corrected,three_finger_bent,deer_horn,12
5,svm,corrected,three_finger_bent,flower_pinch,29
5,svm,corrected,three_finger_bent,orchid_finger,29
5,svm,corrected,three_finger_bent,orchid_palm,9
5,svm,corrected,three_finger_bent,prayer_beads,1
5,svm,corrected,three_finger_bent,three_finger_bent,820
5,svm,joint_angle,deer_horn,deer_horn,712
5,svm,joint_angle,deer_horn,flower_pinch,33
5,svm,joint_angle,deer_horn,orchid_finger,188
5,svm,joint_angle,deer_horn,orchid_palm,8
5,svm,joint_angle,deer_horn,prayer_beads,6
5,svm,joint_angle,deer_horn,three_finger_bent,3
5,svm,joint_angle,flower_pinch,deer_horn,23
5,svm,joint_angle,flower_pinch,flower_pinch,760
5,svm,joint_angle,flower_pinch,orchid_finger,40
5,svm,joint_angle,flower_pinch,orchid_palm,97
5,svm,joint_angle,flower_pinch,prayer_beads,1
5,svm,joint_angle,flower_pinch,three_finger_bent,29
5,svm,joint_angle,orchid_finger,deer_horn,115
5,svm,joint_angle,orchid_finger,flower_pinch,6
5,svm,joint_angle,orchid_finger,orchid_finger,775
5,svm,joint_angle,orchid_finger,orchid_palm,11
5,svm,joint_angle,orchid_finger,prayer_beads,11
5,svm,joint_angle,orchid_finger,three_finger_bent,7
5,svm,joint_angle,orchid_palm,deer_horn,10
5,svm,joint_angle,orchid_palm,flower_pinch,145
5,svm,joint_angle,orchid_palm,orchid_finger,118
5,svm,joint_angle,orchid_palm,orchid_palm,751
5,svm,joint_angle,orchid_palm,prayer_beads,67
5,svm,joint_angle,orchid_palm,three_finger_bent,9
5,svm,joint_angle,prayer_beads,deer_horn,16
5,svm,joint_angle,prayer_beads,flower_pinch,6
5,svm,joint_angle,prayer_beads,orchid_finger,107
5,svm,joint_angle,prayer_beads,orchid_palm,66
5,svm,joint_angle,prayer_beads,prayer_beads,721
5,svm,joint_angle,prayer_beads,three_finger_bent,9
5,svm,joint_angle,three_finger_bent,deer_horn,3
5,svm,joint_angle,three_finger_bent,flower_pinch,38
5,svm,joint_angle,three_finger_bent,orchid_finger,20
5,svm,joint_angle,three_finger_bent,orchid_palm,8
5,svm,joint_angle,three_finger_bent,prayer_beads,1
5,svm,joint_angle,three_finger_bent,three_finger_bent,830
5,svm,optimized_action,deer_horn,deer_horn,778
5,svm,optimized_action,deer_horn,flower_pinch,31
5,svm,optimized_action,deer_horn,orchid_finger,120
5,svm,optimized_action,deer_horn,orchid_palm,16
5,svm,optimized_action,deer_horn,prayer_beads,3
5,svm,optimized_action,deer_horn,three_finger_bent,2
5,svm,optimized_action,flower_pinch,deer_horn,47
5,svm,optimized_action,flower_pinch,flower_pinch,695
5,svm,optimized_action,flower_pinch,orchid_finger,43
5,svm,optimized_action,flower_pinch,orchid_palm,117
5,svm,optimized_action,flower_pinch,prayer_beads,1
5,svm,optimized_action,flower_pinch,three_finger_bent,47
5,svm,optimized_action,orchid_finger,deer_horn,82
5,svm,optimized_action,orchid_finger,flower_pinch,30
5,svm,optimized_action,orchid_finger,orchid_finger,780
5,svm,optimized_action,orchid_finger,orchid_palm,27
5,svm,optimized_action,orchid_finger,prayer_beads,2
5,svm,optimized_action,orchid_finger,three_finger_bent,4
5,svm,optimized_action,orchid_palm,deer_horn,18
5,svm,optimized_action,orchid_palm,flower_pinch,166
5,svm,optimized_action,orchid_palm,orchid_finger,128
5,svm,optimized_action,orchid_palm,orchid_palm,743
5,svm,optimized_action,orchid_palm,prayer_beads,42
5,svm,optimized_action,orchid_palm,three_finger_bent,3
5,svm,optimized_action,prayer_beads,deer_horn,9
5,svm,optimized_action,prayer_beads,flower_pinch,23
5,svm,optimized_action,prayer_beads,orchid_finger,72
5,svm,optimized_action,prayer_beads,orchid_palm,48
5,svm,optimized_action,prayer_beads,prayer_beads,767
5,svm,optimized_action,prayer_beads,three_finger_bent,6
5,svm,optimized_action,three_finger_bent,deer_horn,9
5,svm,optimized_action,three_finger_bent,flower_pinch,47
5,svm,optimized_action,three_finger_bent,orchid_finger,28
5,svm,optimized_action,three_finger_bent,orchid_palm,12
5,svm,optimized_action,three_finger_bent,prayer_beads,1
5,svm,optimized_action,three_finger_bent,three_finger_bent,803
5,svm,optimized_full,deer_horn,deer_horn,552
5,svm,optimized_full,deer_horn,flower_pinch,76
5,svm,optimized_full,deer_horn,orchid_finger,169
5,svm,optimized_full,deer_horn,orchid_palm,75
5,svm,optimized_full,deer_horn,prayer_beads,18
5,svm,optimized_full,deer_horn,three_finger_bent,60
5,svm,optimized_full,flower_pinch,deer_horn,85
5,svm,optimized_full,flower_pinch,flower_pinch,435
5,svm,optimized_full,flower_pinch,orchid_finger,109
5,svm,optimized_full,flower_pinch,orchid_palm,145
5,svm,optimized_full,flower_pinch,prayer_beads,14
5,svm,optimized_full,flower_pinch,three_finger_bent,162
5,svm,optimized_full,orchid_finger,deer_horn,139
5,svm,optimized_full,orchid_finger,flower_pinch,136
5,svm,optimized_full,orchid_finger,orchid_finger,414
5,svm,optimized_full,orchid_finger,orchid_palm,142
5,svm,optimized_full,orchid_finger,prayer_beads,35
5,svm,optimized_full,orchid_finger,three_finger_bent,59
5,svm,optimized_full,orchid_palm,deer_horn,89
5,svm,optimized_full,orchid_palm,flower_pinch,159
5,svm,optimized_full,orchid_palm,orchid_finger,215
5,svm,optimized_full,orchid_palm,orchid_palm,500
5,svm,optimized_full,orchid_palm,prayer_beads,55
5,svm,optimized_full,orchid_palm,three_finger_bent,82
5,svm,optimized_full,prayer_beads,deer_horn,51
5,svm,optimized_full,prayer_beads,flower_pinch,57
5,svm,optimized_full,prayer_beads,orchid_finger,50
5,svm,optimized_full,prayer_beads,orchid_palm,48
5,svm,optimized_full,prayer_beads,prayer_beads,677
5,svm,optimized_full,prayer_beads,three_finger_bent,42
5,svm,optimized_full,three_finger_bent,deer_horn,79
5,svm,optimized_full,three_finger_bent,flower_pinch,152
5,svm,optimized_full,three_finger_bent,orchid_finger,87
5,svm,optimized_full,three_finger_bent,orchid_palm,71
5,svm,optimized_full,three_finger_bent,prayer_beads,14
5,svm,optimized_full,three_finger_bent,three_finger_bent,497
5,svm,raw,deer_horn,deer_horn,563
5,svm,raw,deer_horn,flower_pinch,68
5,svm,raw,deer_horn,orchid_finger,154
5,svm,raw,deer_horn,orchid_palm,90
5,svm,raw,deer_horn,prayer_beads,27
5,svm,raw,deer_horn,three_finger_bent,48
5,svm,raw,flower_pinch,deer_horn,71
5,svm,raw,flower_pinch,flower_pinch,382
5,svm,raw,flower_pinch,orchid_finger,54
5,svm,raw,flower_pinch,orchid_palm,177
5,svm,raw,flower_pinch,prayer_beads,106
5,svm,raw,flower_pinch,three_finger_bent,160
5,svm,raw,orchid_finger,deer_horn,176
5,svm,raw,orchid_finger,flower_pinch,42
5,svm,raw,orchid_finger,orchid_finger,458
5,svm,raw,orchid_finger,orchid_palm,104
5,svm,raw,orchid_finger,prayer_beads,70
5,svm,raw,orchid_finger,three_finger_bent,75
5,svm,raw,orchid_palm,deer_horn,103
5,svm,raw,orchid_palm,flower_pinch,233
5,svm,raw,orchid_palm,orchid_finger,134
5,svm,raw,orchid_palm,orchid_palm,431
5,svm,raw,orchid_palm,prayer_beads,109
5,svm,raw,orchid_palm,three_finger_bent,90
5,svm,raw,prayer_beads,deer_horn,26
5,svm,raw,prayer_beads,flower_pinch,122
5,svm,raw,prayer_beads,orchid_finger,49
5,svm,raw,prayer_beads,orchid_palm,136
5,svm,raw,prayer_beads,prayer_beads,464
5,svm,raw,prayer_beads,three_finger_bent,128
5,svm,raw,three_finger_bent,deer_horn,74
5,svm,raw,three_finger_bent,flower_pinch,177
5,svm,raw,three_finger_bent,orchid_finger,60
5,svm,raw,three_finger_bent,orchid_palm,78
5,svm,raw,three_finger_bent,prayer_beads,138
5,svm,raw,three_finger_bent,three_finger_bent,373
5,svm,raw_pca11,deer_horn,deer_horn,688
5,svm,raw_pca11,deer_horn,flower_pinch,36
5,svm,raw_pca11,deer_horn,orchid_finger,141
5,svm,raw_pca11,deer_horn,orchid_palm,31
5,svm,raw_pca11,deer_horn,prayer_beads,11
5,svm,raw_pca11,deer_horn,three_finger_bent,43
5,svm,raw_pca11,flower_pinch,deer_horn,25
5,svm,raw_pca11,flower_pinch,flower_pinch,561
5,svm,raw_pca11,flower_pinch,orchid_finger,50
5,svm,raw_pca11,flower_pinch,orchid_palm,168
5,svm,raw_pca11,flower_pinch,prayer_beads,32
5,svm,raw_pca11,flower_pinch,three_finger_bent,114
5,svm,raw_pca11,orchid_finger,deer_horn,118
5,svm,raw_pca11,orchid_finger,flower_pinch,44
5,svm,raw_pca11,orchid_finger,orchid_finger,615
5,svm,raw_pca11,orchid_finger,orchid_palm,72
5,svm,raw_pca11,orchid_finger,prayer_beads,27
5,svm,raw_pca11,orchid_finger,three_finger_bent,49
5,svm,raw_pca11,orchid_palm,deer_horn,13
5,svm,raw_pca11,orchid_palm,flower_pinch,205
5,svm,raw_pca11,orchid_palm,orchid_finger,95
5,svm,raw_pca11,orchid_palm,orchid_palm,608
5,svm,raw_pca11,orchid_palm,prayer_beads,123
5,svm,raw_pca11,orchid_palm,three_finger_bent,56
5,svm,raw_pca11,prayer_beads,deer_horn,9
5,svm,raw_pca11,prayer_beads,flower_pinch,36
5,svm,raw_pca11,prayer_beads,orchid_finger,54
5,svm,raw_pca11,prayer_beads,orchid_palm,79
5,svm,raw_pca11,prayer_beads,prayer_beads,662
5,svm,raw_pca11,prayer_beads,three_finger_bent,85
5,svm,raw_pca11,three_finger_bent,deer_horn,13
5,svm,raw_pca11,three_finger_bent,flower_pinch,88
5,svm,raw_pca11,three_finger_bent,orchid_finger,45
5,svm,raw_pca11,three_finger_bent,orchid_palm,26
5,svm,raw_pca11,three_finger_bent,prayer_beads,43
5,svm,raw_pca11,three_finger_bent,three_finger_bent,685
5,svm,raw_pca17,deer_horn,deer_horn,771
5,svm,raw_pca17,deer_horn,flower_pinch,21
5,svm,raw_pca17,deer_horn,orchid_finger,44
5,svm,raw_pca17,deer_horn,orchid_palm,36
5,svm,raw_pca17,deer_horn,prayer_beads,23
5,svm,raw_pca17,deer_horn,three_finger_bent,55
5,svm,raw_pca17,flower_pinch,deer_horn,16
5,svm,raw_pca17,flower_pinch,flower_pinch,578
5,svm,raw_pca17,flower_pinch,orchid_finger,53
5,svm,raw_pca17,flower_pinch,orchid_palm,149
5,svm,raw_pca17,flower_pinch,prayer_beads,35
5,svm,raw_pca17,flower_pinch,three_finger_bent,119
5,svm,raw_pca17,orchid_finger,deer_horn,51
5,svm,raw_pca17,orchid_finger,flower_pinch,43
5,svm,raw_pca17,orchid_finger,orchid_finger,683
5,svm,raw_pca17,orchid_finger,orchid_palm,47
5,svm,raw_pca17,orchid_finger,prayer_beads,24
5,svm,raw_pca17,orchid_finger,three_finger_bent,77
5,svm,raw_pca17,orchid_palm,deer_horn,23
5,svm,raw_pca17,orchid_palm,flower_pinch,183
5,svm,raw_pca17,orchid_palm,orchid_finger,80
5,svm,raw_pca17,orchid_palm,orchid_palm,643
5,svm,raw_pca17,orchid_palm,prayer_beads,107
5,svm,raw_pca17,orchid_palm,three_finger_bent,64
5,svm,raw_pca17,prayer_beads,deer_horn,35
5,svm,raw_pca17,prayer_beads,flower_pinch,35
5,svm,raw_pca17,prayer_beads,orchid_finger,56
5,svm,raw_pca17,prayer_beads,orchid_palm,63
5,svm,raw_pca17,prayer_beads,prayer_beads,657
5,svm,raw_pca17,prayer_beads,three_finger_bent,79
5,svm,raw_pca17,three_finger_bent,deer_horn,11
5,svm,raw_pca17,three_finger_bent,flower_pinch,66
5,svm,raw_pca17,three_finger_bent,orchid_finger,57
5,svm,raw_pca17,three_finger_bent,orchid_palm,33
5,svm,raw_pca17,three_finger_bent,prayer_beads,40
5,svm,raw_pca17,three_finger_bent,three_finger_bent,693
10,knn,corrected,deer_horn,deer_horn,807
10,knn,corrected,deer_horn,flower_pinch,36
10,knn,corrected,deer_horn,orchid_finger,83
10,knn,corrected,deer_horn,orchid_palm,19
10,knn,corrected,deer_horn,prayer_beads,3
10,knn,corrected,deer_horn,three_finger_bent,2
10,knn,corrected,flower_pinch,deer_horn,50
10,knn,corrected,flower_pinch,flower_pinch,765
10,knn,corrected,flower_pinch,orchid_finger,19
10,knn,corrected,flower_pinch,orchid_palm,87
10,knn,corrected,flower_pinch,prayer_beads,4
10,knn,corrected,flower_pinch,three_finger_bent,25
10,knn,corrected,orchid_finger,deer_horn,119
10,knn,corrected,orchid_finger,flower_pinch,27
10,knn,corrected,orchid_finger,orchid_finger,739
10,knn,corrected,orchid_finger,orchid_palm,31
10,knn,corrected,orchid_finger,prayer_beads,0
10,knn,corrected,orchid_finger,three_finger_bent,9
10,knn,corrected,orchid_palm,deer_horn,9
10,knn,corrected,orchid_palm,flower_pinch,190
10,knn,corrected,orchid_palm,orchid_finger,40
10,knn,corrected,orchid_palm,orchid_palm,805
10,knn,corrected,orchid_palm,prayer_beads,51
10,knn,corrected,orchid_palm,three_finger_bent,5
10,knn,corrected,prayer_beads,deer_horn,21
10,knn,corrected,prayer_beads,flower_pinch,10
10,knn,corrected,prayer_beads,orchid_finger,34
10,knn,corrected,prayer_beads,orchid_palm,18
10,knn,corrected,prayer_beads,prayer_beads,834
10,knn,corrected,prayer_beads,three_finger_bent,8
10,knn,corrected,three_finger_bent,deer_horn,6
10,knn,corrected,three_finger_bent,flower_pinch,18
10,knn,corrected,three_finger_bent,orchid_finger,5
10,knn,corrected,three_finger_bent,orchid_palm,2
10,knn,corrected,three_finger_bent,prayer_beads,0
10,knn,corrected,three_finger_bent,three_finger_bent,869
10,knn,joint_angle,deer_horn,deer_horn,755
10,knn,joint_angle,deer_horn,flower_pinch,77
10,knn,joint_angle,deer_horn,orchid_finger,104
10,knn,joint_angle,deer_horn,orchid_palm,12
10,knn,joint_angle,deer_horn,prayer_beads,1
10,knn,joint_angle,deer_horn,three_finger_bent,1
10,knn,joint_angle,flower_pinch,deer_horn,5
10,knn,joint_angle,flower_pinch,flower_pinch,825
10,knn,joint_angle,flower_pinch,orchid_finger,12
10,knn,joint_angle,flower_pinch,orchid_palm,84
10,knn,joint_angle,flower_pinch,prayer_beads,0
10,knn,joint_angle,flower_pinch,three_finger_bent,24
10,knn,joint_angle,orchid_finger,deer_horn,168
10,knn,joint_angle,orchid_finger,flower_pinch,29
10,knn,joint_angle,orchid_finger,orchid_finger,698
10,knn,joint_angle,orchid_finger,orchid_palm,28
10,knn,joint_angle,orchid_finger,prayer_beads,1
10,knn,joint_angle,orchid_finger,three_finger_bent,1
10,knn,joint_angle,orchid_palm,deer_horn,5
10,knn,joint_angle,orchid_palm,flower_pinch,175
10,knn,joint_angle,orchid_palm,orchid_finger,26
10,knn,joint_angle,orchid_palm,orchid_palm,830
10,knn,joint_angle,orchid_palm,prayer_beads,60
10,knn,joint_angle,orchid_palm,three_finger_bent,4
10,knn,joint_angle,prayer_beads,deer_horn,25
10,knn,joint_angle,prayer_beads,flower_pinch,17
10,knn,joint_angle,prayer_beads,orchid_finger,29
10,knn,joint_angle,prayer_beads,orchid_palm,61
10,knn,joint_angle,prayer_beads,prayer_beads,789
10,knn,joint_angle,prayer_beads,three_finger_bent,4
10,knn,joint_angle,three_finger_bent,deer_horn,0
10,knn,joint_angle,three_finger_bent,flower_pinch,40
10,knn,joint_angle,three_finger_bent,orchid_finger,0
10,knn,joint_angle,three_finger_bent,orchid_palm,1
10,knn,joint_angle,three_finger_bent,prayer_beads,0
10,knn,joint_angle,three_finger_bent,three_finger_bent,859
10,knn,optimized_action,deer_horn,deer_horn,813
10,knn,optimized_action,deer_horn,flower_pinch,37
10,knn,optimized_action,deer_horn,orchid_finger,80
10,knn,optimized_action,deer_horn,orchid_palm,19
10,knn,optimized_action,deer_horn,prayer_beads,1
10,knn,optimized_action,deer_horn,three_finger_bent,0
10,knn,optimized_action,flower_pinch,deer_horn,58
10,knn,optimized_action,flower_pinch,flower_pinch,714
10,knn,optimized_action,flower_pinch,orchid_finger,16
10,knn,optimized_action,flower_pinch,orchid_palm,117
10,knn,optimized_action,flower_pinch,prayer_beads,1
10,knn,optimized_action,flower_pinch,three_finger_bent,44
10,knn,optimized_action,orchid_finger,deer_horn,123
10,knn,optimized_action,orchid_finger,flower_pinch,39
10,knn,optimized_action,orchid_finger,orchid_finger,726
10,knn,optimized_action,orchid_finger,orchid_palm,32
10,knn,optimized_action,orchid_finger,prayer_beads,0
10,knn,optimized_action,orchid_finger,three_finger_bent,5
10,knn,optimized_action,orchid_palm,deer_horn,10
10,knn,optimized_action,orchid_palm,flower_pinch,200
10,knn,optimized_action,orchid_palm,orchid_finger,47
10,knn,optimized_action,orchid_palm,orchid_palm,770
10,knn,optimized_action,orchid_palm,prayer_beads,64
10,knn,optimized_action,orchid_palm,three_finger_bent,9
10,knn,optimized_action,prayer_beads,deer_horn,24
10,knn,optimized_action,prayer_beads,flower_pinch,12
10,knn,optimized_action,prayer_beads,orchid_finger,34
10,knn,optimized_action,prayer_beads,orchid_palm,20
10,knn,optimized_action,prayer_beads,prayer_beads,828
10,knn,optimized_action,prayer_beads,three_finger_bent,7
10,knn,optimized_action,three_finger_bent,deer_horn,7
10,knn,optimized_action,three_finger_bent,flower_pinch,33
10,knn,optimized_action,three_finger_bent,orchid_finger,6
10,knn,optimized_action,three_finger_bent,orchid_palm,4
10,knn,optimized_action,three_finger_bent,prayer_beads,0
10,knn,optimized_action,three_finger_bent,three_finger_bent,850
10,knn,optimized_full,deer_horn,deer_horn,617
10,knn,optimized_full,deer_horn,flower_pinch,62
10,knn,optimized_full,deer_horn,orchid_finger,130
10,knn,optimized_full,deer_horn,orchid_palm,50
10,knn,optimized_full,deer_horn,prayer_beads,21
10,knn,optimized_full,deer_horn,three_finger_bent,70
10,knn,optimized_full,flower_pinch,deer_horn,93
10,knn,optimized_full,flower_pinch,flower_pinch,440
10,knn,optimized_full,flower_pinch,orchid_finger,91
10,knn,optimized_full,flower_pinch,orchid_palm,138
10,knn,optimized_full,flower_pinch,prayer_beads,27
10,knn,optimized_full,flower_pinch,three_finger_bent,161
10,knn,optimized_full,orchid_finger,deer_horn,151
10,knn,optimized_full,orchid_finger,flower_pinch,95
10,knn,optimized_full,orchid_finger,orchid_finger,421
10,knn,optimized_full,orchid_finger,orchid_palm,120
10,knn,optimized_full,orchid_finger,prayer_beads,59
10,knn,optimized_full,orchid_finger,three_finger_bent,79
10,knn,optimized_full,orchid_palm,deer_horn,99
10,knn,optimized_full,orchid_palm,flower_pinch,183
10,knn,optimized_full,orchid_palm,orchid_finger,207
10,knn,optimized_full,orchid_palm,orchid_palm,441
10,knn,optimized_full,orchid_palm,prayer_beads,91
10,knn,optimized_full,orchid_palm,three_finger_bent,79
10,knn,optimized_full,prayer_beads,deer_horn,58
10,knn,optimized_full,prayer_beads,flower_pinch,27
10,knn,optimized_full,prayer_beads,orchid_finger,33
10,knn,optimized_full,prayer_beads,orchid_palm,21
10,knn,optimized_full,prayer_beads,prayer_beads,740
10,knn,optimized_full,prayer_beads,three_finger_bent,46
10,knn,optimized_full,three_finger_bent,deer_horn,78
10,knn,optimized_full,three_finger_bent,flower_pinch,122
10,knn,optimized_full,three_finger_bent,orchid_finger,84
10,knn,optimized_full,three_finger_bent,orchid_palm,40
10,knn,optimized_full,three_finger_bent,prayer_beads,24
10,knn,optimized_full,three_finger_bent,three_finger_bent,552
10,knn,raw,deer_horn,deer_horn,630
10,knn,raw,deer_horn,flower_pinch,60
10,knn,raw,deer_horn,orchid_finger,145
10,knn,raw,deer_horn,orchid_palm,60
10,knn,raw,deer_horn,prayer_beads,15
10,knn,raw,deer_horn,three_finger_bent,40
10,knn,raw,flower_pinch,deer_horn,107
10,knn,raw,flower_pinch,flower_pinch,380
10,knn,raw,flower_pinch,orchid_finger,63
10,knn,raw,flower_pinch,orchid_palm,166
10,knn,raw,flower_pinch,prayer_beads,100
10,knn,raw,flower_pinch,three_finger_bent,134
10,knn,raw,orchid_finger,deer_horn,186
10,knn,raw,orchid_finger,flower_pinch,31
10,knn,raw,orchid_finger,orchid_finger,507
10,knn,raw,orchid_finger,orchid_palm,103
10,knn,raw,orchid_finger,prayer_beads,62
10,knn,raw,orchid_finger,three_finger_bent,36
10,knn,raw,orchid_palm,deer_horn,138
10,knn,raw,orchid_palm,flower_pinch,187
10,knn,raw,orchid_palm,orchid_finger,148
10,knn,raw,orchid_palm,orchid_palm,466
10,knn,raw,orchid_palm,prayer_beads,98
10,knn,raw,orchid_palm,three_finger_bent,63
10,knn,raw,prayer_beads,deer_horn,41
10,knn,raw,prayer_beads,flower_pinch,83
10,knn,raw,prayer_beads,orchid_finger,73
10,knn,raw,prayer_beads,orchid_palm,82
10,knn,raw,prayer_beads,prayer_beads,549
10,knn,raw,prayer_beads,three_finger_bent,97
10,knn,raw,three_finger_bent,deer_horn,111
10,knn,raw,three_finger_bent,flower_pinch,177
10,knn,raw,three_finger_bent,orchid_finger,80
10,knn,raw,three_finger_bent,orchid_palm,68
10,knn,raw,three_finger_bent,prayer_beads,140
10,knn,raw,three_finger_bent,three_finger_bent,324
10,knn,raw_pca11,deer_horn,deer_horn,747
10,knn,raw_pca11,deer_horn,flower_pinch,38
10,knn,raw_pca11,deer_horn,orchid_finger,130
10,knn,raw_pca11,deer_horn,orchid_palm,25
10,knn,raw_pca11,deer_horn,prayer_beads,6
10,knn,raw_pca11,deer_horn,three_finger_bent,4
10,knn,raw_pca11,flower_pinch,deer_horn,65
10,knn,raw_pca11,flower_pinch,flower_pinch,629
10,knn,raw_pca11,flower_pinch,orchid_finger,37
10,knn,raw_pca11,flower_pinch,orchid_palm,160
10,knn,raw_pca11,flower_pinch,prayer_beads,6
10,knn,raw_pca11,flower_pinch,three_finger_bent,53
10,knn,raw_pca11,orchid_finger,deer_horn,177
10,knn,raw_pca11,orchid_finger,flower_pinch,35
10,knn,raw_pca11,orchid_finger,orchid_finger,620
10,knn,raw_pca11,orchid_finger,orchid_palm,69
10,knn,raw_pca11,orchid_finger,prayer_beads,17
10,knn,raw_pca11,orchid_finger,three_finger_bent,7
10,knn,raw_pca11,orchid_palm,deer_horn,35
10,knn,raw_pca11,orchid_palm,flower_pinch,197
10,knn,raw_pca11,orchid_palm,orchid_finger,57
10,knn,raw_pca11,orchid_palm,orchid_palm,668
10,knn,raw_pca11,orchid_palm,prayer_beads,128
10,knn,raw_pca11,orchid_palm,three_finger_bent,15
10,knn,raw_pca11,prayer_beads,deer_horn,4
10,knn,raw_pca11,prayer_beads,flower_pinch,25
10,knn,raw_pca11,prayer_beads,orchid_finger,39
10,knn,raw_pca11,prayer_beads,orchid_palm,70
10,knn,raw_pca11,prayer_beads,prayer_beads,764
10,knn,raw_pca11,prayer_beads,three_finger_bent,23
10,knn,raw_pca11,three_finger_bent,deer_horn,24
10,knn,raw_pca11,three_finger_bent,flower_pinch,89
10,knn,raw_pca11,three_finger_bent,orchid_finger,26
10,knn,raw_pca11,three_finger_bent,orchid_palm,27
10,knn,raw_pca11,three_finger_bent,prayer_beads,21
10,knn,raw_pca11,three_finger_bent,three_finger_bent,713
10,knn,raw_pca17,deer_horn,deer_horn,864
10,knn,raw_pca17,deer_horn,flower_pinch,11
10,knn,raw_pca17,deer_horn,orchid_finger,43
10,knn,raw_pca17,deer_horn,orchid_palm,19
10,knn,raw_pca17,deer_horn,prayer_beads,8
10,knn,raw_pca17,deer_horn,three_finger_bent,5
10,knn,raw_pca17,flower_pinch,deer_horn,19
10,knn,raw_pca17,flower_pinch,flower_pinch,688
10,knn,raw_pca17,flower_pinch,orchid_finger,34
10,knn,raw_pca17,flower_pinch,orchid_palm,155
10,knn,raw_pca17,flower_pinch,prayer_beads,11
10,knn,raw_pca17,flower_pinch,three_finger_bent,43
10,knn,raw_pca17,orchid_finger,deer_horn,64
10,knn,raw_pca17,orchid_finger,flower_pinch,50
10,knn,raw_pca17,orchid_finger,orchid_finger,704
10,knn,raw_pca17,orchid_finger,orchid_palm,75
10,knn,raw_pca17,orchid_finger,prayer_beads,22
10,knn,raw_pca17,orchid_finger,three_finger_bent,10
10,knn,raw_pca17,orchid_palm,deer_horn,34
10,knn,raw_pca17,orchid_palm,flower_pinch,209
10,knn,raw_pca17,orchid_palm,orchid_finger,38
10,knn,raw_pca17,orchid_palm,orchid_palm,705
10,knn,raw_pca17,orchid_palm,prayer_beads,104
10,knn,raw_pca17,orchid_palm,three_finger_bent,10
10,knn,raw_pca17,prayer_beads,deer_horn,18
10,knn,raw_pca17,prayer_beads,flower_pinch,29
10,knn,raw_pca17,prayer_beads,orchid_finger,18
10,knn,raw_pca17,prayer_beads,orchid_palm,55
10,knn,raw_pca17,prayer_beads,prayer_beads,775
10,knn,raw_pca17,prayer_beads,three_finger_bent,30
10,knn,raw_pca17,three_finger_bent,deer_horn,14
10,knn,raw_pca17,three_finger_bent,flower_pinch,73
10,knn,raw_pca17,three_finger_bent,orchid_finger,22
10,knn,raw_pca17,three_finger_bent,orchid_palm,39
10,knn,raw_pca17,three_finger_bent,prayer_beads,17
10,knn,raw_pca17,three_finger_bent,three_finger_bent,735
10,mlp,corrected,deer_horn,deer_horn,829
10,mlp,corrected,deer_horn,flower_pinch,28
10,mlp,corrected,deer_horn,orchid_finger,78
10,mlp,corrected,deer_horn,orchid_palm,9
10,mlp,corrected,deer_horn,prayer_beads,3
10,mlp,corrected,deer_horn,three_finger_bent,3
10,mlp,corrected,flower_pinch,deer_horn,59
10,mlp,corrected,flower_pinch,flower_pinch,748
10,mlp,corrected,flower_pinch,orchid_finger,25
10,mlp,corrected,flower_pinch,orchid_palm,89
10,mlp,corrected,flower_pinch,prayer_beads,6
10,mlp,corrected,flower_pinch,three_finger_bent,23
10,mlp,corrected,orchid_finger,deer_horn,80
10,mlp,corrected,orchid_finger,flower_pinch,13
10,mlp,corrected,orchid_finger,orchid_finger,819
10,mlp,corrected,orchid_finger,orchid_palm,9
10,mlp,corrected,orchid_finger,prayer_beads,2
10,mlp,corrected,orchid_finger,three_finger_bent,2
10,mlp,corrected,orchid_palm,deer_horn,18
10,mlp,corrected,orchid_palm,flower_pinch,120
10,mlp,corrected,orchid_palm,orchid_finger,32
10,mlp,corrected,orchid_palm,orchid_palm,893
10,mlp,corrected,orchid_palm,prayer_beads,29
10,mlp,corrected,orchid_palm,three_finger_bent,8
10,mlp,corrected,prayer_beads,deer_horn,28
10,mlp,corrected,prayer_beads,flower_pinch,5
10,mlp,corrected,prayer_beads,orchid_finger,34
10,mlp,corrected,prayer_beads,orchid_palm,24
10,mlp,corrected,prayer_beads,prayer_beads,825
10,mlp,corrected,prayer_beads,three_finger_bent,9
10,mlp,corrected,three_finger_bent,deer_horn,9
10,mlp,corrected,three_finger_bent,flower_pinch,17
10,mlp,corrected,three_finger_bent,orchid_finger,12
10,mlp,corrected,three_finger_bent,orchid_palm,5
10,mlp,corrected,three_finger_bent,prayer_beads,4
10,mlp,corrected,three_finger_bent,three_finger_bent,853
10,mlp,joint_angle,deer_horn,deer_horn,816
10,mlp,joint_angle,deer_horn,flower_pinch,42
10,mlp,joint_angle,deer_horn,orchid_finger,84
10,mlp,joint_angle,deer_horn,orchid_palm,7
10,mlp,joint_angle,deer_horn,prayer_beads,1
10,mlp,joint_angle,deer_horn,three_finger_bent,0
10,mlp,joint_angle,flower_pinch,deer_horn,21
10,mlp,joint_angle,flower_pinch,flower_pinch,796
10,mlp,joint_angle,flower_pinch,orchid_finger,7
10,mlp,joint_angle,flower_pinch,orchid_palm,95
10,mlp,joint_angle,flower_pinch,prayer_beads,1
10,mlp,joint_angle,flower_pinch,three_finger_bent,30
10,mlp,joint_angle,orchid_finger,deer_horn,88
10,mlp,joint_angle,orchid_finger,flower_pinch,8
10,mlp,joint_angle,orchid_finger,orchid_finger,822
10,mlp,joint_angle,orchid_finger,orchid_palm,6
10,mlp,joint_angle,orchid_finger,prayer_beads,0
10,mlp,joint_angle,orchid_finger,three_finger_bent,1
10,mlp,joint_angle,orchid_palm,deer_horn,17
10,mlp,joint_angle,orchid_palm,flower_pinch,121
10,mlp,joint_angle,orchid_palm,orchid_finger,37
10,mlp,joint_angle,orchid_palm,orchid_palm,863
10,mlp,joint_angle,orchid_palm,prayer_beads,53
10,mlp,joint_angle,orchid_palm,three_finger_bent,9
10,mlp,joint_angle,prayer_beads,deer_horn,11
10,mlp,joint_angle,prayer_beads,flower_pinch,18
10,mlp,joint_angle,prayer_beads,orchid_finger,27
10,mlp,joint_angle,prayer_beads,orchid_palm,59
10,mlp,joint_angle,prayer_beads,prayer_beads,799
10,mlp,joint_angle,prayer_beads,three_finger_bent,11
10,mlp,joint_angle,three_finger_bent,deer_horn,0
10,mlp,joint_angle,three_finger_bent,flower_pinch,40
10,mlp,joint_angle,three_finger_bent,orchid_finger,0
10,mlp,joint_angle,three_finger_bent,orchid_palm,1
10,mlp,joint_angle,three_finger_bent,prayer_beads,0
10,mlp,joint_angle,three_finger_bent,three_finger_bent,859
10,mlp,optimized_action,deer_horn,deer_horn,835
10,mlp,optimized_action,deer_horn,flower_pinch,31
10,mlp,optimized_action,deer_horn,orchid_finger,72
10,mlp,optimized_action,deer_horn,orchid_palm,7
10,mlp,optimized_action,deer_horn,prayer_beads,3
10,mlp,optimized_action,deer_horn,three_finger_bent,2
10,mlp,optimized_action,flower_pinch,deer_horn,56
10,mlp,optimized_action,flower_pinch,flower_pinch,719
10,mlp,optimized_action,flower_pinch,orchid_finger,18
10,mlp,optimized_action,flower_pinch,orchid_palm,104
10,mlp,optimized_action,flower_pinch,prayer_beads,4
10,mlp,optimized_action,flower_pinch,three_finger_bent,49
10,mlp,optimized_action,orchid_finger,deer_horn,72
10,mlp,optimized_action,orchid_finger,flower_pinch,14
10,mlp,optimized_action,orchid_finger,orchid_finger,827
10,mlp,optimized_action,orchid_finger,orchid_palm,8
10,mlp,optimized_action,orchid_finger,prayer_beads,2
10,mlp,optimized_action,orchid_finger,three_finger_bent,2
10,mlp,optimized_action,orchid_palm,deer_horn,14
10,mlp,optimized_action,orchid_palm,flower_pinch,118
10,mlp,optimized_action,orchid_palm,orchid_finger,37
10,mlp,optimized_action,orchid_palm,orchid_palm,881
10,mlp,optimized_action,orchid_palm,prayer_beads,44
10,mlp,optimized_action,orchid_palm,three_finger_bent,6
10,mlp,optimized_action,prayer_beads,deer_horn,31
10,mlp,optimized_action,prayer_beads,flower_pinch,0
10,mlp,optimized_action,prayer_beads,orchid_finger,33
10,mlp,optimized_action,prayer_beads,orchid_palm,31
10,mlp,optimized_action,prayer_beads,prayer_beads,815
10,mlp,optimized_action,prayer_beads,three_finger_bent,15
10,mlp,optimized_action,three_finger_bent,deer_horn,8
10,mlp,optimized_action,three_finger_bent,flower_pinch,29
10,mlp,optimized_action,three_finger_bent,orchid_finger,14
10,mlp,optimized_action,three_finger_bent,orchid_palm,11
10,mlp,optimized_action,three_finger_bent,prayer_beads,1
10,mlp,optimized_action,three_finger_bent,three_finger_bent,837
10,mlp,optimized_full,deer_horn,deer_horn,702
10,mlp,optimized_full,deer_horn,flower_pinch,47
10,mlp,optimized_full,deer_horn,orchid_finger,126
10,mlp,optimized_full,deer_horn,orchid_palm,50
10,mlp,optimized_full,deer_horn,prayer_beads,8
10,mlp,optimized_full,deer_horn,three_finger_bent,17
10,mlp,optimized_full,flower_pinch,deer_horn,72
10,mlp,optimized_full,flower_pinch,flower_pinch,549
10,mlp,optimized_full,flower_pinch,orchid_finger,56
10,mlp,optimized_full,flower_pinch,orchid_palm,141
10,mlp,optimized_full,flower_pinch,prayer_beads,20
10,mlp,optimized_full,flower_pinch,three_finger_bent,112
10,mlp,optimized_full,orchid_finger,deer_horn,107
10,mlp,optimized_full,orchid_finger,flower_pinch,97
10,mlp,optimized_full,orchid_finger,orchid_finger,510
10,mlp,optimized_full,orchid_finger,orchid_palm,148
10,mlp,optimized_full,orchid_finger,prayer_beads,39
10,mlp,optimized_full,orchid_finger,three_finger_bent,24
10,mlp,optimized_full,orchid_palm,deer_horn,69
10,mlp,optimized_full,orchid_palm,flower_pinch,150
10,mlp,optimized_full,orchid_palm,orchid_finger,165
10,mlp,optimized_full,orchid_palm,orchid_palm,611
10,mlp,optimized_full,orchid_palm,prayer_beads,65
10,mlp,optimized_full,orchid_palm,three_finger_bent,40
10,mlp,optimized_full,prayer_beads,deer_horn,51
10,mlp,optimized_full,prayer_beads,flower_pinch,21
10,mlp,optimized_full,prayer_beads,orchid_finger,40
10,mlp,optimized_full,prayer_beads,orchid_palm,33
10,mlp,optimized_full,prayer_beads,prayer_beads,743
10,mlp,optimized_full,prayer_beads,three_finger_bent,37
10,mlp,optimized_full,three_finger_bent,deer_horn,43
10,mlp,optimized_full,three_finger_bent,flower_pinch,96
10,mlp,optimized_full,three_finger_bent,orchid_finger,47
10,mlp,optimized_full,three_finger_bent,orchid_palm,34
10,mlp,optimized_full,three_finger_bent,prayer_beads,13
10,mlp,optimized_full,three_finger_bent,three_finger_bent,667
10,mlp,raw,deer_horn,deer_horn,638
10,mlp,raw,deer_horn,flower_pinch,63
10,mlp,raw,deer_horn,orchid_finger,163
10,mlp,raw,deer_horn,orchid_palm,47
10,mlp,raw,deer_horn,prayer_beads,11
10,mlp,raw,deer_horn,three_finger_bent,28
10,mlp,raw,flower_pinch,deer_horn,82
10,mlp,raw,flower_pinch,flower_pinch,488
10,mlp,raw,flower_pinch,orchid_finger,47
10,mlp,raw,flower_pinch,orchid_palm,171
10,mlp,raw,flower_pinch,prayer_beads,74
10,mlp,raw,flower_pinch,three_finger_bent,88
10,mlp,raw,orchid_finger,deer_horn,166
10,mlp,raw,orchid_finger,flower_pinch,23
10,mlp,raw,orchid_finger,orchid_finger,596
10,mlp,raw,orchid_finger,orchid_palm,70
10,mlp,raw,orchid_finger,prayer_beads,49
10,mlp,raw,orchid_finger,three_finger_bent,21
10,mlp,raw,orchid_palm,deer_horn,90
10,mlp,raw,orchid_palm,flower_pinch,190
10,mlp,raw,orchid_palm,orchid_finger,101
10,mlp,raw,orchid_palm,orchid_palm,584
10,mlp,raw,orchid_palm,prayer_beads,90
10,mlp,raw,orchid_palm,three_finger_bent,45
10,mlp,raw,prayer_beads,deer_horn,23
10,mlp,raw,prayer_beads,flower_pinch,78
10,mlp,raw,prayer_beads,orchid_finger,59
10,mlp,raw,prayer_beads,orchid_palm,109
10,mlp,raw,prayer_beads,prayer_beads,587
10,mlp,raw,prayer_beads,three_finger_bent,69
10,mlp,raw,three_finger_bent,deer_horn,43
10,mlp,raw,three_finger_bent,flower_pinch,140
10,mlp,raw,three_finger_bent,orchid_finger,70
10,mlp,raw,three_finger_bent,orchid_palm,59
10,mlp,raw,three_finger_bent,prayer_beads,94
10,mlp,raw,three_finger_bent,three_finger_bent,494
10,mlp,raw_pca11,deer_horn,deer_horn,745
10,mlp,raw_pca11,deer_horn,flower_pinch,39
10,mlp,raw_pca11,deer_horn,orchid_finger,130
10,mlp,raw_pca11,deer_horn,orchid_palm,26
10,mlp,raw_pca11,deer_horn,prayer_beads,5
10,mlp,raw_pca11,deer_horn,three_finger_bent,5
10,mlp,raw_pca11,flower_pinch,deer_horn,46
10,mlp,raw_pca11,flower_pinch,flower_pinch,649
10,mlp,raw_pca11,flower_pinch,orchid_finger,37
10,mlp,raw_pca11,flower_pinch,orchid_palm,139
10,mlp,raw_pca11,flower_pinch,prayer_beads,12
10,mlp,raw_pca11,flower_pinch,three_finger_bent,67
10,mlp,raw_pca11,orchid_finger,deer_horn,116
10,mlp,raw_pca11,orchid_finger,flower_pinch,15
10,mlp,raw_pca11,orchid_finger,orchid_finger,732
10,mlp,raw_pca11,orchid_finger,orchid_palm,39
10,mlp,raw_pca11,orchid_finger,prayer_beads,10
10,mlp,raw_pca11,orchid_finger,three_finger_bent,13
10,mlp,raw_pca11,orchid_palm,deer_horn,18
10,mlp,raw_pca11,orchid_palm,flower_pinch,160
10,mlp,raw_pca11,orchid_palm,orchid_finger,42
10,mlp,raw_pca11,orchid_palm,orchid_palm,740
10,mlp,raw_pca11,orchid_palm,prayer_beads,109
10,mlp,raw_pca11,orchid_palm,three_finger_bent,31
10,mlp,raw_pca11,prayer_beads,deer_horn,11
10,mlp,raw_pca11,prayer_beads,flower_pinch,30
10,mlp,raw_pca11,prayer_beads,orchid_finger,41
10,mlp,raw_pca11,prayer_beads,orchid_palm,69
10,mlp,raw_pca11,prayer_beads,prayer_beads,751
10,mlp,raw_pca11,prayer_beads,three_finger_bent,23
10,mlp,raw_pca11,three_finger_bent,deer_horn,18
10,mlp,raw_pca11,three_finger_bent,flower_pinch,43
10,mlp,raw_pca11,three_finger_bent,orchid_finger,10
10,mlp,raw_pca11,three_finger_bent,orchid_palm,14
10,mlp,raw_pca11,three_finger_bent,prayer_beads,18
10,mlp,raw_pca11,three_finger_bent,three_finger_bent,797
10,mlp,raw_pca17,deer_horn,deer_horn,864
10,mlp,raw_pca17,deer_horn,flower_pinch,12
10,mlp,raw_pca17,deer_horn,orchid_finger,40
10,mlp,raw_pca17,deer_horn,orchid_palm,22
10,mlp,raw_pca17,deer_horn,prayer_beads,7
10,mlp,raw_pca17,deer_horn,three_finger_bent,5
10,mlp,raw_pca17,flower_pinch,deer_horn,16
10,mlp,raw_pca17,flower_pinch,flower_pinch,699
10,mlp,raw_pca17,flower_pinch,orchid_finger,27
10,mlp,raw_pca17,flower_pinch,orchid_palm,131
10,mlp,raw_pca17,flower_pinch,prayer_beads,11
10,mlp,raw_pca17,flower_pinch,three_finger_bent,66
10,mlp,raw_pca17,orchid_finger,deer_horn,38
10,mlp,raw_pca17,orchid_finger,flower_pinch,6
10,mlp,raw_pca17,orchid_finger,orchid_finger,815
10,mlp,raw_pca17,orchid_finger,orchid_palm,43
10,mlp,raw_pca17,orchid_finger,prayer_beads,13
10,mlp,raw_pca17,orchid_finger,three_finger_bent,10
10,mlp,raw_pca17,orchid_palm,deer_horn,20
10,mlp,raw_pca17,orchid_palm,flower_pinch,152
10,mlp,raw_pca17,orchid_palm,orchid_finger,38
10,mlp,raw_pca17,orchid_palm,orchid_palm,810
10,mlp,raw_pca17,orchid_palm,prayer_beads,69
10,mlp,raw_pca17,orchid_palm,three_finger_bent,11
10,mlp,raw_pca17,prayer_beads,deer_horn,24
10,mlp,raw_pca17,prayer_beads,flower_pinch,28
10,mlp,raw_pca17,prayer_beads,orchid_finger,21
10,mlp,raw_pca17,prayer_beads,orchid_palm,45
10,mlp,raw_pca17,prayer_beads,prayer_beads,781
10,mlp,raw_pca17,prayer_beads,three_finger_bent,26
10,mlp,raw_pca17,three_finger_bent,deer_horn,16
10,mlp,raw_pca17,three_finger_bent,flower_pinch,25
10,mlp,raw_pca17,three_finger_bent,orchid_finger,21
10,mlp,raw_pca17,three_finger_bent,orchid_palm,17
10,mlp,raw_pca17,three_finger_bent,prayer_beads,14
10,mlp,raw_pca17,three_finger_bent,three_finger_bent,807
10,rf,corrected,deer_horn,deer_horn,877
10,rf,corrected,deer_horn,flower_pinch,9
10,rf,corrected,deer_horn,orchid_finger,56
10,rf,corrected,deer_horn,orchid_palm,8
10,rf,corrected,deer_horn,prayer_beads,0
10,rf,corrected,deer_horn,three_finger_bent,0
10,rf,corrected,flower_pinch,deer_horn,47
10,rf,corrected,flower_pinch,flower_pinch,801
10,rf,corrected,flower_pinch,orchid_finger,4
10,rf,corrected,flower_pinch,orchid_palm,61
10,rf,corrected,flower_pinch,prayer_beads,4
10,rf,corrected,flower_pinch,three_finger_bent,33
10,rf,corrected,orchid_finger,deer_horn,50
10,rf,corrected,orchid_finger,flower_pinch,2
10,rf,corrected,orchid_finger,orchid_finger,868
10,rf,corrected,orchid_finger,orchid_palm,4
10,rf,corrected,orchid_finger,prayer_beads,1
10,rf,corrected,orchid_finger,three_finger_bent,0
10,rf,corrected,orchid_palm,deer_horn,3
10,rf,corrected,orchid_palm,flower_pinch,89
10,rf,corrected,orchid_palm,orchid_finger,9
10,rf,corrected,orchid_palm,orchid_palm,919
10,rf,corrected,orchid_palm,prayer_beads,78
10,rf,corrected,orchid_palm,three_finger_bent,2
10,rf,corrected,prayer_beads,deer_horn,10
10,rf,corrected,prayer_beads,flower_pinch,13
10,rf,corrected,prayer_beads,orchid_finger,17
10,rf,corrected,prayer_beads,orchid_palm,16
10,rf,corrected,prayer_beads,prayer_beads,847
10,rf,corrected,prayer_beads,three_finger_bent,22
10,rf,corrected,three_finger_bent,deer_horn,14
10,rf,corrected,three_finger_bent,flower_pinch,16
10,rf,corrected,three_finger_bent,orchid_finger,6
10,rf,corrected,three_finger_bent,orchid_palm,0
10,rf,corrected,three_finger_bent,prayer_beads,0
10,rf,corrected,three_finger_bent,three_finger_bent,864
10,rf,joint_angle,deer_horn,deer_horn,861
10,rf,joint_angle,deer_horn,flower_pinch,4
10,rf,joint_angle,deer_horn,orchid_finger,73
10,rf,joint_angle,deer_horn,orchid_palm,12
10,rf,joint_angle,deer_horn,prayer_beads,0
10,rf,joint_angle,deer_horn,three_finger_bent,0
10,rf,joint_angle,flower_pinch,deer_horn,9
10,rf,joint_angle,flower_pinch,flower_pinch,834
10,rf,joint_angle,flower_pinch,orchid_finger,3
10,rf,joint_angle,flower_pinch,orchid_palm,69
10,rf,joint_angle,flower_pinch,prayer_beads,1
10,rf,joint_angle,flower_pinch,three_finger_bent,34
10,rf,joint_angle,orchid_finger,deer_horn,65
10,rf,joint_angle,orchid_finger,flower_pinch,1
10,rf,joint_angle,orchid_finger,orchid_finger,858
10,rf,joint_angle,orchid_finger,orchid_palm,1
10,rf,joint_angle,orchid_finger,prayer_beads,0
10,rf,joint_angle,orchid_finger,three_finger_bent,0
10,rf,joint_angle,orchid_palm,deer_horn,2
10,rf,joint_angle,orchid_palm,flower_pinch,87
10,rf,joint_angle,orchid_palm,orchid_finger,22
10,rf,joint_angle,orchid_palm,orchid_palm,886
10,rf,joint_angle,orchid_palm,prayer_beads,90
10,rf,joint_angle,orchid_palm,three_finger_bent,13
10,rf,joint_angle,prayer_beads,deer_horn,4
10,rf,joint_angle,prayer_beads,flower_pinch,23
10,rf,joint_angle,prayer_beads,orchid_finger,6
10,rf,joint_angle,prayer_beads,orchid_palm,24
10,rf,joint_angle,prayer_beads,prayer_beads,839
10,rf,joint_angle,prayer_beads,three_finger_bent,29
10,rf,joint_angle,three_finger_bent,deer_horn,2
10,rf,joint_angle,three_finger_bent,flower_pinch,34
10,rf,joint_angle,three_finger_bent,orchid_finger,0
10,rf,joint_angle,three_finger_bent,orchid_palm,0
10,rf,joint_angle,three_finger_bent,prayer_beads,0
10,rf,joint_angle,three_finger_bent,three_finger_bent,864
10,rf,optimized_action,deer_horn,deer_horn,875
10,rf,optimized_action,deer_horn,flower_pinch,6
10,rf,optimized_action,deer_horn,orchid_finger,64
10,rf,optimized_action,deer_horn,orchid_palm,5
10,rf,optimized_action,deer_horn,prayer_beads,0
10,rf,optimized_action,deer_horn,three_finger_bent,0
10,rf,optimized_action,flower_pinch,deer_horn,34
10,rf,optimized_action,flower_pinch,flower_pinch,815
10,rf,optimized_action,flower_pinch,orchid_finger,3
10,rf,optimized_action,flower_pinch,orchid_palm,61
10,rf,optimized_action,flower_pinch,prayer_beads,1
10,rf,optimized_action,flower_pinch,three_finger_bent,36
10,rf,optimized_action,orchid_finger,deer_horn,56
10,rf,optimized_action,orchid_finger,flower_pinch,3
10,rf,optimized_action,orchid_finger,orchid_finger,864
10,rf,optimized_action,orchid_finger,orchid_palm,2
10,rf,optimized_action,orchid_finger,prayer_beads,0
10,rf,optimized_action,orchid_finger,three_finger_bent,0
10,rf,optimized_action,orchid_palm,deer_horn,0
10,rf,optimized_action,orchid_palm,flower_pinch,92
10,rf,optimized_action,orchid_palm,orchid_finger,14
10,rf,optimized_action,orchid_palm,orchid_palm,901
10,rf,optimized_action,orchid_palm,prayer_beads,89
10,rf,optimized_action,orchid_palm,three_finger_bent,4
10,rf,optimized_action,prayer_beads,deer_horn,12
10,rf,optimized_action,prayer_beads,flower_pinch,17
10,rf,optimized_action,prayer_beads,orchid_finger,12
10,rf,optimized_action,prayer_beads,orchid_palm,14
10,rf,optimized_action,prayer_beads,prayer_beads,845
10,rf,optimized_action,prayer_beads,three_finger_bent,25
10,rf,optimized_action,three_finger_bent,deer_horn,11
10,rf,optimized_action,three_finger_bent,flower_pinch,24
10,rf,optimized_action,three_finger_bent,orchid_finger,6
10,rf,optimized_action,three_finger_bent,orchid_palm,0
10,rf,optimized_action,three_finger_bent,prayer_beads,0
10,rf,optimized_action,three_finger_bent,three_finger_bent,859
10,rf,optimized_full,deer_horn,deer_horn,771
10,rf,optimized_full,deer_horn,flower_pinch,38
10,rf,optimized_full,deer_horn,orchid_finger,95
10,rf,optimized_full,deer_horn,orchid_palm,28
10,rf,optimized_full,deer_horn,prayer_beads,12
10,rf,optimized_full,deer_horn,three_finger_bent,6
10,rf,optimized_full,flower_pinch,deer_horn,100
10,rf,optimized_full,flower_pinch,flower_pinch,579
10,rf,optimized_full,flower_pinch,orchid_finger,73
10,rf,optimized_full,flower_pinch,orchid_palm,101
10,rf,optimized_full,flower_pinch,prayer_beads,21
10,rf,optimized_full,flower_pinch,three_finger_bent,76
10,rf,optimized_full,orchid_finger,deer_horn,94
10,rf,optimized_full,orchid_finger,flower_pinch,102
10,rf,optimized_full,orchid_finger,orchid_finger,523
10,rf,optimized_full,orchid_finger,orchid_palm,122
10,rf,optimized_full,orchid_finger,prayer_beads,53
10,rf,optimized_full,orchid_finger,three_finger_bent,31
10,rf,optimized_full,orchid_palm,deer_horn,40
10,rf,optimized_full,orchid_palm,flower_pinch,129
10,rf,optimized_full,orchid_palm,orchid_finger,134
10,rf,optimized_full,orchid_palm,orchid_palm,653
10,rf,optimized_full,orchid_palm,prayer_beads,95
10,rf,optimized_full,orchid_palm,three_finger_bent,49
10,rf,optimized_full,prayer_beads,deer_horn,53
10,rf,optimized_full,prayer_beads,flower_pinch,13
10,rf,optimized_full,prayer_beads,orchid_finger,13
10,rf,optimized_full,prayer_beads,orchid_palm,21
10,rf,optimized_full,prayer_beads,prayer_beads,795
10,rf,optimized_full,prayer_beads,three_finger_bent,30
10,rf,optimized_full,three_finger_bent,deer_horn,35
10,rf,optimized_full,three_finger_bent,flower_pinch,47
10,rf,optimized_full,three_finger_bent,orchid_finger,21
10,rf,optimized_full,three_finger_bent,orchid_palm,30
10,rf,optimized_full,three_finger_bent,prayer_beads,13
10,rf,optimized_full,three_finger_bent,three_finger_bent,754
10,rf,raw,deer_horn,deer_horn,737
10,rf,raw,deer_horn,flower_pinch,16
10,rf,raw,deer_horn,orchid_finger,149
10,rf,raw,deer_horn,orchid_palm,28
10,rf,raw,deer_horn,prayer_beads,14
10,rf,raw,deer_horn,three_finger_bent,6
10,rf,raw,flower_pinch,deer_horn,60
10,rf,raw,flower_pinch,flower_pinch,592
10,rf,raw,flower_pinch,orchid_finger,29
10,rf,raw,flower_pinch,orchid_palm,155
10,rf,raw,flower_pinch,prayer_beads,55
10,rf,raw,flower_pinch,three_finger_bent,59
10,rf,raw,orchid_finger,deer_horn,153
10,rf,raw,orchid_finger,flower_pinch,0
10,rf,raw,orchid_finger,orchid_finger,733
10,rf,raw,orchid_finger,orchid_palm,12
10,rf,raw,orchid_finger,prayer_beads,20
10,rf,raw,orchid_finger,three_finger_bent,7
10,rf,raw,orchid_palm,deer_horn,60
10,rf,raw,orchid_palm,flower_pinch,205
10,rf,raw,orchid_palm,orchid_finger,91
10,rf,raw,orchid_palm,orchid_palm,605
10,rf,raw,orchid_palm,prayer_beads,98
10,rf,raw,orchid_palm,three_finger_bent,41
10,rf,raw,prayer_beads,deer_horn,25
10,rf,raw,prayer_beads,flower_pinch,42
10,rf,raw,prayer_beads,orchid_finger,74
10,rf,raw,prayer_beads,orchid_palm,134
10,rf,raw,prayer_beads,prayer_beads,593
10,rf,raw,prayer_beads,three_finger_bent,57
10,rf,raw,three_finger_bent,deer_horn,30
10,rf,raw,three_finger_bent,flower_pinch,77
10,rf,raw,three_finger_bent,orchid_finger,56
10,rf,raw,three_finger_bent,orchid_palm,35
10,rf,raw,three_finger_bent,prayer_beads,64
10,rf,raw,three_finger_bent,three_finger_bent,638
10,rf,raw_pca11,deer_horn,deer_horn,814
10,rf,raw_pca11,deer_horn,flower_pinch,6
10,rf,raw_pca11,deer_horn,orchid_finger,104
10,rf,raw_pca11,deer_horn,orchid_palm,13
10,rf,raw_pca11,deer_horn,prayer_beads,7
10,rf,raw_pca11,deer_horn,three_finger_bent,6
10,rf,raw_pca11,flower_pinch,deer_horn,34
10,rf,raw_pca11,flower_pinch,flower_pinch,731
10,rf,raw_pca11,flower_pinch,orchid_finger,25
10,rf,raw_pca11,flower_pinch,orchid_palm,99
10,rf,raw_pca11,flower_pinch,prayer_beads,14
10,rf,raw_pca11,flower_pinch,three_finger_bent,47
10,rf,raw_pca11,orchid_finger,deer_horn,104
10,rf,raw_pca11,orchid_finger,flower_pinch,7
10,rf,raw_pca11,orchid_finger,orchid_finger,787
10,rf,raw_pca11,orchid_finger,orchid_palm,12
10,rf,raw_pca11,orchid_finger,prayer_beads,8
10,rf,raw_pca11,orchid_finger,three_finger_bent,7
10,rf,raw_pca11,orchid_palm,deer_horn,13
10,rf,raw_pca11,orchid_palm,flower_pinch,146
10,rf,raw_pca11,orchid_palm,orchid_finger,27
10,rf,raw_pca11,orchid_palm,orchid_palm,789
10,rf,raw_pca11,orchid_palm,prayer_beads,109
10,rf,raw_pca11,orchid_palm,three_finger_bent,16
10,rf,raw_pca11,prayer_beads,deer_horn,7
10,rf,raw_pca11,prayer_beads,flower_pinch,15
10,rf,raw_pca11,prayer_beads,orchid_finger,45
10,rf,raw_pca11,prayer_beads,orchid_palm,63
10,rf,raw_pca11,prayer_beads,prayer_beads,771
10,rf,raw_pca11,prayer_beads,three_finger_bent,24
10,rf,raw_pca11,three_finger_bent,deer_horn,20
10,rf,raw_pca11,three_finger_bent,flower_pinch,10
10,rf,raw_pca11,three_finger_bent,orchid_finger,12
10,rf,raw_pca11,three_finger_bent,orchid_palm,7
10,rf,raw_pca11,three_finger_bent,prayer_beads,4
10,rf,raw_pca11,three_finger_bent,three_finger_bent,847
10,rf,raw_pca17,deer_horn,deer_horn,905
10,rf,raw_pca17,deer_horn,flower_pinch,1
10,rf,raw_pca17,deer_horn,orchid_finger,24
10,rf,raw_pca17,deer_horn,orchid_palm,11
10,rf,raw_pca17,deer_horn,prayer_beads,8
10,rf,raw_pca17,deer_horn,three_finger_bent,1
10,rf,raw_pca17,flower_pinch,deer_horn,12
10,rf,raw_pca17,flower_pinch,flower_pinch,759
10,rf,raw_pca17,flower_pinch,orchid_finger,36
10,rf,raw_pca17,flower_pinch,orchid_palm,99
10,rf,raw_pca17,flower_pinch,prayer_beads,5
10,rf,raw_pca17,flower_pinch,three_finger_bent,39
10,rf,raw_pca17,orchid_finger,deer_horn,35
10,rf,raw_pca17,orchid_finger,flower_pinch,5
10,rf,raw_pca17,orchid_finger,orchid_finger,867
10,rf,raw_pca17,orchid_finger,orchid_palm,8
10,rf,raw_pca17,orchid_finger,prayer_beads,7
10,rf,raw_pca17,orchid_finger,three_finger_bent,3
10,rf,raw_pca17,orchid_palm,deer_horn,12
10,rf,raw_pca17,orchid_palm,flower_pinch,128
10,rf,raw_pca17,orchid_palm,orchid_finger,22
10,rf,raw_pca17,orchid_palm,orchid_palm,851
10,rf,raw_pca17,orchid_palm,prayer_beads,81
10,rf,raw_pca17,orchid_palm,three_finger_bent,6
10,rf,raw_pca17,prayer_beads,deer_horn,19
10,rf,raw_pca17,prayer_beads,flower_pinch,14
10,rf,raw_pca17,prayer_beads,orchid_finger,22
10,rf,raw_pca17,prayer_beads,orchid_palm,61
10,rf,raw_pca17,prayer_beads,prayer_beads,786
10,rf,raw_pca17,prayer_beads,three_finger_bent,23
10,rf,raw_pca17,three_finger_bent,deer_horn,13
10,rf,raw_pca17,three_finger_bent,flower_pinch,7
10,rf,raw_pca17,three_finger_bent,orchid_finger,11
10,rf,raw_pca17,three_finger_bent,orchid_palm,8
10,rf,raw_pca17,three_finger_bent,prayer_beads,3
10,rf,raw_pca17,three_finger_bent,three_finger_bent,858
10,svm,corrected,deer_horn,deer_horn,819
10,svm,corrected,deer_horn,flower_pinch,13
10,svm,corrected,deer_horn,orchid_finger,101
10,svm,corrected,deer_horn,orchid_palm,15
10,svm,corrected,deer_horn,prayer_beads,2
10,svm,corrected,deer_horn,three_finger_bent,0
10,svm,corrected,flower_pinch,deer_horn,60
10,svm,corrected,flower_pinch,flower_pinch,769
10,svm,corrected,flower_pinch,orchid_finger,31
10,svm,corrected,flower_pinch,orchid_palm,72
10,svm,corrected,flower_pinch,prayer_beads,3
10,svm,corrected,flower_pinch,three_finger_bent,15
10,svm,corrected,orchid_finger,deer_horn,56
10,svm,corrected,orchid_finger,flower_pinch,10
10,svm,corrected,orchid_finger,orchid_finger,841
10,svm,corrected,orchid_finger,orchid_palm,17
10,svm,corrected,orchid_finger,prayer_beads,1
10,svm,corrected,orchid_finger,three_finger_bent,0
10,svm,corrected,orchid_palm,deer_horn,17
10,svm,corrected,orchid_palm,flower_pinch,89
10,svm,corrected,orchid_palm,orchid_finger,61
10,svm,corrected,orchid_palm,orchid_palm,904
10,svm,corrected,orchid_palm,prayer_beads,28
10,svm,corrected,orchid_palm,three_finger_bent,1
10,svm,corrected,prayer_beads,deer_horn,31
10,svm,corrected,prayer_beads,flower_pinch,3
10,svm,corrected,prayer_beads,orchid_finger,48
10,svm,corrected,prayer_beads,orchid_palm,30
10,svm,corrected,prayer_beads,prayer_beads,812
10,svm,corrected,prayer_beads,three_finger_bent,1
10,svm,corrected,three_finger_bent,deer_horn,10
10,svm,corrected,three_finger_bent,flower_pinch,12
10,svm,corrected,three_finger_bent,orchid_finger,23
10,svm,corrected,three_finger_bent,orchid_palm,13
10,svm,corrected,three_finger_bent,prayer_beads,2
10,svm,corrected,three_finger_bent,three_finger_bent,840
10,svm,joint_angle,deer_horn,deer_horn,793
10,svm,joint_angle,deer_horn,flower_pinch,15
10,svm,joint_angle,deer_horn,orchid_finger,137
10,svm,joint_angle,deer_horn,orchid_palm,2
10,svm,joint_angle,deer_horn,prayer_beads,3
10,svm,joint_angle,deer_horn,three_finger_bent,0
10,svm,joint_angle,flower_pinch,deer_horn,15
10,svm,joint_angle,flower_pinch,flower_pinch,813
10,svm,joint_angle,flower_pinch,orchid_finger,26
10,svm,joint_angle,flower_pinch,orchid_palm,75
10,svm,joint_angle,flower_pinch,prayer_beads,0
10,svm,joint_angle,flower_pinch,three_finger_bent,21
10,svm,joint_angle,orchid_finger,deer_horn,86
10,svm,joint_angle,orchid_finger,flower_pinch,3
10,svm,joint_angle,orchid_finger,orchid_finger,823
10,svm,joint_angle,orchid_finger,orchid_palm,7
10,svm,joint_angle,orchid_finger,prayer_beads,6
10,svm,joint_angle,orchid_finger,three_finger_bent,0
10,svm,joint_angle,orchid_palm,deer_horn,13
10,svm,joint_angle,orchid_palm,flower_pinch,92
10,svm,joint_angle,orchid_palm,orchid_finger,65
10,svm,joint_angle,orchid_palm,orchid_palm,870
10,svm,joint_angle,orchid_palm,prayer_beads,54
10,svm,joint_angle,orchid_palm,three_finger_bent,6
10,svm,joint_angle,prayer_beads,deer_horn,19
10,svm,joint_angle,prayer_beads,flower_pinch,0
10,svm,joint_angle,prayer_beads,orchid_finger,81
10,svm,joint_angle,prayer_beads,orchid_palm,53
10,svm,joint_angle,prayer_beads,prayer_beads,772
10,svm,joint_angle,prayer_beads,three_finger_bent,0
10,svm,joint_angle,three_finger_bent,deer_horn,1
10,svm,joint_angle,three_finger_bent,flower_pinch,24
10,svm,joint_angle,three_finger_bent,orchid_finger,4
10,svm,joint_angle,three_finger_bent,orchid_palm,1
10,svm,joint_angle,three_finger_bent,prayer_beads,1
10,svm,joint_angle,three_finger_bent,three_finger_bent,869
10,svm,optimized_action,deer_horn,deer_horn,808
10,svm,optimized_action,deer_horn,flower_pinch,18
10,svm,optimized_action,deer_horn,orchid_finger,109
10,svm,optimized_action,deer_horn,orchid_palm,14
10,svm,optimized_action,deer_horn,prayer_beads,1
10,svm,optimized_action,deer_horn,three_finger_bent,0
10,svm,optimized_action,flower_pinch,deer_horn,38
10,svm,optimized_action,flower_pinch,flower_pinch,760
10,svm,optimized_action,flower_pinch,orchid_finger,34
10,svm,optimized_action,flower_pinch,orchid_palm,92
10,svm,optimized_action,flower_pinch,prayer_beads,1
10,svm,optimized_action,flower_pinch,three_finger_bent,25
10,svm,optimized_action,orchid_finger,deer_horn,56
10,svm,optimized_action,orchid_finger,flower_pinch,14
10,svm,optimized_action,orchid_finger,orchid_finger,844
10,svm,optimized_action,orchid_finger,orchid_palm,11
10,svm,optimized_action,orchid_finger,prayer_beads,0
10,svm,optimized_action,orchid_finger,three_finger_bent,0
10,svm,optimized_action,orchid_palm,deer_horn,12
10,svm,optimized_action,orchid_palm,flower_pinch,100
10,svm,optimized_action,orchid_palm,orchid_finger,65
10,svm,optimized_action,orchid_palm,orchid_palm,892
10,svm,optimized_action,orchid_palm,prayer_beads,30
10,svm,optimized_action,orchid_palm,three_finger_bent,1
10,svm,optimized_action,prayer_beads,deer_horn,16
10,svm,optimized_action,prayer_beads,flower_pinch,6
10,svm,optimized_action,prayer_beads,orchid_finger,67
10,svm,optimized_action,prayer_beads,orchid_palm,46
10,svm,optimized_action,prayer_beads,prayer_beads,790
10,svm,optimized_action,prayer_beads,three_finger_bent,0
10,svm,optimized_action,three_finger_bent,deer_horn,7
10,svm,optimized_action,three_finger_bent,flower_pinch,24
10,svm,optimized_action,three_finger_bent,orchid_finger,24
10,svm,optimized_action,three_finger_bent,orchid_palm,16
10,svm,optimized_action,three_finger_bent,prayer_beads,0
10,svm,optimized_action,three_finger_bent,three_finger_bent,829
10,svm,optimized_full,deer_horn,deer_horn,669
10,svm,optimized_full,deer_horn,flower_pinch,43
10,svm,optimized_full,deer_horn,orchid_finger,149
10,svm,optimized_full,deer_horn,orchid_palm,46
10,svm,optimized_full,deer_horn,prayer_beads,8
10,svm,optimized_full,deer_horn,three_finger_bent,35
10,svm,optimized_full,flower_pinch,deer_horn,71
10,svm,optimized_full,flower_pinch,flower_pinch,538
10,svm,optimized_full,flower_pinch,orchid_finger,83
10,svm,optimized_full,flower_pinch,orchid_palm,152
10,svm,optimized_full,flower_pinch,prayer_beads,7
10,svm,optimized_full,flower_pinch,three_finger_bent,99
10,svm,optimized_full,orchid_finger,deer_horn,102
10,svm,optimized_full,orchid_finger,flower_pinch,102
10,svm,optimized_full,orchid_finger,orchid_finger,535
10,svm,optimized_full,orchid_finger,orchid_palm,123
10,svm,optimized_full,orchid_finger,prayer_beads,35
10,svm,optimized_full,orchid_finger,three_finger_bent,28
10,svm,optimized_full,orchid_palm,deer_horn,57
10,svm,optimized_full,orchid_palm,flower_pinch,162
10,svm,optimized_full,orchid_palm,orchid_finger,171
10,svm,optimized_full,orchid_palm,orchid_palm,628
10,svm,optimized_full,orchid_palm,prayer_beads,48
10,svm,optimized_full,orchid_palm,three_finger_bent,34
10,svm,optimized_full,prayer_beads,deer_horn,29
10,svm,optimized_full,prayer_beads,flower_pinch,46
10,svm,optimized_full,prayer_beads,orchid_finger,39
10,svm,optimized_full,prayer_beads,orchid_palm,46
10,svm,optimized_full,prayer_beads,prayer_beads,727
10,svm,optimized_full,prayer_beads,three_finger_bent,38
10,svm,optimized_full,three_finger_bent,deer_horn,48
10,svm,optimized_full,three_finger_bent,flower_pinch,104
10,svm,optimized_full,three_finger_bent,orchid_finger,56
10,svm,optimized_full,three_finger_bent,orchid_palm,36
10,svm,optimized_full,three_finger_bent,prayer_beads,9
10,svm,optimized_full,three_finger_bent,three_finger_bent,647
10,svm,raw,deer_horn,deer_horn,626
10,svm,raw,deer_horn,flower_pinch,54
10,svm,raw,deer_horn,orchid_finger,167
10,svm,raw,deer_horn,orchid_palm,54
10,svm,raw,deer_horn,prayer_beads,12
10,svm,raw,deer_horn,three_finger_bent,37
10,svm,raw,flower_pinch,deer_horn,58
10,svm,raw,flower_pinch,flower_pinch,500
10,svm,raw,flower_pinch,orchid_finger,40
10,svm,raw,flower_pinch,orchid_palm,154
10,svm,raw,flower_pinch,prayer_beads,82
10,svm,raw,flower_pinch,three_finger_bent,116
10,svm,raw,orchid_finger,deer_horn,129
10,svm,raw,orchid_finger,flower_pinch,25
10,svm,raw,orchid_finger,orchid_finger,611
10,svm,raw,orchid_finger,orchid_palm,71
10,svm,raw,orchid_finger,prayer_beads,47
10,svm,raw,orchid_finger,three_finger_bent,42
10,svm,raw,orchid_palm,deer_horn,58
10,svm,raw,orchid_palm,flower_pinch,200
10,svm,raw,orchid_palm,orchid_finger,106
10,svm,raw,orchid_palm,orchid_palm,585
10,svm,raw,orchid_palm,prayer_beads,89
10,svm,raw,orchid_palm,three_finger_bent,62
10,svm,raw,prayer_beads,deer_horn,7
10,svm,raw,prayer_beads,flower_pinch,104
10,svm,raw,prayer_beads,orchid_finger,49
10,svm,raw,prayer_beads,orchid_palm,105
10,svm,raw,prayer_beads,prayer_beads,582
10,svm,raw,prayer_beads,three_finger_bent,78
10,svm,raw,three_finger_bent,deer_horn,40
10,svm,raw,three_finger_bent,flower_pinch,152
10,svm,raw,three_finger_bent,orchid_finger,52
10,svm,raw,three_finger_bent,orchid_palm,53
10,svm,raw,three_finger_bent,prayer_beads,89
10,svm,raw,three_finger_bent,three_finger_bent,514
10,svm,raw_pca11,deer_horn,deer_horn,722
10,svm,raw_pca11,deer_horn,flower_pinch,31
10,svm,raw_pca11,deer_horn,orchid_finger,147
10,svm,raw_pca11,deer_horn,orchid_palm,20
10,svm,raw_pca11,deer_horn,prayer_beads,9
10,svm,raw_pca11,deer_horn,three_finger_bent,21
10,svm,raw_pca11,flower_pinch,deer_horn,23
10,svm,raw_pca11,flower_pinch,flower_pinch,687
10,svm,raw_pca11,flower_pinch,orchid_finger,33
10,svm,raw_pca11,flower_pinch,orchid_palm,116
10,svm,raw_pca11,flower_pinch,prayer_beads,16
10,svm,raw_pca11,flower_pinch,three_finger_bent,75
10,svm,raw_pca11,orchid_finger,deer_horn,100
10,svm,raw_pca11,orchid_finger,flower_pinch,16
10,svm,raw_pca11,orchid_finger,orchid_finger,740
10,svm,raw_pca11,orchid_finger,orchid_palm,22
10,svm,raw_pca11,orchid_finger,prayer_beads,13
10,svm,raw_pca11,orchid_finger,three_finger_bent,34
10,svm,raw_pca11,orchid_palm,deer_horn,13
10,svm,raw_pca11,orchid_palm,flower_pinch,163
10,svm,raw_pca11,orchid_palm,orchid_finger,53
10,svm,raw_pca11,orchid_palm,orchid_palm,745
10,svm,raw_pca11,orchid_palm,prayer_beads,89
10,svm,raw_pca11,orchid_palm,three_finger_bent,37
10,svm,raw_pca11,prayer_beads,deer_horn,5
10,svm,raw_pca11,prayer_beads,flower_pinch,24
10,svm,raw_pca11,prayer_beads,orchid_finger,50
10,svm,raw_pca11,prayer_beads,orchid_palm,55
10,svm,raw_pca11,prayer_beads,prayer_beads,743
10,svm,raw_pca11,prayer_beads,three_finger_bent,48
10,svm,raw_pca11,three_finger_bent,deer_horn,8
10,svm,raw_pca11,three_finger_bent,flower_pinch,29
10,svm,raw_pca11,three_finger_bent,orchid_finger,30
10,svm,raw_pca11,three_finger_bent,orchid_palm,7
10,svm,raw_pca11,three_finger_bent,prayer_beads,35
10,svm,raw_pca11,three_finger_bent,three_finger_bent,791
10,svm,raw_pca17,deer_horn,deer_horn,826
10,svm,raw_pca17,deer_horn,flower_pinch,10
10,svm,raw_pca17,deer_horn,orchid_finger,57
10,svm,raw_pca17,deer_horn,orchid_palm,24
10,svm,raw_pca17,deer_horn,prayer_beads,15
10,svm,raw_pca17,deer_horn,three_finger_bent,18
10,svm,raw_pca17,flower_pinch,deer_horn,4
10,svm,raw_pca17,flower_pinch,flower_pinch,699
10,svm,raw_pca17,flower_pinch,orchid_finger,44
10,svm,raw_pca17,flower_pinch,orchid_palm,125
10,svm,raw_pca17,flower_pinch,prayer_beads,16
10,svm,raw_pca17,flower_pinch,three_finger_bent,62
10,svm,raw_pca17,orchid_finger,deer_horn,11
10,svm,raw_pca17,orchid_finger,flower_pinch,14
10,svm,raw_pca17,orchid_finger,orchid_finger,814
10,svm,raw_pca17,orchid_finger,orchid_palm,37
10,svm,raw_pca17,orchid_finger,prayer_beads,11
10,svm,raw_pca17,orchid_finger,three_finger_bent,38
10,svm,raw_pca17,orchid_palm,deer_horn,12
10,svm,raw_pca17,orchid_palm,flower_pinch,120
10,svm,raw_pca17,orchid_palm,orchid_finger,49
10,svm,raw_pca17,orchid_palm,orchid_palm,821
10,svm,raw_pca17,orchid_palm,prayer_beads,71
10,svm,raw_pca17,orchid_palm,three_finger_bent,27
10,svm,raw_pca17,prayer_beads,deer_horn,11
10,svm,raw_pca17,prayer_beads,flower_pinch,15
10,svm,raw_pca17,prayer_beads,orchid_finger,46
10,svm,raw_pca17,prayer_beads,orchid_palm,51
10,svm,raw_pca17,prayer_beads,prayer_beads,750
10,svm,raw_pca17,prayer_beads,three_finger_bent,52
10,svm,raw_pca17,three_finger_bent,deer_horn,6
10,svm,raw_pca17,three_finger_bent,flower_pinch,13
10,svm,raw_pca17,three_finger_bent,orchid_finger,49
10,svm,raw_pca17,three_finger_bent,orchid_palm,18
10,svm,raw_pca17,three_finger_bent,prayer_beads,20
10,svm,raw_pca17,three_finger_bent,three_finger_bent,794
