label,sequence_id,frame_id,timestamp_sec,raw_0,raw_1,raw_2,raw_3,raw_4,raw_5,raw_6,raw_7,raw_8,raw_9,raw_10,raw_11,raw_12,raw_13,raw_14,raw_15,raw_16,raw_17,raw_18,raw_19,raw_20,raw_21,raw_22,raw_23,raw_24,raw_25,raw_26,raw_27,raw_28,raw_29,raw_30,raw_31,raw_32,raw_33,raw_34,raw_35,raw_36,raw_37,raw_38,raw_39,raw_40,raw_41,raw_42,raw_43,raw_44,raw_45,raw_46,raw_47,raw_48,raw_49,raw_50,raw_51,raw_52,raw_53,raw_54,raw_55,raw_56,raw_57,raw_58,raw_59,raw_60,raw_61,raw_62
deer_horn,065ced8f3f3c,0,0.030932199995731935,0,0,0,0.242663428,-0.161224142,-0.15228717,0.411565572,-0.434474051,-0.264524877,0.480870157,-0.638514459,-0.383489132,0.358776063,-0.775846541,-0.492702514,0.253633767,-1.00759935,-0.114092313,0.297713965,-1.44594038,-0.247171611,0.354373485,-1.69643366,-0.333362609,0.384366155,-1.91926539,-0.39265272,0.100138374,-0.987101912,-0.124908596,0.148138568,-1.3144114,-0.355626017,0.256416112,-1.06985581,-0.455703229,0.308892906,-0.861354291,-0.476074755,-0.0442530885,-0.920809269,-0.15458633,-0.0202821176,-1.2464174,-0.355182499,0.118009493,-1.0262984,-0.372209489,0.201443732,-0.827081919,-0.330221534,-0.17718938,-0.81240809,-0.198607028,-0.218682304,-1.13469815,-0.307795435,-0.231998265,-1.34801066,-0.330965549,-0.254207313,-1.55389488,-0.327559859
deer_horn,065ced8f3f3c,1,0.08977039999444969,0,0,0,0.248904184,-0.182775736,-0.141133949,0.404267728,-0.476560533,-0.246409699,0.475944608,-0.686637461,-0.359781712,0.357310086,-0.794344068,-0.463951558,0.210631892,-1.03302157,-0.101938486,0.235058308,-1.46506679,-0.226102248,0.281881839,-1.70551658,-0.304910183,0.295023888,-1.92637217,-0.359467655,0.0661398098,-0.990945637,-0.116843075,0.110559434,-1.33583641,-0.346146733,0.23514922,-1.10879028,-0.445324659,0.294660985,-0.908050299,-0.461705685,-0.0683842599,-0.912813067,-0.148706198,-0.0380665958,-1.23219693,-0.347873271,0.120247491,-1.03366208,-0.368147135,0.213267654,-0.853349388,-0.325515598,-0.190423906,-0.79965198,-0.193626493,-0.243858814,-1.12147558,-0.297421962,-0.261477262,-1.3362633,-0.31805113,-0.2901043,-1.54097521,-0.31184122
deer_horn,065ced8f3f3c,2,0.1542499999923166,0,0,0,0.24930793,-0.202739596,-0.130209208,0.40259999,-0.512945712,-0.232266396,0.477123797,-0.735900581,-0.342797309,0.352356732,-0.815209329,-0.442013144,0.163321048,-1.04612601,-0.100160375,0.146657377,-1.48765969,-0.219618797,0.184029892,-1.7247963,-0.284410805,0.192166016,-1.94252026,-0.327001542,0.0264127906,-0.99264878,-0.118113384,0.0765932724,-1.36255658,-0.34500429,0.230331227,-1.13813484,-0.417247117,0.301645279,-0.927605569,-0.408314526,-0.0957897156,-0.903902948,-0.153395385,-0.0487622507,-1.23880804,-0.353367507,0.129078478,-1.03084159,-0.349363059,0.221977264,-0.847360849,-0.284184337,-0.20047383,-0.782137275,-0.201306611,-0.26026237,-1.09467304,-0.305968463,-0.278242528,-1.30321836,-0.315503716,-0.31662181,-1.50986242,-0.296545535
deer_horn,065ced8f3f3c,3,0.2164972000027774,0,0,0,0.244656548,-0.21936889,-0.118416421,0.386978894,-0.533982217,-0.214636445,0.463986784,-0.755828798,-0.320653975,0.348255813,-0.829690278,-0.417276472,0.11751698,-1.05427599,-0.0948338285,0.080648452,-1.48898923,-0.210232407,0.104097262,-1.7262789,-0.27110973,0.0950985998,-1.9488436,-0.3122302,-0.0124137849,-0.992985606,-0.117581591,0.0232918747,-1.37454486,-0.341953754,0.192690596,-1.15720928,-0.408584505,0.274982691,-0.94715023,-0.394870937,-0.125654399,-0.892365515,-0.156520903,-0.0665003136,-1.22309959,-0.355395794,0.11670588,-1.01901209,-0.346820116,0.20840773,-0.843291819,-0.277946413,-0.220651954,-0.76057291,-0.207131445,-0.295402229,-1.07040656,-0.312537044,-0.317348242,-1.2749356,-0.319567382,-0.358088166,-1.48045301,-0.298205793
deer_horn,065ced8f3f3c,4,0.2766473999945447,0,0,0,0.196389571,-0.32529971,-0.0909250006,0.268205315,-0.670244694,-0.180767387,0.311549753,-0.875789106,-0.288341343,0.26518926,-0.991836011,-0.388829887,-0.128198057,-1.07923508,-0.0877417624,-0.258115083,-1.50222683,-0.208028838,-0.271304429,-1.74326563,-0.267335117,-0.296484172,-1.96537209,-0.304999024,-0.224522769,-0.965747476,-0.130081877,-0.184990704,-1.37987232,-0.366391212,0.0606687777,-1.22905195,-0.430262178,0.187088341,-1.03831089,-0.413523674,-0.274129599,-0.825305581,-0.187463328,-0.206460074,-1.20589375,-0.399509192,0.0428684317,-1.067361,-0.381014943,0.170319229,-0.909650326,-0.303363323,-0.295121819,-0.66288656,-0.254380465,-0.392451882,-0.933855653,-0.378424436,-0.421356678,-1.15005493,-0.387809902,-0.475173473,-1.35922158,-0.364471048
deer_horn,065ced8f3f3c,5,0.3397389000019757,0,0,0,0.186307237,-0.355268002,-0.0806474686,0.245611295,-0.717177153,-0.165993512,0.28038466,-0.923916936,-0.270409137,0.245842442,-1.01930428,-0.369118333,-0.211988986,-1.06265032,-0.0858340934,-0.347396165,-1.46804285,-0.206256703,-0.380105615,-1.71977186,-0.270743519,-0.423789382,-1.95249438,-0.3174088,-0.300584495,-0.944576383,-0.132001668,-0.228283584,-1.38804865,-0.360303015,0.0455637909,-1.2559154,-0.412410825,0.178961337,-1.06710386,-0.395263523,-0.327288836,-0.798770368,-0.193463609,-0.25497973,-1.22164333,-0.404828131,0.000675476098,-1.09325802,-0.373395473,0.127827793,-0.919416666,-0.291307002,-0.318170696,-0.629422247,-0.264184743,-0.413003653,-0.908202171,-0.403748035,-0.435254902,-1.13508224,-0.418391973,-0.482882619,-1.33794725,-0.398570091
deer_horn,065ced8f3f3c,6,0.40301159999216907,0,0,0,0.196529672,-0.412963063,-0.045350913,0.245947018,-0.787388861,-0.120110825,0.27534011,-1.00348592,-0.220907405,0.226874098,-1.09167111,-0.318821162,-0.268564254,-1.06159127,-0.069661811,-0.429383516,-1.46737742,-0.181483284,-0.487435043,-1.71322107,-0.242924586,-0.551187813,-1.94500351,-0.29124406,-0.347134084,-0.927966356,-0.13555932,-0.236557811,-1.40326464,-0.362451851,0.0526193008,-1.29197657,-0.412123471,0.188783348,-1.11063755,-0.395814419,-0.351290554,-0.774827242,-0.213493586,-0.237717837,-1.22580159,-0.424312323,0.032223545,-1.10452724,-0.388465822,0.159398228,-0.923925996,-0.305246323,-0.315126419,-0.608929694,-0.298335522,-0.416003823,-0.900655508,-0.452109873,-0.442358553,-1.14887714,-0.476163566,-0.496244848,-1.3678987,-0.462054163
deer_horn,065ced8f3f3c,7,0.4684724999970058,0,0,0,0.117217936,-0.533379197,0.011632761,0.106244557,-0.915844679,-0.0430222712,0.10836377,-1.16716146,-0.124797769,0.0407159179,-1.33377838,-0.210816696,-0.529821813,-0.963038862,-0.0899911076,-0.749384761,-1.3206557,-0.192249104,-0.897249877,-1.54216158,-0.243765965,-1.01384127,-1.73911691,-0.285537779,-0.549839079,-0.815911055,-0.178790897,-0.474805355,-1.34803128,-0.379747778,-0.215253845,-1.42193937,-0.424907207,-0.0628403649,-1.40598702,-0.421847433,-0.476996899,-0.677601397,-0.270932823,-0.42102167,-1.18984711,-0.472467721,-0.156127885,-1.19924784,-0.457468927,-0.00322179869,-1.12150335,-0.403990567,-0.35222286,-0.57317394,-0.361264378,-0.468993634,-0.867442489,-0.553657711,-0.537487864,-1.08932137,-0.618436933,-0.643148899,-1.28467798,-0.634853065
deer_horn,065ced8f3f3c,8,0.5290012999903411,0,0,0,0.0701600611,-0.575748801,0.0163291115,0.0147968559,-0.929300249,-0.0459006429,0.00213821675,-1.18915641,-0.138221964,-0.0453803241,-1.3365339,-0.230837867,-0.58467555,-0.897840798,-0.0736669973,-0.763791502,-1.25309753,-0.189477012,-0.878844202,-1.45509672,-0.260314912,-0.978951633,-1.62197638,-0.314757794,-0.59795785,-0.781189084,-0.179415762,-0.786540985,-1.23319709,-0.348772019,-0.905640125,-1.47395933,-0.444449991,-1.02505004,-1.66344404,-0.510382712,-0.51452291,-0.651695251,-0.288510263,-0.539996386,-1.15657079,-0.478951871,-0.316594601,-1.26533484,-0.511071324,-0.17510581,-1.28422451,-0.504446328,-0.366264939,-0.550405145,-0.396233648,-0.506338954,-0.837940216,-0.581060588,-0.598737001,-1.05276406,-0.662069261,-0.712118506,-1.25331581,-0.70593667
deer_horn,065ced8f3f3c,9,0.5905347999942023,0,0,0,0.044018399,-0.580498517,0.016148949,-0.0267417748,-0.946340203,-0.0490009487,-0.0426897928,-1.20887911,-0.141548708,-0.0774156675,-1.39331365,-0.236377284,-0.664957047,-0.854793787,-0.0865234435,-0.919381142,-1.20822859,-0.198265508,-1.09105706,-1.38928032,-0.26313296,-1.2366097,-1.56365538,-0.316344202,-0.675647736,-0.713154912,-0.186842725,-0.775576711,-1.2925477,-0.363212407,-0.687535226,-1.51121688,-0.423635989,-0.631680429,-1.63589728,-0.453732133,-0.58469218,-0.5960446,-0.291933268,-0.58380419,-1.17762935,-0.484147489,-0.298873633,-1.27670836,-0.482904911,-0.107922971,-1.26026392,-0.449251473,-0.435999364,-0.514954031,-0.39704293,-0.584873855,-0.810555518,-0.58951056,-0.677105188,-1.03270566,-0.669325352,-0.794776261,-1.23284137,-0.707782924
deer_horn,065ced8f3f3c,10,0.637690699993982,0,0,0,0.0351769999,-0.592307925,0.0211719424,-0.0576013215,-0.958395422,-0.0440019369,-0.0908974707,-1.23548019,-0.137601227,-0.162969351,-1.40341365,-0.233888194,-0.730832517,-0.774733543,-0.0911635309,-0.987344623,-1.13550401,-0.202665657,-1.17448497,-1.32644427,-0.271102786,-1.33708966,-1.47819793,-0.324668854,-0.730202734,-0.65443486,-0.196262434,-0.906040907,-1.19091702,-0.358007491,-0.95815593,-1.42474794,-0.434619188,-1.03180206,-1.56813622,-0.485957623,-0.631344736,-0.546756506,-0.302503735,-0.680210769,-1.09365988,-0.479068249,-0.432594717,-1.25178933,-0.492414653,-0.265294611,-1.27716947,-0.476310283,-0.470497549,-0.483346999,-0.408557892,-0.666166544,-0.756326199,-0.590153039,-0.795969844,-0.967707813,-0.668644488,-0.9447667,-1.14674175,-0.710759163
deer_horn,065ced8f3f3c,11,0.7004018000006909,0,0,0,0.0282222051,-0.6063205,-0.00122587685,-0.0618436001,-0.968912482,-0.0694480985,-0.104294971,-1.22319674,-0.165699601,-0.216692671,-1.37348998,-0.260050476,-0.7277264,-0.78244555,-0.094003804,-1.02762592,-1.07704294,-0.21131438,-1.25019443,-1.23051894,-0.28103137,-1.44984901,-1.36622524,-0.335630655,-0.73032856,-0.657166481,-0.186420023,-0.882401645,-1.18129396,-0.368571877,-0.891868472,-1.38585997,-0.449113816,-0.945256889,-1.50105226,-0.495289654,-0.639050961,-0.544664323,-0.282949626,-0.677700281,-1.10006511,-0.488879234,-0.375020802,-1.2279644,-0.492922634,-0.170361549,-1.22003829,-0.456661195,-0.489167482,-0.468752205,-0.38122341,-0.684065878,-0.723665357,-0.584182024,-0.818321049,-0.919535935,-0.663527846,-0.979095519,-1.08122814,-0.697068155
deer_horn,065ced8f3f3c,12,0.7606498999957694,0,0,0,-0.00742744934,-0.610086203,-0.0173069052,-0.149643779,-0.984815121,-0.0817637742,-0.234985113,-1.21819139,-0.182159111,-0.36179015,-1.33166838,-0.282519907,-0.833139002,-0.673365951,-0.0663095936,-1.12216032,-0.978284657,-0.20206967,-1.25762856,-1.07481086,-0.269866973,-1.36857677,-1.103634,-0.317784876,-0.828411996,-0.535025537,-0.165774643,-0.943133831,-1.16424477,-0.407275498,-0.747978747,-1.34766936,-0.484106332,-0.639672518,-1.37589288,-0.49579224,-0.732175946,-0.434666634,-0.277502865,-0.862878978,-1.03611028,-0.513977945,-0.631421089,-1.21716487,-0.51704514,-0.488917738,-1.24282825,-0.468540907,-0.585333586,-0.377546102,-0.393045634,-0.826659441,-0.641493142,-0.607874095,-0.982660651,-0.832181633,-0.683212996,-1.16073835,-0.97120595,-0.70426321
deer_horn,065ced8f3f3c,13,0.8087454999913462,0,0,0,-0.00193936354,-0.600213766,0.0401811302,-0.133784369,-0.987186372,-0.00384812686,-0.202324703,-1.23298609,-0.102665447,-0.343339413,-1.34473228,-0.203021497,-0.849977434,-0.672293365,0.0393359885,-1.13134599,-0.993892789,-0.0582208894,-1.30019665,-1.11165512,-0.108817972,-1.45222485,-1.17223227,-0.152506202,-0.847005129,-0.522473812,-0.0979969352,-0.903302908,-1.1786536,-0.322108507,-0.630026221,-1.3191607,-0.385344237,-0.451973706,-1.27392864,-0.388172805,-0.767261028,-0.432238787,-0.247687921,-0.83087796,-1.04519284,-0.462991327,-0.539051056,-1.16986406,-0.439519823,-0.346270442,-1.12373769,-0.375156164,-0.640341222,-0.390126169,-0.401607603,-0.89064014,-0.663884163,-0.594162166,-1.05467021,-0.854135334,-0.651789188,-1.23182178,-0.991146207,-0.664353788
deer_horn,065ced8f3f3c,14,0.8547325999970781,0,0,0,0.0183065776,-0.57929641,0.149024978,-0.140323564,-0.953238845,0.177776098,-0.20995228,-1.20325041,0.128858685,-0.352417737,-1.35277009,0.0738665089,-0.829474568,-0.686190605,0.186149269,-1.12468517,-0.985306382,0.123397566,-1.27874267,-1.11565614,0.100488931,-1.41137576,-1.18369913,0.0728707239,-0.835114717,-0.550062478,-0.003827031,-0.914460957,-1.16877043,-0.21612972,-0.615370333,-1.29773033,-0.274237365,-0.418575197,-1.25125051,-0.268682808,-0.77935499,-0.463019848,-0.20375818,-0.881451309,-1.06347013,-0.416288197,-0.57831496,-1.18082714,-0.394310504,-0.388287485,-1.13010514,-0.328242689,-0.68576169,-0.422750503,-0.399478555,-0.961514413,-0.684675872,-0.603076816,-1.13187981,-0.881583154,-0.674809873,-1.31603694,-1.02348149,-0.697438419
deer_horn,065ced8f3f3c,15,0.91792500000156,0,0,0,0.0159749147,-0.576491892,0.0999933034,-0.120698608,-0.926270664,0.0994528159,-0.196887508,-1.16509175,0.0323128775,-0.33660382,-1.29020548,-0.0298473928,-0.753639519,-0.731080294,0.168897808,-0.915076613,-1.09669197,0.0603064969,-0.809880376,-1.19768655,-0.00678361533,-0.716561913,-1.19647837,-0.042389404,-0.783335745,-0.621426105,0.0146543058,-0.850188375,-1.16196692,-0.167923197,-0.568333924,-1.24817789,-0.247530222,-0.376672029,-1.18754387,-0.268536389,-0.751693606,-0.532152474,-0.156136721,-0.828723133,-1.06168163,-0.324275881,-0.543114662,-1.16058195,-0.323423833,-0.35483703,-1.10546792,-0.283545583,-0.679745615,-0.468039095,-0.326825172,-0.95103842,-0.741367579,-0.461898208,-1.11868548,-0.963464618,-0.506682217,-1.2957176,-1.13280928,-0.520301461
deer_horn,065ced8f3f3c,16,0.9816485999908764,0,0,0,0.0886656791,-0.504626215,0.0774361566,0.0141764041,-0.870589197,0.0995941609,-0.0587239116,-1.1135155,0.0607115477,-0.196320489,-1.23447597,0.0215361603,-0.479984879,-0.931042969,0.247863859,-0.724465549,-1.23797655,0.224868968,-0.836889327,-1.39558887,0.206987694,-0.940190315,-1.51291037,0.196510971,-0.542136371,-0.829416811,0.134743974,-0.660134435,-1.24085116,-0.00614735112,-0.442479312,-1.31330943,-0.0793297812,-0.284152925,-1.25846183,-0.0730193406,-0.578386903,-0.726889849,0.00968918763,-0.65761137,-1.13687932,-0.125931889,-0.408187091,-1.16338551,-0.120198593,-0.249930725,-1.0661006,-0.0546080396,-0.592876315,-0.601589739,-0.116453685,-0.810702741,-0.84265697,-0.188002408,-0.918155015,-1.07186913,-0.18931666,-1.03638315,-1.24950838,-0.160371289
deer_horn,065ced8f3f3c,17,1.044361399995978,0,0,0,0.132451266,-0.47890085,0.116567001,0.0776367038,-0.846465111,0.158898041,0.023865981,-1.10281706,0.129715994,-0.0913378,-1.24846804,0.0960566178,-0.393698305,-0.944416106,0.316284686,-0.609764755,-1.25146949,0.301008701,-0.698637903,-1.42879236,0.276077539,-0.768206775,-1.56559038,0.260610729,-0.466128379,-0.865710735,0.182398513,-0.556768417,-1.27966452,0.0459336042,-0.314319968,-1.32155848,-0.0433945768,-0.141994491,-1.23127973,-0.0489582755,-0.518935084,-0.781374156,0.0368275531,-0.598376513,-1.17907536,-0.0874192566,-0.354104191,-1.20519006,-0.0978595987,-0.195796549,-1.10943508,-0.0479257628,-0.556327462,-0.667342842,-0.1062124,-0.765077651,-0.948291898,-0.155178964,-0.864390075,-1.18577147,-0.150607377,-0.974451542,-1.36949337,-0.12449225
deer_horn,065ced8f3f3c,18,1.108044599997811,0,0,0,0.185854554,-0.384468198,-0.0322231315,0.190110862,-0.772047281,-0.0551196858,0.145192727,-1.05415237,-0.104896039,0.00981509406,-1.18238282,-0.143703088,-0.219606444,-0.996330798,0.135494024,-0.373059452,-1.29455078,0.0960613564,-0.414133489,-1.47964394,0.0691917464,-0.461334765,-1.63013947,0.0518607572,-0.318221539,-0.943953931,0.0876701623,-0.397885293,-1.35888958,-0.0712512732,-0.184388891,-1.32393491,-0.153143391,-0.0392550603,-1.17377055,-0.147981599,-0.408214003,-0.869776189,0.0244037751,-0.473281711,-1.24926424,-0.112571314,-0.257188499,-1.27238369,-0.134745285,-0.113537505,-1.18378353,-0.0899314433,-0.486199856,-0.747356772,-0.0443174206,-0.658834875,-1.03204608,-0.0956422016,-0.728129804,-1.26429486,-0.098367475,-0.796856344,-1.44583952,-0.0763510168
deer_horn,065ced8f3f3c,19,1.1697780999966199,0,0,0,0.249840438,-0.269796193,-0.0933159366,0.342888981,-0.638617456,-0.144264758,0.322294623,-0.963752151,-0.214734793,0.174281478,-1.1706804,-0.273967981,0.101719953,-0.995871305,0.119657554,0.0876462311,-1.29625618,0.0537286773,0.106550023,-1.44241786,-0.00702672452,0.0863670856,-1.57248127,-0.0498906858,-0.0532525666,-0.993730664,0.0983029827,-0.125584573,-1.37039733,-0.0663940459,0.0055342447,-1.28355217,-0.179464415,0.103280142,-1.11635077,-0.206722617,-0.193939403,-0.96572572,0.0523953363,-0.254886746,-1.3276093,-0.0906613246,-0.0717059076,-1.29116547,-0.15399316,0.0608755238,-1.17227697,-0.146010339,-0.315579593,-0.890744448,-0.00306178466,-0.397690415,-1.20145321,-0.059613917,-0.404935896,-1.40685833,-0.0891918242,-0.410702407,-1.55220246,-0.0949481055
deer_horn,065ced8f3f3c,20,1.2345138999953633,0,0,0,0.246597484,-0.248231411,-0.0953415409,0.359913915,-0.588873327,-0.147755787,0.355729729,-0.895667136,-0.218718678,0.236805439,-1.08646274,-0.279963464,0.174791887,-0.986430287,0.0912784785,0.194261044,-1.29410172,0.0152629819,0.228215694,-1.43956769,-0.0544293895,0.220119074,-1.57212937,-0.104214095,0.0200333986,-0.997344255,0.0700220093,-0.0183441211,-1.36478651,-0.0978809446,0.089916788,-1.26177406,-0.214292899,0.164836496,-1.09494793,-0.250260234,-0.124697052,-0.982285678,0.0254431404,-0.172011405,-1.35057986,-0.119481906,-0.0100979917,-1.30117702,-0.185268074,0.112842135,-1.17011404,-0.184614629,-0.251274019,-0.917006969,-0.0293372069,-0.309339404,-1.22362912,-0.0936757103,-0.317065865,-1.42983782,-0.131217092,-0.324530602,-1.58293343,-0.145408303
deer_horn,065ced8f3f3c,21,1.2929215999902226,0,0,0,0.257191509,-0.229562193,-0.096978806,0.381164998,-0.558804154,-0.146921575,0.386751831,-0.865323544,-0.215864211,0.277215838,-1.0689975,-0.275916547,0.242597148,-0.969294846,0.0863482654,0.284320861,-1.26958692,0.0141905518,0.322295308,-1.41523385,-0.0537753031,0.314249545,-1.55573225,-0.103187807,0.0810919032,-0.994623184,0.0644109845,0.0568695143,-1.358729,-0.096839115,0.155775666,-1.26485002,-0.215912044,0.220197096,-1.10375273,-0.256985068,-0.0720366985,-0.992114305,0.020226704,-0.105508171,-1.35420358,-0.122193843,0.0498301387,-1.30437207,-0.194777429,0.163299724,-1.17039418,-0.20093286,-0.208931431,-0.939805031,-0.0338133574,-0.258136064,-1.25216448,-0.0919060707,-0.25478676,-1.46060145,-0.126719475,-0.249738038,-1.60605395,-0.141259193
deer_horn,065ced8f3f3c,22,1.3561470999993617,0,0,0,0.264764071,-0.20810385,-0.113977417,0.396575153,-0.53270793,-0.171411619,0.408743471,-0.837510645,-0.244609728,0.314158469,-1.05028665,-0.309137195,0.284755826,-0.954867303,0.0624314137,0.341828108,-1.25834715,-0.0136545254,0.392828971,-1.41394353,-0.0823534578,0.39036572,-1.56754613,-0.133452103,0.115914434,-0.992210448,0.0456316471,0.0976119563,-1.35789287,-0.120108634,0.184763134,-1.25356853,-0.240799323,0.231785536,-1.08175683,-0.284850597,-0.0399995148,-1.0007174,0.00601786608,-0.0644905046,-1.36026871,-0.140780121,0.0892510042,-1.30770743,-0.217876568,0.198883802,-1.17473197,-0.229942843,-0.175786749,-0.956800997,-0.0443221182,-0.21478729,-1.26520967,-0.104079291,-0.210983709,-1.46982861,-0.1413472,-0.206524789,-1.61841333,-0.160979941
deer_horn,065ced8f3f3c,23,1.4230307999969227,0,0,0,0.282553405,-0.157180995,-0.146994159,0.445798099,-0.480615258,-0.20824343,0.459323734,-0.833058059,-0.278553277,0.351282567,-1.08227277,-0.339669049,0.43315202,-0.885534406,0.0335453935,0.542649627,-1.21507156,-0.0490746424,0.623087466,-1.41991639,-0.120231546,0.663933814,-1.61962032,-0.172931269,0.258003265,-0.965573013,0.0332127102,0.284948736,-1.38548565,-0.140480831,0.345629394,-1.24024367,-0.25997138,0.367646605,-1.03644741,-0.296424747,0.0950369239,-1.00377011,0.00993263535,0.116278045,-1.39515781,-0.147525564,0.221293956,-1.25062001,-0.210267439,0.275153875,-1.04902172,-0.203690037,-0.0566510111,-0.985047579,-0.0274994411,-0.0561319441,-1.32426441,-0.0939922631,-0.0354691967,-1.55299532,-0.124511883,-0.0179825034,-1.72025728,-0.134269416
deer_horn,065ced8f3f3c,24,1.4814939999923809,0,0,0,0.258210391,-0.144402549,-0.169793606,0.41863057,-0.449520379,-0.246109203,0.4350245,-0.779978991,-0.327797592,0.343512416,-1.02915215,-0.400752842,0.459608078,-0.878138244,-0.00839425437,0.599068344,-1.20586348,-0.106745563,0.692875922,-1.40726542,-0.189600468,0.746155024,-1.59583127,-0.248539239,0.286726624,-0.958011627,-0.00123985519,0.336974561,-1.37722266,-0.186941788,0.375860482,-1.20051956,-0.315628052,0.376696944,-1.00156283,-0.360479712,0.121625438,-0.995583236,-0.0170726646,0.154401347,-1.38216448,-0.186694443,0.22905241,-1.21651483,-0.260074586,0.260598987,-1.00931227,-0.261748224,-0.0361529663,-0.974307477,-0.0481840335,-0.0260922201,-1.31484044,-0.12402381,0.000733740279,-1.54471159,-0.162817806,0.0242268965,-1.71739781,-0.179926515
deer_horn,065ced8f3f3c,25,1.5449652999959653,0,0,0,0.256155849,-0.13852255,-0.171911851,0.407637924,-0.432627439,-0.248128712,0.423929751,-0.754112065,-0.329210579,0.362442046,-1.00973272,-0.403058052,0.467861205,-0.881748974,-0.00263802777,0.623767495,-1.19710088,-0.100833483,0.721620381,-1.39165437,-0.188094676,0.778036058,-1.57940769,-0.249720052,0.293438226,-0.955960035,0.00586834596,0.334348917,-1.35926533,-0.184790775,0.363987833,-1.17255735,-0.322872341,0.362084597,-0.967991471,-0.371510416,0.131163478,-0.992098868,-0.00858374406,0.157957152,-1.35723948,-0.18086867,0.235729128,-1.18420708,-0.260336399,0.273695886,-0.981754422,-0.263887644,-0.0210063886,-0.971560299,-0.0378785394,-0.0060426658,-1.30426848,-0.112424165,0.0170662086,-1.52596307,-0.149338946,0.0379302241,-1.70388424,-0.164210871
deer_horn,065ced8f3f3c,26,1.60708839999279,0,0,0,0.258175582,-0.129488707,-0.162031248,0.415560216,-0.413758993,-0.239547998,0.424589038,-0.720912039,-0.32425493,0.340895802,-0.954716027,-0.401901364,0.474368006,-0.869532883,-0.0220950246,0.638525367,-1.19449484,-0.133206531,0.746243596,-1.40286064,-0.223349899,0.81372869,-1.59640658,-0.283874333,0.301179171,-0.953336,-0.0210130513,0.349943399,-1.35640371,-0.216569617,0.370048136,-1.17146528,-0.345529735,0.363935232,-0.965875804,-0.38823849,0.135753244,-0.992980659,-0.0419088192,0.157980099,-1.36138034,-0.220937446,0.222844109,-1.17850614,-0.290248662,0.25480628,-0.966533303,-0.28551954,-0.0201250222,-0.978801608,-0.0772308782,-0.001321833,-1.31804478,-0.158047855,0.019117564,-1.54163587,-0.191443428,0.0384200774,-1.71528196,-0.20204553
deer_horn,065ced8f3f3c,27,1.6715999000007287,0,0,0,0.228736535,-0.133558229,-0.157138333,0.387167931,-0.376165509,-0.251400024,0.388002336,-0.643707037,-0.356078327,0.276590526,-0.851825833,-0.451827109,0.439902544,-0.87962693,-0.0518837236,0.614163578,-1.18589389,-0.179797187,0.71705091,-1.37509799,-0.27772665,0.782334983,-1.56068087,-0.340417176,0.272058517,-0.960686505,-0.0553679541,0.319176525,-1.31113875,-0.266220689,0.310334563,-1.08147085,-0.384243697,0.290192753,-0.864268482,-0.415446818,0.107230611,-0.997220933,-0.0789650455,0.126725286,-1.3309859,-0.266812652,0.181437105,-1.08198941,-0.304382622,0.218516931,-0.846932769,-0.272940934,-0.0422070101,-0.982163846,-0.117313892,-0.0244788229,-1.2924931,-0.19936201,-0.00761394249,-1.48880184,-0.208554581,0.0163223855,-1.66380632,-0.196251467
deer_horn,065ced8f3f3c,28,1.7328938999999082,0,0,0,0.222230732,-0.135520548,-0.167601138,0.375583023,-0.372612715,-0.266097993,0.376898617,-0.63829118,-0.373930395,0.272772491,-0.854397476,-0.47325775,0.438034236,-0.882694244,-0.0615750924,0.61473316,-1.19730306,-0.193789199,0.722028136,-1.39900661,-0.294463485,0.79034549,-1.59717226,-0.359442145,0.264791876,-0.962387085,-0.0607974641,0.309726983,-1.3095032,-0.277665526,0.309186429,-1.07422781,-0.400396168,0.298123181,-0.853895783,-0.435133547,0.0973245949,-0.997667074,-0.081155993,0.111620873,-1.33771527,-0.276301831,0.171693742,-1.08758938,-0.319558173,0.214440927,-0.848237753,-0.291068465,-0.0532816052,-0.984330416,-0.116814181,-0.031213874,-1.30237412,-0.205079988,-0.0140691241,-1.50350142,-0.220769092,0.00831310637,-1.68190932,-0.212984353
deer_horn,065ced8f3f3c,29,1.79544299999543,0,0,0,0.219390512,-0.121665403,-0.167317659,0.349748015,-0.330656916,-0.272034079,0.358794749,-0.562497139,-0.385062724,0.289426029,-0.78350991,-0.493643641,0.41817674,-0.878186703,-0.101763621,0.601875365,-1.19054091,-0.249150217,0.7221784,-1.38719058,-0.360237539,0.799781263,-1.58294988,-0.429940194,0.244881436,-0.964259207,-0.101179555,0.275218666,-1.31174874,-0.320098758,0.285254031,-1.04252052,-0.444046199,0.287835419,-0.810452819,-0.482783288,0.0794221014,-0.999507904,-0.119151272,0.0848628208,-1.32927501,-0.317211479,0.142337009,-1.06060791,-0.365900457,0.183122203,-0.82106024,-0.344030768,-0.0681777745,-0.984642446,-0.150710687,-0.0633001402,-1.30923402,-0.237411752,-0.0413050689,-1.50176549,-0.251481891,-0.00977110676,-1.67754745,-0.245682731
deer_horn,065ced8f3f3c,30,1.8569895999971777,0,0,0,0.215746433,-0.121666253,-0.140616819,0.331160456,-0.326296717,-0.232154623,0.327594966,-0.553047299,-0.334989578,0.277875483,-0.758551776,-0.432119936,0.400424749,-0.894830406,-0.0956040025,0.595529437,-1.21999431,-0.250561476,0.73217839,-1.42169559,-0.365580916,0.820842266,-1.60975718,-0.434774965,0.228756055,-0.968175769,-0.101520225,0.256741911,-1.30834103,-0.313662142,0.252274036,-1.01962566,-0.416905254,0.242919758,-0.773659647,-0.441639364,0.0621060431,-0.994650185,-0.124647677,0.0700883418,-1.32475412,-0.307487041,0.111952089,-1.04312098,-0.325106561,0.135098308,-0.807934761,-0.285539269,-0.0849840567,-0.97753793,-0.161500692,-0.0826118737,-1.29414642,-0.240351319,-0.0606172271,-1.48022628,-0.237467587,-0.0352638438,-1.66488826,-0.219061911
deer_horn,065ced8f3f3c,31,1.9176519999891752,0,0,0,0.201205879,-0.104162984,-0.174475208,0.324317276,-0.283516407,-0.29172945,0.314202845,-0.508791029,-0.414132595,0.21845527,-0.724146426,-0.528624296,0.408093244,-0.874051034,-0.140974894,0.600388587,-1.21469903,-0.300393552,0.743056715,-1.42171824,-0.414643139,0.834125817,-1.61142087,-0.486687243,0.233350143,-0.963092804,-0.13416408,0.270597339,-1.29336238,-0.346359938,0.252384186,-1.0111922,-0.444409609,0.232370406,-0.769643903,-0.470967382,0.0623979643,-0.992901027,-0.146749064,0.0715696514,-1.32049,-0.32655713,0.093293339,-1.0431993,-0.338363975,0.104048721,-0.811723828,-0.301946074,-0.0906871036,-0.972823441,-0.176881671,-0.0856755972,-1.28108585,-0.263267368,-0.066706866,-1.46707439,-0.268091619,-0.0424835905,-1.65586877,-0.258363605
deer_horn,065ced8f3f3c,32,1.9807446999911917,0,0,0,0.206518233,-0.121114485,-0.145196199,0.3246952,-0.314842582,-0.245843515,0.314279675,-0.521364093,-0.357389092,0.215762526,-0.716982782,-0.461398214,0.413941056,-0.880276203,-0.118050337,0.620191157,-1.22630525,-0.282311946,0.76539135,-1.43435657,-0.400619894,0.865844905,-1.62336373,-0.471514016,0.242805228,-0.962580621,-0.120350033,0.283857256,-1.26160192,-0.325734288,0.251714349,-0.97557658,-0.42044431,0.228543639,-0.739263713,-0.445236713,0.0681513175,-0.986855924,-0.140143394,0.0832198113,-1.29928136,-0.319722235,0.105704702,-1.01345932,-0.327347279,0.117378354,-0.779574394,-0.28521055,-0.0928997993,-0.969059289,-0.174763322,-0.0914002284,-1.2796874,-0.264661342,-0.0642393157,-1.45565474,-0.262704521,-0.0306235123,-1.63205898,-0.243387908
deer_horn,065ced8f3f3c,33,2.0306523999897763,0,0,0,0.197035834,-0.112030245,-0.161401302,0.319102466,-0.294479191,-0.27388376,0.28976506,-0.519249439,-0.392635375,0.163650066,-0.723330557,-0.501993358,0.402475506,-0.879722655,-0.14009662,0.597232819,-1.22493994,-0.304580808,0.740945995,-1.43418026,-0.424004793,0.839117527,-1.62203014,-0.498126775,0.227419659,-0.964448512,-0.134608135,0.258723736,-1.26162863,-0.331262648,0.22616668,-0.980740011,-0.418405592,0.20399566,-0.759385884,-0.444414079,0.0542605668,-0.988487482,-0.147795752,0.0553679131,-1.30392849,-0.317655385,0.0713238269,-1.01526773,-0.314646035,0.0833687186,-0.787149847,-0.272286296,-0.102731369,-0.963836074,-0.177996472,-0.103187717,-1.27473438,-0.263114959,-0.0829559863,-1.45352244,-0.258372068,-0.0559904315,-1.64279521,-0.240888968
deer_horn,065ced8f3f3c,34,2.0943532999954186,0,0,0,0.187569305,-0.121082664,-0.151572153,0.309876412,-0.30272463,-0.263483018,0.290071517,-0.515718818,-0.382570058,0.167438552,-0.699877322,-0.493526965,0.371710002,-0.889779389,-0.128441676,0.56028223,-1.21641862,-0.287120521,0.706028283,-1.42302179,-0.399687737,0.807819664,-1.60330045,-0.466485292,0.207957566,-0.969771743,-0.12765725,0.252899915,-1.24871409,-0.317234397,0.227223247,-0.974123478,-0.395486176,0.20188351,-0.744497359,-0.412736148,0.0396642685,-0.984223425,-0.145722985,0.0518914498,-1.26727021,-0.311236382,0.0568044744,-1.0031476,-0.308245987,0.0531447269,-0.788555384,-0.264244378,-0.115603723,-0.953874171,-0.179242864,-0.103280738,-1.27804744,-0.260834426,-0.0772789195,-1.45812654,-0.250721782,-0.0537711866,-1.64176071,-0.227584824
deer_horn,065ced8f3f3c,35,2.1524516999925254,0,0,0,0.189660713,-0.108576812,-0.102163136,0.292177886,-0.252029061,-0.187157407,0.260926485,-0.421709716,-0.2826702,0.150295943,-0.582513273,-0.374690354,0.365204901,-0.894560397,-0.11345841,0.560637951,-1.20982587,-0.256377578,0.70291394,-1.43025768,-0.363051951,0.798438966,-1.62372434,-0.431719959,0.197875634,-0.971865892,-0.127757296,0.230085403,-1.21230531,-0.295948118,0.191261664,-0.89781034,-0.364080638,0.164168701,-0.660321355,-0.38413173,0.0198205058,-0.975253582,-0.153635219,0.0231081061,-1.22043908,-0.305737615,0.0147007601,-0.923077404,-0.295179784,0.0116052022,-0.706785798,-0.255325109,-0.147734404,-0.940039873,-0.189287573,-0.138066232,-1.25764751,-0.280966818,-0.105690286,-1.42618382,-0.27233851,-0.0753148943,-1.62649107,-0.252503037
deer_horn,065ced8f3f3c,36,2.200370299993665,0,0,0,0.189660713,-0.108576812,-0.102163136,0.292177886,-0.252029061,-0.187157407,0.260926485,-0.421709716,-0.2826702,0.150295943,-0.582513273,-0.374690354,0.365204901,-0.894560397,-0.11345841,0.560637951,-1.20982587,-0.256377578,0.70291394,-1.43025768,-0.363051951,0.798438966,-1.62372434,-0.431719959,0.197875634,-0.971865892,-0.127757296,0.230085403,-1.21230531,-0.295948118,0.191261664,-0.89781034,-0.364080638,0.164168701,-0.660321355,-0.38413173,0.0198205058,-0.975253582,-0.153635219,0.0231081061,-1.22043908,-0.305737615,0.0147007601,-0.923077404,-0.295179784,0.0116052022,-0.706785798,-0.255325109,-0.147734404,-0.940039873,-0.189287573,-0.138066232,-1.25764751,-0.280966818,-0.105690286,-1.42618382,-0.27233851,-0.0753148943,-1.62649107,-0.252503037
deer_horn,065ced8f3f3c,37,2.248117600000114,0,0,0,0.177990302,-0.0808305442,-0.172220066,0.291739851,-0.214126453,-0.30023405,0.272548109,-0.41007036,-0.430600017,0.146313563,-0.602010906,-0.552926302,0.391187489,-0.869527578,-0.18359077,0.586877525,-1.21201563,-0.352925897,0.728477776,-1.43715787,-0.470308214,0.830870867,-1.63291597,-0.542796433,0.220738798,-0.959889889,-0.172875181,0.252772391,-1.20688164,-0.361126572,0.209256679,-0.894890785,-0.43290633,0.187318742,-0.670037568,-0.452503949,0.0380761027,-0.973129451,-0.179968938,0.0440951996,-1.22599041,-0.348122925,0.0478520729,-0.917391896,-0.331922561,0.0587454028,-0.702270746,-0.283031434,-0.134460852,-0.940911472,-0.20408839,-0.12444178,-1.26285446,-0.296639651,-0.0995892584,-1.43428111,-0.28385368,-0.0710575506,-1.63604629,-0.259185582
deer_horn,065ced8f3f3c,38,2.3103458999976283,0,0,0,0.18389681,-0.0608663186,-0.173071057,0.297790706,-0.183764949,-0.30135116,0.270805329,-0.37508744,-0.431068957,0.14056097,-0.57416302,-0.552350819,0.390997201,-0.864888072,-0.197471827,0.598894894,-1.21113026,-0.37121734,0.742155015,-1.44263983,-0.492401123,0.843404531,-1.64736187,-0.567964673,0.217205554,-0.958406806,-0.18514359,0.253132015,-1.1881429,-0.373788506,0.20251523,-0.872427464,-0.444323212,0.173804536,-0.652554929,-0.465955883,0.0321749523,-0.975764096,-0.190028638,0.0404142216,-1.21878338,-0.358334333,0.0429682694,-0.897037268,-0.339024097,0.0490760095,-0.677305698,-0.290259033,-0.142905474,-0.950095534,-0.212034747,-0.13100414,-1.26913261,-0.306052476,-0.0996552706,-1.43729186,-0.292091429,-0.0699445605,-1.64046288,-0.267058879
deer_horn,065ced8f3f3c,39,2.358621499995934,0,0,0,0.132748738,0.0451897904,-0.308211207,0.199365288,-0.0431310013,-0.502665818,0.123145558,-0.264071941,-0.669120371,-0.0120617226,-0.522146881,-0.824805796,0.360399038,-0.806135416,-0.391691506,0.57307142,-1.20521009,-0.612187743,0.713612854,-1.45200861,-0.756715715,0.830631077,-1.68339789,-0.843194902,0.169069692,-0.929606676,-0.327485681,0.145766884,-1.19779074,-0.579652846,0.0543361269,-0.807892144,-0.684856832,0.0256310534,-0.527173042,-0.716462255,-0.0208548419,-0.972386122,-0.282721251,-0.0611495562,-1.18748486,-0.508539021,-0.0916761085,-0.840449154,-0.522363245,-0.0740666091,-0.615325093,-0.479815394,-0.192691445,-0.976346791,-0.260536224,-0.205133885,-1.30259597,-0.382110268,-0.215187147,-1.47717774,-0.378387958,-0.191073015,-1.69063115,-0.35448277
deer_horn,065ced8f3f3c,40,2.419840899994597,0,0,0,0.126563936,0.0651670545,-0.326732159,0.166554302,-0.0189873893,-0.528211772,0.0594609752,-0.237345174,-0.693874896,-0.0781180337,-0.508653343,-0.850173593,0.344296366,-0.788094461,-0.446322769,0.555862367,-1.19615388,-0.66914922,0.691789269,-1.45293868,-0.810848713,0.803832829,-1.69967961,-0.898421943,0.150110081,-0.912663519,-0.380147725,0.106171668,-1.20985496,-0.642407477,0.0121288104,-0.789876223,-0.750334084,-0.0134742549,-0.492925346,-0.784993947,-0.0449724682,-0.962522447,-0.331668675,-0.116711274,-1.21356499,-0.567243755,-0.154033139,-0.867053628,-0.589234352,-0.129374981,-0.649341464,-0.554711878,-0.221373841,-0.973043144,-0.305542976,-0.24939689,-1.32857728,-0.438557535,-0.269556165,-1.50796425,-0.443785936,-0.246931687,-1.73623288,-0.429566562
deer_horn,065ced8f3f3c,41,2.4813609999982873,0,0,0,0.132989243,0.0503880009,-0.320957869,0.178648368,-0.0667823181,-0.508127153,0.0703604221,-0.292973161,-0.654298902,-0.0927170888,-0.536231518,-0.787996709,0.346404791,-0.795397878,-0.436504036,0.560285926,-1.22705173,-0.636438727,0.705053449,-1.48176515,-0.771521807,0.818833411,-1.72790992,-0.858596265,0.162040427,-0.918127477,-0.361641914,0.126375705,-1.21901572,-0.600886762,0.00170937448,-0.8088485,-0.707562089,-0.040807493,-0.509780347,-0.74303329,-0.0309694372,-0.967953861,-0.300826609,-0.10588862,-1.25526762,-0.503184795,-0.157672465,-0.950829506,-0.525824487,-0.133405715,-0.752002895,-0.497727215,-0.204903558,-0.979499996,-0.263027459,-0.233228624,-1.34819853,-0.376366735,-0.267869622,-1.54954553,-0.380636305,-0.245043933,-1.77585506,-0.366540134
deer_horn,065ced8f3f3c,42,2.544724599996698,0,0,0,0.125959694,0.0744133145,-0.333520085,0.157860279,-0.037840452,-0.522868156,0.0336772352,-0.257149816,-0.666467726,-0.136071175,-0.506292582,-0.797841489,0.3339068,-0.782193899,-0.472686589,0.552146733,-1.21802056,-0.684524,0.698892891,-1.48535109,-0.825709462,0.808484972,-1.73972094,-0.914601266,0.152468845,-0.905824959,-0.395264983,0.0900223851,-1.21872103,-0.640206516,-0.0356781259,-0.802345216,-0.745766759,-0.0827419609,-0.49037832,-0.780771196,-0.040314585,-0.960093558,-0.332601726,-0.146784618,-1.24195957,-0.544547439,-0.199747622,-0.922404826,-0.572224438,-0.171533465,-0.720757604,-0.546861947,-0.215771556,-0.975552738,-0.292893171,-0.252239168,-1.36319566,-0.410938948,-0.290164977,-1.56687427,-0.416126639,-0.26243645,-1.79621315,-0.40348351
deer_horn,065ced8f3f3c,43,2.606534999998985,0,0,0,0.140768945,-0.0182241891,-0.251345485,0.23200433,-0.0895417333,-0.427422464,0.192180753,-0.266993374,-0.591850519,0.0586450249,-0.471841216,-0.749130726,0.357990682,-0.860547781,-0.281970501,0.560321629,-1.23412132,-0.472574055,0.686458766,-1.49129689,-0.611200571,0.778689504,-1.7236675,-0.698880434,0.163174003,-0.955389738,-0.246180281,0.1947653,-1.19279158,-0.446778178,0.144570574,-0.864506841,-0.538963258,0.12017072,-0.617544532,-0.579805076,-0.0346457139,-0.957984269,-0.231488198,-0.0225859154,-1.14994574,-0.42364496,-0.0274567809,-0.811035097,-0.423084319,-0.0156676322,-0.588943303,-0.384418756,-0.216211811,-0.914178669,-0.238000661,-0.210079998,-1.2727896,-0.338693082,-0.18388918,-1.46296525,-0.315885782,-0.148155019,-1.68562615,-0.285560608
deer_horn,065ced8f3f3c,44,2.6715463000000454,0,0,0,0.140768945,-0.0182241891,-0.251345485,0.23200433,-0.0895417333,-0.427422464,0.192180753,-0.266993374,-0.591850519,0.0586450249,-0.471841216,-0.749130726,0.357990682,-0.860547781,-0.281970501,0.560321629,-1.23412132,-0.472574055,0.686458766,-1.49129689,-0.611200571,0.778689504,-1.7236675,-0.698880434,0.163174003,-0.955389738,-0.246180281,0.1947653,-1.19279158,-0.446778178,0.144570574,-0.864506841,-0.538963258,0.12017072,-0.617544532,-0.579805076,-0.0346457139,-0.957984269,-0.231488198,-0.0225859154,-1.14994574,-0.42364496,-0.0274567809,-0.811035097,-0.423084319,-0.0156676322,-0.588943303,-0.384418756,-0.216211811,-0.914178669,-0.238000661,-0.210079998,-1.2727896,-0.338693082,-0.18388918,-1.46296525,-0.315885782,-0.148155019,-1.68562615,-0.285560608
deer_horn,065ced8f3f3c,45,2.734717699990142,0,0,0,0.231171861,-0.120778471,-0.0737064853,0.372315019,-0.311672777,-0.136943862,0.363313168,-0.459428191,-0.222462997,0.263293177,-0.579923153,-0.306781918,0.387484521,-0.933708906,-0.0440680832,0.566823602,-1.25843799,-0.178867713,0.692507744,-1.49210775,-0.280764341,0.7750507,-1.69800186,-0.342125744,0.214056298,-0.974164128,-0.0720006898,0.271281511,-1.20918298,-0.241689593,0.275404453,-0.921082199,-0.318039834,0.273999393,-0.697890401,-0.337712854,0.0366067924,-0.955915332,-0.112257399,0.061741583,-1.1796937,-0.268505454,0.113691442,-0.889562905,-0.26087749,0.144975424,-0.674472034,-0.211961403,-0.128899723,-0.896221101,-0.160976231,-0.142754897,-1.21621728,-0.235642657,-0.139820546,-1.39292574,-0.214000389,-0.144992366,-1.58412385,-0.181182042
deer_horn,065ced8f3f3c,46,2.7944264999969164,0,0,0,0.233605117,-0.0854976177,-0.148238733,0.438319415,-0.273379087,-0.260534763,0.508597434,-0.434522331,-0.379931062,0.421097219,-0.598167181,-0.488819748,0.428033739,-0.929749668,-0.128082126,0.581792951,-1.34203005,-0.274672747,0.687496305,-1.58262312,-0.365232974,0.757727623,-1.8043071,-0.421286643,0.263686955,-0.954932034,-0.136286363,0.352238148,-1.23076248,-0.362925589,0.399514109,-0.930959702,-0.451941222,0.410265505,-0.696807384,-0.462294251,0.0931697264,-0.917921603,-0.162609965,0.150300041,-1.1963371,-0.366331488,0.235817432,-0.923917532,-0.374799222,0.280211151,-0.707755446,-0.320729047,-0.0739136711,-0.838085592,-0.2016211,-0.0708118305,-1.17194259,-0.313109785,-0.0480495244,-1.38381791,-0.325058043,-0.0297823101,-1.59165645,-0.30708617
deer_horn,065ced8f3f3c,47,2.858288999996148,0,0,0,0.249674946,-0.0902724415,-0.152363896,0.459730536,-0.295574725,-0.26956135,0.540130138,-0.451887369,-0.392791301,0.453660578,-0.612793207,-0.505649865,0.415014237,-0.942979872,-0.140653148,0.546115279,-1.36503947,-0.294544518,0.652464092,-1.60350931,-0.390470356,0.729107141,-1.81777143,-0.449549198,0.255171388,-0.954895079,-0.151864931,0.351682216,-1.2493161,-0.38695547,0.423480451,-0.959412932,-0.479495913,0.445186436,-0.723577023,-0.491349131,0.0916612148,-0.907916486,-0.18211247,0.16345945,-1.18029571,-0.39173454,0.263459653,-0.917979538,-0.404732287,0.314456761,-0.701752543,-0.353747219,-0.0716385022,-0.820303082,-0.225557148,-0.0622682273,-1.16168952,-0.33937335,-0.0315954536,-1.37335193,-0.352755815,-0.00996914692,-1.57249904,-0.336666226
deer_horn,065ced8f3f3c,48,2.9168427999975393,0,0,0,0.258405149,-0.0943514332,-0.145233452,0.479030311,-0.31310752,-0.257730842,0.578655958,-0.474921525,-0.373091578,0.490810841,-0.617481947,-0.474658996,0.399453402,-0.951020956,-0.141623914,0.529372573,-1.40411901,-0.284128755,0.635978818,-1.65285265,-0.370618582,0.710459173,-1.87352598,-0.426346838,0.247946605,-0.95709312,-0.149984211,0.374393135,-1.22808444,-0.376238286,0.448355943,-0.933850527,-0.45532614,0.455327243,-0.700271726,-0.458703279,0.0911174864,-0.911402225,-0.176190108,0.189427182,-1.17041314,-0.369450927,0.297859162,-0.93150717,-0.370337367,0.342831761,-0.736391068,-0.314962089,-0.0679291114,-0.828924,-0.21607475,-0.0551252328,-1.16654754,-0.320968151,-0.0157578122,-1.36728239,-0.328543007,0.00772230746,-1.55182815,-0.308118016
deer_horn,065ced8f3f3c,49,2.9638601999904495,0,0,0,0.251015872,-0.0892725438,-0.136221454,0.476292491,-0.316202432,-0.24042052,0.589470088,-0.477114767,-0.348386735,0.502632916,-0.609334111,-0.444169641,0.366479784,-0.965924144,-0.134655848,0.472879142,-1.42522395,-0.263823062,0.569245458,-1.68163002,-0.334432364,0.64179945,-1.89943469,-0.379680395,0.220834792,-0.964933753,-0.14189747,0.376063585,-1.21574914,-0.359484792,0.456269056,-0.907840848,-0.418940365,0.466143936,-0.669958353,-0.407762498,0.0704759285,-0.905903101,-0.166744202,0.204097196,-1.14895082,-0.363942116,0.313141435,-0.866770923,-0.3471196,0.356876552,-0.652574837,-0.274972349,-0.0801346675,-0.809901178,-0.20371972,-0.0514540747,-1.14448118,-0.318071127,-0.0164866839,-1.33943188,-0.321809947,-0.000512996339,-1.53323841,-0.293977529
deer_horn,065ced8f3f3c,50,3.01331609999761,0,0,0,0.260739535,-0.0945329666,-0.134410471,0.481611729,-0.335615098,-0.235885665,0.604238272,-0.488399625,-0.341636479,0.531149149,-0.623426378,-0.435481489,0.348181307,-0.974292994,-0.145136476,0.437180519,-1.45480871,-0.276379377,0.526851416,-1.71956658,-0.342770427,0.594391227,-1.94884455,-0.38411358,0.208449602,-0.965780377,-0.15432781,0.37320134,-1.23589253,-0.380970031,0.468389064,-0.930564284,-0.436617076,0.483782113,-0.689382493,-0.419591099,0.0664676726,-0.891380847,-0.180234358,0.214396045,-1.13736773,-0.385706276,0.333299369,-0.84944284,-0.36354959,0.378942907,-0.629731417,-0.284250587,-0.0706074089,-0.782270968,-0.21815297,-0.0424044058,-1.12185299,-0.342295587,-0.00494444882,-1.33254445,-0.347610652,0.0119220149,-1.54331887,-0.318034321
deer_horn,065ced8f3f3c,51,3.07390370000212,0,0,0,0.283236265,-0.153353289,-0.0893918052,0.479882121,-0.412624747,-0.178472981,0.595737159,-0.565178514,-0.282754332,0.567563713,-0.674635589,-0.377755523,0.260068566,-1.01911867,-0.114976726,0.311124146,-1.49959409,-0.234465688,0.37889871,-1.740044,-0.285259724,0.433164626,-1.94448161,-0.311852664,0.147148401,-0.978200793,-0.146528408,0.358763278,-1.23423755,-0.357177824,0.47801286,-0.955319107,-0.396120787,0.494224817,-0.737309456,-0.371200562,0.0570592359,-0.88357842,-0.19173494,0.263942152,-1.13370609,-0.392341703,0.395941019,-0.873181105,-0.366167903,0.431120515,-0.67116642,-0.287267268,-0.0158943199,-0.760872662,-0.245050892,0.0112524247,-1.08395672,-0.365085453,0.0547186136,-1.28654897,-0.367274463,0.0723040998,-1.49195886,-0.337198466
deer_horn,065ced8f3f3c,52,3.1367682999989484,0,0,0,0.293619841,-0.159494251,-0.075798206,0.483076692,-0.427011222,-0.158286721,0.601935863,-0.578144848,-0.259312391,0.588768601,-0.679883599,-0.350797147,0.265861601,-1.02572775,-0.0867497623,0.301091164,-1.51728916,-0.198924392,0.371117324,-1.74413431,-0.245725021,0.424680412,-1.92919302,-0.268571019,0.157657638,-0.979551792,-0.124989331,0.366708636,-1.25451267,-0.320623577,0.484950751,-0.966170728,-0.356407106,0.488107234,-0.74420619,-0.331642449,0.0714084506,-0.887141883,-0.176647395,0.274604052,-1.13440382,-0.361636251,0.417263061,-0.881404936,-0.330841184,0.458666623,-0.686417282,-0.253038317,0.00693603838,-0.768061638,-0.236318693,0.0345686264,-1.09437084,-0.344221562,0.0909687951,-1.29387832,-0.336415499,0.121806599,-1.4941957,-0.301694095
deer_horn,065ced8f3f3c,53,3.2005621999996947,0,0,0,0.308509052,-0.176258042,-0.063892208,0.495020866,-0.439373761,-0.137073249,0.602209508,-0.593692124,-0.226490557,0.608441114,-0.673365772,-0.306723982,0.238714397,-1.03962016,-0.0789852887,0.288491756,-1.48460364,-0.174281567,0.350246727,-1.70541,-0.213317066,0.392577708,-1.89325404,-0.238532588,0.12975882,-0.98407799,-0.121462502,0.377392024,-1.25706804,-0.300208241,0.509262025,-0.972952485,-0.329101324,0.508689106,-0.757155597,-0.307810515,0.0625021681,-0.873533666,-0.175767854,0.305287689,-1.11059237,-0.349289536,0.449040532,-0.86655879,-0.319589168,0.475587457,-0.677512467,-0.25113073,0.0289960261,-0.73387742,-0.23693645,0.0907925218,-1.04292762,-0.350895703,0.166851684,-1.2433188,-0.356005639,0.207685933,-1.44389498,-0.334902763
deer_horn,065ced8f3f3c,54,3.266064900002675,0,0,0,0.340856433,-0.373631179,0.0644799545,0.470896661,-0.600851417,0.0407306217,0.605293512,-0.751538038,-0.014823663,0.698019445,-0.895285666,-0.0771762505,0.0761337429,-1.10424507,0.0481130853,0.175232336,-1.52960336,0.0309089161,0.229466021,-1.74729931,0.00656545442,0.271284223,-1.93387723,-0.0293935891,0.0170018561,-0.999041855,-0.0403280295,0.432696342,-1.24584401,-0.126462281,0.562884986,-1.02100229,-0.160930976,0.538261294,-0.82374841,-0.185054779,0.0502244942,-0.861181855,-0.126463428,0.424759299,-1.08340013,-0.198509872,0.568090141,-0.921435535,-0.16867885,0.577458918,-0.772410393,-0.149503499,0.14656572,-0.72485745,-0.211143062,0.295794725,-1.0179559,-0.27932778,0.387950987,-1.24216616,-0.286172569,0.422696054,-1.45776772,-0.292811304
deer_horn,065ced8f3f3c,55,3.3233265000017127,0,0,0,0.327872336,-0.353290081,0.0470829718,0.446868569,-0.614650846,0.0436853208,0.565433562,-0.798697889,0.0117184687,0.63632673,-0.999688566,-0.0269341525,0.0465184227,-1.09036303,0.0726912692,0.11591538,-1.50984168,0.0715784058,0.158303633,-1.73494816,0.055192925,0.191228926,-1.92293668,0.0279321969,-0.00537495641,-0.999973178,0.00497524021,0.348642886,-1.29000413,-0.0445334874,0.470292449,-1.10703731,-0.0733019859,0.471925199,-0.92506361,-0.0934148505,0.0244993418,-0.864362299,-0.0630804971,0.406183928,-1.08597136,-0.114962958,0.542249143,-0.9208529,-0.0953280404,0.561139643,-0.781277478,-0.0815789625,0.118982412,-0.717731476,-0.131185576,0.283454806,-0.984035194,-0.188107103,0.362384498,-1.18940151,-0.199529245,0.384381562,-1.39679575,-0.207338721
deer_horn,065ced8f3f3c,56,3.386725199990906,0,0,0,0.292346448,-0.38488701,0.0772691667,0.39905709,-0.677347779,0.0800573602,0.503119349,-0.896627605,0.0450883396,0.574357748,-1.10902488,0.00278986827,0.0141670285,-1.102597,0.0997180417,0.0715140328,-1.53563535,0.0953420177,0.108053967,-1.77636528,0.0735324547,0.139354169,-1.96219265,0.0428045094,-0.0262951162,-0.999478281,0.0187532231,0.416799664,-1.21494079,-0.0356919281,0.5341416,-0.992984474,-0.0683169812,0.499852479,-0.796182275,-0.0935963541,0.0182703491,-0.867350042,-0.0603237562,0.440197736,-1.05751634,-0.106402144,0.553878725,-0.874648452,-0.0827001631,0.53471607,-0.727367461,-0.0694727898,0.116338819,-0.722799063,-0.13736251,0.281652093,-1.0125947,-0.17954056,0.376444966,-1.22429442,-0.175823793,0.406778097,-1.42598593,-0.173380703
deer_horn,065ced8f3f3c,57,3.44886229999247,0,0,0,0.232613429,-0.380008519,0.0922477767,0.328685135,-0.682922363,0.0889521092,0.443094999,-0.899627268,0.0473274067,0.53949666,-1.07069588,-0.00244330335,-0.0810154378,-1.07416165,0.0499946326,-0.0516179502,-1.52694917,0.0343615972,-0.0336054526,-1.78898084,0.0155466804,-0.0211463217,-1.99831271,-0.0132557312,-0.103480734,-0.993923008,-0.0375337489,0.356087059,-1.24629223,-0.0990730524,0.482300073,-1.04285014,-0.119301267,0.456330985,-0.857890785,-0.137809157,-0.033587575,-0.882979631,-0.118125387,0.392188609,-1.11594474,-0.176065296,0.495848894,-0.934761167,-0.154509887,0.481116325,-0.777466834,-0.142286092,0.0901514813,-0.765371799,-0.192752123,0.265494883,-1.07908499,-0.248123527,0.366678476,-1.26869464,-0.248320729,0.415652663,-1.43747234,-0.246608853
deer_horn,065ced8f3f3c,58,3.5150027999916347,0,0,0,0.236869752,-0.380433172,0.0575539023,0.325183153,-0.685446858,0.0338294841,0.434011161,-0.907391489,-0.0216068272,0.521600842,-1.0817337,-0.0811040029,-0.0758085772,-1.07460809,-0.00305093569,-0.0678683519,-1.52248895,-0.0572542772,-0.0785533935,-1.78977883,-0.101623163,-0.085406892,-2.01567245,-0.148624316,-0.112131357,-0.990238965,-0.0827848017,0.327571541,-1.25860453,-0.19023639,0.449094057,-1.03987503,-0.220206544,0.432110161,-0.856082261,-0.238522723,-0.0512766279,-0.864893079,-0.159867942,0.341986299,-1.12951458,-0.263123363,0.445594043,-0.934986234,-0.240527138,0.43557322,-0.769616604,-0.216803581,0.0651573539,-0.733169079,-0.233523861,0.21799767,-1.04686654,-0.331834137,0.322388172,-1.24333942,-0.349704236,0.376990318,-1.41877639,-0.353235632
deer_horn,065ced8f3f3c,59,3.575553000002401,0,0,0,0.213730305,-0.388017297,0.0397291891,0.285769552,-0.719680369,0.0138815641,0.380365163,-0.966643095,-0.0430967696,0.437117368,-1.13604414,-0.104776867,-0.0827780217,-1.09699011,0.0042330618,-0.110833257,-1.54580092,-0.0436140634,-0.136760399,-1.80062854,-0.081958957,-0.164659008,-2.01373911,-0.123988263,-0.138584033,-0.987919688,-0.0693480968,0.317962319,-1.25252938,-0.171913654,0.459949464,-1.04855049,-0.201845616,0.437671155,-0.866113484,-0.2187334,-0.0859246105,-0.847671092,-0.141784012,0.339849412,-1.09849119,-0.240972236,0.45645085,-0.907997787,-0.212440386,0.43856898,-0.745106459,-0.182173416,0.0270986743,-0.706770718,-0.213600501,0.184233025,-1.03653431,-0.301496238,0.285167783,-1.24659371,-0.302287489,0.328049004,-1.42881632,-0.291462749
deer_horn,065ced8f3f3c,60,3.6360417999967467,0,0,0,0.199016735,-0.428084642,0.0353117958,0.259821802,-0.803352356,0.000671755348,0.325137407,-1.07532179,-0.0628049299,0.322202802,-1.28090179,-0.130660743,-0.179703683,-1.08257365,-0.0508658998,-0.251325518,-1.55094314,-0.113237485,-0.301199198,-1.81480885,-0.157389134,-0.34322381,-2.04359937,-0.20439668,-0.222578362,-0.966387868,-0.128659919,0.201629356,-1.32951856,-0.223136559,0.354952693,-1.11027133,-0.223376974,0.33482933,-0.915321887,-0.225084186,-0.148425445,-0.834017694,-0.205752984,0.245147571,-1.18521178,-0.295710117,0.376870096,-0.996770561,-0.234266236,0.375808984,-0.812031984,-0.188821435,-0.00698906975,-0.717405558,-0.283857405,0.154089376,-1.09467089,-0.375654995,0.256914109,-1.2527113,-0.360951096,0.299107194,-1.35090339,-0.338901669
deer_horn,065ced8f3f3c,61,3.69865619999473,0,0,0,0.097865358,-0.5473575,0.0722070709,0.049470067,-0.929439485,0.0453438312,0.0701259375,-1.17696953,-0.0269890577,0.0569307916,-1.36462212,-0.109047137,-0.5398072,-0.950821579,0.009824601,-0.778213322,-1.33189869,-0.0648773611,-0.913005531,-1.55645025,-0.10818091,-1.03749454,-1.76034486,-0.149821341,-0.547826409,-0.829391301,-0.109527357,-0.388728619,-1.40854633,-0.268750966,-0.107392862,-1.37257433,-0.305245608,0.010494763,-1.2175827,-0.307078481,-0.448123842,-0.726774573,-0.230510265,-0.322598428,-1.29593575,-0.384406418,-0.0602967776,-1.28759348,-0.354602933,0.0668269396,-1.13550067,-0.303826123,-0.295098811,-0.652259052,-0.348350465,-0.421615362,-1.00296175,-0.47780177,-0.45679459,-1.21684158,-0.501513362,-0.504062653,-1.32292807,-0.500282109
deer_horn,065ced8f3f3c,62,3.7597459999960847,0,0,0,0.0779844895,-0.570627511,0.015798822,0.0268112794,-0.955092788,-0.023772249,0.0418138169,-1.21026969,-0.0892979056,-0.00981068797,-1.40055442,-0.159154207,-0.61350292,-0.902057827,-0.0491880029,-0.851749063,-1.24447739,-0.138574734,-1.02442157,-1.47898805,-0.186297551,-1.16546345,-1.68807745,-0.230869576,-0.615654409,-0.776202321,-0.135939628,-0.514874876,-1.39720583,-0.308303893,-0.25438571,-1.42338347,-0.337953478,-0.141198292,-1.32128668,-0.329598159,-0.503258169,-0.680262804,-0.22859937,-0.404068679,-1.26288939,-0.402560532,-0.135763869,-1.28200674,-0.372336477,-0.00878808927,-1.16635883,-0.31468311,-0.332492769,-0.613831639,-0.322518885,-0.452785671,-0.930732548,-0.503538907,-0.529390097,-1.18271005,-0.566839635,-0.637724698,-1.3622545,-0.585765421
deer_horn,065ced8f3f3c,63,3.822341899998719,0,0,0,0.0574333593,-0.61179781,0.0248015821,-0.0148362704,-0.981828749,-0.025247084,-0.0126571003,-1.23385489,-0.104813725,-0.0915181637,-1.42920566,-0.186402604,-0.66763562,-0.848047018,-0.0679736212,-0.915204227,-1.20132649,-0.181981847,-1.10678554,-1.40548348,-0.245372027,-1.27025926,-1.59404254,-0.300385326,-0.677906096,-0.714148343,-0.17445749,-0.721643448,-1.34486556,-0.356601447,-0.568804979,-1.4949038,-0.398390651,-0.518517554,-1.52427626,-0.407997578,-0.567127228,-0.612158358,-0.287809551,-0.512075305,-1.25481248,-0.477676332,-0.209632978,-1.33170784,-0.443999082,-0.0501443818,-1.25756657,-0.386696309,-0.381187677,-0.547361195,-0.403696895,-0.525098562,-0.853243411,-0.616643071,-0.634099662,-1.09349394,-0.698167384,-0.778485417,-1.27415144,-0.731699646
deer_horn,065ced8f3f3c,64,3.8866173999995226,0,0,0,0.00112095871,-0.637404382,0.00553522771,-0.0992366523,-1.01093364,-0.0517043397,-0.136577755,-1.27462947,-0.139816567,-0.260329902,-1.4261198,-0.225676268,-0.791162074,-0.723312259,-0.0723222569,-1.06150222,-1.04327345,-0.186280504,-1.26367712,-1.17426074,-0.244482279,-1.43694139,-1.26769948,-0.288869888,-0.787638843,-0.59114176,-0.173713952,-0.972444236,-1.18489861,-0.351676464,-0.964460433,-1.42140877,-0.409052461,-1.00222397,-1.53470242,-0.434763044,-0.681079626,-0.498959243,-0.282788277,-0.757617116,-1.12818086,-0.487442613,-0.461242706,-1.26926351,-0.46826297,-0.266845077,-1.24435067,-0.413135916,-0.509891033,-0.465866327,-0.395274967,-0.716763496,-0.770044446,-0.614247084,-0.862572789,-0.990802526,-0.695338428,-1.02908623,-1.1604476,-0.723994911
deer_horn,065ced8f3f3c,65,3.9522772999916924,0,0,0,-0.00290990667,-0.630194962,-0.0174528901,-0.119529061,-1.01089334,-0.0814220309,-0.179493323,-1.27329862,-0.173337281,-0.321243167,-1.43579197,-0.261161506,-0.820832193,-0.677565694,-0.077787742,-1.11837506,-0.994226396,-0.191799581,-1.34142935,-1.14686966,-0.251565725,-1.53813541,-1.26778102,-0.299036741,-0.822405219,-0.543801248,-0.167122275,-0.975766718,-1.17212927,-0.356560946,-0.881860852,-1.4000293,-0.414657712,-0.861971259,-1.47589278,-0.431768239,-0.719954491,-0.467547029,-0.265203148,-0.798154593,-1.10852039,-0.466741651,-0.494576365,-1.25508058,-0.441711396,-0.299275994,-1.22376823,-0.379680187,-0.551183999,-0.45415917,-0.369812042,-0.765736103,-0.746810913,-0.57081145,-0.911027789,-0.964431584,-0.639111996,-1.07497227,-1.12004852,-0.656938553
deer_horn,065ced8f3f3c,66,4.011822699991171,0,0,0,-0.00247152289,-0.613186598,-0.0358318761,-0.149842933,-1.00173259,-0.112709321,-0.227240443,-1.24607873,-0.218776986,-0.361323833,-1.39558899,-0.327189475,-0.81505841,-0.703288078,-0.0907189101,-1.17266703,-0.977159679,-0.214397222,-1.4085952,-1.13133991,-0.287933826,-1.61328769,-1.24467266,-0.347795933,-0.81458056,-0.552040517,-0.178072467,-0.877083659,-1.19722092,-0.430738509,-0.620358109,-1.338328,-0.509971917,-0.448609263,-1.29452431,-0.517472029,-0.720692575,-0.461208552,-0.275602072,-0.855948508,-1.07463992,-0.506233335,-0.660907686,-1.23829687,-0.505018473,-0.535227716,-1.23303735,-0.454117209,-0.568421245,-0.424990386,-0.377812803,-0.799785852,-0.710508645,-0.571425498,-0.95239228,-0.926207602,-0.626832128,-1.11852837,-1.08144605,-0.634972334
deer_horn,065ced8f3f3c,67,4.072807799995644,0,0,0,-0.0179628115,-0.619469106,-0.0303273406,-0.169041574,-0.995665252,-0.0954869464,-0.253996074,-1.25869143,-0.189229071,-0.390362769,-1.41870427,-0.28380537,-0.850284934,-0.630012393,-0.0646480545,-1.15871441,-0.937459528,-0.174828723,-1.31139565,-1.06547999,-0.242268071,-1.44806993,-1.10517466,-0.30022499,-0.856842995,-0.492339969,-0.153040513,-1.05037367,-1.07634151,-0.336763531,-0.957699418,-1.26925683,-0.412821949,-0.924263835,-1.28621376,-0.44284454,-0.759368002,-0.412632763,-0.252654046,-0.984573722,-0.983357668,-0.434241802,-0.908489287,-1.20689297,-0.455663949,-0.886996567,-1.25971198,-0.443856746,-0.591563642,-0.400621831,-0.358667672,-0.84003371,-0.676422477,-0.538174808,-1.01342893,-0.911206543,-0.608320475,-1.19001555,-1.07741594,-0.6380108
deer_horn,065ced8f3f3c,68,4.137059200002113,0,0,0,-0.0802244395,-0.598504007,0.0108150365,-0.253742307,-0.94601965,-0.0615248643,-0.358370334,-1.18081975,-0.17558217,-0.527889252,-1.27933764,-0.284578949,-0.926657677,-0.506283104,-0.0496989191,-1.28252172,-0.733620763,-0.170088142,-1.36972725,-0.824091852,-0.224312633,-1.43235862,-0.826023698,-0.265025049,-0.92245543,-0.350995809,-0.160866112,-1.05764186,-0.964214504,-0.386463702,-0.795490563,-1.1625334,-0.447192043,-0.598184407,-1.14961159,-0.451464117,-0.821579635,-0.269881278,-0.282434195,-1.00643671,-0.844184995,-0.488227367,-0.80343014,-1.06968141,-0.486712247,-0.648825526,-1.10360324,-0.449387103,-0.673771024,-0.26794225,-0.405524433,-0.944456816,-0.465658158,-0.582624257,-1.12604868,-0.648764849,-0.648676932,-1.30315721,-0.773397267,-0.674843729
deer_horn,065ced8f3f3c,69,4.199764199991478,0,0,0,-0.0905738845,-0.629339516,0.137568787,-0.265669823,-0.973818362,0.106869288,-0.364082783,-1.21691394,-0.002122893,-0.542258441,-1.32309818,-0.117507413,-0.947943807,-0.520097315,0.0662807971,-1.33167994,-0.748704672,-0.0293818433,-1.4765029,-0.842095613,-0.0523873866,-1.56937909,-0.855398476,-0.0747938231,-0.920987725,-0.367529452,-0.129242837,-1.10342419,-0.975341558,-0.356974185,-0.807439446,-1.21198881,-0.383044451,-0.589484453,-1.21396446,-0.355528653,-0.827385366,-0.287685543,-0.332657546,-1.00697029,-0.852736056,-0.548676193,-0.740679562,-1.06889641,-0.509283662,-0.543388367,-1.0739193,-0.439252526,-0.70617801,-0.288695037,-0.531514823,-1.00613844,-0.462735772,-0.742043614,-1.20587659,-0.635968328,-0.817356706,-1.39550817,-0.753140032,-0.846423507
deer_horn,065ced8f3f3c,70,4.263166499993531,0,0,0,-0.110965215,-0.631251872,0.143434644,-0.300734103,-0.976513445,0.103533238,-0.392041683,-1.21468127,-0.0229219552,-0.575420976,-1.30390561,-0.157090351,-0.967841208,-0.496942818,0.101770379,-1.37312508,-0.667352438,0.00928260665,-1.62302756,-0.780540705,-0.0181228276,-1.81957495,-0.845160663,-0.0499626137,-0.934517741,-0.338103116,-0.111188561,-1.14387858,-0.934539318,-0.34493953,-0.837931871,-1.20413637,-0.358066559,-0.631150544,-1.21315718,-0.315542966,-0.852227211,-0.258172184,-0.33676517,-1.02063239,-0.826826394,-0.5627774,-0.739981353,-1.07221889,-0.491709024,-0.539756179,-1.08159566,-0.393184543,-0.743582666,-0.256241828,-0.561555088,-1.0446353,-0.406960934,-0.788903296,-1.25354862,-0.575834215,-0.856704533,-1.44642818,-0.683070123,-0.875392914
deer_horn,065ced8f3f3c,71,4.334813199995551,0,0,0,-0.117722511,-0.625129461,0.0830386356,-0.312431157,-0.947897434,0.0404593572,-0.425808996,-1.19776595,-0.0611777157,-0.599281907,-1.27617228,-0.153435543,-0.949521363,-0.455265909,0.0364175849,-1.28471053,-0.702000797,-0.094611764,-1.30191636,-0.833701789,-0.148555219,-1.30234146,-0.860771775,-0.178802103,-0.94028002,-0.320567548,-0.114498839,-1.11780095,-0.89241153,-0.341483414,-0.854558289,-1.15350723,-0.394188732,-0.662303686,-1.19934988,-0.389785379,-0.85452199,-0.250909477,-0.27632463,-1.03019893,-0.785972536,-0.474602789,-0.77291131,-1.02492666,-0.449966401,-0.590780377,-1.06353068,-0.394135088,-0.741990566,-0.25544104,-0.436997563,-1.02240324,-0.400962085,-0.603591025,-1.21045017,-0.562707365,-0.65926075,-1.39527464,-0.67398411,-0.677066922
deer_horn,065ced8f3f3c,72,4.396455800000695,0,0,0,-0.129158646,-0.636623263,0.137451112,-0.331114471,-0.972187281,0.112475038,-0.441029191,-1.22000194,0.0110007031,-0.618800461,-1.30769169,-0.0961963907,-0.977646947,-0.473060846,0.0847627223,-1.39772379,-0.634860039,-0.000561743218,-1.64844632,-0.739371896,-0.0190068278,-1.84635484,-0.803988218,-0.0407782234,-0.940223575,-0.323560178,-0.106246978,-1.15905499,-0.920777142,-0.333819598,-0.862463415,-1.18748665,-0.344588071,-0.650432706,-1.20860922,-0.299533457,-0.853315771,-0.254914641,-0.306554735,-1.04822469,-0.813072085,-0.52865994,-0.781732619,-1.04512131,-0.469196707,-0.58849293,-1.05735052,-0.377863467,-0.750313938,-0.263411075,-0.502804458,-1.0440135,-0.420417637,-0.721795619,-1.24136102,-0.586621225,-0.79077816,-1.42935336,-0.691564083,-0.809382677
deer_horn,065ced8f3f3c,73,4.459984200002509,0,0,0,-0.128466561,-0.625440061,0.10305398,-0.334428877,-0.944501936,0.0657091886,-0.449833244,-1.18999696,-0.035510648,-0.622688949,-1.2958895,-0.14105849,-0.984300017,-0.414502621,0.0236082841,-1.38624346,-0.650747538,-0.0757423267,-1.55001342,-0.77073288,-0.103568584,-1.67168796,-0.817461908,-0.12926431,-0.954227388,-0.263358295,-0.141747996,-1.15112233,-0.897850871,-0.374646246,-0.868861496,-1.16609609,-0.410539329,-0.662013948,-1.19070864,-0.391864508,-0.853635252,-0.20388782,-0.313056976,-1.0834651,-0.771568656,-0.527621925,-0.849960685,-1.01225102,-0.498285621,-0.674249589,-1.04157186,-0.437900245,-0.729014456,-0.227427706,-0.479400218,-1.03230238,-0.412162304,-0.678329587,-1.2309562,-0.583642721,-0.746999025,-1.42115557,-0.689265788,-0.771674097
deer_horn,065ced8f3f3c,74,4.525758299991139,0,0,0,-0.141684681,-0.624954939,0.0431979708,-0.346829891,-0.95034343,-0.0242321063,-0.464469016,-1.18207073,-0.140240014,-0.627353191,-1.25041437,-0.258832723,-0.985280216,-0.418271661,-0.0446603149,-1.39683795,-0.58950001,-0.155754462,-1.58458126,-0.693918169,-0.195685476,-1.72624576,-0.732116938,-0.23058331,-0.94789362,-0.262529194,-0.180488557,-1.14681387,-0.871435344,-0.424864382,-0.890629709,-1.12716532,-0.467176914,-0.700654864,-1.14712429,-0.451693565,-0.835433006,-0.1940604,-0.325311929,-1.10161865,-0.731673658,-0.54834348,-0.930910766,-0.964660048,-0.533416033,-0.800558805,-0.997935057,-0.4856821,-0.697781444,-0.204619274,-0.468431085,-0.9926579,-0.384450227,-0.675840676,-1.19357049,-0.557862639,-0.75153017,-1.38875175,-0.665466547,-0.782091498
deer_horn,065ced8f3f3c,75,4.5854658000025665,0,0,0,-0.139317378,-0.64487654,0.0686773956,-0.349590987,-0.98944068,0.0133725628,-0.470452577,-1.23199713,-0.093878381,-0.637396395,-1.28707838,-0.20516631,-0.98553431,-0.430370271,-0.0236344412,-1.39341819,-0.616674006,-0.1226703,-1.5879364,-0.726464689,-0.149942771,-1.72913659,-0.768081486,-0.178078577,-0.948417008,-0.267101884,-0.170768067,-1.14495385,-0.89060086,-0.403998584,-0.875652075,-1.16054308,-0.427161157,-0.676788449,-1.18129075,-0.398545384,-0.839519918,-0.200759739,-0.326399058,-1.10485351,-0.739083886,-0.53790015,-0.940869212,-0.977854908,-0.51001811,-0.814418614,-1.01426411,-0.457384318,-0.705780983,-0.222129017,-0.479298174,-0.991364002,-0.403716534,-0.690110981,-1.19188821,-0.581245363,-0.769440532,-1.38379109,-0.692626655,-0.803299129
deer_horn,065ced8f3f3c,76,4.648923300002934,0,0,0,-0.137318164,-0.618024826,0.041109439,-0.35358116,-0.954838634,-0.0315300673,-0.475677133,-1.18826902,-0.153470203,-0.641652763,-1.23722696,-0.279000878,-0.991255403,-0.407203853,-0.0405015796,-1.4130125,-0.563745677,-0.143768191,-1.65410089,-0.672258139,-0.176974759,-1.85144114,-0.723526895,-0.208956227,-0.952282369,-0.24836725,-0.177403614,-1.15158296,-0.865422726,-0.419272602,-0.878655195,-1.13676131,-0.444162101,-0.677514374,-1.14979339,-0.411126047,-0.843944192,-0.184375763,-0.32456845,-1.10830665,-0.723580062,-0.544290245,-0.941386878,-0.957480311,-0.510620773,-0.810652614,-0.979269862,-0.446686983,-0.709935606,-0.201246336,-0.471268505,-1.00524986,-0.384524256,-0.674104035,-1.20587826,-0.560606241,-0.738843024,-1.39380908,-0.664316773,-0.759088159
deer_horn,065ced8f3f3c,77,4.712130599989905,0,0,0,-0.169241384,-0.680080831,0.12688905,-0.374465764,-1.03467953,0.0591694526,-0.466454566,-1.26684296,-0.0868382007,-0.620494545,-1.27631414,-0.239478439,-1.00841486,-0.424874038,0.0254457649,-1.43583953,-0.583264589,-0.0940775424,-1.70889783,-0.679872155,-0.145145118,-1.93481803,-0.74356097,-0.196758211,-0.95136416,-0.251877666,-0.177380532,-1.16609812,-0.962864041,-0.412965029,-0.826847732,-1.21803761,-0.395276129,-0.630167365,-1.15922415,-0.337499022,-0.850729108,-0.189539939,-0.392589182,-1.02527916,-0.859001637,-0.600884497,-0.739740312,-1.10268509,-0.473455817,-0.531603694,-1.06146049,-0.346417755,-0.726184547,-0.222193778,-0.611748099,-1.05336392,-0.381725311,-0.844681501,-1.30113018,-0.52796036,-0.897015691,-1.52657855,-0.590941489,-0.905141652
deer_horn,065ced8f3f3c,78,4.773381599996355,0,0,0,-0.151507869,-0.63513881,0.0121931853,-0.366117775,-0.980797529,-0.0873405561,-0.477820754,-1.2046293,-0.23326236,-0.622402906,-1.23410547,-0.380239069,-1.00541806,-0.385542095,-0.0714565068,-1.42849493,-0.546471894,-0.191838354,-1.69766653,-0.647330403,-0.259138644,-1.92636824,-0.72203356,-0.32076925,-0.957652688,-0.21077241,-0.196153775,-1.13543391,-0.928260446,-0.423354626,-0.824758351,-1.18000138,-0.443435371,-0.624740422,-1.12773871,-0.418685108,-0.841321588,-0.156579271,-0.331676483,-1.01398051,-0.805207372,-0.527627587,-0.748682737,-1.05145705,-0.440714657,-0.54331392,-1.02730227,-0.343168586,-0.693429172,-0.191428393,-0.475270331,-1.00636649,-0.368299216,-0.658177018,-1.23184884,-0.51180172,-0.688841939,-1.44462466,-0.566180646,-0.685141027
deer_horn,065ced8f3f3c,79,4.835023399995407,0,0,0,-0.144526497,-0.635461152,-0.00665623741,-0.347259283,-0.991030931,-0.122017197,-0.455610901,-1.22542083,-0.281129926,-0.612893164,-1.26498747,-0.438515544,-1.00211489,-0.387846678,-0.0953842774,-1.44983029,-0.554097533,-0.21876885,-1.72510636,-0.667239368,-0.280147165,-1.95208549,-0.752376139,-0.335134864,-0.951926529,-0.221601903,-0.211491048,-1.14210868,-0.949079692,-0.445289433,-0.828623354,-1.20791793,-0.455878913,-0.624738991,-1.15956914,-0.420033813,-0.838983357,-0.172528252,-0.339888513,-1.02753723,-0.81845969,-0.537864387,-0.755331397,-1.06151724,-0.441437721,-0.547794878,-1.03666186,-0.335207045,-0.695377111,-0.207406119,-0.478637487,-1.00105202,-0.372748375,-0.661716163,-1.2172842,-0.518900454,-0.690767348,-1.42278302,-0.579639018,-0.683422565
deer_horn,065ced8f3f3c,80,4.899154400001862,0,0,0,-0.146988049,-0.653606236,0.0505737476,-0.343226522,-0.9939574,-0.0346006565,-0.435820132,-1.23379791,-0.170588881,-0.620027184,-1.30409646,-0.304624707,-1.00202012,-0.394225538,-0.0634983703,-1.44463861,-0.571087956,-0.18557176,-1.72726703,-0.680033863,-0.236099079,-1.95684242,-0.757606506,-0.282885432,-0.953927755,-0.216154084,-0.208084583,-1.16191983,-0.91196537,-0.42916438,-0.843276143,-1.1744355,-0.412465543,-0.647337437,-1.13666987,-0.362957776,-0.841784,-0.159669414,-0.364848018,-1.02684557,-0.808846772,-0.553181469,-0.739694059,-1.06452096,-0.44291693,-0.539568722,-1.04020214,-0.336648971,-0.710527241,-0.199129984,-0.528886855,-1.00578666,-0.351018906,-0.735281229,-1.23074746,-0.49893859,-0.789209306,-1.45339453,-0.556938231,-0.80428493
deer_horn,065ced8f3f3c,81,4.960175899992464,0,0,0,-0.144028068,-0.699955404,0.111393131,-0.327312469,-1.06890297,0.0384947471,-0.406774074,-1.32723582,-0.104116119,-0.580677986,-1.35170376,-0.251567423,-0.983847976,-0.484770954,-0.0396907404,-1.43300748,-0.675122201,-0.165133223,-1.72958159,-0.79998368,-0.200365081,-1.95268571,-0.895496368,-0.235709593,-0.92074579,-0.310543627,-0.236198738,-1.13886166,-0.928584814,-0.498048723,-0.832007587,-1.2129097,-0.479006827,-0.622012436,-1.21020448,-0.416030616,-0.812483132,-0.235990077,-0.443518877,-1.01101482,-0.843600273,-0.686481476,-0.722511351,-1.10993528,-0.584787309,-0.530340374,-1.10484123,-0.471044064,-0.690316975,-0.250162095,-0.651304662,-0.989845395,-0.36649546,-0.914948523,-1.21174407,-0.481378615,-0.995796025,-1.4365387,-0.506246805,-1.02294266
deer_horn,065ced8f3f3c,82,5.02404899999965,0,0,0,-0.137592837,-0.706583858,0.149507731,-0.322423577,-1.07487845,0.0896516368,-0.395851791,-1.34002638,-0.0490840375,-0.555989861,-1.38190031,-0.197014093,-0.992566049,-0.487648547,0.00234404067,-1.43671131,-0.704696476,-0.11458727,-1.73171663,-0.82694304,-0.151670918,-1.95545936,-0.922282457,-0.189528883,-0.925767422,-0.310013354,-0.216440335,-1.12841153,-0.948059082,-0.477634996,-0.814407945,-1.22793162,-0.472766489,-0.598662853,-1.22464252,-0.419368058,-0.814184189,-0.238195419,-0.441891938,-1.00083625,-0.861947954,-0.677955866,-0.706718028,-1.1299572,-0.582753658,-0.511868238,-1.12429357,-0.473739892,-0.68637836,-0.25966996,-0.665269315,-0.996742249,-0.381124318,-0.917246163,-1.22336817,-0.488912672,-0.992007911,-1.45012808,-0.504401922,-1.01562834
deer_horn,065ced8f3f3c,83,5.101009999998496,0,0,0,-0.13760142,-0.680463016,0.149391249,-0.320949614,-1.06333041,0.10411641,-0.398794651,-1.31879377,-0.0155510744,-0.566223264,-1.3604275,-0.143608719,-0.990185618,-0.492632061,0.00108789466,-1.41709244,-0.690875411,-0.116268337,-1.70684123,-0.80974257,-0.151197478,-1.92249131,-0.902617812,-0.18616569,-0.922972322,-0.324967355,-0.206199795,-1.13253367,-0.948130906,-0.45281899,-0.818540037,-1.2168715,-0.425218076,-0.600682139,-1.2181077,-0.355891794,-0.811947107,-0.257072061,-0.422646999,-1.0043571,-0.849678993,-0.657299161,-0.713525832,-1.09735453,-0.547755599,-0.514356256,-1.0885278,-0.42665711,-0.68651861,-0.276327848,-0.63622427,-0.984728217,-0.404711336,-0.905065656,-1.20203865,-0.508678555,-0.986667573,-1.42849946,-0.524669528,-1.01008344
deer_horn,065ced8f3f3c,84,5.166232799994759,0,0,0,-0.16410321,-0.733390689,0.281017244,-0.325011671,-1.10080838,0.270937383,-0.374326706,-1.35114062,0.148923814,-0.518032014,-1.40479529,0.00527887093,-0.982380033,-0.530069709,0.116403073,-1.40351415,-0.741840839,0.0014270196,-1.70709133,-0.87244314,-0.0366363302,-1.9303205,-0.971733391,-0.0803495198,-0.908691883,-0.375181824,-0.183078408,-1.12349224,-0.966086209,-0.446080774,-0.80181843,-1.23748934,-0.418562144,-0.582638621,-1.23443186,-0.34526363,-0.80344367,-0.313117176,-0.487836808,-0.975947797,-0.887836635,-0.73889178,-0.675243676,-1.14997721,-0.612719834,-0.482497722,-1.13744497,-0.479727477,-0.685903192,-0.340196848,-0.782758772,-0.995022774,-0.438219398,-1.08848369,-1.21903396,-0.545992196,-1.18012476,-1.45335817,-0.554617882,-1.21000004
deer_horn,065ced8f3f3c,85,5.225085300000501,0,0,0,-0.163918287,-0.739005089,0.271355927,-0.321526289,-1.10860407,0.250469983,-0.370785087,-1.36968267,0.117669463,-0.512160599,-1.39589238,-0.035860993,-0.971034288,-0.55368638,0.121803753,-1.39650881,-0.771848381,0.0226065293,-1.69302869,-0.910915673,-1.52120965e-05,-1.91262913,-1.01609373,-0.0346683785,-0.900870979,-0.397090793,-0.175357878,-1.10714841,-1.01176953,-0.423801154,-0.795038581,-1.26837122,-0.393321991,-0.589931488,-1.24008107,-0.32162416,-0.796468675,-0.336702555,-0.477800906,-0.963413,-0.938115776,-0.717466176,-0.667921305,-1.19078243,-0.597717524,-0.484998882,-1.16742933,-0.473488271,-0.679653406,-0.366282225,-0.770874202,-0.983974636,-0.472856015,-1.0583607,-1.20433521,-0.581784785,-1.14501822,-1.43329263,-0.593470097,-1.17690539
deer_horn,065ced8f3f3c,86,5.2884102999960305,0,0,0,-0.156326964,-0.695630908,0.305986702,-0.311023414,-1.05902851,0.305393279,-0.350922108,-1.30852914,0.188736826,-0.50699836,-1.35703063,0.0496038981,-0.95939219,-0.528703868,0.157599926,-1.37203312,-0.735993445,0.0693619102,-1.66652203,-0.875285566,0.0491966493,-1.87709022,-0.975612044,0.0124176908,-0.885791004,-0.375765711,-0.154770985,-1.10771585,-0.959121466,-0.378980011,-0.795841277,-1.20834613,-0.335367501,-0.595889747,-1.18692505,-0.260000229,-0.779634118,-0.310592264,-0.472420514,-0.94986707,-0.889411509,-0.694050908,-0.64847362,-1.14135778,-0.56131947,-0.4702622,-1.12326205,-0.435887963,-0.664090157,-0.340742469,-0.779132307,-0.964013517,-0.443856865,-1.07831788,-1.1840322,-0.540547192,-1.1735394,-1.42833698,-0.534380674,-1.21291637
deer_horn,065ced8f3f3c,87,5.353131600000779,0,0,0,-0.0998454615,-0.65193671,0.201510906,-0.279697359,-1.03776371,0.170294091,-0.357563227,-1.30185413,0.0534010865,-0.533688903,-1.37500787,-0.0760363489,-0.981912315,-0.496668845,0.0545326918,-1.40008819,-0.745521724,-0.05569309,-1.69575477,-0.888880134,-0.0964386538,-1.91434884,-0.993041575,-0.142767355,-0.926584363,-0.323043555,-0.192572743,-1.09647179,-1.03818619,-0.458319098,-0.75822407,-1.27605891,-0.467533857,-0.541311204,-1.26753962,-0.423819512,-0.801915407,-0.251025766,-0.443630069,-0.960757434,-0.938818276,-0.69514519,-0.662942171,-1.17880225,-0.626428366,-0.483664334,-1.17238808,-0.537307203,-0.651628971,-0.296125442,-0.684889793,-0.936679244,-0.469688594,-0.964476287,-1.1464994,-0.608078659,-1.06851423,-1.37194872,-0.66050148,-1.11572051
deer_horn,065ced8f3f3c,88,5.414788599999156,0,0,0,-0.0871051624,-0.672746956,0.139459193,-0.264869153,-1.05717516,0.0951615721,-0.335612625,-1.31692624,-0.019549977,-0.498881072,-1.3707422,-0.141361088,-0.968668342,-0.502261043,0.0148810046,-1.35466838,-0.779293478,-0.0946940854,-1.62873185,-0.937236428,-0.136165157,-1.84915459,-1.05064952,-0.182212621,-0.923961818,-0.332470417,-0.189097703,-1.07214916,-1.06055117,-0.427910686,-0.740415215,-1.27814078,-0.420045942,-0.549977243,-1.23181331,-0.370877028,-0.803146601,-0.274837732,-0.401048183,-0.929259062,-0.96809411,-0.628028154,-0.623330355,-1.18540835,-0.538890898,-0.444429815,-1.14459145,-0.438095391,-0.652296066,-0.327564299,-0.610392511,-0.938960135,-0.520066977,-0.865108967,-1.14536726,-0.660667539,-0.947507381,-1.36556804,-0.710429549,-0.978697121
deer_horn,065ced8f3f3c,89,5.476984699998866,0,0,0,-0.113089614,-0.696647227,0.257231385,-0.261440873,-1.08197415,0.243479475,-0.312478065,-1.33644295,0.129877105,-0.46149385,-1.4292922,-0.00419033552,-0.93915832,-0.582689285,0.0604895875,-1.32902265,-0.873334646,-0.0520134605,-1.61014247,-1.03586197,-0.0895641148,-1.82261133,-1.16319072,-0.138272673,-0.8828426,-0.418562502,-0.213059589,-1.01694667,-1.13885975,-0.451146096,-0.673966229,-1.33718359,-0.408503652,-0.484482318,-1.28196156,-0.339709193,-0.765787423,-0.352248073,-0.491051555,-0.887866735,-1.02268195,-0.720453203,-0.593576849,-1.21704173,-0.595950365,-0.417982131,-1.15871739,-0.478656024,-0.623454332,-0.388498753,-0.759716988,-0.917241454,-0.573051631,-1.06505334,-1.13240194,-0.738606572,-1.17096734,-1.35402715,-0.809183002,-1.21846807
deer_horn,065ced8f3f3c,90,5.53769569999713,0,0,0,-0.0168033428,-0.688729703,0.0699501857,-0.148032367,-1.08316481,0.00772592472,-0.199908018,-1.35093117,-0.0999036804,-0.33040449,-1.5192585,-0.220638454,-0.849237382,-0.693547428,-0.11723984,-1.16876686,-1.05390537,-0.245661065,-1.39873123,-1.24850845,-0.305888861,-1.58081484,-1.41249847,-0.363238752,-0.808773041,-0.524697244,-0.265667021,-0.865475059,-1.2578572,-0.504979193,-0.574575782,-1.45858192,-0.528658211,-0.411453396,-1.46952665,-0.515964925,-0.669002831,-0.44532609,-0.416670531,-0.77210474,-1.11562955,-0.648526132,-0.494574964,-1.29071975,-0.603364408,-0.327555984,-1.27488756,-0.541679502,-0.481189162,-0.455069751,-0.563082039,-0.697116971,-0.721134365,-0.831180096,-0.864613116,-0.898983598,-0.935716629,-1.06221664,-1.00987923,-0.983501494
deer_horn,065ced8f3f3c,91,5.594493099997635,0,0,0,0.00331011694,-0.675739408,0.0261664931,-0.130018041,-1.07921553,-0.052208174,-0.183075607,-1.3630662,-0.167999282,-0.325041652,-1.54607427,-0.290444791,-0.844166636,-0.687722921,-0.119611226,-1.15905893,-1.07455075,-0.253021777,-1.3879385,-1.28818452,-0.319259524,-1.57080686,-1.46121287,-0.375888973,-0.803751171,-0.541607678,-0.246262535,-0.882605433,-1.2803582,-0.485467732,-0.580122411,-1.48194623,-0.516089916,-0.408604085,-1.47921681,-0.501412272,-0.664870262,-0.473501623,-0.379652798,-0.776350677,-1.15487611,-0.605622828,-0.468791008,-1.33349025,-0.559203148,-0.288467079,-1.304968,-0.488653243,-0.473122746,-0.484573483,-0.513683617,-0.703496039,-0.754909933,-0.751320064,-0.874190569,-0.951844096,-0.837458014,-1.07693052,-1.0717473,-0.871029377
deer_horn,065ced8f3f3c,92,5.660799999997835,0,0,0,0.00783485454,-0.665537596,0.018214969,-0.105913624,-1.06813443,-0.0615189597,-0.158225447,-1.34822392,-0.175847352,-0.286450207,-1.52576447,-0.29640612,-0.818059921,-0.725389719,-0.116417818,-1.13655877,-1.11295819,-0.233902156,-1.35789061,-1.34044528,-0.278396338,-1.52540588,-1.52595901,-0.316483974,-0.791054368,-0.566614091,-0.230611071,-0.817773223,-1.29110539,-0.46880275,-0.480251908,-1.45726085,-0.482486963,-0.278459221,-1.43192196,-0.44737643,-0.664860368,-0.48580876,-0.352756083,-0.746528149,-1.15675545,-0.580767989,-0.447879136,-1.3147819,-0.537978768,-0.272133499,-1.29158914,-0.464189589,-0.490260363,-0.481226653,-0.473822922,-0.710328817,-0.758761883,-0.702883661,-0.866323531,-0.969076037,-0.786632478,-1.05589628,-1.11582136,-0.816668987
deer_horn,065ced8f3f3c,93,5.725019899997278,0,0,0,0.0373316742,-0.642687559,0.0975288376,-0.0785992295,-1.04548931,0.0697537214,-0.118416622,-1.32713079,-0.0069880248,-0.231154844,-1.50314844,-0.0917519778,-0.770714104,-0.803124607,-0.0155079728,-1.04438472,-1.2114352,-0.105815187,-1.22141862,-1.41016412,-0.135277107,-1.37395442,-1.5620755,-0.167474791,-0.759706676,-0.629500329,-0.163018644,-0.745267868,-1.35899711,-0.379189581,-0.430322021,-1.46996188,-0.402520806,-0.248934686,-1.41826153,-0.382639199,-0.65042454,-0.536983669,-0.312182724,-0.670922041,-1.22702408,-0.51509732,-0.372313559,-1.33299804,-0.469208091,-0.202478245,-1.27254832,-0.401461273,-0.489916444,-0.529174745,-0.455844909,-0.70734477,-0.854020953,-0.673592567,-0.873971939,-1.08491731,-0.756603658,-1.06683826,-1.25066936,-0.791380048
deer_horn,065ced8f3f3c,94,5.786848699994152,0,0,0,0.199952394,-0.474190623,0.0280885287,0.194770992,-0.856471658,0.0112859495,0.169609219,-1.11631763,-0.0423414633,0.0646321774,-1.27007186,-0.091157198,-0.366969138,-1.00715375,0.0855398029,-0.500935614,-1.36569929,0.0195237529,-0.583423853,-1.57273626,-0.0234347507,-0.67157948,-1.74924207,-0.0590357929,-0.425321847,-0.905035973,-0.00334917521,-0.33242327,-1.36083734,-0.183083981,-0.10805314,-1.33492839,-0.25778389,0.00651966548,-1.23235905,-0.268784612,-0.415757418,-0.809184551,-0.101528801,-0.32668373,-1.25863874,-0.273801297,-0.0685450807,-1.21826971,-0.271956414,0.0683488622,-1.09536481,-0.221096709,-0.351116896,-0.73351568,-0.201237366,-0.470395446,-1.0474602,-0.333600491,-0.542437196,-1.28919005,-0.374300569,-0.641818225,-1.49019384,-0.377620697
deer_horn,065ced8f3f3c,95,5.852409899991471,0,0,0,0.20316425,-0.460780501,0.159657165,0.211113378,-0.814600706,0.196627781,0.232389197,-1.04101682,0.155189916,0.136956096,-1.22981179,0.110084981,-0.277696282,-1.01987863,0.306342959,-0.421015799,-1.37721491,0.301561028,-0.502194285,-1.59630632,0.285635203,-0.576006353,-1.78896546,0.260013372,-0.350938439,-0.927380145,0.129646555,-0.268530756,-1.35042095,-0.0171064008,-0.0815415531,-1.28328919,-0.102534726,0.0177117717,-1.12327671,-0.11906527,-0.373440772,-0.846356809,-0.0543267131,-0.239402995,-1.27422118,-0.199118361,0.00421597762,-1.20557678,-0.197207928,0.120040096,-1.07059157,-0.148904279,-0.345052391,-0.764949799,-0.233552501,-0.448826879,-1.09647369,-0.33677724,-0.501419485,-1.34951794,-0.357857406,-0.580820203,-1.57388532,-0.353887796
deer_horn,065ced8f3f3c,96,5.926735499990173,0,0,0,0.241024122,-0.440683067,0.139098451,0.27661714,-0.773690403,0.168723062,0.310528278,-1.00202405,0.123334177,0.230920359,-1.19509637,0.0778951645,-0.176848218,-1.03212011,0.321826011,-0.29323411,-1.41414964,0.320596606,-0.339941353,-1.64368975,0.309279442,-0.384158015,-1.83855402,0.292489827,-0.253557742,-0.953493476,0.162968338,-0.18864581,-1.37342012,0.0272343792,0.012736558,-1.29090083,-0.0494185127,0.105236299,-1.12276042,-0.0520815589,-0.288123786,-0.889418244,-0.00567309698,-0.157384783,-1.30497646,-0.128125444,0.0864635408,-1.21190751,-0.11358729,0.187720686,-1.05332816,-0.0538481958,-0.276303142,-0.813683808,-0.172853976,-0.373422384,-1.14265549,-0.243621469,-0.420248002,-1.38583207,-0.245373771,-0.505403578,-1.59071207,-0.226131275
deer_horn,065ced8f3f3c,97,5.990996099993936,0,0,0,0.273416966,-0.222893089,-0.0784334838,0.396730989,-0.57736057,-0.133333787,0.459310055,-0.83818078,-0.202352121,0.362798959,-0.973426044,-0.259878993,0.0851550549,-1.02315688,0.00720148766,0.0406576134,-1.43565392,-0.056160517,0.0514580123,-1.65815008,-0.0842033699,0.0462773703,-1.84867251,-0.102225363,-0.0338862985,-0.99917829,-0.0222359058,0.0426299237,-1.39869392,-0.192111328,0.222626805,-1.20520699,-0.249771461,0.308719546,-0.971357167,-0.229815394,-0.14009589,-0.931569934,-0.0668793619,-0.0251559652,-1.28473926,-0.216216013,0.167828694,-1.11550748,-0.216500521,0.25067243,-0.92414248,-0.154806539,-0.229840368,-0.824998617,-0.120696716,-0.300569862,-1.18997204,-0.198237419,-0.319711149,-1.45178533,-0.210853562,-0.350438386,-1.67644346,-0.192703262
deer_horn,065ced8f3f3c,98,6.054715299993404,0,0,0,0.274823934,-0.188009262,-0.101664618,0.427158862,-0.536203921,-0.162174866,0.497460216,-0.800556898,-0.232415587,0.390056223,-0.948619187,-0.289042234,0.167372182,-1.01211071,-0.0111233927,0.150908217,-1.43252969,-0.0878162161,0.16010049,-1.65405822,-0.122213244,0.149106875,-1.84439075,-0.14187482,0.0422879532,-0.998737037,-0.0271295551,0.0773646086,-1.39573002,-0.208681658,0.233891621,-1.2007935,-0.27200827,0.323880225,-0.976412296,-0.254293114,-0.07928399,-0.943128705,-0.0612818934,0.000272392528,-1.30044341,-0.225056231,0.177697033,-1.11558712,-0.233910516,0.265945107,-0.916219473,-0.174156636,-0.19306314,-0.850338399,-0.105746299,-0.257425934,-1.21290827,-0.195551604,-0.279045612,-1.4753561,-0.219426781,-0.307198763,-1.70839167,-0.208482653
deer_horn,065ced8f3f3c,99,6.112740700002178,0,0,0,0.279832959,-0.168545082,-0.10634394,0.448657364,-0.495550066,-0.169799477,0.525658011,-0.774939895,-0.243392706,0.422274888,-0.930860102,-0.304464221,0.245205864,-0.984728932,-0.000465218327,0.255519718,-1.40471435,-0.0743155405,0.275283337,-1.6300739,-0.110042766,0.273697972,-1.8232125,-0.131368771,0.117828399,-0.992971539,-0.0111335861,0.144684479,-1.3823173,-0.183134884,0.268440545,-1.18607199,-0.25121063,0.337546349,-0.966307342,-0.24154605,-0.0121773845,-0.963538587,-0.0403858721,0.0420609973,-1.32914889,-0.197320059,0.203027353,-1.14674926,-0.214122966,0.287909389,-0.941712439,-0.164093256,-0.143156081,-0.890368223,-0.0798347145,-0.189537197,-1.25738358,-0.160306245,-0.206261814,-1.51528871,-0.184131384,-0.232072189,-1.73779356,-0.177103087
deer_horn,065ced8f3f3c,100,6.175004299991997,0,0,0,0.269516557,-0.0548175797,-0.130394429,0.49806565,-0.334789455,-0.197190925,0.57681495,-0.623365343,-0.268147677,0.47583434,-0.814010978,-0.326546162,0.48315379,-0.863042116,-0.0373211205,0.612339616,-1.23257828,-0.14524591,0.709076822,-1.44101179,-0.214306891,0.769078314,-1.63016331,-0.257534385,0.32899338,-0.943687677,-0.0348836109,0.370810658,-1.3407712,-0.223207906,0.419697702,-1.11751795,-0.305018157,0.444067359,-0.902359366,-0.307601511,0.166550547,-0.969224274,-0.0517991222,0.20743975,-1.34158242,-0.2198544,0.288389206,-1.09808171,-0.239230007,0.330410808,-0.864151657,-0.192569613,-0.00581373041,-0.938162982,-0.0806136727,0.00403063372,-1.3008461,-0.167521983,0.016835453,-1.55270576,-0.191811875,0.0268066637,-1.78308392,-0.186721936
deer_horn,065ced8f3f3c,101,6.238891000000876,0,0,0,0.282096982,-0.021267185,-0.127074987,0.515372813,-0.294675857,-0.188155875,0.567316711,-0.605248272,-0.251390785,0.465710461,-0.812876225,-0.302995533,0.549138188,-0.82266438,-0.0444245525,0.709083319,-1.17511857,-0.152455464,0.817492843,-1.38412845,-0.225866884,0.892752767,-1.57356393,-0.274466038,0.385167092,-0.921837509,-0.0431504808,0.446506292,-1.29903293,-0.227877498,0.462670028,-1.09094203,-0.309836417,0.467664838,-0.878206968,-0.315855533,0.210836247,-0.961052537,-0.0607781447,0.257831126,-1.33363426,-0.222437128,0.312763155,-1.1153996,-0.244770437,0.339531898,-0.893895566,-0.205369651,0.0272945296,-0.946557403,-0.0904485881,0.0534795076,-1.30617189,-0.183691248,0.0895150602,-1.55807698,-0.216001451,0.123155981,-1.7825377,-0.217104644
deer_horn,065ced8f3f3c,102,6.2994957999908365,0,0,0,0.265214235,-0.00570564717,-0.132800549,0.46057114,-0.274136603,-0.197925702,0.487430096,-0.59636277,-0.262582242,0.418836445,-0.843172491,-0.316846997,0.622555494,-0.75659126,-0.0686184615,0.832562685,-1.07360518,-0.195705652,0.980174839,-1.28318858,-0.289763421,1.08640993,-1.47010076,-0.351031631,0.448018402,-0.892138004,-0.0580453686,0.523447812,-1.27220356,-0.23819983,0.474708557,-1.03327918,-0.313435525,0.439731926,-0.809321165,-0.316541076,0.266988337,-0.960446715,-0.0649874955,0.337037951,-1.33375502,-0.217241302,0.327026784,-1.09005022,-0.218607023,0.303589731,-0.86299777,-0.167885706,0.0828585774,-0.978053868,-0.0848437846,0.140214577,-1.33671224,-0.17192468,0.191392571,-1.57095218,-0.185869083,0.241175726,-1.76804435,-0.172579721
deer_horn,065ced8f3f3c,103,6.361670199999935,0,0,0,0.26409176,0.000620107516,-0.141130581,0.457018048,-0.249565318,-0.221094608,0.476569325,-0.569232941,-0.298249632,0.402499676,-0.809502304,-0.364242256,0.641151369,-0.73976171,-0.0989838541,0.865708351,-1.05693841,-0.235440597,1.02824247,-1.26213205,-0.338278949,1.15076458,-1.43903232,-0.406226516,0.469893008,-0.878653705,-0.0846650824,0.537790537,-1.26514006,-0.258865744,0.466754645,-1.01894736,-0.329403818,0.430861264,-0.802501619,-0.334538698,0.290434867,-0.955674231,-0.0869867876,0.354072541,-1.33667457,-0.228199705,0.326151997,-1.08254516,-0.21668081,0.303331971,-0.850918293,-0.163105264,0.109031081,-0.98077029,-0.103834979,0.175766081,-1.33419013,-0.184898585,0.221332103,-1.56473649,-0.191210791,0.273388952,-1.76683366,-0.174703255
deer_horn,065ced8f3f3c,104,6.427734700002475,0,0,0,0.252127945,-0.00548875891,-0.183746144,0.411159337,-0.221807927,-0.287394106,0.39242962,-0.509151042,-0.382121056,0.297202051,-0.764974117,-0.466509402,0.614828765,-0.745927036,-0.180728897,0.868282557,-1.07894993,-0.32563597,1.03028738,-1.29281294,-0.428515047,1.15197802,-1.49161077,-0.4987441,0.443436414,-0.882085383,-0.159026876,0.5255844,-1.25552201,-0.359584004,0.417026967,-0.982165039,-0.452660501,0.357125103,-0.744713604,-0.475448519,0.266186595,-0.963337719,-0.151632071,0.324954599,-1.3376404,-0.323326796,0.268077821,-1.08102262,-0.338732243,0.235767841,-0.847308993,-0.302384079,0.0950602591,-0.995410264,-0.159774497,0.165482029,-1.3443929,-0.254815996,0.195779324,-1.55355775,-0.269212633,0.242182434,-1.74356234,-0.260887772
deer_horn,065ced8f3f3c,105,6.486877699993784,0,0,0,0.230497435,-0.0147375436,-0.198641881,0.37770009,-0.218928084,-0.301860482,0.367588669,-0.506048143,-0.387660205,0.2743738,-0.755457044,-0.461423099,0.602909327,-0.743076026,-0.206285298,0.859157443,-1.05735707,-0.340596944,1.01714218,-1.26337039,-0.43402946,1.13838208,-1.46444225,-0.500375986,0.431096941,-0.885647178,-0.172582,0.503162086,-1.25186563,-0.362738192,0.402985454,-0.951698244,-0.446854711,0.356027842,-0.718976855,-0.467072308,0.25878787,-0.969054759,-0.151839018,0.3154248,-1.3143605,-0.318048149,0.26112625,-1.04466498,-0.330287755,0.242798433,-0.822208464,-0.295631111,0.0912541151,-0.995263875,-0.146817118,0.164056346,-1.34676957,-0.241816089,0.191519663,-1.55170357,-0.255152851,0.251401305,-1.74071133,-0.248482823
deer_horn,065ced8f3f3c,106,6.548807799990755,0,0,0,0.221859753,0.0139327813,-0.20027028,0.370666742,-0.188060939,-0.31291312,0.350260973,-0.471708,-0.411749154,0.268822849,-0.741764605,-0.499234289,0.619476974,-0.730618954,-0.199837223,0.888689876,-1.04509699,-0.328285933,1.04779875,-1.25538385,-0.417467684,1.17551255,-1.45377421,-0.482055157,0.446849763,-0.878320098,-0.169938609,0.509994149,-1.23298538,-0.360400349,0.38609001,-0.950201511,-0.449977636,0.325206548,-0.716005683,-0.473706275,0.273193866,-0.961167634,-0.152401909,0.318734318,-1.30407858,-0.317376703,0.245405465,-1.06499255,-0.333454698,0.215640739,-0.850997329,-0.302437961,0.102750435,-0.986801744,-0.150502607,0.170345336,-1.33253574,-0.241274998,0.195030242,-1.54048252,-0.252391487,0.254392594,-1.72510326,-0.244871721
deer_horn,065ced8f3f3c,107,6.612645100001828,0,0,0,0.157875687,0.0367683768,-0.288561732,0.246382669,-0.0990585238,-0.466055065,0.191441461,-0.325466961,-0.615768671,0.131720424,-0.575647056,-0.758540511,0.555758417,-0.725923181,-0.35642606,0.799476504,-1.05369473,-0.532497227,0.95746702,-1.27948189,-0.649504125,1.07795584,-1.49262559,-0.727825642,0.378196657,-0.875529885,-0.300690472,0.374372005,-1.21007335,-0.534594357,0.235992566,-0.903107226,-0.642637789,0.175202668,-0.660786808,-0.678799689,0.195225462,-0.951631367,-0.260859013,0.165183976,-1.24525583,-0.472456723,0.062495783,-0.932866514,-0.505071878,0.0406443439,-0.70872128,-0.478930563,0.026767442,-0.980114222,-0.241092548,0.103192225,-1.38904893,-0.355416596,0.133453175,-1.61358142,-0.371067494,0.200730354,-1.83653343,-0.367195845
deer_horn,065ced8f3f3c,108,6.708897799995611,0,0,0,0.113961443,0.0679678768,-0.256117195,0.120498419,0.0147344247,-0.439762503,-0.0749748126,-0.0656447485,-0.605467856,-0.259776384,-0.189761296,-0.765774667,0.33145377,-0.721583366,-0.391239762,0.473491371,-0.939576387,-0.599577367,0.560387611,-1.15891874,-0.725119948,0.630463779,-1.35402739,-0.796362162,0.169997036,-0.919130445,-0.35538736,-0.0594795831,-0.92179966,-0.617520928,-0.135854334,-0.5699687,-0.710904777,-0.1229776,-0.334326923,-0.730144918,-0.00938344281,-0.984362245,-0.333109021,-0.238328591,-0.992589533,-0.583188415,-0.254825711,-0.628366351,-0.606067717,-0.196745619,-0.422594607,-0.560105801,-0.193799645,-0.990234733,-0.325753957,-0.263813376,-1.33508277,-0.461401224,-0.283865303,-1.5141443,-0.461191952,-0.258534759,-1.7047863,-0.432925045
deer_horn,065ced8f3f3c,109,6.770405199989909,0,0,0,0.135302722,0.0328571312,-0.266293913,0.182923287,-0.0446764454,-0.442492783,0.0544159748,-0.186815649,-0.590684772,-0.0733454749,-0.382655233,-0.721762538,0.307091177,-0.749401629,-0.366367489,0.278419971,-0.784869492,-0.539585888,0.288613081,-0.744457662,-0.632044137,0.324073195,-0.758337319,-0.67484647,0.13970831,-0.940650523,-0.309286565,-0.109469295,-0.844243228,-0.524897397,-0.161022425,-0.482004493,-0.606007516,-0.129399329,-0.243412584,-0.620082378,-0.0391211323,-1.00647509,-0.266635209,-0.253859937,-0.921118259,-0.482306093,-0.255024791,-0.554473937,-0.5204162,-0.193141475,-0.342610955,-0.486079484,-0.204100341,-1.01489019,-0.236972749,-0.303338915,-1.31360817,-0.347409099,-0.359534591,-1.46263182,-0.354486793,-0.377274603,-1.62225401,-0.33199659
deer_horn,065ced8f3f3c,110,6.834615899992059,0,0,0,0.253598988,0.117408738,-0.337316126,0.393360376,0.0940560475,-0.573331594,0.22798866,0.124828763,-0.763941228,0.0442818366,0.215390205,-0.933610499,0.390523434,-0.740663886,-0.513073027,0.0438267365,-0.584803462,-0.735044837,-0.0906718969,-0.357703477,-0.85529542,-0.144536972,-0.2109171,-0.915310621,0.151911631,-0.889889359,-0.430139244,-0.236911491,-0.506420672,-0.636083186,-0.20790647,-0.131108522,-0.698517203,-0.116875269,0.0654447228,-0.724047482,-0.0697555766,-0.880546272,-0.364381582,-0.416653484,-0.551873505,-0.570040166,-0.335969985,-0.179164991,-0.575238585,-0.22191149,0.0271506961,-0.532644928,-0.256536275,-0.792338729,-0.322358102,-0.469903529,-0.947569907,-0.45136252,-0.577966392,-1.0761137,-0.453881025,-0.685109913,-1.21562529,-0.426129133
deer_horn,065ced8f3f3c,111,6.9114797999936854,0,0,0,0.250492096,0.122369371,-0.371394485,0.394142509,0.137663737,-0.628229678,0.180191904,0.176577583,-0.832850158,-0.0721989125,0.268902034,-1.010867,0.42809689,-0.712183595,-0.555240929,0.219987005,-0.565004408,-0.811091244,0.0152776372,-0.384157598,-0.94645679,-0.136879161,-0.283917069,-1.01777291,0.161464483,-0.871256232,-0.463510334,-0.184599638,-0.436751992,-0.695684314,-0.144429892,-0.0328816175,-0.747546077,-0.0564527512,0.119145028,-0.769614577,-0.0818524212,-0.851894796,-0.398037463,-0.40485391,-0.479758441,-0.657198608,-0.299070597,-0.0989544168,-0.665942609,-0.185446978,0.100540787,-0.62559092,-0.273113638,-0.737809658,-0.360207468,-0.530180335,-0.819615602,-0.572870553,-0.674567938,-0.890367568,-0.611335695,-0.814545512,-0.983163297,-0.598336935
deer_horn,065ced8f3f3c,112,6.974253099993803,0,0,0,0.280139506,0.128241956,-0.380740881,0.41845423,0.129324466,-0.632866919,0.1441544,0.185148597,-0.820975125,-0.210701212,0.270622164,-0.987262547,0.296950012,-0.667401314,-0.644346893,0.0415565707,-0.495811731,-0.898463845,-0.0970783755,-0.343596905,-1.0486716,-0.197783679,-0.280008733,-1.14745104,0.0219774004,-0.834327757,-0.550830483,-0.407680839,-0.309203207,-0.789310455,-0.303768277,0.100452706,-0.857628047,-0.184437528,0.278030694,-0.904022217,-0.215135172,-0.798268735,-0.474663675,-0.598775506,-0.280450284,-0.722113788,-0.417974383,0.103380509,-0.727553844,-0.249250919,0.299661011,-0.69865948,-0.399802417,-0.653075576,-0.427226812,-0.726013541,-0.671824336,-0.645225585,-0.879717112,-0.742404819,-0.682201624,-1.02445078,-0.838436007,-0.675144315
deer_horn,065ced8f3f3c,113,7.035426100002951,0,0,0,0.312553108,0.103306092,-0.371198446,0.45724526,0.0589228459,-0.615580618,0.137734994,0.0988803953,-0.802439511,-0.248246267,0.184434474,-0.966555178,0.311277688,-0.740747035,-0.567679405,0.0704856291,-0.548674464,-0.876959085,-0.0685392022,-0.343603104,-1.07210183,-0.173010871,-0.276961625,-1.18995404,-0.0181382112,-0.868976533,-0.494520813,-0.332338035,-0.294971108,-0.787202656,-0.210296795,0.149897724,-0.86321187,-0.107618466,0.257951111,-0.892750263,-0.280452877,-0.797361612,-0.450781733,-0.551787436,-0.186545938,-0.727624476,-0.34390232,0.186771095,-0.721232176,-0.18177627,0.281165153,-0.673201084,-0.472134799,-0.63770932,-0.44011721,-0.725198448,-0.329766333,-0.65549165,-0.742452383,-0.220891327,-0.672853529,-0.767338991,-0.262240112,-0.645215929
deer_horn,065ced8f3f3c,114,7.103858399990713,0,0,0,0.285964221,0.0606705658,-0.354788035,0.421487719,0.0388633758,-0.580456138,0.148256853,0.27017799,-0.744771123,-0.236372367,0.526962519,-0.872561872,0.158771247,-0.804761112,-0.572758734,-0.120549642,-0.253301859,-0.7818923,-0.0580888167,0.0563027412,-0.84673512,0.0150177982,0.0273559596,-0.889151514,-0.158293843,-0.857029498,-0.490350366,-0.409610182,-0.0925330669,-0.69984585,-0.21029681,0.293257713,-0.701786399,-0.0904868245,0.228119358,-0.696834922,-0.397387207,-0.760011375,-0.429037005,-0.6344558,-0.0757647902,-0.659469783,-0.393767923,0.241343752,-0.634655356,-0.226124421,0.289714366,-0.583405614,-0.542135775,-0.590426266,-0.399558455,-0.840943277,-0.453829169,-0.628477156,-1.00408924,-0.469761491,-0.680828989,-1.17219019,-0.542334139,-0.677999437
deer_horn,065ced8f3f3c,115,7.166670999999042,0,0,0,0.292841971,0.114571035,-0.405319571,0.413247466,0.140583768,-0.653230548,0.118140884,0.365929663,-0.825110614,-0.273359805,0.620417535,-0.957368612,0.0960576236,-0.697390616,-0.684071779,-0.266150177,-0.0549630821,-0.882587075,-0.148146987,0.319960594,-0.924601197,-0.0309241675,0.304574221,-0.961345792,-0.224559426,-0.786489725,-0.575332046,-0.536378562,0.027688615,-0.773904443,-0.307304204,0.410590172,-0.756063581,-0.17276141,0.33417663,-0.74674648,-0.452370942,-0.72724694,-0.483628154,-0.721171796,0.0271687247,-0.704537392,-0.458014846,0.322795749,-0.667105854,-0.280413061,0.353461623,-0.616473675,-0.576435506,-0.578848779,-0.42731595,-0.914852798,-0.379672617,-0.673524618,-1.10180545,-0.366538763,-0.73356241,-1.29039657,-0.40343672,-0.736700237
deer_horn,065ced8f3f3c,116,7.2445768999896245,0,0,0,0.283413887,0.127289593,-0.37417081,0.457153708,0.155401275,-0.619024277,0.20553264,0.412857771,-0.799382091,-0.166165933,0.73170805,-0.947621942,0.15165472,-0.714537382,-0.657950163,-0.174638629,-0.117090948,-0.8691082,-0.0820260122,0.237848818,-0.933078289,0.0112891579,0.269335002,-0.980527461,-0.186271951,-0.800063074,-0.570264697,0.15733524,-0.108280483,-0.395071312,0.374237228,0.295519233,-0.393022999,0.505529943,0.296305419,-0.396177277,-0.440304458,-0.716633677,-0.497803599,-0.708508551,0.0497820862,-0.728463531,-0.452506632,0.383922935,-0.703579903,-0.269506812,0.473877251,-0.659339786,-0.591975093,-0.552888274,-0.457752407,-0.922562838,-0.346983016,-0.697181702,-1.08555055,-0.359101593,-0.755971134,-1.24834538,-0.416443348,-0.760856807
deer_horn,065ced8f3f3c,117,7.317970399992191,0,0,0,0.293427527,0.109537207,-0.362884909,0.471286863,0.0978796855,-0.602807879,0.204663947,0.329690903,-0.787136555,-0.194919616,0.609832644,-0.943863869,0.163054913,-0.738250136,-0.625640392,-0.143732369,-0.18526271,-0.850187302,-0.0767092034,0.109301187,-0.933944166,0.0102688037,0.161477968,-0.985283315,-0.161549062,-0.821932614,-0.546194732,0.137643773,-0.133917967,-0.385559007,0.360210675,0.25036642,-0.410714909,0.524797651,0.318656475,-0.426087483,-0.419187576,-0.73789227,-0.48191911,-0.731865406,0.0375704989,-0.74760133,-0.46318534,0.386244208,-0.747963965,-0.251317322,0.525866389,-0.704337895,-0.576079845,-0.567789495,-0.445677668,-0.933171511,-0.398260683,-0.699062049,-1.11908221,-0.398815483,-0.753066719,-1.29708207,-0.429225028,-0.745714486
deer_horn,065ced8f3f3c,118,7.382598099997267,0,0,0,0.287160039,0.10741841,-0.343191832,0.479139954,0.0761968717,-0.568743706,0.245217979,0.268447161,-0.739086688,-0.117023766,0.548285604,-0.878890872,0.203227997,-0.761536956,-0.583372772,-0.0806861967,-0.251877636,-0.777347207,-0.0129492218,0.036223568,-0.838870168,0.0633197874,0.0767712519,-0.88129735,-0.106151238,-0.855758309,-0.506369054,-0.415751308,-0.0774750486,-0.69696039,-0.202684462,0.300629675,-0.706894279,-0.0581558533,0.341592044,-0.714481711,-0.352611065,-0.781131506,-0.443820477,-0.645114541,-0.0294791125,-0.677415252,-0.390971899,0.300538272,-0.671630323,-0.198253512,0.409464508,-0.633177996,-0.50767076,-0.614781857,-0.408358246,-0.838427186,-0.436036438,-0.640277326,-1.0181247,-0.42570582,-0.693518519,-1.19308627,-0.458476484,-0.69200182
deer_horn,065ced8f3f3c,119,7.458920399993076,0,0,0,0.20956029,0.0605269745,-0.277093917,0.288611174,0.00629592361,-0.474948078,0.0842376053,0.00461361604,-0.650286198,-0.138696894,-0.0595214777,-0.812776864,0.30487594,-0.764858902,-0.403076798,0.395799726,-1.08443308,-0.594343066,0.453247726,-1.36036909,-0.71044451,0.49090752,-1.59774292,-0.784967363,0.0888063237,-0.926584542,-0.365451157,-0.0614523813,-0.839412391,-0.611700833,-0.0878545269,-0.479753107,-0.708521366,-0.056622114,-0.248863518,-0.73511368,-0.112035036,-0.931000471,-0.340168089,-0.296844482,-0.796957016,-0.557189941,-0.228422135,-0.458016872,-0.559689879,-0.132281989,-0.269724786,-0.506964624,-0.307205439,-0.85704422,-0.337530255,-0.461312056,-1.06817937,-0.466178656,-0.576634884,-1.21792471,-0.462259382,-0.661462724,-1.37494278,-0.429516166
deer_horn,065ced8f3f3c,120,7.536862499997369,0,0,0,0.179496005,0.0625675097,-0.276672602,0.225543946,-0.0021375129,-0.466474622,0.0418704227,-0.102399729,-0.630792677,-0.14129886,-0.247563258,-0.782832146,0.296862394,-0.771359086,-0.417773396,0.430900484,-1.17211819,-0.60920471,0.512693405,-1.46487665,-0.718906641,0.575916409,-1.72394454,-0.785187364,0.096400246,-0.922541499,-0.373663157,-9.52513656e-05,-0.983531296,-0.622249603,-0.0365259647,-0.605458736,-0.710365355,-0.0225375555,-0.363605142,-0.724337339,-0.103039853,-0.946915507,-0.339375705,-0.266176105,-0.924738169,-0.55830127,-0.209860429,-0.580266774,-0.547935963,-0.118925169,-0.40321663,-0.482129604,-0.300845355,-0.911807001,-0.324974269,-0.41696623,-1.2052412,-0.442427576,-0.512055516,-1.37351608,-0.416961133,-0.56878382,-1.56631994,-0.367469281
deer_horn,065ced8f3f3c,121,7.602859399994486,0,0,0,0.180164248,-0.0160990208,-0.218627006,0.241071641,-0.177161902,-0.340548754,0.0941188559,-0.335543871,-0.438915044,-0.0634641126,-0.465036839,-0.52218169,0.348476052,-0.869061232,-0.302097172,0.51428622,-1.28272521,-0.449802697,0.617041945,-1.56010807,-0.544089615,0.683512807,-1.7980839,-0.606229365,0.15674524,-0.951829195,-0.263537765,0.0688822344,-1.14513206,-0.46571216,0.0298713148,-0.799421549,-0.540952563,0.0439834148,-0.566410601,-0.552923679,-0.0257852674,-0.967763662,-0.234448165,-0.16447331,-1.07967055,-0.413233161,-0.130693644,-0.764725089,-0.412898839,-0.0548571795,-0.587419033,-0.363185346,-0.207628578,-0.940628767,-0.221383989,-0.285469919,-1.25911486,-0.319834739,-0.361381054,-1.44425881,-0.311252028,-0.391531497,-1.64389157,-0.281231761
deer_horn,065ced8f3f3c,122,7.664340299990727,0,0,0,0.215615854,-0.0957014039,-0.192691088,0.273315161,-0.338881344,-0.294187367,0.15330489,-0.583896577,-0.378207713,0.0124693168,-0.766543508,-0.450012028,0.398639917,-0.913442612,-0.146246269,0.564447165,-1.26362491,-0.261017591,0.668518126,-1.51112056,-0.354698837,0.719862342,-1.74561298,-0.428478479,0.209779233,-0.969276965,-0.128432289,0.142353565,-1.33412588,-0.33631146,0.104461282,-1.02191186,-0.455887079,0.0825652555,-0.750051916,-0.486863077,0.0238800012,-0.986361206,-0.125400499,-0.0585174412,-1.33973479,-0.274261624,-0.13695392,-1.35678029,-0.343539506,-0.189134985,-1.35095525,-0.361228943,-0.142568737,-0.959887326,-0.136727184,-0.168875188,-1.28660226,-0.187933311,-0.203705773,-1.47698903,-0.195604116,-0.217110708,-1.6608994,-0.200910956
deer_horn,065ced8f3f3c,123,7.7290708999935305,0,0,0,0.286341906,-0.193389475,-0.124246821,0.400482148,-0.558235347,-0.151573181,0.367890537,-0.930924714,-0.186326742,0.316442907,-1.17589462,-0.213556215,0.375502795,-0.925414205,0.108576089,0.461471796,-1.23906481,0.0567861833,0.515579641,-1.4243505,-0.0110727409,0.540595412,-1.58315337,-0.0615437217,0.189034298,-0.975012064,0.116693839,0.155331403,-1.38850856,-0.0179180074,0.1935523,-1.33417284,-0.147223979,0.234371409,-1.17506492,-0.200192466,0.0215618592,-0.995591044,0.10085357,-0.0253641885,-1.358531,-0.0163745843,0.0581870191,-1.33850765,-0.105912685,0.132681444,-1.2181282,-0.130821049,-0.143065542,-0.952652156,0.0729471669,-0.180451557,-1.27908587,0.0339496508,-0.20239906,-1.49227071,-0.00326090679,-0.214607313,-1.6377486,-0.0254957955
deer_horn,065ced8f3f3c,124,7.789154799989774,0,0,0,0.286341906,-0.193389475,-0.124246821,0.400482148,-0.558235347,-0.151573181,0.367890537,-0.930924714,-0.186326742,0.316442907,-1.17589462,-0.213556215,0.375502795,-0.925414205,0.108576089,0.461471796,-1.23906481,0.0567861833,0.515579641,-1.4243505,-0.0110727409,0.540595412,-1.58315337,-0.0615437217,0.189034298,-0.975012064,0.116693839,0.155331403,-1.38850856,-0.0179180074,0.1935523,-1.33417284,-0.147223979,0.234371409,-1.17506492,-0.200192466,0.0215618592,-0.995591044,0.10085357,-0.0253641885,-1.358531,-0.0163745843,0.0581870191,-1.33850765,-0.105912685,0.132681444,-1.2181282,-0.130821049,-0.143065542,-0.952652156,0.0729471669,-0.180451557,-1.27908587,0.0339496508,-0.20239906,-1.49227071,-0.00326090679,-0.214607313,-1.6377486,-0.0254957955
deer_horn,065ced8f3f3c,125,7.851829199993517,0,0,0,0.279004455,-0.230046719,-0.109625742,0.389745384,-0.596357405,-0.138185009,0.372562855,-0.964060485,-0.181058437,0.322549641,-1.24381506,-0.219019428,0.344293416,-0.932232022,0.141148001,0.425293028,-1.25085354,0.0819526687,0.483088344,-1.43529069,0.000927788264,0.517701149,-1.58644271,-0.0574647337,0.161406964,-0.976886392,0.1401456,0.135725349,-1.37092412,0.00831323303,0.186135575,-1.33955014,-0.135132492,0.235786468,-1.20542133,-0.202171445,-0.00224167365,-0.993779242,0.113508232,-0.0548294187,-1.35834777,-0.00222475687,0.0420430824,-1.36984241,-0.105081327,0.129746348,-1.26436126,-0.141620621,-0.165519521,-0.942996204,0.0759258196,-0.211406454,-1.26117826,0.0345467851,-0.240410224,-1.47329843,-0.0126922047,-0.25916791,-1.61013198,-0.0428550616
deer_horn,065ced8f3f3c,126,7.91181659999711,0,0,0,0.300467938,-0.306534737,-0.0471295193,0.422838062,-0.703578651,-0.0331150703,0.445907652,-1.07604122,-0.0418429077,0.457685739,-1.36189771,-0.0421039388,0.329212278,-0.918664277,0.28756088,0.350676656,-1.22530329,0.242081717,0.372071654,-1.2550205,0.147420645,0.40308395,-1.1985594,0.0967564657,0.156175569,-0.946405292,0.282712191,0.115834951,-1.3269335,0.218055159,0.152940854,-1.34349263,0.0789372548,0.209388509,-1.22529352,0.00703628408,-0.00377086084,-0.952027738,0.247195512,-0.0546423756,-1.30033779,0.207455873,-0.00155404431,-1.36736894,0.116797224,0.0562025085,-1.29152048,0.0758365765,-0.168571398,-0.890294909,0.202943236,-0.214163467,-1.17979813,0.23297742,-0.241845265,-1.36753404,0.220135808,-0.259796113,-1.46874356,0.209157661
deer_horn,065ced8f3f3c,127,7.974540499999421,0,0,0,0.298115313,-0.272877246,-0.0599306449,0.436542004,-0.665974319,-0.054830227,0.469847262,-1.04152787,-0.0697329789,0.468770772,-1.32156169,-0.0737085268,0.333131641,-0.907347202,0.262956738,0.34717986,-1.21979284,0.224753022,0.354094476,-1.20990288,0.143439353,0.355816483,-1.1371628,0.100214489,0.165995806,-0.949684083,0.265604138,0.14769949,-1.31344151,0.210919827,0.179892257,-1.30874455,0.0923835337,0.213192269,-1.1886425,0.0348722301,0.0059980005,-0.969391942,0.237785652,-0.028091168,-1.31204689,0.211000204,0.0289802849,-1.34877717,0.14522706,0.0785709321,-1.27398932,0.119638994,-0.158011153,-0.9228248,0.199048236,-0.187895924,-1.21351194,0.240844041,-0.207861617,-1.38088202,0.246918172,-0.227382526,-1.47395897,0.249905378
deer_horn,065ced8f3f3c,128,8.038618199992925,0,0,0,0.300024033,-0.288049996,-0.0551449545,0.441025764,-0.686449587,-0.0455974303,0.484445006,-1.05247331,-0.0590941533,0.500411332,-1.33588994,-0.0645456016,0.324456334,-0.907932281,0.28091833,0.327210814,-1.21606994,0.247114107,0.325565994,-1.24068415,0.164343894,0.321653783,-1.19108486,0.11854431,0.162409276,-0.946849585,0.277667254,0.139092013,-1.31496584,0.212315902,0.171763122,-1.33184433,0.0771942362,0.208873346,-1.21384323,0.0111881942,0.00642029522,-0.969163954,0.244141191,-0.0283720121,-1.31672931,0.207991362,0.0223989561,-1.36845589,0.123703882,0.0653393269,-1.29148304,0.0893857703,-0.156004995,-0.925952911,0.200594708,-0.193543583,-1.2283355,0.236463115,-0.217795148,-1.41214073,0.231763646,-0.238756284,-1.50972438,0.227692261
deer_horn,0811126d80b5,0,0.028216099832206964,0,0,0,0.253447324,-0.0310184471,-0.116061561,0.544923365,-0.303824902,-0.177809894,0.74416846,-0.524326146,-0.245820403,0.902691782,-0.712505996,-0.303497463,0.465111524,-0.886608481,-0.0973333269,0.573984087,-1.34252787,-0.210087731,0.676987648,-1.58829093,-0.26250419,0.771831036,-1.79879475,-0.291051149,0.342599213,-0.932909429,-0.110931352,0.497088134,-1.31041849,-0.324836463,0.620506287,-1.02402043,-0.385938942,0.667384207,-0.758753359,-0.368266582,0.20007813,-0.931532979,-0.141561598,0.358209252,-1.26191664,-0.339161038,0.485561699,-0.955530107,-0.336857647,0.52695936,-0.691472113,-0.2674371,0.0417941697,-0.898173809,-0.183175892,0.0577230044,-1.30722666,-0.30254367,0.086109817,-1.57548237,-0.329079896,0.0943230987,-1.81829083,-0.318799406
deer_horn,0811126d80b5,1,0.10465870006009936,0,0,0,0.251720071,-0.0469553545,-0.113028981,0.523726106,-0.331653625,-0.172348946,0.682985127,-0.56694442,-0.239689291,0.761345387,-0.806702852,-0.294272244,0.451190829,-0.903862298,-0.0929051414,0.550943971,-1.35784888,-0.198102653,0.648832917,-1.60389948,-0.241825581,0.735697031,-1.82471347,-0.265335053,0.327584088,-0.938244224,-0.111294307,0.460424691,-1.3452369,-0.321074098,0.590208411,-1.09876621,-0.380999058,0.653564334,-0.842265308,-0.362277746,0.187189877,-0.916462302,-0.146155402,0.351357847,-1.23539031,-0.345420539,0.473821223,-0.92614758,-0.344198465,0.511312962,-0.658568978,-0.273821443,0.0351784602,-0.861927629,-0.192022189,0.046659898,-1.27106667,-0.318309903,0.0740806088,-1.54818451,-0.349439502,0.0844696984,-1.79168046,-0.341886342
deer_horn,0811126d80b5,2,0.18609010009095073,0,0,0,0.250674009,-0.0514772721,-0.113764845,0.522201657,-0.334307939,-0.173643306,0.680074692,-0.567377448,-0.241064951,0.740491629,-0.806072176,-0.294999093,0.452427745,-0.905226886,-0.0920378938,0.546126544,-1.36004519,-0.19721666,0.640622556,-1.60882294,-0.240904555,0.725390315,-1.82845342,-0.264103055,0.330018103,-0.937648773,-0.109100148,0.465779275,-1.34365618,-0.314876854,0.586913884,-1.10255229,-0.371242911,0.640332639,-0.847938836,-0.350882351,0.190278143,-0.91376251,-0.142738536,0.35261026,-1.22896409,-0.338514715,0.467376202,-0.923563182,-0.33200717,0.497544974,-0.66017437,-0.25857529,0.0376861393,-0.856575549,-0.187742412,0.0488558263,-1.26290703,-0.31061855,0.0742732957,-1.53124082,-0.336448014,0.0818694681,-1.76667178,-0.324630111
deer_horn,0811126d80b5,3,0.26841589994728565,0,0,0,0.241405845,-0.0462440848,-0.116706371,0.514656186,-0.322111726,-0.182638586,0.676508546,-0.543357849,-0.256642014,0.721437454,-0.770114243,-0.318644702,0.461019993,-0.909356594,-0.102180667,0.561085701,-1.3825171,-0.210450321,0.656612813,-1.64723337,-0.252176315,0.737035751,-1.87269139,-0.274072528,0.332834601,-0.93523562,-0.120645843,0.466572344,-1.35958338,-0.330954552,0.600964785,-1.12920678,-0.382584989,0.662160516,-0.884320796,-0.356407583,0.188522607,-0.90300101,-0.156189054,0.350195467,-1.22582316,-0.35667178,0.473117381,-0.925132751,-0.346191138,0.506151974,-0.663895547,-0.26772356,0.0345532186,-0.836929202,-0.203348964,0.0463129133,-1.25307071,-0.331475556,0.0621403195,-1.52398503,-0.358617127,0.0520721488,-1.76496983,-0.346005499
deer_horn,0811126d80b5,4,0.35118879983201623,0,0,0,0.242612138,-0.0524026528,-0.116332762,0.512660801,-0.323683321,-0.182337701,0.675910592,-0.541144788,-0.25558731,0.725217521,-0.771004677,-0.315204531,0.462754399,-0.908690274,-0.100458033,0.560397267,-1.37957692,-0.208164662,0.656343222,-1.6433152,-0.249485284,0.73712337,-1.86492527,-0.27027759,0.337036073,-0.934326768,-0.115931794,0.473034561,-1.35705721,-0.316384465,0.600241005,-1.12476134,-0.36102432,0.65136838,-0.882180631,-0.332702249,0.192198083,-0.90408814,-0.148685142,0.354996592,-1.22995639,-0.340814084,0.473351061,-0.931061327,-0.324098885,0.498461694,-0.673926115,-0.243968531,0.0362817235,-0.841280758,-0.193349421,0.0439714715,-1.25198162,-0.31522432,0.0612353794,-1.51550066,-0.337092131,0.0514413044,-1.74993956,-0.321544051
deer_horn,0811126d80b5,5,0.43704510014504194,0,0,0,0.236925349,-0.0516419634,-0.117678978,0.503448904,-0.327371776,-0.182461545,0.667013347,-0.548217297,-0.253981769,0.720560133,-0.778110087,-0.311924785,0.460366279,-0.909835875,-0.10410136,0.554584384,-1.38090122,-0.215118855,0.651748776,-1.64167213,-0.258537829,0.734742761,-1.86402392,-0.280468673,0.332097709,-0.935751915,-0.118656918,0.464301825,-1.35641372,-0.324540257,0.587798119,-1.11223137,-0.370864332,0.636044621,-0.860494733,-0.34285599,0.185595647,-0.904729128,-0.150656357,0.344175786,-1.23051143,-0.348205119,0.46217823,-0.925181746,-0.332101464,0.489430636,-0.665373743,-0.251641363,0.028958369,-0.843586385,-0.19431816,0.0335497968,-1.24900079,-0.319627732,0.0447157882,-1.51135111,-0.34275502,0.0298820306,-1.74791729,-0.32806167
deer_horn,0811126d80b5,6,0.5177986999042332,0,0,0,0.239840314,-0.0509650856,-0.117472917,0.50949198,-0.325639069,-0.183151633,0.674192965,-0.550685465,-0.255779773,0.724783421,-0.786892116,-0.314807445,0.462164789,-0.90738517,-0.106112212,0.558490932,-1.38351095,-0.218785957,0.656990707,-1.6449784,-0.261625051,0.74016124,-1.8655498,-0.282392651,0.336444914,-0.93393755,-0.120687656,0.470196098,-1.35993969,-0.327666044,0.591245413,-1.11144173,-0.372976691,0.634567201,-0.860521257,-0.343833029,0.190663338,-0.905031025,-0.152788743,0.347593069,-1.23474813,-0.351235539,0.468112767,-0.931454599,-0.335148603,0.496545762,-0.674054921,-0.254546851,0.0339602195,-0.845776856,-0.196547702,0.0373230353,-1.25621307,-0.323245794,0.0489537306,-1.52026594,-0.347542852,0.0337674879,-1.75733805,-0.333448976
deer_horn,0811126d80b5,7,0.6003004000522196,0,0,0,0.227750272,-0.0414851606,-0.115644231,0.495699823,-0.324706137,-0.174625203,0.65602684,-0.550047874,-0.239482209,0.714791894,-0.77550149,-0.291917026,0.458260477,-0.901691258,-0.112635121,0.552550793,-1.37899196,-0.23033087,0.653650105,-1.62734127,-0.276926786,0.742089033,-1.83897769,-0.300066262,0.332608253,-0.934424222,-0.127370089,0.469742209,-1.35347331,-0.339648306,0.589949489,-1.09187675,-0.387629062,0.631522357,-0.832422614,-0.360875189,0.189504862,-0.905267417,-0.159699783,0.337839156,-1.23680651,-0.363072246,0.460906416,-0.938887119,-0.35280627,0.496396363,-0.684847832,-0.277148545,0.0353469588,-0.844959676,-0.202954173,0.0331256948,-1.25656462,-0.338564456,0.045489952,-1.52734232,-0.371346623,0.033556249,-1.76728272,-0.363338947
deer_horn,0811126d80b5,8,0.682330199982971,0,0,0,0.235208943,-0.0443903469,-0.116813786,0.501741886,-0.324091882,-0.178138912,0.661306798,-0.553883314,-0.244860694,0.714043856,-0.78356868,-0.298353106,0.466698557,-0.898967683,-0.112199359,0.558255732,-1.37699306,-0.229929611,0.657699883,-1.62539256,-0.275728196,0.741946697,-1.83844268,-0.297995657,0.340583801,-0.931720555,-0.126093149,0.474027991,-1.35783875,-0.340027213,0.588948429,-1.09511638,-0.38812688,0.622777104,-0.836283863,-0.360200822,0.1947781,-0.906178772,-0.157468468,0.336915463,-1.23917818,-0.361298203,0.462242693,-0.945623875,-0.351166874,0.499302447,-0.696729898,-0.275104821,0.0365449861,-0.848723114,-0.199700803,0.0335390009,-1.2536521,-0.331177711,0.047549203,-1.51568007,-0.360409856,0.0384346582,-1.74754822,-0.350090891
deer_horn,0811126d80b5,9,0.7542758001945913,0,0,0,0.233130842,-0.0490537882,-0.119264178,0.499054343,-0.333990216,-0.182401016,0.653255522,-0.569054961,-0.250985831,0.689899683,-0.804008603,-0.306560963,0.460095584,-0.901115596,-0.11136625,0.558854043,-1.36988604,-0.226637274,0.656468987,-1.61721301,-0.273409545,0.739735901,-1.83349276,-0.298309147,0.334913969,-0.933810234,-0.125821784,0.46539855,-1.34403718,-0.337985814,0.578104973,-1.08505738,-0.390256345,0.618587673,-0.827041864,-0.36749801,0.192253277,-0.904744089,-0.157575145,0.333844274,-1.22977591,-0.360514134,0.452871144,-0.939397573,-0.353715032,0.489676505,-0.69253993,-0.281574965,0.0384736098,-0.845183909,-0.200332254,0.0341197774,-1.2484653,-0.330610007,0.041889973,-1.51036942,-0.360049963,0.028120786,-1.7406745,-0.351193815
deer_horn,0811126d80b5,10,0.8237208998762071,0,0,0,0.239600778,-0.0509571247,-0.128245071,0.474348962,-0.342404306,-0.195427284,0.61193496,-0.604306877,-0.263010234,0.602226853,-0.829364836,-0.315835774,0.447019309,-0.899469614,-0.110044852,0.559040964,-1.35289311,-0.222087055,0.654139757,-1.60958099,-0.267163366,0.715893865,-1.838696,-0.29395473,0.30661419,-0.944768548,-0.11575906,0.409611017,-1.35575879,-0.332156807,0.514207304,-1.11173832,-0.387782902,0.547407091,-0.862613916,-0.363419473,0.151296332,-0.929712713,-0.13803573,0.261897981,-1.23092568,-0.339819342,0.399618715,-0.955952406,-0.333794802,0.451737702,-0.723164976,-0.260823309,-0.00562348869,-0.879948378,-0.171238691,-0.0497695096,-1.27214563,-0.301015615,-0.0650010705,-1.53870881,-0.332833856,-0.0944423079,-1.7802527,-0.324571133
deer_horn,0811126d80b5,11,0.9027855000458658,0,0,0,0.234357893,-0.068626292,-0.119799286,0.453353614,-0.364997089,-0.182614759,0.577087402,-0.628268778,-0.247805864,0.570480108,-0.846251607,-0.299525321,0.4243747,-0.916031659,-0.0880011916,0.53924197,-1.35191464,-0.192646369,0.628741145,-1.60712802,-0.23616074,0.685754657,-1.83090007,-0.262673289,0.283373863,-0.954192221,-0.0960024446,0.385335356,-1.33487904,-0.302435458,0.475929916,-1.08300281,-0.358757287,0.504287839,-0.832888007,-0.337506026,0.126805827,-0.930767357,-0.120624393,0.228170335,-1.22310162,-0.316837162,0.355393916,-0.95704174,-0.314049602,0.407197982,-0.727719367,-0.245083719,-0.0303142332,-0.871932149,-0.155162737,-0.0831548646,-1.24811542,-0.281568795,-0.106450014,-1.50647223,-0.313537836,-0.137790293,-1.73930347,-0.306343168
deer_horn,0811126d80b5,12,0.9811475998722017,0,0,0,0.241888225,-0.107415169,-0.114269786,0.416315854,-0.388625562,-0.176614076,0.460011989,-0.638665795,-0.238083661,0.412348777,-0.841623008,-0.286910594,0.414467871,-0.92189008,-0.087997824,0.518945396,-1.327806,-0.193458796,0.595743775,-1.59085107,-0.253597528,0.645604849,-1.82144523,-0.296835274,0.256332606,-0.962033868,-0.0937250331,0.318588853,-1.31972539,-0.278521836,0.360840321,-1.09437752,-0.335190028,0.36682266,-0.877540052,-0.327537417,0.0917691961,-0.931898057,-0.114930369,0.144413576,-1.19903266,-0.286216885,0.233511344,-0.950319648,-0.269792616,0.269358814,-0.734269977,-0.205086827,-0.066741094,-0.865607142,-0.147178337,-0.163782746,-1.1987617,-0.27068311,-0.225149125,-1.43013608,-0.298228234,-0.279105574,-1.65306866,-0.292390257
deer_horn,0811126d80b5,13,1.0670369998551905,0,0,0,0.238342971,-0.14799799,-0.091743432,0.392764091,-0.432087213,-0.144108146,0.430499524,-0.682988346,-0.202545166,0.397357911,-0.87329042,-0.249081776,0.399687499,-0.923948109,-0.0608965531,0.513605177,-1.33110392,-0.165322497,0.591937244,-1.5948714,-0.227280155,0.644961655,-1.82776535,-0.268153727,0.248085752,-0.965646803,-0.0773284957,0.307330221,-1.32711554,-0.261979729,0.332945764,-1.12097538,-0.323687583,0.330362737,-0.905212641,-0.318573207,0.0840663537,-0.944258273,-0.107272938,0.1358971,-1.22962284,-0.274048895,0.216623962,-0.983155668,-0.25701791,0.251339287,-0.755982935,-0.190915614,-0.0760078877,-0.886294305,-0.147420943,-0.161963388,-1.21613717,-0.254144192,-0.220846072,-1.44482338,-0.268796921,-0.271405399,-1.66112947,-0.25484094
deer_horn,0811126d80b5,14,1.1470216000452638,0,0,0,0.221208096,-0.11448729,-0.162092492,0.351056784,-0.428619444,-0.251001835,0.329109281,-0.740963757,-0.320716232,0.299141079,-0.957171321,-0.373389393,0.403949916,-0.908778667,-0.183542818,0.512102723,-1.32678151,-0.307932377,0.578107774,-1.6101557,-0.378478616,0.621411085,-1.82115674,-0.431696087,0.232971102,-0.961030126,-0.148813799,0.250859261,-1.32600856,-0.2901752,0.252468169,-1.05167222,-0.2834436,0.239580512,-0.931365907,-0.247052774,0.0601489842,-0.942763388,-0.134819567,0.0533814318,-1.21693766,-0.259541452,0.117993966,-0.934602559,-0.180299073,0.156797528,-0.722569942,-0.0925490409,-0.0931900069,-0.880846202,-0.140407369,-0.200033456,-1.17495012,-0.280933708,-0.280129313,-1.40384996,-0.315497071,-0.351503551,-1.62340426,-0.314925492
deer_horn,0811126d80b5,15,1.227291400078684,0,0,0,0.211530879,-0.145812973,-0.152242377,0.327196211,-0.468198001,-0.231597707,0.286837518,-0.789379001,-0.293722183,0.194775924,-0.975583613,-0.339536905,0.354505152,-0.931537509,-0.171746433,0.457087904,-1.3668834,-0.295935333,0.529189348,-1.6564337,-0.378339231,0.571474016,-1.87612724,-0.440876037,0.178796053,-0.97408092,-0.13855812,0.195096925,-1.36143208,-0.283258915,0.203893393,-1.10687947,-0.295967728,0.191248,-0.946820974,-0.273106635,0.00574636739,-0.951105416,-0.122359589,-0.0154459672,-1.25582182,-0.237314388,0.0456989408,-0.98605603,-0.17196773,0.0879133865,-0.764476359,-0.0941856354,-0.146533251,-0.891622961,-0.124996886,-0.258023351,-1.19792378,-0.251274914,-0.350535989,-1.42659295,-0.283149153,-0.426574022,-1.63724351,-0.280999482
deer_horn,0811126d80b5,16,1.3116485001519322,0,0,0,0.196220458,-0.15306446,-0.215642408,0.269129276,-0.436299235,-0.325846642,0.142358676,-0.714830101,-0.404831469,0.0104243793,-0.925452232,-0.467850029,0.333555341,-0.922032058,-0.256670296,0.40928784,-1.38149941,-0.390580684,0.450440407,-1.67934644,-0.487185568,0.481970161,-1.93666589,-0.562754691,0.130919248,-0.969156384,-0.208796635,0.0813124478,-1.37446916,-0.386280179,0.0657459646,-1.11515605,-0.451074511,0.0854243189,-0.906136334,-0.463775843,-0.054365702,-0.946397305,-0.175182968,-0.146440968,-1.29377341,-0.314963222,-0.114893615,-1.07839727,-0.30089584,-0.0573599339,-0.900667906,-0.258519828,-0.209163114,-0.88148731,-0.161232844,-0.324093252,-1.21222723,-0.270251006,-0.429594576,-1.41353822,-0.298546672,-0.502911389,-1.60451508,-0.301413566
deer_horn,0811126d80b5,17,1.397894199937582,0,0,0,0.196788892,-0.159807652,-0.197267264,0.263330609,-0.451601326,-0.297264308,0.12885657,-0.726945162,-0.37167415,-0.00860831607,-0.921370029,-0.432597339,0.341839463,-0.927952707,-0.230092004,0.401527196,-1.38362968,-0.357186764,0.426602989,-1.67406023,-0.447089553,0.447006911,-1.93048024,-0.51875478,0.130968019,-0.97235322,-0.193330213,0.0741242245,-1.38545728,-0.374582261,0.0510230288,-1.12672877,-0.440764785,0.0691209286,-0.918954849,-0.451851904,-0.060077671,-0.941213667,-0.170111299,-0.142778978,-1.27940404,-0.317839205,-0.126714692,-1.0579052,-0.308480054,-0.0793660358,-0.871178091,-0.26635763,-0.218696445,-0.869389355,-0.164634958,-0.336379528,-1.19780362,-0.280836314,-0.444316238,-1.39936221,-0.315107822,-0.517904103,-1.58766508,-0.321793526
deer_horn,0811126d80b5,18,1.484861500095576,0,0,0,0.192506954,-0.16023846,-0.207728326,0.247351721,-0.453830183,-0.314135343,0.104193054,-0.727574527,-0.393959969,-0.036228884,-0.921813607,-0.461784273,0.32171011,-0.934774935,-0.248458982,0.376471221,-1.39376891,-0.385781378,0.402406365,-1.69286716,-0.482792199,0.426285475,-1.95537519,-0.558327496,0.107982151,-0.971829176,-0.209494323,0.0435036793,-1.38033223,-0.397063851,0.0231918134,-1.0926125,-0.46540451,0.0410031155,-0.875307143,-0.476847917,-0.0823747665,-0.930081487,-0.184502825,-0.175222233,-1.23400044,-0.341455549,-0.152568132,-0.986668408,-0.332633197,-0.0979931429,-0.79443258,-0.287488252,-0.241038233,-0.851520181,-0.17741929,-0.365068704,-1.18055511,-0.297232807,-0.474985927,-1.37993002,-0.328129828,-0.545957685,-1.57233191,-0.330822498
deer_horn,0811126d80b5,19,1.5612440002150834,0,0,0,0.134771869,-0.140058354,-0.367670447,0.150656417,-0.390627414,-0.544155657,0.00368973101,-0.654212892,-0.667700648,-0.15400584,-0.895293057,-0.776897013,0.307965249,-0.927247703,-0.399306983,0.335141659,-1.36621535,-0.578936875,0.34829089,-1.67111218,-0.710904241,0.36008814,-1.94447327,-0.810936213,0.0951030999,-0.94819665,-0.303114682,0.00384326093,-1.35978937,-0.557036281,-0.047602728,-1.09090614,-0.700716615,-0.0478309132,-0.870600343,-0.760742068,-0.10474436,-0.916731477,-0.231401205,-0.226771399,-1.18393016,-0.459326297,-0.232903361,-0.946350873,-0.544995606,-0.179128304,-0.762205124,-0.555253863,-0.265457511,-0.868816793,-0.186754659,-0.402566344,-1.18484223,-0.339578241,-0.523299456,-1.37015021,-0.420506179,-0.587450743,-1.53864467,-0.463433206
deer_horn,0811126d80b5,20,1.6453575999476016,0,0,0,0.0857855529,-0.13597928,-0.320833236,0.0648522377,-0.390145421,-0.464314312,-0.103688128,-0.676445484,-0.562335968,-0.257412285,-0.91121918,-0.647211552,0.251452625,-0.952148616,-0.283403903,0.234816387,-1.39924216,-0.409897506,0.215939775,-1.70647049,-0.518967927,0.202184364,-1.96237326,-0.604861438,0.0606933758,-0.980338454,-0.187757269,-0.0328125954,-1.38074446,-0.389499992,-0.133385286,-1.17269874,-0.537713706,-0.165450647,-0.950093627,-0.606926978,-0.120904014,-0.952181756,-0.110057332,-0.210523143,-1.27912474,-0.264996886,-0.285355657,-1.13349366,-0.350828886,-0.282467306,-0.971325457,-0.378877938,-0.257374853,-0.894024849,-0.0572658554,-0.372384965,-1.23438787,-0.139206037,-0.473143667,-1.43109941,-0.192470327,-0.512920856,-1.58318579,-0.226094037
deer_horn,0811126d80b5,21,1.7270403001457453,0,0,0,0.0629945695,-0.147899613,-0.292486459,0.0342423841,-0.399022788,-0.419063628,-0.132959232,-0.67959106,-0.502466619,-0.285926372,-0.903375804,-0.571343184,0.222133696,-0.955353498,-0.253642619,0.164752081,-1.39506495,-0.362884372,0.124445558,-1.69405484,-0.456774354,0.0935550779,-1.95366526,-0.533814967,0.0302605759,-0.985988498,-0.164045811,-0.0870993361,-1.37566578,-0.339419991,-0.175010905,-1.14790463,-0.462456554,-0.193729728,-0.92170608,-0.518023074,-0.14837417,-0.953694999,-0.0906281918,-0.25188145,-1.28190136,-0.222415239,-0.304101557,-1.10285997,-0.27818355,-0.282026231,-0.937867522,-0.289810508,-0.274997324,-0.890908837,-0.0416909754,-0.38950789,-1.23671484,-0.1129767,-0.487038851,-1.41974568,-0.152789786,-0.521479487,-1.57354212,-0.177109838
deer_horn,0811126d80b5,22,1.8088883999735117,0,0,0,0.0861819685,-0.155680865,-0.290714711,-0.378273576,-0.312073494,0.180521067,-0.549182028,-0.593284453,0.0949784479,-0.715943791,-0.811862196,0.0242443046,0.214257315,-0.958310604,-0.255009562,0.144019559,-1.40402603,-0.371775329,0.0953067169,-1.69786632,-0.46578151,0.0546761379,-1.94877946,-0.539990604,0.0263248459,-0.985612154,-0.166960195,-0.0894658342,-1.35388911,-0.357866108,-0.179042339,-1.13450038,-0.48574999,-0.196242183,-0.91072458,-0.53938055,-0.144596636,-0.953804731,-0.0956252515,-0.232584745,-1.28594315,-0.242265195,-0.293764472,-1.1366843,-0.311145395,-0.28499496,-0.982407749,-0.326786637,-0.265202075,-0.894859254,-0.047460448,-0.366304159,-1.24074948,-0.128024712,-0.453229338,-1.43756545,-0.17717424,-0.485932291,-1.59643114,-0.205479145
deer_horn,0811126d80b5,23,1.8941954001784325,0,0,0,0.106753401,-0.139309511,-0.30142647,0.0884990469,-0.354463071,-0.437613189,-0.084105216,-0.623901188,-0.521371961,-0.25882259,-0.839560807,-0.58350724,0.197447345,-0.930070817,-0.312064976,0.0796325728,-1.35976207,-0.417794704,-0.0104511818,-1.63053,-0.482202739,-0.0820619911,-1.88012147,-0.537513375,0.00722860359,-0.975301623,-0.22075893,-0.132109508,-1.33083498,-0.398626,-0.199828714,-1.07562208,-0.481895566,-0.184805319,-0.850178063,-0.506054699,-0.167920575,-0.943139553,-0.145441428,-0.283541262,-1.2951436,-0.288656235,-0.329682082,-1.1440407,-0.320315093,-0.308445603,-1.03207409,-0.313594133,-0.293314248,-0.894129276,-0.0938684717,-0.379456222,-1.26835382,-0.185108408,-0.449640721,-1.45331693,-0.223874584,-0.476304919,-1.63352585,-0.242922083
deer_horn,0811126d80b5,24,1.978383299894631,0,0,0,0.107391641,-0.134027466,-0.313058525,0.106906079,-0.344297051,-0.460015833,-0.0438487902,-0.610029161,-0.556477845,-0.209730476,-0.839263797,-0.633021951,0.207667038,-0.939829767,-0.327447265,0.0951139405,-1.35244441,-0.455089897,0.00510086538,-1.61123466,-0.534222126,-0.0696895346,-1.84702671,-0.594021618,0.0210924912,-0.971776366,-0.23495926,-0.108023733,-1.33191752,-0.429788649,-0.161316261,-1.06324542,-0.512835145,-0.135639548,-0.839765966,-0.531684637,-0.151992679,-0.932017565,-0.162113175,-0.261838228,-1.27267778,-0.330480307,-0.278383076,-1.04967797,-0.354364008,-0.229249269,-0.887742162,-0.330795795,-0.276675373,-0.88319695,-0.113956079,-0.358851582,-1.25880039,-0.221784249,-0.423162609,-1.44320536,-0.260417908,-0.446963161,-1.63516009,-0.273520827
deer_horn,0811126d80b5,25,2.06230580015108,0,0,0,0.151026323,-0.10255076,-0.337468326,0.174347594,-0.302355409,-0.52161628,0.0338094197,-0.498986214,-0.651749074,-0.152697757,-0.702103913,-0.766708255,0.223036587,-0.940856457,-0.392623097,0.100301839,-1.32245755,-0.559399068,-0.00191564299,-1.59579074,-0.668126881,-0.0962971896,-1.84734499,-0.753946066,0.0145129561,-0.949573755,-0.313207716,-0.12387713,-1.32480311,-0.558935106,-0.157501981,-1.04018438,-0.668105483,-0.139291614,-0.815342486,-0.703412116,-0.176743269,-0.894363761,-0.256697565,-0.327165514,-1.30502057,-0.444433719,-0.421658248,-1.28223777,-0.506054044,-0.439473987,-1.2793529,-0.523489475,-0.312162161,-0.819627583,-0.22524704,-0.417896956,-1.20635962,-0.347877562,-0.504303396,-1.42312646,-0.407512486,-0.547262788,-1.65432918,-0.44687438
deer_horn,0811126d80b5,26,2.1416247002780437,0,0,0,0.152654171,-0.0976136476,-0.329813361,0.182931617,-0.286550224,-0.508957386,0.0371558927,-0.481785417,-0.640487313,-0.149610043,-0.658290327,-0.755291879,0.223633483,-0.94094646,-0.387652248,0.0955136344,-1.32229567,-0.556432784,-0.00848282687,-1.57389915,-0.655291736,-0.0988096669,-1.81402695,-0.725611806,0.0148122581,-0.949629664,-0.313024044,-0.125407845,-1.30821204,-0.576515436,-0.14819628,-0.985669076,-0.689634919,-0.105091371,-0.729281664,-0.718019307,-0.179654226,-0.900581658,-0.258512378,-0.322108507,-1.23238552,-0.487017334,-0.363779038,-1.0123626,-0.544792295,-0.324502498,-0.843422771,-0.534036279,-0.321026564,-0.833916485,-0.226351783,-0.433567435,-1.21763587,-0.357396603,-0.519069552,-1.42695153,-0.409521222,-0.550608218,-1.65316904,-0.433648378
deer_horn,0811126d80b5,27,2.2297018002718687,0,0,0,0.153852791,-0.0528556556,-0.344510496,0.154395998,-0.17472595,-0.542466938,-0.0276710652,-0.312222064,-0.685022831,-0.236278519,-0.435005873,-0.810616434,0.144774958,-0.884355843,-0.484194696,-0.0388783477,-1.25303805,-0.682270467,-0.174647167,-1.49676883,-0.793805718,-0.297567308,-1.72837257,-0.869249523,-0.0801767781,-0.915741086,-0.393687576,-0.265045732,-1.13575697,-0.664092362,-0.255882323,-0.763342679,-0.757411897,-0.191084102,-0.508861005,-0.774907947,-0.275180191,-0.869033933,-0.318598926,-0.45063287,-1.07958996,-0.545685947,-0.41559118,-0.768999696,-0.557507813,-0.323347628,-0.577938914,-0.513622284,-0.408253342,-0.808775187,-0.268078566,-0.557797968,-1.14031172,-0.402104437,-0.665242136,-1.32256806,-0.431375623,-0.734286904,-1.5447557,-0.432645798
deer_horn,0811126d80b5,28,2.2989707002416253,0,0,0,0.14675425,-0.0376648307,-0.359961301,0.141358644,-0.138863698,-0.567237377,-0.0410753451,-0.27499029,-0.716657639,-0.249169394,-0.39465636,-0.848712087,0.137853906,-0.87339133,-0.506620944,-0.0625302419,-1.23940253,-0.7118451,-0.205359325,-1.483114,-0.825965226,-0.332735598,-1.7192049,-0.903003156,-0.0892205015,-0.909057021,-0.407007486,-0.281822413,-1.10677218,-0.685293734,-0.26475513,-0.719226837,-0.77638948,-0.193883613,-0.468127578,-0.790880203,-0.288220346,-0.860021651,-0.323713332,-0.466134369,-1.05853736,-0.560956955,-0.426494956,-0.725103021,-0.57001704,-0.329879642,-0.524324715,-0.521198213,-0.425654411,-0.805823386,-0.26568681,-0.58294183,-1.13525951,-0.411034644,-0.692323208,-1.31745327,-0.445414662,-0.765870333,-1.54467309,-0.447796166
deer_horn,0811126d80b5,29,2.376748700160533,0,0,0,0.147650316,-0.0241343081,-0.410194427,0.140008152,-0.105254613,-0.637996972,-0.040380951,-0.218869746,-0.799318552,-0.254588366,-0.323821634,-0.939952612,0.13211526,-0.85452956,-0.558941662,-0.0733326226,-1.20580554,-0.783223331,-0.22319828,-1.44438398,-0.906256676,-0.360350579,-1.67602372,-0.987945557,-0.0961677581,-0.89309895,-0.439461112,-0.304446876,-1.06568384,-0.738015294,-0.284000605,-0.657332361,-0.835128427,-0.210771337,-0.396150112,-0.850471795,-0.300065428,-0.845183313,-0.3414478,-0.482923061,-1.02222359,-0.601205766,-0.429438949,-0.661005735,-0.620259047,-0.328986347,-0.4520486,-0.572367251,-0.447759122,-0.795340061,-0.27289781,-0.622955203,-1.10769999,-0.4352732,-0.746092498,-1.27306426,-0.484022141,-0.83082056,-1.48782074,-0.49499312
deer_horn,0811126d80b5,30,2.4596254001371562,0,0,0,0.148148462,-0.022049712,-0.409349322,0.137315542,-0.101956129,-0.639784396,-0.0413777642,-0.216233313,-0.803291261,-0.256102622,-0.32701686,-0.945945621,0.135432616,-0.846699119,-0.567797065,-0.0622998476,-1.19217038,-0.794704497,-0.211747989,-1.42689061,-0.91682905,-0.349056244,-1.654531,-0.995522916,-0.0898784474,-0.889459133,-0.448089629,-0.304509848,-1.05194139,-0.744920552,-0.279967576,-0.651316285,-0.838392198,-0.201557174,-0.3991355,-0.850709379,-0.292955309,-0.845591843,-0.348957539,-0.478107572,-1.0166682,-0.607785642,-0.419680685,-0.658583522,-0.623687506,-0.316340208,-0.459359109,-0.573027432,-0.440019548,-0.793764293,-0.27864787,-0.612120032,-1.1048758,-0.434462577,-0.731499493,-1.26303899,-0.47529617,-0.812705874,-1.47333133,-0.480457276
deer_horn,0811126d80b5,31,2.544473399873823,0,0,0,0.142974958,-0.0222611837,-0.466651767,0.138266072,-0.112536877,-0.720882237,-0.0292098392,-0.216772407,-0.896408439,-0.248673499,-0.323662817,-1.05071449,0.152917281,-0.827331424,-0.643324554,-0.0510114059,-1.18385184,-0.891804278,-0.196984842,-1.42758965,-1.03322852,-0.330762684,-1.65529478,-1.12825942,-0.0700414479,-0.861299276,-0.503247142,-0.277363598,-1.05317461,-0.816890001,-0.269017458,-0.656856716,-0.925284743,-0.207155332,-0.393723816,-0.952949345,-0.275100708,-0.827082694,-0.389888853,-0.457675099,-1.00943208,-0.663780451,-0.415019453,-0.648453355,-0.704412937,-0.324318111,-0.438586146,-0.675935149,-0.429520667,-0.7901721,-0.310810924,-0.59367615,-1.09213603,-0.485545963,-0.712322712,-1.2583009,-0.555814505,-0.787344515,-1.47425485,-0.588515103
deer_horn,0811126d80b5,32,2.614529900252819,0,0,0,0.151883498,-0.039536152,-0.408428609,0.148526996,-0.148296818,-0.637030184,-0.0323881842,-0.263089061,-0.797290504,-0.24669227,-0.366685688,-0.938115954,0.153291404,-0.855537951,-0.571860731,-0.044911027,-1.21037138,-0.795856893,-0.189376816,-1.45182073,-0.923874199,-0.320550114,-1.68563783,-1.01343143,-0.0723940432,-0.886315823,-0.457387477,-0.274510264,-1.11747897,-0.751682341,-0.263126194,-0.721611679,-0.85146755,-0.199600965,-0.455053002,-0.874685645,-0.276394218,-0.842675269,-0.364138097,-0.457191914,-1.05467999,-0.616610527,-0.42173326,-0.712432802,-0.641866088,-0.33311373,-0.506377399,-0.606685758,-0.426908165,-0.791982055,-0.300595284,-0.591976941,-1.11660314,-0.461588025,-0.708881795,-1.2909193,-0.516860366,-0.784753144,-1.51434803,-0.539394557
deer_horn,0811126d80b5,33,2.688657400198281,0,0,0,0.172263592,-0.0765319318,-0.306800723,0.183992282,-0.236303896,-0.475852579,0.00213633012,-0.385464936,-0.606253624,-0.196173161,-0.512387097,-0.720511079,0.155875877,-0.937842846,-0.384230912,0.0297380965,-1.33979654,-0.551811874,-0.0848510042,-1.59174693,-0.638934672,-0.18972896,-1.82692385,-0.695448279,-0.0684418604,-0.945872903,-0.317238331,-0.214770988,-1.23749352,-0.575361013,-0.215889052,-0.888029277,-0.673464179,-0.161497742,-0.631936312,-0.688568532,-0.265632361,-0.887518942,-0.266372412,-0.416740835,-1.1255585,-0.499718308,-0.375045031,-0.788489699,-0.52170521,-0.28253749,-0.566667259,-0.473918438,-0.415656745,-0.818340778,-0.236770883,-0.572836816,-1.18209982,-0.36830622,-0.691297233,-1.36797869,-0.396890789,-0.769610345,-1.58635759,-0.394076526
deer_horn,0811126d80b5,34,2.774375299923122,0,0,0,0.188459828,-0.104255535,-0.263373613,0.23871842,-0.296659559,-0.408491135,0.0850163996,-0.470526546,-0.523679495,-0.079978615,-0.611055851,-0.623271346,0.234478593,-0.9511922,-0.302700043,0.125072971,-1.33379436,-0.449748516,0.0357315876,-1.57421279,-0.52852869,-0.0479432307,-1.80362451,-0.579500556,0.0215593986,-0.968246281,-0.249066874,-0.0972387269,-1.27393746,-0.477754861,-0.0866094381,-0.953499138,-0.556505799,-0.0326933302,-0.719603002,-0.559157968,-0.167931944,-0.924638271,-0.212535203,-0.295328945,-1.15769398,-0.426004708,-0.254595369,-0.822433412,-0.43191126,-0.174244329,-0.59713757,-0.372909576,-0.316074491,-0.859392643,-0.19524242,-0.44886148,-1.21729457,-0.317038804,-0.553030431,-1.40391028,-0.338234752,-0.624709845,-1.61830795,-0.328103542
deer_horn,0811126d80b5,35,2.857163399923593,0,0,0,0.192597777,-0.125798613,-0.216738269,0.289790332,-0.383855373,-0.329620928,0.201579735,-0.649286866,-0.423518062,0.0817715824,-0.858426869,-0.501102388,0.338546067,-0.929413497,-0.191765547,0.319465309,-1.33097827,-0.312242657,0.281378329,-1.58301032,-0.386693627,0.247769549,-1.82310474,-0.441164523,0.14948146,-0.976606727,-0.15457879,0.107470088,-1.32780528,-0.347360849,0.0898929611,-1.03843021,-0.416220009,0.117279917,-0.82181567,-0.418459296,-0.0282209236,-0.956599176,-0.136992142,-0.0899400637,-1.27044606,-0.315967739,-0.0767666399,-0.980976462,-0.314712644,-0.027931666,-0.762928188,-0.260163933,-0.17789799,-0.900042772,-0.137928024,-0.2597031,-1.24687433,-0.252256304,-0.339687586,-1.44976163,-0.280698061,-0.387398511,-1.66130579,-0.278016657
deer_horn,0811126d80b5,36,2.9373348001390696,0,0,0,0.186954319,-0.12888971,-0.234940648,0.287273586,-0.380697727,-0.357693404,0.216537759,-0.656611323,-0.456404924,0.122024916,-0.887796223,-0.539196491,0.356681317,-0.913116574,-0.217900366,0.352756798,-1.31244338,-0.353544593,0.328289688,-1.57145953,-0.44393599,0.308670849,-1.82141209,-0.511424065,0.167871073,-0.970472336,-0.173212871,0.126560301,-1.33400834,-0.379401118,0.108559221,-1.03121459,-0.459167182,0.132449299,-0.824345648,-0.469957024,-0.0078694243,-0.959715664,-0.14939104,-0.0699304491,-1.26919508,-0.336746216,-0.0516402833,-0.984076023,-0.341148138,0.0036040796,-0.767785072,-0.291237235,-0.152231008,-0.906178594,-0.145226389,-0.231279254,-1.2541815,-0.271557182,-0.311273366,-1.46145356,-0.309268534,-0.356334865,-1.67646992,-0.313086212
deer_horn,0811126d80b5,37,3.0212886999361217,0,0,0,0.210514322,-0.14041017,-0.217755452,0.328843266,-0.410497695,-0.326809675,0.288337559,-0.703020513,-0.416147947,0.187261745,-0.940603971,-0.491246492,0.392596573,-0.91197741,-0.171246454,0.430200994,-1.30626857,-0.298736632,0.434137434,-1.56178522,-0.39079836,0.435178101,-1.79886532,-0.460456938,0.208726287,-0.968998492,-0.132193878,0.204445392,-1.36039805,-0.328379631,0.180171043,-1.11347878,-0.419958889,0.184874818,-0.923598528,-0.444033116,0.0387488231,-0.957186222,-0.114697009,0.0154145071,-1.30751562,-0.292624801,0.0296979696,-1.07158101,-0.314323932,0.0609423667,-0.862343788,-0.282271683,-0.109878093,-0.893924236,-0.115740292,-0.179059461,-1.23392713,-0.236387298,-0.243752792,-1.45670772,-0.284264714,-0.279013127,-1.67110682,-0.300319999
deer_horn,0811126d80b5,38,3.102787199895829,0,0,0,0.205569163,-0.139308527,-0.228382751,0.324557185,-0.401527077,-0.344500333,0.290633708,-0.697868049,-0.439804763,0.199693859,-0.939145148,-0.520596743,0.397983253,-0.905609071,-0.185827762,0.448146552,-1.30351651,-0.315308928,0.456478029,-1.56443608,-0.40674454,0.460179955,-1.80024827,-0.475223839,0.212747425,-0.966895461,-0.140895993,0.20506689,-1.35802889,-0.334259927,0.179007456,-1.10961759,-0.422067225,0.184397504,-0.92999059,-0.445040047,0.0408036001,-0.961953461,-0.118267223,0.0140871136,-1.31302023,-0.294884861,0.0304005761,-1.06438911,-0.31325835,0.0657017455,-0.850267947,-0.279830933,-0.107732728,-0.903972983,-0.115425095,-0.179348543,-1.2412585,-0.235618338,-0.247543529,-1.46326101,-0.28418538,-0.285216361,-1.67997432,-0.301415861
deer_horn,088859eb0563,0,0.030856400000629947,0.0073268852,0.0203453496,-0.0175658814,0.217740407,-0.178090714,-0.127662727,0.436384105,-0.388318421,-0.295158578,0.540057938,-0.569088376,-0.38876122,0.346934453,-0.70204536,-0.510433519,0.233919854,-1.02633854,-0.143246788,0.237896117,-1.49051228,-0.236412747,0.261057669,-1.80310678,-0.335276655,0.237679275,-1.98541593,-0.361524109,0.0798376978,-0.983904642,-0.220708011,0.180715725,-1.29540428,-0.409220444,0.34419205,-1.07645795,-0.475677789,0.285073118,-0.82558539,-0.39808779,-0.0680581369,-0.919518521,-0.199795081,0.0227607273,-1.23383555,-0.4055641,0.183152692,-0.948894163,-0.332265885,0.234175559,-0.767168278,-0.287757905,-0.216529186,-0.819166266,-0.196029693,-0.310506372,-1.17789617,-0.29689852,-0.380181886,-1.35432194,-0.337502927,-0.343977553,-1.6242107,-0.336857161
deer_horn,088859eb0563,1,0.08318299999518786,-0.00300919634,0.0054254119,0.0260537143,0.254581037,-0.141116381,-0.11990177,0.495176662,-0.455426609,-0.264278254,0.531214433,-0.613220293,-0.335558007,0.375082255,-0.753885195,-0.454474724,0.125968048,-1.03078277,-0.0797767126,0.203504001,-1.48511525,-0.296292157,0.217809956,-1.77631813,-0.269063958,0.193716103,-2.08989031,-0.350661593,0.110358022,-1.0070592,-0.206161448,0.128375297,-1.29843016,-0.385405811,0.289491659,-1.11475616,-0.437217313,0.366437459,-0.827788587,-0.434692642,-0.0546050274,-0.880659369,-0.183570852,-0.0262380894,-1.17368403,-0.384018186,0.141363504,-0.919026707,-0.343436817,0.210096118,-0.832059934,-0.274219205,-0.235486456,-0.822060745,-0.173334758,-0.353087561,-1.18270265,-0.343745602,-0.353776472,-1.3895868,-0.369390355,-0.419118458,-1.56001932,-0.335669224
deer_horn,088859eb0563,2,0.14711269999679644,0.0271936936,-0.068648482,0.00961785733,0.231392334,-0.137237993,-0.0902920685,0.43015228,-0.443553202,-0.234354256,0.479766417,-0.64673985,-0.347411914,0.394354078,-0.741825061,-0.46891878,0.143622295,-1.06571476,-0.121851939,0.189090506,-1.53631928,-0.261612822,0.114783464,-1.8066287,-0.345900599,0.119436648,-2.03619194,-0.339667139,0.0496255146,-1.00570867,-0.112171808,0.129473271,-1.28967894,-0.424339624,0.362116079,-1.0799417,-0.472501205,0.299819057,-0.820862451,-0.384895918,-0.0809593547,-0.89020142,-0.209825159,-0.0233618204,-1.29642979,-0.408928374,0.164166402,-1.03597507,-0.291130214,0.260751371,-0.810394017,-0.26037298,-0.22485792,-0.798437739,-0.192834939,-0.344584428,-1.12772343,-0.316418496,-0.360856734,-1.3310061,-0.335944416,-0.390246464,-1.53968537,-0.359722028
deer_horn,088859eb0563,3,0.20997759999590926,-0.0232283596,0.0434413558,0.0465348996,0.266575778,-0.193559098,-0.108653752,0.43185628,-0.551923349,-0.231221412,0.452497606,-0.738948778,-0.33786139,0.432949176,-0.882813092,-0.442968991,0.130961357,-1.0127639,-0.102731538,0.0285657196,-1.50922457,-0.2630437,0.102837963,-1.7774468,-0.30539501,0.0637721763,-2.04688712,-0.32526545,-0.0427392782,-0.985253362,-0.15713988,0.118829658,-1.34684983,-0.300316116,0.180724452,-1.07068869,-0.381930421,0.327804696,-0.834426506,-0.425945077,-0.121181581,-0.861927562,-0.142022072,-0.0387412554,-1.20111665,-0.378405893,0.135633863,-1.01070878,-0.3139186,0.233023774,-0.719901313,-0.239210441,-0.284606759,-0.752324086,-0.230064159,-0.344745982,-1.09163215,-0.349656896,-0.385115387,-1.31798146,-0.323091669,-0.41579784,-1.50690904,-0.251201472
deer_horn,088859eb0563,4,0.27213830000255257,0.0162735635,0.0129895827,0.0329189716,0.275901797,-0.280706114,-0.102312947,0.303087431,-0.640488087,-0.126909166,0.336434989,-0.872912252,-0.290693274,0.238594769,-1.01490701,-0.325502637,-0.169671344,-1.08619718,-0.0486474642,-0.305343164,-1.50880995,-0.164415743,-0.383692657,-1.72122504,-0.236380411,-0.417758171,-1.95607466,-0.292104061,-0.23122515,-1.01238669,-0.0644148357,-0.140845954,-1.30223667,-0.322465389,0.0977872094,-1.22154717,-0.389274911,0.227479656,-1.00236045,-0.360197541,-0.290555473,-0.801901357,-0.192185381,-0.202205115,-1.1983721,-0.409129232,0.0381197295,-1.01369494,-0.358012214,0.136052516,-0.861327117,-0.307997441,-0.331063369,-0.654547057,-0.263506024,-0.418420256,-0.992966444,-0.323260006,-0.505089409,-1.23200618,-0.387958513,-0.512589659,-1.42228109,-0.334728517
deer_horn,088859eb0563,5,0.3366618000000017,0.0425741554,0.0201592207,-0.0384270132,0.178063857,-0.390828807,-0.0754582873,0.265304212,-0.695647704,-0.163381904,0.355573155,-0.914665736,-0.255456851,0.228022125,-0.993554153,-0.384268585,-0.180204466,-1.05285546,-0.0129470059,-0.371952974,-1.50069645,-0.139117696,-0.470954034,-1.74759315,-0.220313767,-0.531897339,-2.01959563,-0.257795676,-0.296977574,-0.941726161,-0.0377592185,-0.155256364,-1.37358781,-0.316818865,0.0561601599,-1.22368883,-0.400470777,0.173341587,-1.03029443,-0.376432462,-0.323067405,-0.804318573,-0.143675355,-0.212651676,-1.23894789,-0.442795164,0.0104728574,-1.10541462,-0.386022689,0.134401461,-0.94143437,-0.256741058,-0.292264464,-0.63754724,-0.301989167,-0.453245309,-0.965728056,-0.417461852,-0.405097824,-1.19499164,-0.449283312,-0.544352199,-1.49355119,-0.388268249
deer_horn,088859eb0563,6,0.3981560999964131,-0.0181581837,-0.0202757786,-0.0379602326,0.224336334,-0.430351696,-0.0620089011,0.178837132,-0.747623679,-0.0948367301,0.292697315,-0.931822896,-0.193839277,0.184146668,-1.09907616,-0.289828921,-0.245366465,-1.05260513,-0.0751192561,-0.420662128,-1.43117413,-0.133102499,-0.547906217,-1.74724677,-0.164262532,-0.61555303,-1.93381593,-0.150356609,-0.278906908,-0.920204063,-0.0842779449,-0.223036653,-1.36858684,-0.29151629,0.058088344,-1.2328809,-0.352142398,0.135393152,-1.02701837,-0.309646369,-0.357207758,-0.826043602,-0.101388025,-0.198098778,-1.2982725,-0.37833536,-0.0339234249,-1.12259679,-0.366085054,0.102510701,-0.935387093,-0.300164544,-0.370154348,-0.717866798,-0.255560661,-0.429723127,-0.925271935,-0.362094173,-0.468240165,-1.19979372,-0.34246046,-0.557168637,-1.44886775,-0.397349101
deer_horn,088859eb0563,7,0.4606608000030974,0.00583685501,0.0405015935,-0.0141895417,0.144766205,-0.440972352,0.0181249552,0.181100961,-0.840630698,-0.0107470189,0.185697202,-0.988764997,-0.110229988,0.213693585,-1.1102779,-0.216581082,-0.332305106,-1.05125874,0.0322834729,-0.445726111,-1.49056766,-0.0718562681,-0.555935352,-1.7417778,-0.0490094727,-0.697563966,-1.88858969,-0.100695319,-0.379931059,-0.943851268,-0.0899340578,-0.180051653,-1.42409374,-0.324297046,0.0499401298,-1.25165862,-0.255963801,0.176914359,-1.11041163,-0.222058328,-0.370568395,-0.783203671,-0.182951887,-0.257034101,-1.29253413,-0.376312469,0.0348236164,-1.16432108,-0.345533892,0.102071082,-1.00087073,-0.217200305,-0.320656756,-0.640110865,-0.348306938,-0.430086453,-0.980543628,-0.501599224,-0.467008005,-1.20503216,-0.510900294,-0.477185731,-1.37766801,-0.517118197
deer_horn,088859eb0563,8,0.5218803000025218,0.0140781011,0.00545259444,-0.0483684558,0.0714696032,-0.554957335,0.193059236,0.0980327027,-0.970997035,0.22310173,0.144017172,-1.17780327,0.156677468,0.0567980061,-1.34454627,0.0427481508,-0.500562799,-0.994462205,0.0822291773,-0.523731622,-1.3349992,-0.0575980518,-0.478336597,-1.46270135,-0.124789482,-0.455155371,-1.45431763,-0.169150817,-0.464830553,-0.836777416,-0.198196371,-0.492197985,-1.48484184,-0.33560271,-0.474967288,-1.52824922,-0.354687766,-0.473950469,-1.62444665,-0.454350118,-0.404637782,-0.717739718,-0.408565245,-0.35633565,-1.30001252,-0.570096092,-0.0904017124,-1.28975303,-0.540382052,0.0750970564,-1.27119346,-0.578114777,-0.279779877,-0.629258545,-0.604598519,-0.443533394,-0.922286847,-0.85347789,-0.536044158,-1.21919441,-0.922978773,-0.725612881,-1.41065118,-1.02873069
deer_horn,088859eb0563,9,0.5872005999990506,-0.00431244287,0.0200587881,-0.0145970552,0.0946575948,-0.624233513,0.158367677,0.0550195414,-0.949672081,0.168153963,0.115249014,-1.19693533,0.0869973766,0.0513492694,-1.48682138,0.0360359237,-0.539920254,-0.987067953,-0.0118557057,-0.702239776,-1.37811682,-0.0314332341,-0.906708597,-1.6034227,-0.1262298,-1.02339101,-1.74649641,-0.094915099,-0.537623307,-0.799337856,-0.158047118,-0.443516827,-1.39796734,-0.398854412,-0.184436785,-1.49832026,-0.382211915,-0.0640428954,-1.3502328,-0.352918107,-0.433172603,-0.677934127,-0.413859518,-0.32984989,-1.34899498,-0.608949264,-0.11286209,-1.29345804,-0.538489101,0.0742083461,-1.19378935,-0.427670399,-0.344437557,-0.618215546,-0.567550537,-0.50412425,-0.936299747,-0.857594661,-0.557616621,-1.20866693,-0.948771922,-0.710200217,-1.40371693,-1.00390269
deer_horn,088859eb0563,10,0.6485438999952748,-0.0211145111,0.0294406603,0.012459956,0.107254018,-0.526566304,0.0955968612,0.0793188815,-0.964410386,0.0657642025,0.126725172,-1.24469505,0.100251072,0.111355292,-1.46990291,-0.0147721853,-0.58893652,-0.926380157,-0.0218746605,-0.732198575,-1.35091998,-0.126085416,-0.629829356,-1.38938529,-0.243335137,-0.564057682,-1.44915537,-0.292387088,-0.561443486,-0.747342301,-0.165234527,-0.477259968,-1.43785439,-0.447798332,-0.139338476,-1.42097153,-0.352540426,-0.00717591599,-1.40625891,-0.385029974,-0.442252683,-0.639001103,-0.354602949,-0.460494856,-1.26708645,-0.531429376,-0.146348836,-1.20963534,-0.399941481,0.0119237613,-1.20361892,-0.36054792,-0.38168522,-0.599410922,-0.481885777,-0.489505779,-0.897176996,-0.649383791,-0.576516832,-1.18991737,-0.74602449,-0.69725253,-1.32824829,-0.819063204
deer_horn,088859eb0563,11,0.7098163000046043,-0.0047637618,-0.0129842988,0.026533442,0.114969927,-0.52450311,0.138812977,0.123358293,-0.813679888,0.144578115,0.0533509488,-1.12640803,0.134179432,-0.0518715047,-1.28385355,0.0343537769,-0.325697907,-0.929156616,0.252203289,-0.523790782,-1.28499097,0.253680335,-0.637561099,-1.47755265,0.204191981,-0.703052512,-1.56478758,0.205368031,-0.391848676,-0.959967882,0.0928360869,-0.428308465,-1.3453149,-0.00075536715,-0.26687912,-1.33269907,-0.0742809204,-0.0651655455,-1.15174636,-0.120159692,-0.432871316,-0.832597157,-0.0660899534,-0.544597275,-1.24479156,-0.1389431,-0.254786714,-1.21351538,-0.183728007,-0.111012651,-1.10977403,-0.14247755,-0.49564601,-0.756073967,-0.184656174,-0.714735276,-0.948412089,-0.202083337,-0.813659539,-1.25906433,-0.229710456,-0.933944898,-1.42729012,-0.171005314
deer_horn,088859eb0563,12,0.7729228999960469,-0.0100328277,0.0796424961,-0.0580939058,0.193519641,-0.435941923,-0.00526691575,0.135775104,-0.807393762,-0.0571299367,0.111643739,-0.951137404,-0.101500969,0.0574631923,-1.17311175,-0.196313982,-0.309086607,-0.985441401,0.132131017,-0.560800318,-1.31437257,0.131783645,-0.635555875,-1.43762068,0.082100401,-0.677039463,-1.63507976,0.0302984192,-0.405387119,-0.880175104,0.0504970824,-0.396811782,-1.40189984,-0.153820539,-0.127048468,-1.22346051,-0.202559757,-0.0180739673,-1.04955778,-0.299080031,-0.465519163,-0.809756305,-0.0367990585,-0.502794466,-1.29564354,-0.239479323,-0.241485084,-1.20700237,-0.253041118,-0.0408007362,-1.06652573,-0.206344322,-0.55539598,-0.781472249,-0.120523692,-0.749516866,-1.00994236,-0.231796744,-0.851851924,-1.21393427,-0.238168554,-0.929991971,-1.43376472,-0.231424665
deer_horn,088859eb0563,13,0.8354661000048509,-0.0122820249,0.0130032972,-0.0329425155,0.24938036,-0.370206377,-0.0812435672,0.253004494,-0.749470745,-0.116678084,0.262054213,-0.979705666,-0.204007204,0.100800364,-1.14258304,-0.235240292,-0.209639933,-1.02914889,0.0841379579,-0.363834912,-1.34090589,-0.0512790018,-0.417305813,-1.58391062,-0.0907342153,-0.489541725,-1.74610799,-0.124576664,-0.311517109,-0.933149582,-0.0335068942,-0.319728073,-1.36981579,-0.173484311,-0.196243828,-1.22340423,-0.306434078,-0.00637128711,-1.10958189,-0.273637534,-0.403476061,-0.816059998,-0.0444354796,-0.37688685,-1.2592758,-0.225096875,-0.234501364,-1.20718714,-0.243742426,-0.0738647506,-1.00428533,-0.194103209,-0.494427164,-0.73448258,-0.0519769912,-0.648262115,-1.09521251,-0.214297997,-0.740930677,-1.28860955,-0.217936474,-0.930887663,-1.48430726,-0.213563593
deer_horn,088859eb0563,14,0.8964927999913925,0.0217837269,-0.0144855042,0.0277999132,0.196046263,-0.259575853,-0.0782678573,0.254347636,-0.6226449,-0.119908422,0.266739866,-0.949095252,-0.21401285,0.15480872,-1.14433943,-0.247496405,-0.133746174,-1.01390431,0.0859806059,-0.201374166,-1.48492001,-0.0587288264,-0.227024634,-1.64709902,-0.0851678762,-0.217190547,-1.85221628,-0.120421775,-0.179510586,-0.968450662,-0.00429368472,-0.210485501,-1.418328,-0.180736862,-0.0629841871,-1.26119974,-0.257421058,0.101617132,-1.1208127,-0.279230564,-0.286269977,-0.907158893,-0.0767099487,-0.262327856,-1.28658393,-0.226003192,-0.038804483,-1.21565419,-0.294490092,0.0038282546,-1.04619698,-0.2399891,-0.404125472,-0.774702773,-0.141270694,-0.593552832,-1.17243288,-0.240026734,-0.642644488,-1.36733296,-0.23601154,-0.733461314,-1.59203598,-0.23977975
deer_horn,088859eb0563,15,0.9564546000037808,-0.0119966713,-0.00749127969,0.000536620881,0.275713158,-0.242677108,-0.116388699,0.346436916,-0.62742839,-0.144718752,0.351807487,-0.931727244,-0.268762498,0.247827287,-1.05574063,-0.289604773,0.122377095,-1.08963795,-0.0136083361,0.0269151225,-1.48820308,-0.0866741758,-0.0224844367,-1.66671729,-0.139409296,-0.0369121262,-1.79513656,-0.214233526,-0.115695631,-0.983785159,-0.0374142576,-0.0339431254,-1.41549358,-0.190773281,0.0331110396,-1.31391454,-0.312390407,0.183211968,-1.11671341,-0.354183413,-0.23818895,-0.927046133,-0.0179272655,-0.204280352,-1.3158926,-0.207171714,-0.0677190059,-1.21239082,-0.209389594,0.0414532794,-1.07976473,-0.163803994,-0.352516777,-0.848363618,-0.044008947,-0.486004338,-1.1632097,-0.124056394,-0.521837752,-1.41805644,-0.221872514,-0.591293341,-1.64655097,-0.153167743
deer_horn,088859eb0563,16,1.0252049999980954,-0.0078116347,-0.00854006919,0.032425663,0.275772832,-0.142922777,-0.143854966,0.461797314,-0.465722561,-0.158500994,0.457273532,-0.832639118,-0.284264016,0.288946074,-1.0105692,-0.309912613,0.431226408,-0.917978863,-0.0209216763,0.523164315,-1.25255069,-0.0460099672,0.569118561,-1.43624808,-0.156673484,0.636918895,-1.67724895,-0.202506815,0.256225278,-0.920752059,-0.0358309054,0.225595188,-1.36340341,-0.119367837,0.326693916,-1.19946502,-0.3090818,0.323988223,-0.998224712,-0.302998778,0.0700006678,-0.963116429,-0.0928694794,0.0161664539,-1.41344075,-0.177638019,0.143214684,-1.27372524,-0.190432225,0.186490261,-1.03442469,-0.204070228,-0.0476064247,-0.94131316,-0.0528983285,-0.183978521,-1.27595517,-0.168690572,-0.175328923,-1.47203606,-0.153994557,-0.141159891,-1.65876405,-0.142368631
deer_horn,088859eb0563,17,1.0837653999915347,-0.0294691602,0.0364969742,-0.0171600462,0.267104954,-0.149226562,-0.0936119727,0.42234284,-0.420513328,-0.206552931,0.447086908,-0.78629721,-0.330080817,0.300992009,-0.977901008,-0.387417702,0.410209752,-0.861877132,0.00686656785,0.557433155,-1.24212959,-0.185702871,0.604675843,-1.44489448,-0.208251932,0.63465497,-1.57670836,-0.280289142,0.267214491,-0.990368688,-0.00738586192,0.244440461,-1.3358113,-0.200509238,0.361702472,-1.15103182,-0.32992535,0.291481717,-1.02557837,-0.367535586,0.116866622,-0.937171022,-0.0526904394,0.131254714,-1.38034003,-0.203774646,0.160120958,-1.18358278,-0.308378987,0.181797542,-1.02534363,-0.213831119,-0.0659359135,-0.912426191,-0.0505393661,-0.108962972,-1.30116132,-0.135032977,-0.144496466,-1.51140196,-0.239887189,-0.109819344,-1.70118088,-0.184887877
deer_horn,088859eb0563,18,1.1472691999952076,0.0569636523,0.0272334047,-0.014207112,0.322436911,-0.0638775359,-0.181339387,0.388903513,-0.29958634,-0.220760346,0.379126818,-0.640346282,-0.343152753,0.27509831,-0.770004462,-0.421350095,0.492659376,-0.860139447,-0.0715532593,0.634848614,-1.20121262,-0.206472822,0.805861006,-1.42381531,-0.294167223,0.852150404,-1.62913337,-0.329543082,0.319016214,-0.917857514,-0.0971571209,0.354544363,-1.35516433,-0.283630217,0.348457481,-1.08238718,-0.351880684,0.277837632,-0.835714526,-0.445452202,0.176560309,-0.934003069,-0.120176932,0.109079503,-1.38302811,-0.258849518,0.148967671,-1.08090127,-0.279545128,0.119661463,-0.847770512,-0.21744144,-0.0547233193,-0.966729509,-0.133137663,-0.0682443639,-1.24898108,-0.184201044,-0.0449740641,-1.50132563,-0.230214121,-0.0164519884,-1.67491992,-0.223996527
deer_horn,088859eb0563,19,1.2084865999931935,0.0113536522,0.0352796277,-0.0101737286,0.201300237,-0.100202178,-0.119720594,0.354354596,-0.254517393,-0.325571588,0.343249336,-0.529356227,-0.419544951,0.190343405,-0.761332074,-0.545768139,0.517181189,-0.869685973,-0.113322681,0.65984369,-1.20111593,-0.26381248,0.81223777,-1.41445497,-0.390054704,0.817190305,-1.68120463,-0.446378487,0.329609486,-0.941666967,-0.0868377887,0.301342193,-1.30440825,-0.33317187,0.23037056,-0.985841949,-0.455606165,0.22300266,-0.788516208,-0.421385007,0.14122706,-0.965035161,-0.082673038,0.114281592,-1.38406072,-0.277851868,0.118886491,-1.07661298,-0.257228607,0.170201409,-0.870723243,-0.301742528,-0.0163339303,-0.918066099,-0.128662041,-0.0456836715,-1.30235579,-0.22198808,-0.0231415972,-1.5046477,-0.221674771,0.0171910864,-1.66349635,-0.216509569
deer_horn,088859eb0563,20,1.2700894000008702,0.00666048982,0.0241162974,0.0943080364,0.189717439,-0.105812851,-0.176125297,0.313830225,-0.290295914,-0.335997603,0.299300237,-0.566395574,-0.445584935,0.138977251,-0.736811649,-0.519408487,0.478857198,-0.859730089,-0.122263357,0.648604357,-1.19824881,-0.29070725,0.766795834,-1.43868737,-0.409774074,0.839497653,-1.56440766,-0.467663883,0.281545197,-1.00577662,-0.0773082098,0.34316774,-1.24719722,-0.276857005,0.22588603,-1.02057838,-0.462913306,0.211378585,-0.751195123,-0.434827933,0.0914547108,-0.932656212,-0.165671163,0.0712208306,-1.26924696,-0.356486078,0.0386047088,-1.06450584,-0.310020552,0.100090307,-0.825846947,-0.285186715,-0.0939402105,-0.972231989,-0.159824716,-0.0541687197,-1.25252406,-0.241997966,-0.140930255,-1.46429097,-0.286348837,-0.102806184,-1.66235766,-0.226995645
deer_horn,088859eb0563,21,1.3305695000017295,-0.0231305246,1.24580632e-05,0.00972692596,0.267442029,-0.047737816,-0.216330492,0.32503329,-0.244819931,-0.29328782,0.280144829,-0.470559461,-0.392598012,0.149241535,-0.721987233,-0.461775005,0.435959674,-0.881192178,-0.164037743,0.661296693,-1.18974427,-0.304649457,0.787754364,-1.47353763,-0.469480224,0.859226518,-1.69949933,-0.508886508,0.266849395,-0.948580414,-0.142871007,0.296056801,-1.27734622,-0.411099024,0.219947312,-0.955103049,-0.497702146,0.232223458,-0.767418847,-0.461936209,0.108265992,-1.00822208,-0.169392183,0.107942403,-1.23058395,-0.355779865,0.0416536039,-1.04203391,-0.326456024,0.0893263389,-0.811790534,-0.375361253,-0.0766665416,-0.95546967,-0.153075907,-0.140405006,-1.25400899,-0.261274407,-0.074794678,-1.44813803,-0.291973395,-0.0851534947,-1.6775703,-0.245172222
deer_horn,088859eb0563,22,1.3930989999935264,-0.0249693751,-0.0141239583,-0.0149103656,0.11741148,0.0253827981,-0.252477976,0.217506113,-0.110552147,-0.502981584,0.033063345,-0.34263686,-0.587247981,0.0110361797,-0.53568297,-0.792441244,0.419644933,-0.866781048,-0.378250057,0.596794753,-1.2755607,-0.549283436,0.730087436,-1.47997054,-0.667650709,0.835874457,-1.82214442,-0.824766514,0.237907962,-0.90285086,-0.34767914,0.148182388,-1.24640226,-0.581675342,-0.0368176905,-0.874958124,-0.673514866,-0.0396911862,-0.640485586,-0.714409307,0.00281450276,-0.9331012,-0.246866779,-0.085399613,-1.1856334,-0.464395466,-0.130261829,-0.916529602,-0.445055308,-0.0748102483,-0.709306637,-0.434992157,-0.148525201,-0.945363251,-0.209692018,-0.241668397,-1.24818326,-0.273756654,-0.250504989,-1.45786261,-0.315968139,-0.226802547,-1.6668851,-0.31886255
deer_horn,088859eb0563,23,1.457033099999535,0.0144122293,0.0418443582,0.0331539235,0.229136029,0.0519656355,-0.272363799,0.208653318,-0.114859137,-0.434670943,0.116499231,-0.322106292,-0.57675153,-0.0883426415,-0.483524838,-0.666469648,0.364304264,-0.855938453,-0.369318968,0.622502693,-1.15630062,-0.524968299,0.717175235,-1.53982564,-0.715559424,0.800517101,-1.77667815,-0.703045426,0.138734734,-0.932250099,-0.300032174,0.0905609696,-1.16453594,-0.533082359,0.0175619976,-0.8593907,-0.662469217,-0.0980057152,-0.563524777,-0.660583106,0.0334282298,-0.972507239,-0.272226385,-0.128094292,-1.16300861,-0.399553415,-0.102531727,-0.887108935,-0.508255997,-0.074864313,-0.653970498,-0.441174485,-0.153969419,-0.952655569,-0.227151507,-0.228971965,-1.25375015,-0.312026295,-0.256446333,-1.46500449,-0.287316086,-0.275117982,-1.68256324,-0.255331404
deer_horn,088859eb0563,24,1.5220794000051683,-0.0426290238,-0.0607693398,0.0151010513,0.175919677,0.0649092232,-0.262264098,0.258448641,-0.10986553,-0.493962207,0.0926663944,-0.244203057,-0.637962899,-0.0742253933,-0.537780647,-0.707393967,0.419073996,-0.873026311,-0.372904721,0.623156326,-1.25320813,-0.571784293,0.726489181,-1.47748948,-0.702143393,0.786435681,-1.79078208,-0.729901956,0.209017872,-0.912947979,-0.251487498,0.125964463,-1.22734041,-0.535906188,0.0442786928,-0.860374255,-0.632480227,-0.0453582324,-0.590266376,-0.70417338,0.0423629453,-0.963555101,-0.258996889,-0.141039261,-1.16313458,-0.447676006,-0.118549095,-0.88283929,-0.503562907,-0.0727451443,-0.651832349,-0.455818986,-0.137286636,-0.951607016,-0.226938343,-0.196959241,-1.27867088,-0.356128544,-0.208324569,-1.47506592,-0.32102157,-0.229014508,-1.651056,-0.338482265
deer_horn,088859eb0563,25,1.57951709999179,-0.0160012451,0.0869896798,0.00167032856,0.166401957,0.0551939662,-0.33110875,0.147507033,-0.0438726594,-0.498975958,-0.0955268361,-0.221107872,-0.675329891,-0.247949973,-0.448203712,-0.849982655,0.368912824,-0.833637419,-0.449729951,0.519214606,-1.27152482,-0.60436169,0.612693689,-1.57449755,-0.767007852,0.743506616,-1.85549238,-0.918270887,0.130994632,-0.900053181,-0.371640577,-0.0176614396,-1.1736483,-0.661848097,-0.142916265,-0.791423694,-0.686463535,-0.152174943,-0.463291171,-0.785219822,0.0200530665,-0.975044936,-0.307155169,-0.165088721,-1.15743564,-0.469490445,-0.148764522,-0.79977073,-0.549372335,-0.175556134,-0.586199957,-0.476943418,-0.197628453,-0.910089939,-0.212500742,-0.282354025,-1.31879722,-0.353275862,-0.352541764,-1.50645697,-0.319216389,-0.423494566,-1.65814876,-0.33113065
deer_horn,088859eb0563,26,1.6269772999949055,0.0214899033,0.0214277214,-0.000649368578,0.137950076,0.00830028331,-0.36728205,0.207265246,-0.0637228641,-0.571907828,-0.0212899735,-0.19893032,-0.654384916,-0.217042554,-0.437408767,-0.85159047,0.295331083,-0.784919547,-0.460538489,0.482114569,-1.23100434,-0.663123656,0.574677613,-1.58618824,-0.754002316,0.701461033,-1.8300696,-0.904517406,0.165669256,-0.925661321,-0.372050603,0.00928279561,-1.10771872,-0.614232794,-0.114340168,-0.679902578,-0.708010987,-0.1714654,-0.481897907,-0.794392294,-0.0989881463,-0.959166792,-0.327713355,-0.242728408,-1.08915601,-0.527316642,-0.310174037,-0.724165607,-0.490141948,-0.214338953,-0.537805577,-0.467865014,-0.21306794,-0.909899331,-0.24297509,-0.327796816,-1.27762372,-0.336913889,-0.339369069,-1.45146423,-0.323642213,-0.377579442,-1.6706082,-0.373369434
deer_horn,088859eb0563,27,1.6732038000045577,-0.0211739981,0.0290441279,-0.00688941489,0.16582921,0.030038807,-0.326684019,0.103645894,-0.0436497705,-0.518089086,-0.0324532376,-0.213907466,-0.662580112,-0.238331295,-0.382795796,-0.797820153,0.301587553,-0.773702007,-0.493331049,0.494081637,-1.30423593,-0.695419385,0.565665945,-1.56134367,-0.791554345,0.711555399,-1.8100567,-0.920574097,0.0438929059,-0.907543946,-0.37939857,-0.0578894872,-1.14411538,-0.586437648,-0.124339482,-0.751263529,-0.726910113,-0.167959605,-0.455066529,-0.811670069,-0.0845316107,-0.942355918,-0.36071214,-0.265726011,-1.03495,-0.555783821,-0.270646234,-0.711363678,-0.554935675,-0.213846015,-0.452879265,-0.485805277,-0.242264438,-0.922505754,-0.214010894,-0.32164071,-1.24170304,-0.381271895,-0.427270379,-1.43051211,-0.29305621,-0.395178243,-1.64589491,-0.35699853
deer_horn,088859eb0563,28,1.735240199996042,0.0171366891,-0.0171712707,0.0387933056,0.136838006,-0.0189037657,-0.248618448,0.161118835,-0.0465837876,-0.498202584,-0.0875024055,-0.178931843,-0.686014651,-0.262808985,-0.405623526,-0.770427598,0.301032222,-0.82772875,-0.464329926,0.467342596,-1.26089812,-0.64407482,0.625255605,-1.56178371,-0.796535892,0.724334518,-1.81351668,-0.889913711,0.0948072495,-0.905581457,-0.31602179,-0.0160557622,-1.11552849,-0.597952348,-0.186122586,-0.77770234,-0.719046403,-0.172461643,-0.455784678,-0.74810786,-0.0544883493,-0.964863249,-0.27893879,-0.304932204,-1.09438674,-0.471706778,-0.305364802,-0.740327641,-0.557465971,-0.215297387,-0.449910556,-0.520645609,-0.248168226,-0.898911005,-0.201326273,-0.314850917,-1.22399911,-0.375364114,-0.398316447,-1.45189713,-0.375513231,-0.422410016,-1.67703198,-0.351293274
deer_horn,088859eb0563,29,1.7842074999934994,0.00538592308,0.0572960378,-0.0389081898,0.101563931,0.047080827,-0.371206397,0.114457886,-0.030694966,-0.521983321,-0.0352305328,-0.124992677,-0.618351581,-0.257227841,-0.406458989,-0.704783125,0.276921123,-0.873317555,-0.429068409,0.474959411,-1.21062507,-0.632824315,0.607145478,-1.54815559,-0.833298744,0.671061424,-1.86874398,-0.873087576,0.0854268797,-0.943974582,-0.326991156,-0.0520800814,-1.07721767,-0.618680699,-0.161392342,-0.803184366,-0.746342461,-0.0968331757,-0.495918596,-0.734341287,-0.0712749267,-0.928388282,-0.234553259,-0.188359526,-1.06800732,-0.486362984,-0.240586446,-0.738236052,-0.545860318,-0.199485011,-0.526753706,-0.471025533,-0.271763432,-0.927971434,-0.213705201,-0.366337495,-1.15729902,-0.39699055,-0.38796721,-1.45078804,-0.342266435,-0.463054671,-1.61557209,-0.301727343
deer_horn,088859eb0563,30,1.8461495999945328,-0.00405222751,-0.00755247749,-0.0263827462,0.191624279,0.0606000681,-0.302616815,0.209366156,-0.0383073839,-0.485016853,0.00986572529,-0.210989017,-0.621059846,-0.127090737,-0.397160588,-0.746930909,0.313477463,-0.867019577,-0.485504234,0.497675278,-1.28012868,-0.670254817,0.620379301,-1.62528342,-0.739794667,0.684000454,-1.83423864,-0.890040139,0.13094366,-0.944743016,-0.355963585,0.00148050495,-1.13590742,-0.641384705,-0.14920291,-0.764905871,-0.703677672,-0.143110611,-0.514381169,-0.742262845,-0.0746345636,-0.923714568,-0.309988496,-0.273523203,-1.08524644,-0.50731,-0.211206603,-0.750954899,-0.507458691,-0.0944103836,-0.569006463,-0.494952325,-0.238227987,-0.976593418,-0.266102059,-0.348094143,-1.2683161,-0.418898175,-0.415702893,-1.4220003,-0.377082547,-0.447207081,-1.61329703,-0.305490191
deer_horn,088859eb0563,31,1.8938927999988664,-0.0176336404,0.00365271461,0.0619110487,0.232783585,-0.0693623169,-0.190163834,0.384906166,-0.149319507,-0.381237166,0.297516245,-0.304420026,-0.515959003,0.124045303,-0.42317534,-0.733062729,0.37930166,-0.909386582,-0.291952253,0.564019887,-1.35245007,-0.445533849,0.63641311,-1.56451876,-0.510288916,0.652742023,-1.83167096,-0.586231564,0.161037304,-0.961112007,-0.261351075,0.159065717,-1.18769539,-0.469988169,0.113990829,-0.774121822,-0.612472531,0.165036575,-0.697183931,-0.537860729,-0.0432254814,-0.925980341,-0.251343251,-0.0132071728,-1.08175663,-0.451773743,0.00722595909,-0.810742554,-0.407575159,-0.00392675639,-0.65908651,-0.339020022,-0.14063599,-0.904164389,-0.235810646,-0.280609051,-1.15866836,-0.33310444,-0.279433622,-1.34978652,-0.353354993,-0.303670709,-1.55874804,-0.314935049
deer_horn,088859eb0563,32,1.9558071999927051,-0.0184402195,0.032017492,-0.0159500635,0.238579937,-0.0800654092,-0.232592691,0.385154231,-0.149278899,-0.368822271,0.289359715,-0.310684466,-0.554115505,0.139447335,-0.476430442,-0.714962005,0.427034778,-0.928930939,-0.274746874,0.53959531,-1.37206335,-0.432427567,0.565913769,-1.60913222,-0.576413797,0.657431599,-1.80649202,-0.569580393,0.137374646,-0.922074165,-0.219507395,0.143682199,-1.17478523,-0.490785969,0.13175106,-0.751282123,-0.543260572,0.15315647,-0.589686754,-0.537419924,-0.0409054343,-0.94898642,-0.263499461,-0.0154079059,-1.11326801,-0.45861697,-0.030315139,-0.783762446,-0.406569872,0.0239496748,-0.641316903,-0.381099218,-0.161512803,-0.914434767,-0.230893652,-0.195433448,-1.18740927,-0.330217975,-0.309206641,-1.34842634,-0.366877152,-0.395263525,-1.56449582,-0.282232712
deer_horn,088859eb0563,33,2.0185034000023734,-0.0102515194,-0.0212729744,-0.00359215217,0.244552453,-0.045991251,-0.132004783,0.425667322,-0.340955664,-0.302804218,0.290257664,-0.471866633,-0.394966626,0.272565907,-0.659237675,-0.516606147,0.286993023,-0.993586625,-0.230416979,0.483832587,-1.39705354,-0.343576922,0.482338016,-1.78413412,-0.442319168,0.51622457,-1.94661777,-0.535926112,0.0955534567,-0.935718279,-0.229084285,0.15207874,-1.18075098,-0.366570159,0.213249176,-0.863798268,-0.465431003,0.296279063,-0.694629524,-0.496786128,-0.0151226073,-0.935476465,-0.204823916,-0.177123311,-1.12130368,-0.423678636,0.0324460504,-0.8459281,-0.385423368,0.117379875,-0.676836397,-0.353277413,-0.280836141,-0.777769724,-0.186611814,-0.288082391,-1.0973387,-0.440834245,-0.318737809,-1.27652378,-0.409446447,-0.427724086,-1.59867879,-0.425437263
deer_horn,088859eb0563,34,2.081079099996714,0.0083420927,0.0280145709,0.010114643,0.288133677,-0.107722569,-0.177541004,0.420051333,-0.351909425,-0.233435401,0.474306702,-0.489424064,-0.381214566,0.287207102,-0.532678164,-0.574646498,0.277586298,-0.972300272,-0.201160634,0.316964078,-1.52096509,-0.360933058,0.347512306,-1.82005116,-0.42771604,0.371363137,-2.0488504,-0.477774257,0.0404440998,-0.978908325,-0.228901985,0.143581161,-1.20828914,-0.427936565,0.257067457,-0.922080524,-0.521471705,0.354340097,-0.694106306,-0.516610652,-0.106699854,-0.864031081,-0.212509743,-0.0697302866,-1.16773568,-0.402741084,0.0833049505,-0.891955729,-0.418474242,0.121876142,-0.738091262,-0.330762091,-0.223661065,-0.716508571,-0.251006,-0.330612748,-1.06993885,-0.445025393,-0.468300485,-1.24887774,-0.45007547,-0.440617337,-1.51032514,-0.384763043
deer_horn,088859eb0563,35,2.1295307999971556,-0.00184359869,0.0479655924,0.00491221679,0.232277717,-0.103860946,-0.132444581,0.436158991,-0.417376686,-0.355032922,0.481982737,-0.602578454,-0.433990407,0.330704849,-0.616595322,-0.481105822,0.195745417,-1.06485357,-0.179134824,0.261420486,-1.52754984,-0.39179864,0.205013704,-1.82873421,-0.344237522,0.264982383,-2.07015734,-0.447448559,-0.0356081648,-0.971679317,-0.215965647,0.047992012,-1.2427387,-0.430370821,0.232947265,-0.981327514,-0.465757039,0.249410389,-0.776480464,-0.517628371,-0.118924516,-0.924882081,-0.211020229,-0.0828891853,-1.15337703,-0.411923648,0.128916206,-0.86618073,-0.415159778,0.247053041,-0.716945531,-0.315886565,-0.294085011,-0.766555052,-0.243324052,-0.390994112,-1.03057903,-0.355588586,-0.388094328,-1.22213076,-0.362490201,-0.492119748,-1.49346742,-0.365223732
deer_horn,088859eb0563,36,2.1922704000025988,0.0253124859,-0.0213807946,-0.0245034104,0.258971022,-0.107643094,-0.192767707,0.416709053,-0.469822147,-0.351372652,0.540269839,-0.629203582,-0.448452355,0.353157108,-0.677184813,-0.540208866,0.111694954,-1.00212411,-0.190367349,0.170292253,-1.57988159,-0.379530377,0.174264364,-1.89377334,-0.384793479,0.112549093,-2.08508303,-0.477337354,0.014285047,-0.912930298,-0.186448389,0.127426284,-1.23218919,-0.432286425,0.269594163,-1.0326333,-0.488145091,0.346656576,-0.81163986,-0.441728898,-0.163533157,-0.852623872,-0.173399653,-0.0671555611,-1.12711343,-0.47084132,0.114719169,-1.00187027,-0.413989628,0.200646964,-0.75635751,-0.361563029,-0.278296389,-0.69452048,-0.247654044,-0.360140387,-1.00074729,-0.379058995,-0.443533635,-1.1933339,-0.328519923,-0.451229937,-1.50479525,-0.28271767
deer_horn,088859eb0563,37,2.2548267999954987,0.00211123108,0.0211684764,-0.00157364189,0.237413623,-0.229090486,-0.197405687,0.3789778,-0.525337484,-0.334599409,0.454960262,-0.677753344,-0.436728787,0.324003527,-0.697155007,-0.625787689,0.0866708091,-1.03385788,-0.177756833,-0.033286221,-1.56886062,-0.309712909,-0.00421384582,-1.81803004,-0.397955812,-0.0450827327,-2.09284257,-0.47246537,-0.0616350041,-0.960739024,-0.194044021,0.0338975135,-1.29767849,-0.416038266,0.198528477,-1.10818483,-0.450723394,0.327219902,-0.890677508,-0.488857681,-0.208537572,-0.899954991,-0.235071027,-0.151604359,-1.21013479,-0.431745244,0.074793662,-0.971059828,-0.40671723,0.149178115,-0.73956602,-0.293678311,-0.369919703,-0.694918365,-0.22646257,-0.460103623,-0.984797168,-0.359928699,-0.48797325,-1.20837009,-0.407576772,-0.492150039,-1.42436615,-0.370718269
deer_horn,088859eb0563,38,2.3196956000028877,-0.025870373,0.00350888667,0.00674897553,0.209610075,-0.281043245,-0.166814839,0.368057452,-0.539087337,-0.267950383,0.459307048,-0.725148431,-0.396921672,0.321239832,-0.827528491,-0.503406838,0.040741483,-1.05881424,-0.109159847,-0.0368700882,-1.55622922,-0.321503471,-0.0477466376,-1.84237747,-0.346895842,-0.0424298529,-2.08460539,-0.376792367,-0.107872726,-0.952021045,-0.143194108,-0.00750310233,-1.35176613,-0.384562995,0.16417322,-1.09007496,-0.515188265,0.269346427,-0.901243358,-0.431528549,-0.191735618,-0.882594671,-0.232538436,-0.109469363,-1.18367783,-0.353962805,0.0779188193,-0.948687384,-0.347064238,0.138490475,-0.808830978,-0.288611841,-0.344133851,-0.714005383,-0.234503177,-0.492339355,-0.979799966,-0.350086276,-0.438008934,-1.17668566,-0.313742512,-0.513039302,-1.37463905,-0.307018722
deer_horn,088859eb0563,39,2.383868499993696,-0.0400143525,0.0315584956,-0.00161633847,0.141742589,-0.354794082,-0.117159658,0.226353111,-0.717143721,-0.319455923,0.246959273,-0.937055139,-0.405548924,0.143733419,-0.99176411,-0.451018392,-0.247101257,-1.06463883,-0.181393504,-0.391668676,-1.50620603,-0.247826841,-0.50164578,-1.74805683,-0.313322773,-0.622594923,-1.97785225,-0.391203619,-0.354265607,-0.88686819,-0.168141506,-0.325288544,-1.28978063,-0.375252424,-0.0970451229,-1.09734265,-0.434958651,0.0763805001,-0.998347855,-0.396691728,-0.442786045,-0.764094604,-0.203070415,-0.440501926,-1.1372059,-0.424369115,-0.165867559,-1.01053648,-0.399483968,0.0107559545,-0.854383695,-0.35008666,-0.450672889,-0.679816546,-0.160913995,-0.630621744,-0.868276262,-0.346369932,-0.719579005,-1.06464926,-0.382303975,-0.802154385,-1.29204086,-0.334353597
deer_horn,088859eb0563,40,2.4478195999981835,-0.0137535332,0.0173769761,-0.0259184681,0.141701971,-0.323223413,-0.174502038,0.200278105,-0.680167432,-0.232809556,0.231706786,-0.960756754,-0.361045264,0.137405837,-1.01400093,-0.513919586,-0.215882651,-1.00146173,-0.135358645,-0.485948262,-1.4758725,-0.261555705,-0.517519483,-1.6861472,-0.299224187,-0.583007979,-1.9704762,-0.37578922,-0.349222539,-0.897975034,-0.158068907,-0.306081887,-1.28588484,-0.394883131,-0.0039703668,-1.1837708,-0.442987405,0.0620312471,-1.00938469,-0.411139001,-0.371021106,-0.748007282,-0.145963304,-0.344034585,-1.12518465,-0.378604722,-0.0842909745,-1.01301726,-0.378038682,-0.0331456032,-0.931426145,-0.351284009,-0.456817047,-0.556171727,-0.280889604,-0.637133811,-0.857107499,-0.402418197,-0.724204836,-1.02698333,-0.381193945,-0.790126066,-1.23248121,-0.338486657
deer_horn,088859eb0563,41,2.507619700001669,-0.00327013119,0.00991914286,-0.0308609749,0.202937007,-0.297542492,-0.17374446,0.149019694,-0.751925658,-0.288117528,0.224151807,-1.04541769,-0.299879002,0.176112563,-0.98150698,-0.497027556,-0.271331691,-1.04998324,-0.174111252,-0.591954406,-1.48910135,-0.233486529,-0.584094808,-1.69705045,-0.345231706,-0.770199919,-1.94715851,-0.401052493,-0.40866009,-0.928333752,-0.142957851,-0.41334253,-1.34723867,-0.408549046,-0.098179384,-1.18185719,-0.515123648,0.0735845423,-1.0963283,-0.476890132,-0.4948671,-0.731020791,-0.160319157,-0.527860563,-1.08496021,-0.403090935,-0.196988777,-1.06512143,-0.418140778,-0.0802532684,-0.873346681,-0.285709335,-0.519583007,-0.555638494,-0.229187189,-0.705202433,-0.824722396,-0.368068011,-0.782291475,-0.988285316,-0.36565329,-0.928694713,-1.19614972,-0.422399797
deer_horn,088859eb0563,42,2.5710713000007672,0.0299660173,-0.00411040541,0.00546538891,0.138231985,-0.481077943,-0.0687896765,-0.0183522265,-0.835701561,-0.200898043,-0.0411250797,-1.11906972,-0.195307557,-0.135938949,-1.16973724,-0.332076201,-0.519249259,-0.935780868,-0.0335674983,-0.869860948,-1.17454686,-0.109723208,-0.918089034,-1.42059882,-0.207745523,-1.1033674,-1.5937931,-0.267385203,-0.588403316,-0.750627658,-0.129294282,-0.733718823,-1.1526614,-0.383544955,-0.424715508,-1.18702815,-0.402874619,-0.227610463,-1.08711409,-0.411493224,-0.606450013,-0.620995784,-0.103408111,-0.760726259,-1.0097755,-0.397867691,-0.431082343,-0.944549917,-0.382466106,-0.219654643,-0.952107306,-0.308945499,-0.647800691,-0.406858713,-0.242657343,-0.898558591,-0.546997573,-0.363386971,-1.05464863,-0.710812812,-0.385092412,-1.27669279,-0.830552758,-0.357475172
deer_horn,088859eb0563,43,2.6314248999988195,0.04172312,0.0152537448,0.0131395468,0.117328238,-0.48594713,-0.0820893758,-0.0012452623,-0.923557429,-0.182484547,-0.0258763877,-1.09265667,-0.223292018,-0.201073716,-1.13095168,-0.334127022,-0.617380355,-0.888733158,-0.00428364518,-0.818175175,-1.19114662,-0.0881253172,-1.01275275,-1.35681621,-0.126498618,-1.12108919,-1.51699209,-0.170531708,-0.597881274,-0.786089917,-0.0287865219,-0.747129528,-1.20144741,-0.302044801,-0.398159181,-1.22760693,-0.345239886,-0.270223033,-1.06432543,-0.400061951,-0.689346465,-0.64937777,-0.153190471,-0.728376119,-1.03515393,-0.429784073,-0.450928747,-0.993539938,-0.42215267,-0.268796449,-0.943268962,-0.29705968,-0.625594937,-0.467345531,-0.215985983,-0.902802259,-0.536489003,-0.333705629,-1.07487287,-0.659774343,-0.422059709,-1.25829857,-0.763955908,-0.425320919
deer_horn,088859eb0563,44,2.6966898999962723,-0.0379748433,-0.0206837257,0.0161267509,0.084934714,-0.484101201,-0.0690301687,0.0096961903,-0.812539173,-0.191115554,-0.106111132,-1.07403518,-0.189157841,-0.252958622,-1.15916111,-0.278165096,-0.574547515,-0.876876438,-0.0797201649,-0.956086757,-1.1120616,-0.210806471,-1.12207095,-1.30739508,-0.21080459,-1.23523203,-1.47376424,-0.218863898,-0.686677636,-0.750831289,-0.0522461239,-0.773117993,-1.11964458,-0.277600656,-0.493319785,-1.21133379,-0.37446395,-0.268298163,-1.15489488,-0.383657977,-0.694525494,-0.582608492,-0.114743199,-0.816829796,-0.977545815,-0.399562183,-0.510394618,-1.01143283,-0.37120678,-0.310399108,-0.950769332,-0.275633024,-0.682715409,-0.33431232,-0.250513992,-0.945038795,-0.487825788,-0.370200136,-1.15346266,-0.641019694,-0.403883864,-1.2587263,-0.713049572,-0.431442551
deer_horn,088859eb0563,45,2.757761400003801,0.0254145796,-0.0130169789,0.00101962442,0.112514975,-0.530722626,0.0120682139,-0.0369724335,-0.935948006,-0.0632831323,-0.150177845,-1.17827083,-0.138396263,-0.26589095,-1.18124318,-0.146366832,-0.691157585,-0.803442455,0.0717583821,-1.02404782,-1.11075427,0.00614889539,-1.15939832,-1.26627878,-0.00241748066,-1.39892357,-1.45194561,-0.0838324923,-0.665406156,-0.712351249,-0.0301038215,-0.865097936,-1.12505693,-0.256100388,-0.619951354,-1.23490747,-0.272583756,-0.413785663,-1.14347254,-0.260698273,-0.684171053,-0.560831686,-0.10245472,-0.879515805,-0.999224277,-0.319963261,-0.510495574,-1.10653018,-0.300327779,-0.375529241,-1.00236639,-0.173033233,-0.696262802,-0.395264457,-0.219727944,-1.02093012,-0.51671439,-0.330675861,-1.20560902,-0.64238366,-0.297699399,-1.40605239,-0.772485252,-0.34951553
deer_horn,088859eb0563,46,2.820625199994538,-0.0463722818,0.0157454553,-0.0238400247,0.0648437626,-0.552430373,-0.0867938022,-0.116345692,-0.917341662,-0.0107216875,-0.154313467,-1.17424399,-0.166693433,-0.319232782,-1.23752501,-0.179894566,-0.639691084,-0.805734803,0.0680917552,-1.06936028,-1.05954078,-0.0200291815,-1.22059733,-1.23764446,-0.106110351,-1.38987312,-1.31826675,-0.113765557,-0.717486181,-0.706966305,0.00384797768,-0.89734315,-1.12394725,-0.246235683,-0.634957841,-1.17208166,-0.292048376,-0.43706326,-1.10756308,-0.285006301,-0.726894068,-0.531426121,-0.120625323,-0.885871028,-0.969593116,-0.298499177,-0.591451829,-1.05717771,-0.290178832,-0.426775737,-0.987051685,-0.198151286,-0.677612905,-0.341042154,-0.195603565,-1.07759579,-0.435654174,-0.275819031,-1.21816589,-0.630575253,-0.359446187,-1.41049426,-0.751015953,-0.33342874
deer_horn,088859eb0563,47,2.880825799991726,-0.0571466792,0.0222055781,0.0247079644,0.122668685,-0.548631968,-0.0497882146,-0.0226744694,-0.901832715,-0.0964061069,-0.189959793,-1.2415753,-0.14741798,-0.350539728,-1.23986171,-0.230819364,-0.661385226,-0.811096603,0.0508468507,-0.984753222,-1.10371273,-0.0142553975,-1.2657951,-1.26980451,-0.0305475929,-1.35246093,-1.38971292,-0.0609129117,-0.659844962,-0.732483373,0.0423436349,-0.902964651,-1.20847867,-0.242020692,-0.617485673,-1.24580352,-0.293783771,-0.386439809,-1.24296781,-0.292292134,-0.75851426,-0.553636948,-0.0976321386,-0.822026276,-1.01431343,-0.237636206,-0.559095518,-1.12020868,-0.28005908,-0.362488989,-1.00465534,-0.179481921,-0.712110489,-0.334967234,-0.215308894,-1.07461568,-0.550538619,-0.285457994,-1.19377755,-0.668035649,-0.345180256,-1.37111304,-0.760234879,-0.332245949
deer_horn,088859eb0563,48,2.944172699993942,-0.020477452,0.000565836798,0.0329608998,0.105698695,-0.522490549,-0.000440034584,-0.0595131919,-0.913833606,-0.0756756112,-0.172713858,-1.20730228,-0.104262169,-0.337538294,-1.29771314,-0.173554474,-0.628111736,-0.830005026,0.0706758699,-0.949508628,-1.07431469,0.0272154394,-1.20671296,-1.27283518,-0.0599024191,-1.37508087,-1.3804622,-0.12682759,-0.735190253,-0.676239298,-0.0188242239,-0.901813973,-1.20398673,-0.185167513,-0.591215766,-1.24744387,-0.300881074,-0.322958109,-1.1803434,-0.333255283,-0.726544662,-0.545917491,-0.0932933017,-0.922942063,-0.963024212,-0.302034642,-0.593821908,-1.08724139,-0.283639824,-0.406605368,-1.06393908,-0.176831853,-0.712243395,-0.382848932,-0.218302129,-1.09686974,-0.503943305,-0.325145269,-1.21072763,-0.649488873,-0.349362068,-1.38055856,-0.760549579,-0.282163397
deer_horn,088859eb0563,49,3.0074720999982674,-0.0425527347,-0.0222259964,0.0326005215,0.233696293,-0.471003801,-0.170752799,0.135280774,-0.845969971,-0.172744042,0.0223353375,-1.06565942,-0.272973514,-0.189727509,-1.15555785,-0.340663452,-0.461869166,-0.98158408,-0.0269157763,-0.661138508,-1.28778041,-0.149354753,-0.76884139,-1.52254233,-0.137643881,-0.841409537,-1.5649193,-0.15994376,-0.469949509,-0.829975521,-0.018747933,-0.564195534,-1.24527204,-0.283613883,-0.373631788,-1.20281544,-0.326998823,-0.0736266016,-1.03344844,-0.32353244,-0.572276523,-0.666336847,-0.0910628856,-0.663262619,-1.07696097,-0.321049888,-0.391135946,-1.04600912,-0.294226292,-0.209069241,-0.976235381,-0.245652392,-0.61553762,-0.538583192,-0.172112677,-0.883759322,-0.701967983,-0.245431193,-1.01181906,-0.897075009,-0.238440158,-1.16506035,-1.0434705,-0.267703058
deer_horn,088859eb0563,50,3.0716339999926277,0.00501818733,-0.0440666166,-0.0473754542,0.187664638,-0.364220989,-0.0868765201,0.118034679,-0.811565365,-0.178795115,0.129135182,-1.0843329,-0.282508876,-0.0370757774,-1.06397057,-0.374964715,-0.315556864,-1.050525,-0.0209494161,-0.479695169,-1.37141761,-0.121927251,-0.587739416,-1.55946251,-0.128152892,-0.657172635,-1.70957547,-0.198070736,-0.439354957,-0.883621394,-0.091238231,-0.503186624,-1.25903571,-0.221623289,-0.21330088,-1.16674854,-0.317107095,-0.064205754,-1.00369906,-0.274641577,-0.526710699,-0.792619944,-0.0966239137,-0.582648242,-1.15466735,-0.285255504,-0.362258155,-1.11762795,-0.327682049,-0.239912653,-0.985361357,-0.249769221,-0.584198259,-0.595556596,-0.118597859,-0.835419982,-0.786507157,-0.191987589,-1.00785714,-1.01677399,-0.247606613,-1.11835486,-1.08208954,-0.309616707
deer_horn,088859eb0563,51,3.1360240999929374,-0.0407234358,0.0330613434,-0.000553600621,0.184819126,-0.353448321,-0.133065761,0.226618932,-0.70958479,-0.188464254,0.222990266,-1.03606676,-0.271302442,0.0354528114,-1.11052665,-0.393535749,-0.105333264,-0.978933096,0.0725759688,-0.264222207,-1.4313768,-0.0971293265,-0.235686274,-1.58617104,-0.176894293,-0.31405215,-1.65919038,-0.225404089,-0.300048005,-0.939640037,-0.0114696907,-0.350537758,-1.33797205,-0.208810455,-0.199987681,-1.23555198,-0.340662655,-0.0654261237,-1.07344219,-0.335956378,-0.379236733,-0.883570907,-0.0350887681,-0.510727388,-1.10657072,-0.202676507,-0.258932168,-1.09757487,-0.285486728,-0.135201975,-0.952796779,-0.187216904,-0.504898121,-0.687857908,-0.109941873,-0.723400045,-0.952338707,-0.203951335,-0.824889269,-1.11151587,-0.214025466,-1.01594337,-1.20597673,-0.246380785
deer_horn,088859eb0563,52,3.1949409999942873,-0.00601315779,-0.0166983115,-0.0347924436,0.253760406,-0.238794772,-0.0924980422,0.30546039,-0.484865145,-0.193502176,0.309282459,-0.769895438,-0.332731208,0.180054079,-0.89480507,-0.447038996,0.132966598,-1.05570093,-0.0995340452,0.197020293,-1.41519738,-0.124626629,0.187113136,-1.61195296,-0.271112792,0.157928442,-1.87077162,-0.310270889,0.0220555927,-0.981568542,-0.0421913926,-0.0321678705,-1.35479103,-0.267128751,0.0834593891,-1.14876272,-0.365340741,0.173638048,-0.89020395,-0.42105973,-0.165054355,-0.966501399,-0.0886696482,-0.149372995,-1.24727544,-0.283437202,-0.0552278845,-1.07337404,-0.316251298,0.0191402602,-0.873866667,-0.299052777,-0.294729421,-0.781589918,-0.127956418,-0.406586822,-1.03115773,-0.299311561,-0.518143147,-1.19424411,-0.225295981,-0.591665501,-1.4145914,-0.326980871
deer_horn,088859eb0563,53,3.256912500000908,0.0332184897,0.00957573974,-0.0501836446,0.163229632,-0.209465518,-0.123581503,0.291744835,-0.444984439,-0.224315108,0.319092999,-0.663472306,-0.348539598,0.197964586,-0.849744493,-0.429277336,0.155699642,-0.979892063,-0.114897196,0.252677264,-1.36686223,-0.164423089,0.243481899,-1.63199157,-0.275854751,0.183434365,-1.83139256,-0.280653485,0.022325836,-1.00391128,-0.148005658,0.035453431,-1.34351785,-0.282530855,0.0818679943,-1.12693692,-0.33430531,0.154720338,-0.909940869,-0.371301319,-0.186563924,-0.92900617,-0.114445669,-0.186834792,-1.23402747,-0.332233349,-0.0584996732,-1.01683643,-0.294665152,0.0794876295,-0.768833054,-0.162296738,-0.245352291,-0.783767756,-0.116762224,-0.371617321,-1.03267355,-0.287630125,-0.480304864,-1.23058678,-0.362359685,-0.574929136,-1.40274375,-0.272980018
deer_horn,088859eb0563,54,3.3183624999946915,0.00619706128,0.00277799213,5.5421085e-05,0.268630137,-0.216449424,-0.13142579,0.349427722,-0.425786556,-0.213787465,0.324691699,-0.659443301,-0.358655455,0.156050278,-0.790664195,-0.396734293,0.203683275,-1.01601746,-0.0941603427,0.272525208,-1.37044259,-0.2442013,0.298477874,-1.66979138,-0.241270221,0.295144314,-1.82742352,-0.32032441,0.0715359763,-0.994707721,-0.077017975,0.0710801066,-1.30242618,-0.294920863,0.137215374,-1.01947106,-0.31607343,0.209503392,-0.848196945,-0.402644023,-0.147679498,-0.913011531,-0.090195233,-0.19456574,-1.17628859,-0.281214759,-0.00880391159,-0.999346303,-0.317866483,0.0351346692,-0.879466543,-0.250804757,-0.221924629,-0.780534925,-0.194705402,-0.388947119,-1.02963892,-0.303179155,-0.492876143,-1.24928481,-0.263172583,-0.538155436,-1.48612608,-0.293123722
deer_horn,088859eb0563,55,3.380397400003858,-0.0217999908,-0.0378968157,-0.0497927014,0.2047906,-0.135594004,-0.181707271,0.316908368,-0.339598761,-0.280951161,0.268028394,-0.554003585,-0.413970612,0.19669496,-0.694283613,-0.473985771,0.351413068,-0.936240505,-0.158934662,0.356925911,-1.40964777,-0.306678997,0.474267244,-1.6589121,-0.417764197,0.53905122,-1.85529384,-0.488903441,0.140098516,-0.91037571,-0.140261137,0.0952733503,-1.32323098,-0.429518471,0.172356834,-0.964438678,-0.465114127,0.197782521,-0.780325248,-0.471313316,-0.0207225018,-0.948352447,-0.215322151,-0.0904281785,-1.18596079,-0.382339595,-0.0293956865,-1.00961899,-0.326243136,0.0322114167,-0.783364317,-0.312332426,-0.226825286,-0.889569513,-0.277615334,-0.338851144,-1.1237103,-0.351740781,-0.362542927,-1.33193984,-0.363288626,-0.446165712,-1.53299364,-0.373867527
deer_horn,088859eb0563,56,3.443490000005113,-0.0349767972,0.0942820242,0.0332075826,0.210030078,-0.0847763229,-0.162218273,0.417716526,-0.317179425,-0.285952153,0.340459541,-0.539006474,-0.38181233,0.0896963707,-0.623584288,-0.585332854,0.319425254,-0.967141086,-0.181342238,0.460610053,-1.4094871,-0.398086793,0.577354557,-1.67078564,-0.427406517,0.558277121,-1.86113577,-0.536084382,0.123404697,-1.00335623,-0.173851854,0.115340592,-1.23190001,-0.39911311,0.0967832257,-0.892078095,-0.474159104,0.165760313,-0.743769238,-0.516949531,-0.0247766694,-0.946335212,-0.178401718,-0.0873537755,-1.20676792,-0.393263715,-0.107246969,-0.93908908,-0.36231976,-0.0213797439,-0.755336814,-0.248227934,-0.191784284,-0.823984893,-0.218754129,-0.313932184,-1.13707007,-0.336967409,-0.421302402,-1.30486635,-0.352306653,-0.440728113,-1.5522471,-0.309544691
deer_horn,088859eb0563,57,3.5064901000005193,0.0309652811,0.0282428376,0.00837031954,0.204279331,-0.110420385,-0.163536742,0.396004421,-0.286481655,-0.360933385,0.297842785,-0.441506631,-0.450864712,0.0948042165,-0.618847494,-0.537109512,0.325389911,-0.959738805,-0.225038269,0.483125476,-1.39593222,-0.395380451,0.559091676,-1.59001221,-0.436636335,0.620083019,-1.88128401,-0.581921573,0.129742982,-1.02094657,-0.189180758,0.155176714,-1.2020456,-0.413326311,0.114481321,-0.834378654,-0.433385699,0.146631203,-0.677532555,-0.479473926,-0.0545256735,-0.983676029,-0.241041075,-0.0601520658,-1.23208235,-0.342942213,0.0329978241,-0.8665502,-0.337282586,0.0305211689,-0.731015578,-0.242545522,-0.225181175,-0.850495532,-0.243384774,-0.321940353,-1.18354041,-0.352346219,-0.3687194,-1.32989374,-0.364965938,-0.408970798,-1.56068174,-0.339256037
deer_horn,088859eb0563,58,3.5719527000037488,0.0392518929,-0.0245063434,0.0538117437,0.183634493,-0.137259565,-0.182211448,0.378023337,-0.198738224,-0.399606168,0.280513858,-0.410061168,-0.437552291,0.163088673,-0.575038409,-0.565569455,0.351436876,-0.913023504,-0.233951289,0.514846466,-1.3546574,-0.398923299,0.586811532,-1.61903432,-0.454236733,0.657758977,-1.82823446,-0.538314455,0.158249585,-0.936448642,-0.189190861,0.148204798,-1.16816658,-0.400310291,0.154176162,-0.812102932,-0.514528491,0.180013738,-0.573481747,-0.532535688,-0.00065663496,-0.931297929,-0.262277857,-0.0172762196,-1.21750816,-0.330415466,-0.0897999668,-0.879813602,-0.339639099,0.0236301959,-0.680619793,-0.300722894,-0.161921191,-0.907611768,-0.323288837,-0.260194595,-1.15866847,-0.350192896,-0.321098613,-1.28374161,-0.327967272,-0.421942384,-1.54362819,-0.32424299
deer_horn,088859eb0563,59,3.633076099999016,-0.000744281674,-0.032860401,0.0261706044,0.199244405,-0.0212232419,-0.228549278,0.349570945,-0.161363976,-0.393831916,0.205700756,-0.247198063,-0.582964992,0.0093490567,-0.470886767,-0.690144494,0.403736283,-0.909473102,-0.286843338,0.552693489,-1.33424113,-0.53252762,0.759923218,-1.60457787,-0.639062905,0.792024128,-1.8186975,-0.762644295,0.237689419,-0.907693516,-0.226109215,0.164715482,-1.14774142,-0.557338478,0.146718816,-0.713451373,-0.653946616,0.0644070615,-0.469969241,-0.672771538,0.0539921056,-0.905270116,-0.3049123,-0.0258614501,-1.10757079,-0.473397936,-0.0849459844,-0.845022414,-0.444396416,-0.0674386377,-0.601604034,-0.407238377,-0.183651359,-0.89678081,-0.305205666,-0.228197108,-1.22552486,-0.379262431,-0.377058638,-1.50486823,-0.32140537,-0.433752563,-1.61767846,-0.366457179
deer_horn,088859eb0563,60,3.691726299992297,0.00723030173,-0.0454618246,0.0128532581,0.170068356,0.0586622261,-0.25635646,0.219241542,-0.111075476,-0.369293899,0.214019312,-0.151692244,-0.626260404,-0.00868363438,-0.418457746,-0.771537771,0.388103108,-0.825223888,-0.409933271,0.629867622,-1.3128392,-0.59753104,0.769725508,-1.51433833,-0.668164111,0.872217055,-1.78064854,-0.84371972,0.235563829,-0.905489759,-0.338322965,0.214423638,-1.09699325,-0.568423733,0.0867246291,-0.705718422,-0.667328433,0.00949724772,-0.421383654,-0.674966157,-0.0198117961,-0.970066563,-0.300853879,-0.0307452441,-1.11068651,-0.518275909,-0.117522823,-0.687853208,-0.463210541,-0.0654614937,-0.472662967,-0.44841142,-0.210544109,-0.936315438,-0.289253968,-0.306257536,-1.28382192,-0.416826431,-0.338856104,-1.45080509,-0.3694332,-0.414493757,-1.66358563,-0.390698981
deer_horn,088859eb0563,61,3.7568567999987863,-0.0319789367,0.0104346441,-0.00998659878,0.236900203,0.0168808943,-0.300318235,0.257436668,-0.0813392782,-0.498556226,0.15682485,-0.137704784,-0.621860759,-0.0107020507,-0.378813881,-0.824088513,0.420498082,-0.804193284,-0.368233688,0.618649053,-1.20464062,-0.647102516,0.79357797,-1.47814678,-0.780563602,0.931919887,-1.75265383,-0.865650696,0.220027011,-0.873113199,-0.397250365,0.148953658,-1.09200251,-0.637863316,0.0501138326,-0.712366778,-0.737119402,0.0752182985,-0.411050942,-0.711790231,-0.00428515683,-0.967730852,-0.356679265,-0.115983864,-1.08183456,-0.539040124,-0.135559775,-0.657093579,-0.502457934,-0.0772097022,-0.526182633,-0.511061574,-0.142480627,-0.900093857,-0.346165867,-0.277515794,-1.27443266,-0.425553012,-0.30511636,-1.41062918,-0.453137751,-0.396610348,-1.69550095,-0.399689995
deer_horn,088859eb0563,62,3.8202770999923814,0.0175271889,-0.0654613985,-0.0117508436,0.185030812,0.0449693048,-0.314823006,0.371652101,0.00232860297,-0.509263156,0.161382612,-0.129543432,-0.700801111,0.0191420864,-0.365334189,-0.859360235,0.460021976,-0.740062122,-0.493642093,0.675215848,-1.20619872,-0.607370041,0.779886774,-1.46989085,-0.775818611,0.953451954,-1.67143469,-0.892183766,0.211902271,-0.861588216,-0.400758746,0.225129921,-0.999792375,-0.66990897,0.0962609248,-0.611755801,-0.747476048,0.0380974004,-0.3401058,-0.80395654,0.0117670368,-0.948656988,-0.358438691,-0.0942337448,-1.06312479,-0.542726361,-0.0609145247,-0.697952373,-0.580465881,-0.0746695522,-0.492628784,-0.555234225,-0.146884175,-0.959606577,-0.319008359,-0.251335205,-1.29710506,-0.434426276,-0.326134051,-1.42131186,-0.477816068,-0.40090081,-1.65630632,-0.357919492
deer_horn,088859eb0563,63,3.881373900003382,0.000762127401,-0.0135991244,-0.0238462183,0.254429209,0.110728915,-0.295389065,0.333548038,0.0470272599,-0.474460596,0.170386768,-0.123393526,-0.663506919,0.077381258,-0.367353545,-0.825669765,0.449058802,-0.695701611,-0.409326677,0.670403217,-1.17748071,-0.642594945,0.847089368,-1.43305276,-0.805470123,0.934275736,-1.6741493,-0.861294055,0.229871699,-0.949029571,-0.411309093,0.181746445,-1.03568113,-0.608232439,0.0719711332,-0.646859249,-0.72712,0.0795411054,-0.406161388,-0.758830221,0.0635252899,-0.945612722,-0.386240799,-0.0685466588,-1.07253046,-0.591022886,-0.128335444,-0.752885736,-0.569942287,-0.0585014205,-0.472086422,-0.519040017,-0.171845671,-0.910408665,-0.304433372,-0.28395804,-1.29484427,-0.46179111,-0.345975664,-1.49492074,-0.438295359,-0.383640225,-1.70747163,-0.39917404
deer_horn,088859eb0563,64,3.943063099999563,-0.0285992984,-0.0592554007,-0.0392183968,0.189713089,0.0759724346,-0.27148295,0.298881715,0.00347734021,-0.471191421,0.175762634,-0.0803175655,-0.613501103,0.0280423458,-0.309879397,-0.830786445,0.436533161,-0.782350637,-0.414349464,0.620638678,-1.16386767,-0.640705581,0.848013607,-1.42416305,-0.783145688,0.954691465,-1.70935516,-0.928812787,0.250162317,-0.864718959,-0.352532259,0.198423597,-1.06449847,-0.627598821,0.121291259,-0.656887872,-0.709232732,0.095409882,-0.423585299,-0.789886749,0.0343293428,-0.872488348,-0.326707969,-0.0347836055,-1.09262416,-0.586660237,-0.0914323835,-0.711541507,-0.542504931,-0.0519577293,-0.457628125,-0.486792881,-0.17346866,-0.846008848,-0.299994347,-0.238875012,-1.25354221,-0.450899798,-0.381889509,-1.49310916,-0.435699373,-0.367893164,-1.68286061,-0.415201629
deer_horn,088859eb0563,65,4.005983600000036,0.0652511014,-0.00785227197,-0.0078833475,0.205874577,0.0576976459,-0.169766439,0.357985133,-0.000213270869,-0.418742544,0.279184873,-0.0588082081,-0.629642721,0.134740841,-0.283799233,-0.809359014,0.516751049,-0.780660127,-0.381912046,0.805727501,-1.1371446,-0.60880996,0.908390399,-1.38416385,-0.760428834,1.08026894,-1.59486835,-0.877129059,0.281571592,-0.890187829,-0.349445092,0.327603457,-1.08325353,-0.612912971,0.232865402,-0.660242969,-0.722705393,0.139415901,-0.366560697,-0.715032516,0.0977094254,-0.945199866,-0.302760253,0.0619415994,-1.11394625,-0.470748583,0.0317806423,-0.706218273,-0.52334783,0.0166461107,-0.425121201,-0.474167323,-0.127694639,-0.930951541,-0.365237278,-0.2732577,-1.2915969,-0.426786608,-0.317573204,-1.53890669,-0.46000448,-0.288606272,-1.70718189,-0.384849958
deer_horn,088859eb0563,66,4.071935200001462,-0.00485853326,0.00755929991,0.0257264868,0.231399159,0.0421606709,-0.292980266,0.426604034,-0.0792074643,-0.378622826,0.318277952,-0.117074076,-0.591120187,0.196077817,-0.299292337,-0.792256661,0.523941325,-0.823764806,-0.317881895,0.710156606,-1.17490945,-0.544668736,0.987882221,-1.3806306,-0.776130891,1.08976087,-1.6198567,-0.804967406,0.372185498,-0.879974994,-0.327577523,0.306933494,-1.10248756,-0.567093744,0.255938158,-0.665991922,-0.68453171,0.221131584,-0.437207816,-0.68863483,0.157081394,-0.963002283,-0.313126049,0.0922948,-1.14511585,-0.513549038,0.0389829245,-0.783468092,-0.495864598,-0.0111299278,-0.444751779,-0.434553142,-0.127933148,-0.998394825,-0.255711864,-0.144768474,-1.24670542,-0.489445418,-0.214887479,-1.50700778,-0.435623978,-0.298530803,-1.74393129,-0.395205716
deer_horn,088859eb0563,67,4.130575200004387,0.0374723206,-0.0125286313,-0.00162391399,0.230533477,0.0989655103,-0.224145658,0.419792325,-0.0658710177,-0.37163048,0.317776983,-0.155855307,-0.652106113,0.262826535,-0.362339819,-0.825063863,0.532416845,-0.747610999,-0.322798924,0.73426351,-1.18952462,-0.546654702,1.01648931,-1.35875871,-0.730810585,1.06593567,-1.60180024,-0.815944393,0.376227745,-0.866414623,-0.364055478,0.376665503,-1.06094756,-0.578029038,0.311843991,-0.646952292,-0.621049253,0.227137997,-0.368209909,-0.751968312,0.106143961,-0.952861793,-0.327228639,0.112209656,-1.07390455,-0.505918369,0.10308682,-0.766223403,-0.521783695,0.0467095412,-0.518557028,-0.420358002,-0.0379693688,-0.975470862,-0.309707335,-0.0951023957,-1.26492074,-0.454177473,-0.138773168,-1.48787763,-0.437463126,-0.225535076,-1.82164712,-0.37818605
deer_horn,088859eb0563,68,4.19279230000393,-0.00179310628,0.0127443432,0.0146737088,0.244886992,0.0488873233,-0.251880166,0.47177969,0.0177304708,-0.388154428,0.382892769,-0.233708013,-0.546636533,0.274138266,-0.391574116,-0.734334279,0.611800346,-0.760697552,-0.306921337,0.894742448,-1.14081902,-0.523986587,1.02255265,-1.39507517,-0.64428529,1.20675071,-1.58132099,-0.741961523,0.346865012,-0.917237614,-0.273245603,0.371140867,-1.01850945,-0.529536258,0.371126114,-0.725744017,-0.595223064,0.347338126,-0.44396652,-0.649479547,0.147810544,-0.889775846,-0.214862701,0.163839312,-1.0601585,-0.498701723,0.103447946,-0.772183821,-0.488086542,0.126973997,-0.586057866,-0.387421593,-0.0158793395,-0.925292587,-0.222034036,-0.0979432359,-1.32172192,-0.441988829,-0.133998974,-1.52800332,-0.376866571,-0.134177052,-1.69563267,-0.451471685
deer_horn,088859eb0563,69,4.255223700005445,0.0504725883,-0.0468132598,0.0164265313,0.229053458,0.034668153,-0.171856449,0.513692884,-0.096656523,-0.338991573,0.476187293,-0.281738556,-0.421709923,0.382310624,-0.417764379,-0.533469473,0.571613278,-0.772669322,-0.266240256,0.843515841,-1.16815195,-0.454065881,0.974830129,-1.42374832,-0.542041115,1.17937141,-1.6329325,-0.653434327,0.415989186,-0.907325022,-0.200209775,0.499764718,-1.09025199,-0.476330645,0.442303754,-0.722354565,-0.517440557,0.436573789,-0.491038096,-0.516097889,0.219502753,-0.936142273,-0.218088947,0.239851099,-1.11830885,-0.412780528,0.286376329,-0.789968882,-0.37456771,0.248211309,-0.553819473,-0.324657105,0.0437446685,-0.868262921,-0.231125068,-0.00823516008,-1.33235852,-0.476895891,-0.0756102111,-1.49653963,-0.486857474,-0.0423211284,-1.7072763,-0.445770951
deer_horn,088859eb0563,70,4.3153717999957735,-0.0226207829,0.000241667142,-0.0106135104,0.267009118,0.0540232921,-0.195093683,0.519822502,-0.0567622836,-0.297618509,0.533423971,-0.298219219,-0.409107645,0.358541008,-0.455965067,-0.53631374,0.621145789,-0.778380525,-0.238883686,0.850822163,-1.18419991,-0.380734747,0.996449804,-1.42691605,-0.437619197,1.09902472,-1.6246099,-0.629382416,0.406081232,-0.938288802,-0.1544109,0.531337988,-1.17508865,-0.416220675,0.46030041,-0.780982785,-0.470695196,0.400056139,-0.543916795,-0.515012608,0.257022277,-0.888221107,-0.199238858,0.278818935,-1.14197993,-0.468135145,0.229041358,-0.806791683,-0.406005397,0.234116305,-0.590879666,-0.349093318,-0.00491908865,-0.851350669,-0.262218286,-0.019240043,-1.25740514,-0.39171768,-0.030210021,-1.48418556,-0.421243108,-0.0209644941,-1.71330858,-0.408374325
deer_horn,088859eb0563,71,4.376877799993963,0.0121806541,0.0199182216,0.000622702607,0.232147741,-0.0010637998,-0.125564699,0.488223073,-0.19171269,-0.250715225,0.491859133,-0.322998346,-0.357600506,0.420690638,-0.487084806,-0.528611916,0.51575927,-0.846327204,-0.220419107,0.744152372,-1.17514672,-0.376755504,0.968112637,-1.50898119,-0.468574746,1.06461793,-1.67397799,-0.541059944,0.477106637,-0.857168061,-0.140624559,0.463703745,-1.11700652,-0.421344124,0.465488204,-0.847622018,-0.47031162,0.395025056,-0.602799506,-0.481540924,0.202611967,-0.885314509,-0.182259268,0.233234128,-1.14912603,-0.354370992,0.205087436,-0.804894231,-0.364299891,0.32231661,-0.593551603,-0.321830443,-0.0216082725,-0.912802019,-0.221155963,-0.0266897659,-1.27286399,-0.412095117,-0.0533014464,-1.47383531,-0.374691216,-0.044112106,-1.67584591,-0.373809759
deer_horn,088859eb0563,72,4.423203900005319,0.00746220034,-0.0137610943,0.0125234515,0.265539651,-0.0667497286,-0.164639737,0.510647231,-0.135188714,-0.209947953,0.447548553,-0.326952407,-0.372691229,0.417680795,-0.503630351,-0.452293639,0.524294368,-0.858240616,-0.16171736,0.667407201,-1.27042049,-0.40501982,0.887756546,-1.57248617,-0.423583192,1.00347317,-1.77205343,-0.557148193,0.358923223,-0.921604379,-0.166800136,0.442328331,-1.16862807,-0.403608382,0.414436054,-0.805261721,-0.495139998,0.428214061,-0.498526972,-0.47609401,0.116807983,-0.927997528,-0.185147113,0.24733941,-1.11770508,-0.458805523,0.256024884,-0.791732876,-0.366510716,0.246606549,-0.596375124,-0.267754358,-0.054770771,-0.862958429,-0.294331442,-0.0744025447,-1.23661579,-0.409183354,-0.109065349,-1.46524251,-0.468010249,-0.106436925,-1.7070372,-0.346480179
deer_horn,088859eb0563,73,4.473013599999831,0.0126715048,0.017226262,-0.00364194701,0.243036385,-0.0989414789,-0.195217153,0.476079459,-0.298991812,-0.295373008,0.601654221,-0.4625083,-0.381002035,0.491650979,-0.566067561,-0.581758039,0.446417551,-0.869209645,-0.178054077,0.513113533,-1.3662127,-0.308967239,0.661493802,-1.70467252,-0.359452698,0.698346733,-1.84781987,-0.436168078,0.240447022,-0.939028323,-0.156545038,0.390310689,-1.22006522,-0.337652348,0.498465073,-0.872797506,-0.444724997,0.485539402,-0.61799832,-0.458739599,0.0799609591,-0.897819655,-0.192201121,0.227510622,-1.27125742,-0.410610966,0.275082703,-0.883407167,-0.363091881,0.362124836,-0.660212931,-0.273675747,-0.0958333022,-0.821797957,-0.191662858,-0.0680224526,-1.19659936,-0.339467011,-0.186086993,-1.33512695,-0.369549725,-0.0940098504,-1.5696988,-0.343817633
deer_horn,088859eb0563,74,4.536404700003914,0.00172613183,-0.00378934727,-0.00397654298,0.262547267,-0.0697516417,-0.177847941,0.528847162,-0.323098525,-0.273726201,0.584744675,-0.486263372,-0.366019872,0.517291712,-0.628613042,-0.546554007,0.422695003,-0.961947297,-0.151695514,0.527341404,-1.44264608,-0.293611554,0.629425858,-1.58288196,-0.413409094,0.711923983,-1.92788675,-0.386382406,0.288816934,-0.971715674,-0.111489334,0.395200845,-1.26149309,-0.384952671,0.41558144,-0.903000413,-0.44084371,0.441878921,-0.643028353,-0.445470334,0.158994295,-0.904507053,-0.201891165,0.18922909,-1.21481588,-0.360797194,0.243759938,-0.897420438,-0.34879418,0.340238965,-0.761372458,-0.318088245,-0.0102615039,-0.866863508,-0.195350614,-0.101411745,-1.13507547,-0.305649624,-0.125757234,-1.40922201,-0.33884408,-0.108442793,-1.62901729,-0.339462953
deer_horn,088859eb0563,75,4.598150199992233,-0.000604341549,-0.000305294649,0.0410514835,0.245700729,-0.0996912984,-0.0796981463,0.442346238,-0.324503037,-0.233005134,0.539232812,-0.537625679,-0.376279884,0.518034013,-0.669357576,-0.454333383,0.357545757,-0.983124022,-0.123443259,0.456020484,-1.42628928,-0.283227553,0.524269567,-1.69747334,-0.34716185,0.613925138,-1.88186051,-0.384393366,0.274192007,-0.956278943,-0.128762847,0.343427718,-1.23706145,-0.377309567,0.432752401,-0.910458595,-0.409293256,0.453250027,-0.684647061,-0.43942225,0.0971067135,-0.885185995,-0.12581353,0.180325642,-1.19586257,-0.385491329,0.261455409,-0.886252462,-0.305067115,0.329600504,-0.734805836,-0.236489691,-0.0634290339,-0.801102891,-0.190780534,-0.119423985,-1.15847811,-0.315038975,-0.106817721,-1.34547895,-0.304045401,-0.15252263,-1.59526291,-0.281293545
deer_horn,088859eb0563,76,4.652476000002935,-0.0583132199,-0.0105700749,0.0192262128,0.249752433,-0.122074665,-0.163725399,0.492235851,-0.40627996,-0.26707219,0.607121968,-0.533862736,-0.387274715,0.44295728,-0.705704359,-0.469839437,0.379491122,-0.969454895,-0.123359772,0.380349445,-1.44509546,-0.309627967,0.470342418,-1.70800111,-0.316089966,0.440128731,-1.88354838,-0.401896378,0.213163077,-0.980109226,-0.124888446,0.332785669,-1.27334548,-0.418606497,0.457674571,-0.98765965,-0.365901532,0.461045147,-0.66765368,-0.396711248,0.0183472129,-0.922691539,-0.17230326,0.149231112,-1.1958896,-0.381004652,0.350404061,-0.866955302,-0.352258401,0.291225921,-0.686516279,-0.283442855,-0.0641456154,-0.824432827,-0.205588281,-0.108029541,-1.1276128,-0.279620301,-0.15328224,-1.31796834,-0.32376742,-0.139279221,-1.52174257,-0.287299949
deer_horn,088859eb0563,77,4.710797499996261,-0.0167237686,0.00332344334,-0.0268456134,0.304148247,-0.236819629,-0.124708626,0.440872052,-0.522725799,-0.209842042,0.546600954,-0.724822986,-0.356529014,0.437912135,-0.834040824,-0.425845537,0.104256761,-1.07739736,-0.17857288,0.0690570464,-1.53136181,-0.250136392,0.0131174429,-1.75739666,-0.293366978,0.0159366713,-2.05491095,-0.38714622,-0.0252513756,-0.996047184,-0.184986641,0.117769272,-1.30549582,-0.422347707,0.319297545,-1.11333879,-0.397063036,0.318483125,-0.90410181,-0.368859948,-0.0864311145,-0.89743314,-0.206610627,0.0207338411,-1.24875335,-0.352117323,0.223305294,-1.00050531,-0.348204566,0.216257719,-0.811302373,-0.268593758,-0.241749525,-0.756232904,-0.156841187,-0.289128188,-1.04985114,-0.38909704,-0.28119509,-1.23594466,-0.379513134,-0.297139168,-1.49777194,-0.374018104
deer_horn,088859eb0563,78,4.7741590999939945,0.00182969831,0.044211445,-0.0130580067,0.288713333,-0.240639015,-0.060953522,0.399213981,-0.647534578,-0.156317601,0.526379938,-0.820626381,-0.315401764,0.440109917,-0.891160668,-0.377175798,0.0709545073,-1.06281276,-0.108363085,0.0139263329,-1.59421867,-0.254804828,-0.0380953027,-1.81144506,-0.288154837,0.0215611117,-2.04638714,-0.339244444,-0.0737370569,-0.9834042,-0.12490473,0.144372903,-1.34500592,-0.353421504,0.305792707,-1.10293364,-0.392748822,0.404596664,-0.89383582,-0.391339846,-0.168044659,-0.875155418,-0.15643133,0.0203170097,-1.25823034,-0.367987994,0.20156601,-1.03917745,-0.332544725,0.287667487,-0.828436042,-0.216612026,-0.253415284,-0.739755047,-0.226091374,-0.306152477,-1.0611776,-0.349542577,-0.279086877,-1.2657054,-0.385249979,-0.332117498,-1.46216041,-0.343711539
deer_horn,088859eb0563,79,4.836628499993822,-0.0344956326,-0.0300233272,0.0180958022,0.226132013,-0.240643469,-0.0695391838,0.354239368,-0.611150608,-0.170309263,0.432085908,-0.822094211,-0.32065174,0.386037038,-0.880489704,-0.384246305,0.0668336674,-1.07528075,-0.103753669,-0.0148407996,-1.57708385,-0.171717587,0.00929316883,-1.81651057,-0.247499789,-0.047732921,-2.0054625,-0.299235574,-0.0356367988,-1.04128608,-0.0961137266,0.0778948892,-1.37764182,-0.285971295,0.323117173,-1.12382015,-0.397216227,0.335429873,-0.986819107,-0.343374965,-0.0631371245,-0.887132144,-0.166860045,0.0531373188,-1.29553886,-0.386315298,0.141924874,-1.06623697,-0.342487361,0.320799242,-0.86645458,-0.26548383,-0.257069227,-0.740443989,-0.204894326,-0.232766196,-1.04521919,-0.282726621,-0.320348186,-1.23410684,-0.340507082,-0.31627684,-1.46880182,-0.362672108
deer_horn,088859eb0563,80,4.904102899992722,-0.01337704,0.0132498677,0.0422462711,0.347539383,-0.395822348,-0.0699211071,0.425688199,-0.682763281,-0.165992816,0.477720303,-0.958428924,-0.263566084,0.436904199,-1.00232393,-0.376590427,-0.0912639555,-1.13518046,-0.0853108895,-0.161540589,-1.5244354,-0.199619077,-0.193872344,-1.81293183,-0.220787036,-0.271174081,-2.09040388,-0.284393886,-0.157766901,-0.992663465,-0.155512239,0.0371387764,-1.45706758,-0.352442546,0.275519248,-1.27569058,-0.342324984,0.375903302,-1.1220563,-0.270978794,-0.174771348,-0.868073137,-0.210621067,0.0271828864,-1.26197972,-0.359275571,0.257229242,-1.1228801,-0.361754286,0.272251584,-0.976086631,-0.281264215,-0.145925536,-0.76246565,-0.292377758,-0.200969767,-0.965935948,-0.44524776,-0.157854923,-1.22790687,-0.452014792,-0.197312999,-1.43458329,-0.433455662
deer_horn,088859eb0563,81,4.9628691999969305,-0.023483523,0.00457495006,0.0302623267,0.305800983,-0.4581242,-0.0555551784,0.424595067,-0.692607965,-0.0462116278,0.48576819,-0.961494318,-0.135003596,0.470996221,-1.09077128,-0.292291391,-0.0565000233,-1.09550803,0.00572299456,-0.130421377,-1.5947544,-0.117346107,-0.213632997,-1.8073681,-0.122437263,-0.326336734,-1.98129688,-0.184323855,-0.129962667,-0.922309633,-0.0903249646,0.0923110985,-1.41240368,-0.365558607,0.314763655,-1.29243991,-0.369904633,0.435164079,-1.14613071,-0.348466355,-0.164985129,-0.853124687,-0.177088894,0.0404008607,-1.26887037,-0.419955937,0.271270558,-1.14905088,-0.406196359,0.378331643,-1.01302492,-0.301977619,-0.109174623,-0.713627678,-0.301284662,-0.122490707,-0.990105632,-0.522868759,-0.124789462,-1.22581538,-0.591072511,-0.186537458,-1.50974886,-0.545138521
deer_horn,088859eb0563,82,5.024476399994455,-0.010035656,0.0149759346,0.040362022,0.220524792,-0.559124363,0.0800187113,0.353359471,-0.796532663,0.0107696511,0.476675063,-1.01438481,-0.102761645,0.460158933,-1.08123693,-0.162013535,-0.12944832,-1.09924483,-0.0332436796,-0.1783759,-1.51168632,-0.00430509543,-0.167812913,-1.76526082,-0.0548401192,-0.247554986,-1.89320608,-0.113017785,-0.136873675,-1.07563584,-0.0785748078,0.0625252364,-1.42059507,-0.295095568,0.303977921,-1.27433858,-0.238130163,0.353851469,-1.10376198,-0.311846975,-0.198271989,-0.802712805,-0.19722664,0.0458168298,-1.24887502,-0.25653128,0.277691646,-1.09594991,-0.253085504,0.311822849,-0.995064759,-0.24754152,-0.05446926,-0.669689143,-0.247956247,-0.0958369496,-1.04498817,-0.405928382,-0.113285436,-1.20144493,-0.424294119,-0.0504638603,-1.39694795,-0.497820215
deer_horn,088859eb0563,83,5.090739999999641,0.0161830004,0.0123280106,-0.00813834212,0.208458219,-0.519318834,0.0924780815,0.363115249,-0.795724685,0.0719521383,0.370276226,-0.949419777,0.00840615354,0.385276481,-1.07027671,-0.0664345786,-0.149244136,-1.09632619,0.0591523181,-0.228712774,-1.50341523,0.0141402291,-0.241130442,-1.78454181,-0.0489197272,-0.30988818,-1.8682694,-0.072172054,-0.214281426,-1.02350118,-0.0797944132,0.0592732561,-1.39657272,-0.218370599,0.337496135,-1.25196122,-0.179807202,0.425476869,-1.0946601,-0.170646494,-0.265726434,-0.826253843,-0.248999357,0.0182022472,-1.26592233,-0.332372488,0.267599001,-1.17183317,-0.299293924,0.318793232,-0.938358318,-0.213942378,-0.0858140006,-0.714994518,-0.407620724,-0.126359929,-0.994529107,-0.506856313,-0.0465325609,-1.23418971,-0.600615797,-0.0742456968,-1.40369344,-0.552317254
deer_horn,088859eb0563,84,5.153336799994577,-0.0262175405,-0.0147434013,-0.0188064186,0.148113288,-0.45604275,0.0696832078,0.155102195,-0.828286776,0.0647010752,0.253327202,-1.03641225,-0.0335880825,0.235899139,-1.14463233,-0.112765641,-0.269349546,-1.08500355,-0.05499227,-0.430765986,-1.48016426,-0.123457927,-0.526293068,-1.71417529,-0.196134486,-0.625311038,-1.99278684,-0.213291283,-0.328479852,-0.913173897,-0.110204974,0.0776244754,-1.39163527,-0.301403403,0.271636715,-1.1521392,-0.178601481,0.2580505,-0.95952981,-0.242682594,-0.245232768,-0.787810656,-0.216942264,0.114584895,-1.15658553,-0.317771296,0.25308953,-1.00817954,-0.265250889,0.283614985,-0.788390488,-0.168961873,-0.046565282,-0.57560581,-0.310451421,0.0507996211,-0.889082107,-0.476139117,0.0701078531,-1.18129215,-0.533615451,0.12374762,-1.23132468,-0.496831348
deer_horn,088859eb0563,85,5.215859000003547,-0.0407265553,0.0804662056,-0.0877373538,0.135194064,-0.393693248,0.123338723,0.0662296633,-0.690232602,0.0565122968,0.175701821,-0.923985923,-0.0703089926,0.246014247,-1.13204517,-0.122899626,-0.261605564,-1.05597041,-0.0291891306,-0.446604035,-1.50904768,-0.162435657,-0.517521895,-1.79213887,-0.225225552,-0.630354706,-1.99678529,-0.243874519,-0.30245838,-0.939852534,-0.13424219,0.119605348,-1.39004554,-0.359460732,0.283305814,-1.13016215,-0.225641633,0.276418602,-0.935571722,-0.165818821,-0.165330104,-0.79908853,-0.229355402,0.180131783,-1.27216026,-0.342176083,0.299480153,-1.08201625,-0.296751759,0.237530698,-0.768007796,-0.226248355,-0.0152904519,-0.610517866,-0.391174987,0.0963438711,-0.993407592,-0.539882131,0.187333196,-1.16928999,-0.5670607,0.188149804,-1.17258799,-0.581744704
deer_horn,088859eb0563,86,5.27777449999121,0.0382934183,0.0198604927,-0.00296687864,0.0125750699,-0.396749185,0.105599783,0.152314991,-0.742215202,-0.00441127812,0.241849467,-0.998479634,-0.0746876292,0.470551424,-1.10646764,-0.217741741,-0.194146601,-1.04256018,-0.163239697,-0.417455837,-1.54752607,-0.330917111,-0.468553269,-1.89994133,-0.358768337,-0.672085753,-2.06069074,-0.499969638,-0.238231381,-0.960203344,-0.320647959,0.185176333,-1.45490131,-0.389291603,0.327480442,-1.22449826,-0.337243788,0.306293408,-1.06840029,-0.342565259,-0.130278684,-0.805575512,-0.425937326,0.258985459,-1.27166843,-0.504537952,0.40840288,-1.15003869,-0.366474241,0.357254391,-0.84311549,-0.263865812,0.111271162,-0.552231332,-0.55173239,0.302351902,-0.990668478,-0.732996394,0.38639207,-1.13283392,-0.669435965,0.408334289,-1.26918644,-0.702898936
deer_horn,088859eb0563,87,5.3420747999916784,0.0014806187,-0.0475141877,-0.0624680874,-0.114458099,-0.473509563,0.0768951963,-0.101913806,-0.938211447,0.0547471577,0.0587007407,-1.26304323,-0.0255673497,0.314487413,-1.3702104,-0.151392832,-0.261477402,-1.12305596,-0.284418717,-0.366539667,-1.68784677,-0.481614701,-0.44545069,-2.04798484,-0.593335277,-0.599391018,-2.23795377,-0.688073191,-0.148662788,-0.940838562,-0.428707193,0.371957089,-1.61940413,-0.554519077,0.411352985,-1.38355581,-0.466665058,0.466680637,-1.17151486,-0.365598726,0.072008127,-0.719416417,-0.508326364,0.495446908,-1.34182321,-0.622931267,0.561260326,-1.19707293,-0.464116389,0.457404818,-1.04548822,-0.318136967,0.251916325,-0.562172534,-0.643994612,0.575729149,-0.934663277,-0.791356767,0.632250242,-1.23056927,-0.793613996,0.733616252,-1.492319,-0.752344118
deer_horn,088859eb0563,88,5.4019905000022845,0.0313216815,-0.0349141239,0.0108788855,-0.144270471,-0.429043045,0.126961536,-0.0976054645,-0.873100369,0.15962199,0.093763132,-1.12322344,0.130937775,0.278028542,-1.2645968,0.00775379894,-0.178177744,-1.0616907,-0.256420503,-0.361718036,-1.64507445,-0.379580946,-0.449013538,-2.04197889,-0.468259955,-0.511938061,-2.28380052,-0.568517122,-0.114478859,-0.954347357,-0.367216227,0.317985415,-1.56345398,-0.426043247,0.476962832,-1.32898226,-0.332304873,0.330756925,-1.10863664,-0.208782867,0.130752863,-0.727495398,-0.400052222,0.440631494,-1.37357327,-0.506208518,0.476345234,-1.22911187,-0.330015423,0.371533187,-1.07070541,-0.138557607,0.280988753,-0.557197546,-0.543101975,0.521436804,-1.0795174,-0.728125743,0.639532216,-1.28874038,-0.751415983,0.705466758,-1.44660783,-0.730041484
deer_horn,088859eb0563,89,5.448948199991719,-0.00070549477,0.0477233743,0.0245217359,-0.159090121,-0.491085979,0.122272316,-0.0849270016,-0.846403341,0.063778272,0.150019258,-1.22551178,0.0286107257,0.253098158,-1.37046522,-0.0422319158,-0.228154676,-1.15294314,-0.261161776,-0.389407436,-1.67894308,-0.443954166,-0.455559919,-2.03389245,-0.471292245,-0.585651789,-2.28812182,-0.657733089,-0.112980427,-0.90288465,-0.375076001,0.318775496,-1.67267174,-0.466475892,0.431575032,-1.34182237,-0.385192626,0.342200999,-1.17367182,-0.362223596,0.0423705135,-0.771841879,-0.49040814,0.504517615,-1.39506196,-0.491457201,0.559823778,-1.23606648,-0.3189878,0.508489447,-1.11063582,-0.23448684,0.209173023,-0.551701984,-0.572282518,0.53640526,-1.04298437,-0.659772844,0.644417689,-1.31384428,-0.682001576,0.699463635,-1.47512852,-0.693649622
deer_horn,088859eb0563,90,5.498897700002999,-0.0694901582,-0.0738976629,0.0454664434,-0.105065023,-0.426738376,0.164203091,-0.0137300895,-0.872471907,0.0939563787,0.221501245,-1.1769344,0.100363143,0.432159811,-1.38797088,-0.0539758059,-0.238946061,-1.12122362,-0.22014223,-0.363907989,-1.72036961,-0.401043223,-0.412533084,-2.00757997,-0.513512215,-0.469402497,-2.31985293,-0.563332022,-0.106013181,-0.954525541,-0.29907403,0.359566929,-1.62755403,-0.52343739,0.512479764,-1.4014439,-0.372348134,0.434759281,-1.19098236,-0.31273715,0.0466221886,-0.736698879,-0.364936689,0.512579617,-1.40310264,-0.554361026,0.54136989,-1.20982593,-0.327795293,0.422057631,-0.985790595,-0.192796114,0.270943907,-0.575829946,-0.532202334,0.439857751,-1.03653542,-0.634323829,0.616209732,-1.300309,-0.702988454,0.693994253,-1.49319772,-0.701182374
deer_horn,088859eb0563,91,5.560313499998301,-0.0699673137,-0.00874401811,0.0255166312,0.0517917818,-0.454328924,0.0145209075,0.081267395,-0.779537968,0.00386134398,0.322436118,-1.1483233,-0.122188955,0.533041707,-1.35064274,-0.192002459,-0.149335944,-1.13190478,-0.20720316,-0.209040289,-1.70252658,-0.376076601,-0.313434549,-1.94989784,-0.406108495,-0.386781629,-2.29337882,-0.573438797,-0.143272319,-0.921110319,-0.314115759,0.388244543,-1.54178866,-0.46600644,0.464314115,-1.25789178,-0.417164749,0.445769508,-1.1177522,-0.388242488,0.0236346738,-0.695256287,-0.409149102,0.457613288,-1.20573054,-0.539060854,0.54546945,-1.04544434,-0.346632841,0.418215178,-0.840851092,-0.352682283,0.183856571,-0.552888173,-0.45643581,0.463679385,-0.96577676,-0.601146232,0.553065862,-1.15253375,-0.695152356,0.624028654,-1.35020589,-0.709934705
deer_horn,088859eb0563,92,5.622921799993492,0.0684810242,-0.00933140124,0.0085974971,0.266775824,-0.299723543,-0.00710541595,0.364074268,-0.643308463,-0.102588031,0.49351037,-0.760925163,-0.222417405,0.498749584,-0.885295199,-0.258244701,-0.0121511283,-1.02216486,-0.104036206,-0.00166890167,-1.49034923,-0.111992334,-0.0589132707,-1.75473281,-0.166328639,-0.111502575,-1.99328693,-0.201577235,-0.0950638269,-1.01554257,-0.110792183,0.190904682,-1.39180766,-0.260768631,0.342093378,-1.11817923,-0.297808393,0.401162881,-1.03238753,-0.27533305,-0.10875055,-0.86328698,-0.154729546,0.165008961,-1.13456846,-0.340861065,0.348600799,-0.963581555,-0.315734153,0.354013196,-0.811674804,-0.236811601,-0.0544235922,-0.718613514,-0.240061536,-0.00463698959,-0.99762522,-0.38954761,0.00819447339,-1.14706014,-0.407282785,-0.0332706571,-1.37876426,-0.405011161
deer_horn,088859eb0563,93,5.6871095999958925,0.0545460969,0.0191972523,-0.00318804587,0.288333008,-0.29758399,-0.0220060848,0.420815483,-0.555837267,-0.162410531,0.438762238,-0.731218078,-0.240858785,0.420970843,-0.76044921,-0.31338974,0.164071838,-1.07260696,-0.0609130951,0.0398117447,-1.56251589,-0.220146934,0.000649667586,-1.79605547,-0.243811186,0.0387946304,-2.04588342,-0.286888079,-0.0276223662,-0.942603178,-0.159663547,0.176482577,-1.32458375,-0.362470219,0.359929299,-1.08377759,-0.409276422,0.42139453,-0.893411698,-0.376973916,-0.0723425324,-0.831708573,-0.267406365,0.134144637,-1.1661674,-0.455189259,0.300892009,-0.933673847,-0.422925874,0.335643511,-0.714908355,-0.292379391,-0.101809198,-0.719925303,-0.327027608,-0.160187438,-1.00750434,-0.419765172,-0.114746022,-1.23620705,-0.445991285,-0.113480583,-1.3913466,-0.419034107
deer_horn,088859eb0563,94,5.763461599999573,-0.00367200882,0.00532785368,0.0167418268,0.22560849,-0.0699352345,-0.164667857,0.43906218,-0.389406846,-0.246122893,0.589194722,-0.530639003,-0.343197664,0.438861625,-0.694626034,-0.498933631,0.358369932,-1.00041431,-0.159063419,0.35573381,-1.51444971,-0.286022205,0.407513138,-1.73839612,-0.362842366,0.455631244,-1.95326618,-0.447979369,0.148454848,-1.05042383,-0.118340951,0.302652847,-1.28343858,-0.363734963,0.380961176,-1.02296193,-0.39061783,0.444213726,-0.751571553,-0.366020979,0.0452748138,-0.855991071,-0.212879954,0.0645431616,-1.17705778,-0.323505738,0.209951458,-0.897486744,-0.303980396,0.249888771,-0.72599175,-0.270557121,-0.105857098,-0.793886622,-0.155677884,-0.16760968,-1.09080968,-0.292748442,-0.171464101,-1.27715847,-0.323925556,-0.205303367,-1.50925054,-0.346678533
deer_horn,088859eb0563,95,5.824838799991994,0.00796662511,-0.0390221937,0.0191111987,0.241403217,-0.111473134,-0.1634785,0.494153168,-0.408789955,-0.18920581,0.512063942,-0.577587773,-0.303513931,0.427964557,-0.674328255,-0.423341586,0.382715607,-0.966230566,-0.168183829,0.422996102,-1.46770329,-0.27803277,0.482558561,-1.72090034,-0.332959974,0.533398614,-1.89727441,-0.374174539,0.198784625,-0.954324171,-0.0953333743,0.261637461,-1.27756852,-0.327864572,0.395260133,-0.993484098,-0.335193278,0.399578995,-0.795229904,-0.311962989,0.11274684,-0.966033917,-0.109197238,0.114088697,-1.17445948,-0.307052308,0.219107682,-0.849614716,-0.303742921,0.275120445,-0.708913028,-0.15634691,-0.108300859,-0.802154948,-0.22987041,-0.162894015,-1.11075217,-0.276804315,-0.155427624,-1.41591347,-0.298180814,-0.237473516,-1.58022153,-0.299015735
deer_horn,088859eb0563,96,5.872454199998174,0.00650918852,-0.00490268923,0.0125946612,0.266202322,-0.088526503,-0.179925398,0.479398595,-0.290583111,-0.240905964,0.485606654,-0.554301041,-0.327838748,0.428016592,-0.743013544,-0.444924657,0.382457629,-0.950850163,-0.150093753,0.462200221,-1.37302061,-0.265807719,0.540257214,-1.63915299,-0.296835492,0.639327971,-1.89998868,-0.313913298,0.233747986,-0.940650836,-0.117357729,0.314430355,-1.31166933,-0.348713748,0.363474453,-0.978808472,-0.368471323,0.432450219,-0.799251109,-0.387440651,0.0680732189,-0.891757933,-0.154226537,0.106892946,-1.23022239,-0.317156547,0.192316557,-0.956279535,-0.312589109,0.265352215,-0.721518145,-0.214423831,-0.139365396,-0.867854949,-0.18056778,-0.141697362,-1.16254016,-0.333202685,-0.185199942,-1.39407205,-0.258700361,-0.139204917,-1.60112299,-0.26587145
deer_horn,088859eb0563,97,5.9238024999940535,0.0243184543,-0.0673998532,0.0357662563,0.233377613,-0.0776290289,-0.201805227,0.419386909,-0.317240496,-0.238845365,0.465097233,-0.553604912,-0.349432169,0.383199127,-0.663533135,-0.441357873,0.422645054,-0.9484917,-0.143718578,0.518919048,-1.43496141,-0.238959288,0.600301811,-1.60601812,-0.300985544,0.671453977,-1.89921491,-0.332455577,0.271119942,-0.959861827,-0.152150563,0.262317835,-1.32566518,-0.371266468,0.393906329,-0.987018137,-0.378657157,0.340711959,-0.760675393,-0.366215319,0.0201044803,-0.894086343,-0.097410759,0.0850671644,-1.20595292,-0.323425787,0.197250087,-0.962412165,-0.281570714,0.224441821,-0.735215731,-0.261407392,-0.137946452,-0.834285996,-0.205598164,-0.155099634,-1.20054332,-0.233980839,-0.13672355,-1.346019,-0.317964619,-0.253797885,-1.61880865,-0.299959968
deer_horn,088859eb0563,98,5.981091599998763,-0.0608662959,-0.0223884249,-0.00496947611,0.24793336,-0.0769463517,-0.155436885,0.444037429,-0.314693318,-0.182961028,0.432031043,-0.519381812,-0.296701824,0.299402285,-0.692368258,-0.329795566,0.425087482,-0.9386504,-0.168002049,0.584380087,-1.37687394,-0.259883471,0.615925518,-1.59716867,-0.334490162,0.673457354,-1.85913747,-0.344945018,0.207147206,-0.955624593,-0.100957042,0.244827405,-1.27058568,-0.272790199,0.373454961,-1.02752419,-0.364787542,0.329977353,-0.720839979,-0.330215431,0.0267222134,-0.869348211,-0.141187949,0.0707909776,-1.19363465,-0.278002411,0.158561332,-0.875279125,-0.35909178,0.210636779,-0.71421049,-0.276978478,-0.142218811,-0.843611987,-0.238050404,-0.250646529,-1.13377485,-0.297547338,-0.134348922,-1.39228159,-0.23841143,-0.183986081,-1.50051208,-0.27663581
deer_horn,088859eb0563,99,6.043162699992536,-0.0216850012,0.0191379552,0.0271294611,0.261730122,-0.0213770137,-0.169645483,0.421497794,-0.220232401,-0.292063679,0.318820003,-0.470051463,-0.339658007,0.228487761,-0.641626051,-0.42672189,0.423996151,-0.922717349,-0.17014822,0.604591145,-1.26037701,-0.326997602,0.752997992,-1.51404653,-0.340408194,0.849793019,-1.71625377,-0.465958393,0.265337879,-0.963816236,-0.177546607,0.240378779,-1.28914857,-0.344519046,0.240522821,-0.971697366,-0.368629942,0.226562529,-0.762526939,-0.445256396,0.078090494,-0.935832629,-0.150453285,0.0307385258,-1.27061839,-0.318158748,0.0605772977,-0.949713483,-0.358351013,0.135626312,-0.7279347,-0.270911466,-0.119439411,-0.877850833,-0.192589707,-0.158238196,-1.18743901,-0.314209429,-0.173320369,-1.34563395,-0.304882051,-0.222631259,-1.59401058,-0.25806977
deer_horn,088859eb0563,100,6.106461000003037,-0.00668481494,0.0297340439,-0.00490923358,0.199096551,-0.0401559069,-0.155712786,0.431992241,-0.20980399,-0.232266684,0.345828805,-0.441953039,-0.438216485,0.136038736,-0.658595311,-0.5002468,0.428004757,-0.902634126,-0.199142562,0.671936881,-1.31778876,-0.365967263,0.745570561,-1.48962209,-0.492850631,0.902553412,-1.73418148,-0.522068928,0.278232312,-0.939956572,-0.246082046,0.203939943,-1.25947362,-0.406558162,0.157681599,-0.854523284,-0.46668166,0.14667177,-0.711186527,-0.478811345,0.0511673679,-0.986386211,-0.218464622,-0.00491322145,-1.25189106,-0.38575406,0.0265566993,-0.99256692,-0.298193182,0.0320653782,-0.688405022,-0.243524075,-0.100345416,-0.850035272,-0.166561689,-0.211810522,-1.2027965,-0.335761675,-0.225387844,-1.37629585,-0.366718299,-0.235191485,-1.5754965,-0.340880179
deer_horn,088859eb0563,101,6.168845599997439,-0.0468049108,0.0110460656,-0.00997295084,0.192907725,-0.108761638,-0.224456243,0.336546707,-0.229322752,-0.327354914,0.226494473,-0.440992914,-0.493349252,0.119488765,-0.631544962,-0.588466192,0.406473891,-0.859303725,-0.170844159,0.613988082,-1.305095,-0.389483557,0.751651942,-1.51070801,-0.478867812,0.853154105,-1.71408532,-0.556672908,0.285302125,-0.945310505,-0.263253989,0.220927309,-1.23185534,-0.362691621,0.134280785,-0.873643595,-0.415110601,0.151855307,-0.658538395,-0.487083654,0.083597531,-0.961254928,-0.201833775,-0.0309851099,-1.19774694,-0.349021661,-0.0601160656,-0.93645811,-0.344206522,-0.0255087062,-0.727982988,-0.285448072,-0.0578334381,-0.893379657,-0.193580351,-0.146293882,-1.14001083,-0.212021258,-0.234103651,-1.4171369,-0.364165948,-0.232330734,-1.51923864,-0.315627066
deer_horn,088859eb0563,102,6.2317553000029875,0.00613919707,-0.0207025149,-0.010339774,0.194650558,-0.0124886864,-0.288081869,0.298285443,-0.184346017,-0.380558528,0.106519761,-0.413488366,-0.548904831,-0.00369242453,-0.568464294,-0.63568255,0.466397024,-0.872614881,-0.354507849,0.624553858,-1.24917706,-0.459383985,0.741740804,-1.53886209,-0.625493172,0.869809608,-1.76319238,-0.748582663,0.254611285,-0.92209506,-0.233544573,0.181784961,-1.21009844,-0.513996169,0.0793084493,-0.919694927,-0.59060138,0.02413771,-0.597544528,-0.702834658,0.0428194409,-0.90315032,-0.204193107,0.00455423191,-1.23181117,-0.397490964,-0.0289404797,-0.958796786,-0.367334491,-0.0554835713,-0.703418445,-0.392655233,-0.131264112,-0.922717705,-0.189256371,-0.148409546,-1.23818897,-0.291402808,-0.193820731,-1.45588653,-0.291697072,-0.192831151,-1.62648858,-0.311509338
deer_horn,088859eb0563,103,6.298098100000061,0.0352061324,0.0262854988,0.0185436719,0.189618918,-0.0294054002,-0.261462622,0.212976436,-0.178749314,-0.437271729,0.0921529326,-0.373726707,-0.596161139,-0.0718149617,-0.567162133,-0.711743629,0.407035025,-0.856470893,-0.340557046,0.575171009,-1.27217102,-0.469669941,0.712445218,-1.54558916,-0.609768228,0.821450608,-1.78751575,-0.718043692,0.232279675,-0.954309463,-0.270503278,0.187097089,-1.24303328,-0.53494023,0.0209990143,-0.881878944,-0.581455666,-0.0514025272,-0.640986026,-0.651979158,0.0126277044,-0.954804519,-0.213150061,-0.0857741923,-1.20043923,-0.385612415,-0.143368832,-0.873888607,-0.399913906,-0.0658359351,-0.712579611,-0.334906242,-0.117251664,-0.90328386,-0.19110409,-0.16431993,-1.27619134,-0.2712974,-0.29909734,-1.4146536,-0.252580833,-0.210156313,-1.61179146,-0.234804469
deer_horn,088859eb0563,104,6.355873399996199,-0.0435459059,0.000882281325,0.00567355515,0.168557428,-0.0391675118,-0.258799879,0.2661382,-0.145668148,-0.413451693,0.119339073,-0.345274413,-0.501665148,-0.0334604017,-0.555409584,-0.679754028,0.385828087,-0.824899041,-0.346457638,0.604562939,-1.26294228,-0.515460871,0.771248457,-1.53914059,-0.616339815,0.823714398,-1.77341415,-0.733440394,0.163221552,-0.95685514,-0.242284403,0.18492145,-1.29297548,-0.519156977,-0.0162748211,-0.916530298,-0.58236118,-0.0786702758,-0.650056682,-0.701380083,0.0260998042,-0.931049092,-0.258984739,-0.090765318,-1.22355664,-0.338039803,-0.114318641,-0.949379645,-0.401212633,-0.063636019,-0.711301008,-0.416667282,-0.116410332,-0.925438491,-0.180868237,-0.213792806,-1.22065754,-0.288864721,-0.26341424,-1.4420798,-0.277229508,-0.233908546,-1.61499456,-0.244179861
deer_horn,088859eb0563,105,6.416509799993946,0.0136354741,-0.0167723065,0.00315197948,0.20815793,-0.013702198,-0.302628118,0.181357537,-0.232566918,-0.495314071,0.0436015879,-0.345693581,-0.547692415,-0.106870187,-0.601501492,-0.737635837,0.384792459,-0.871928723,-0.399011993,0.569484054,-1.21929993,-0.529658812,0.70241485,-1.50997849,-0.653212624,0.766261696,-1.82165944,-0.737712805,0.142639588,-0.928878792,-0.283852459,0.12020309,-1.21766,-0.497697086,-0.00924441953,-0.953568531,-0.630805039,-0.0431834683,-0.66402463,-0.601686786,-0.0182167183,-1.03011914,-0.257359869,-0.118917507,-1.21346331,-0.451757089,-0.139203237,-0.92952213,-0.430993874,-0.0706098866,-0.710983007,-0.394434285,-0.217150716,-0.886104148,-0.19110178,-0.20996946,-1.25491809,-0.279274872,-0.289862471,-1.48460014,-0.235458564,-0.295221269,-1.62754679,-0.220644159
deer_horn,088859eb0563,106,6.479422799995518,-0.0344168017,-0.00250344453,0.0308786711,0.185105925,0.0264232624,-0.352659089,0.141736205,-0.128660081,-0.47997028,0.0219707808,-0.312021871,-0.617336732,-0.127637002,-0.538284411,-0.663339823,0.404358974,-0.825146678,-0.40387535,0.600534461,-1.33108717,-0.613009426,0.702521796,-1.54241258,-0.741438507,0.846237344,-1.79247214,-0.808983624,0.180198594,-0.875700221,-0.282946103,0.110288892,-1.16288346,-0.543880603,-0.0335026931,-0.932217366,-0.695496663,-0.108658634,-0.60473797,-0.749551269,0.010584286,-0.988221956,-0.227836145,-0.16595809,-1.17768801,-0.476817959,-0.150380536,-0.901614838,-0.47130102,-0.153864355,-0.675632871,-0.410662439,-0.200412476,-0.942731488,-0.213425152,-0.267200162,-1.24512457,-0.277769158,-0.391371767,-1.39784429,-0.268708847,-0.331322548,-1.66548626,-0.270507636
deer_horn,088859eb0563,107,6.530948999992688,-0.00915490818,0.0286106688,0.0381498593,0.197847162,0.0651236904,-0.324297934,0.173651242,-0.141344842,-0.536424759,-0.0408842496,-0.325947029,-0.654798798,-0.172456515,-0.574214477,-0.74406259,0.380715396,-0.826197742,-0.377651069,0.512317369,-1.22662508,-0.575338868,0.705259545,-1.5661572,-0.813675025,0.802298916,-1.79205113,-0.872856501,0.16735966,-0.931254504,-0.35123186,0.142773828,-1.33772583,-0.610563175,-0.0397469403,-0.881422721,-0.727035303,-0.0571610575,-0.633536876,-0.748293986,-0.0492075151,-0.958961678,-0.244891901,-0.173132161,-1.19724621,-0.440212972,-0.174014871,-0.934828413,-0.490316197,-0.107406787,-0.648892104,-0.543690389,-0.197807153,-0.929281882,-0.193125648,-0.324639778,-1.27733524,-0.283013938,-0.255115555,-1.42211379,-0.282772941,-0.371960625,-1.68158354,-0.295705134
deer_horn,08f6838eb763,0,0.4967221999540925,0.086757764,0.00613830838,0.0196051667,0.301313207,-0.0692526184,-0.102842289,0.414239728,-0.439353835,-0.222940608,0.552483242,-0.516979821,-0.336729515,0.694839307,-0.645345028,-0.40844867,0.328541553,-1.01467084,-0.181417345,0.403350901,-1.37739737,-0.295539698,0.383508536,-1.74266488,-0.399465245,0.386475013,-1.90404498,-0.555073674,0.099690578,-0.883661178,-0.211156806,0.134359524,-1.38103535,-0.401002349,0.1840583,-1.27239246,-0.336473445,0.346462942,-1.06250344,-0.461887761,-0.014875582,-0.838620503,-0.282952162,-0.0575222882,-1.27997086,-0.272649921,-0.0531184169,-1.17392905,-0.4622789,0.0266038278,-1.17703532,-0.427831884,-0.187939451,-0.780214962,-0.277655613,-0.376703007,-0.998160899,-0.351970964,-0.49539861,-1.18835251,-0.442881092,-0.265876028,-1.34657148,-0.363027159
deer_horn,08f6838eb763,1,0.6564289997331798,-0.141153199,0.105222768,0.00402498655,0.165806827,-0.11782357,-0.0414940368,0.302589418,-0.393877127,-0.187469728,0.383682341,-0.797020494,-0.273995855,0.401675572,-1.02465858,-0.205691959,0.454746003,-0.933720878,0.0714899059,0.393711867,-1.24138582,-0.143463601,0.496697025,-1.4585906,-0.184775414,0.607287714,-1.76769081,-0.227042637,0.243112589,-0.888914154,-0.0616068931,0.362577428,-1.35102874,-0.0224463671,0.312192241,-1.25014261,-0.20829582,0.291032176,-1.00736163,-0.23772307,0.133005318,-0.95154265,-0.092429059,0.00847358371,-1.41845024,-0.283043423,0.04745137,-1.09235027,-0.234675462,0.290376621,-1.05954025,-0.180269166,-0.208427228,-0.834775219,-0.0809967683,-0.0548338486,-1.24129336,-0.0641349785,-0.0378920886,-1.48050251,-0.145511582,-0.143916647,-1.58463038,-0.171026931
deer_horn,08f6838eb763,2,0.7561211995780468,0.0481623436,0.0798655153,-0.0197987196,0.269339816,-0.0890474663,-0.12438058,0.335816121,-0.393675646,0.0127106069,0.365421424,-0.668991252,-0.327496546,0.432810071,-0.785492909,-0.259739635,0.499672571,-0.923741607,0.038560592,0.458929328,-1.24519648,-0.0815770802,0.556831821,-1.50674999,-0.296053019,0.565081649,-1.84890785,-0.338867719,0.164633538,-0.977638893,0.0376397702,0.330386218,-1.37499243,-0.207588574,0.379076238,-1.04699096,-0.286437203,0.413265191,-0.858414146,-0.327066883,0.130657772,-0.98320719,-0.105879955,0.16087793,-1.30944943,-0.272312108,0.276815784,-1.13373765,-0.332778069,0.331929323,-0.982357867,-0.0266037116,-0.0607505194,-0.919047217,-0.0797559512,-0.0163675128,-1.1356494,-0.211757498,-0.00645910855,-1.40313937,-0.2507371,-0.118934561,-1.61924123,-0.41099811
deer_horn,08f6838eb763,3,0.8821138995699584,-0.0537354363,0.0810824793,0.0101438164,0.226722492,-0.193397909,-0.192042178,0.378572379,-0.518054198,-0.354551178,0.520020266,-0.640073064,-0.335450694,0.401062392,-1.04778577,-0.338358001,0.333976366,-0.858595389,-0.0562705176,0.413181609,-1.29729971,-0.0502217446,0.542111313,-1.56945119,-0.196694685,0.578568017,-1.71555444,-0.156534986,0.139990653,-0.890437683,-0.0674931086,0.448553172,-1.2854277,-0.175003446,0.363020348,-1.16067087,-0.278656471,0.45852936,-0.79996312,-0.243738232,0.123044354,-0.908936934,-0.121697934,0.158628164,-1.4288406,-0.234778521,0.244080018,-1.16734515,-0.177752569,0.319441472,-1.157662,-0.118363421,-0.0343887285,-0.851566399,-0.15071158,-0.0261003137,-1.14383127,-0.297590009,-0.00674214568,-1.52999537,-0.281871305,-0.0825265545,-1.54688257,-0.352428285
deer_horn,08f6838eb763,4,1.0035331998951733,-0.0395035077,0.00141378425,0.0380848079,0.217498941,-0.189904843,-0.156964813,0.396032039,-0.52663504,-0.210580199,0.345858837,-0.858432485,-0.184936658,0.348822179,-1.14853814,-0.274857176,0.143372266,-0.931116117,-0.0247746582,0.107361512,-1.48175256,-0.0988510082,0.220036108,-1.75160759,-0.125464894,0.160569708,-1.75276509,-0.11183337,0.134011677,-0.996054778,-0.121858184,-0.0236869308,-1.42705041,-0.22516419,0.165579543,-1.20928146,-0.184193233,0.091710766,-1.00297425,-0.129060808,-0.0475540325,-0.99492064,-0.141117817,0.00838366238,-1.2954519,-0.195731146,0.0476247689,-1.17839257,-0.261422636,0.238770995,-1.0924523,-0.153033572,-0.0817001527,-0.960567947,-0.0649655716,-0.172066058,-1.16380024,-0.21045941,-0.306539796,-1.48945411,-0.21259568,-0.430523579,-1.65319248,-0.265895248
deer_horn,08f6838eb763,5,1.1096327998675406,-0.0884772657,0.0905943549,-0.112908711,0.25364189,-0.501288498,-0.0235652015,0.155718413,-0.874186292,-0.174847166,0.0644183671,-1.09720782,-0.165476338,-0.0341555452,-1.16825468,-0.218567957,-0.227177669,-1.05737095,-0.0982715853,-0.397007668,-1.40639054,-0.191594634,-0.551559464,-1.60561193,-0.14844053,-0.577065619,-1.69724622,-0.258294341,-0.334962753,-0.838722323,-0.0957479731,-0.386969752,-1.3154985,-0.288441154,-0.265038978,-1.24347136,-0.434134318,-0.161092785,-0.975817203,-0.367589476,-0.454854512,-0.742841746,-0.234493237,-0.375239063,-1.01366171,-0.427415976,-0.112544826,-1.04234425,-0.255308215,-0.0337222956,-0.986963579,-0.3488886,-0.489572184,-0.620351351,-0.147558134,-0.598235221,-0.808294938,-0.228978289,-0.858827901,-1.09472487,-0.397843567,-0.856538285,-1.27032007,-0.341583026
deer_horn,08f6838eb763,6,1.2261073999106884,0.0834665314,0.0611049657,0.0945624267,0.0735795078,-0.422744962,-0.0791876855,0.0261144825,-0.772130034,-0.167295965,0.0967528528,-0.940985687,-0.144446002,0.0713352661,-1.1090913,-0.250007032,-0.362251525,-1.09242218,-0.211553038,-0.591347814,-1.37015633,-0.182473674,-0.662975423,-1.59670142,-0.306529049,-0.673370395,-1.81594608,-0.324336472,-0.374428676,-0.906009084,-0.120102004,-0.393723471,-1.30386085,-0.363725347,-0.228017726,-1.15422923,-0.273526898,-0.00741727044,-0.925752512,-0.519630217,-0.4181831,-0.677978004,-0.140192696,-0.496217439,-1.06147459,-0.327311384,-0.244402398,-0.986592425,-0.389301811,-0.0870304794,-0.858771792,-0.228628725,-0.455091732,-0.477453855,-0.227806019,-0.637448494,-0.700450931,-0.366020579,-0.821524178,-0.856819245,-0.351552309,-0.869652382,-0.965281443,-0.263660695
deer_horn,08f6838eb763,7,1.3371218997053802,0.0602510318,0.0150138391,0.0461798291,0.226885741,-0.389282086,-0.0117127079,0.182594478,-0.840721488,-0.0213834975,0.113797264,-1.12033194,-0.135373035,-0.108175858,-1.13333463,-0.311332291,-0.358485598,-1.04598911,-0.119080396,-0.647847701,-1.40210598,-0.18527536,-0.754638074,-1.63256552,-0.261258985,-0.874037518,-1.77286893,-0.211976536,-0.576180433,-0.779007437,-0.170204089,-0.380091948,-1.30535914,-0.26996168,-0.30767761,-1.24337053,-0.412146534,-0.0958559795,-1.03872935,-0.382727624,-0.508513478,-0.731307297,-0.182655507,-0.455340404,-1.215914,-0.383375401,-0.248018376,-1.09561458,-0.317891364,-0.124779099,-0.989873656,-0.225318872,-0.42796212,-0.549514955,-0.178615425,-0.705653432,-0.791012463,-0.383693275,-0.826013865,-0.968412115,-0.410611593,-0.946292946,-1.23614094,-0.425304726
deer_horn,08f6838eb763,8,1.451117499731481,0.033006211,-0.0130395916,-0.0483598488,0.268192246,-0.163704567,-0.0965994876,0.45354895,-0.625027752,-0.203489845,0.469881362,-0.938005527,-0.196934376,0.219352572,-1.05338358,-0.312411642,0.112748599,-0.926201243,-0.12321219,0.0641360279,-1.47900881,-0.172744649,0.110112134,-1.78396714,-0.239846646,-0.0661824129,-1.92306816,-0.214542981,0.0430734568,-0.983236709,-0.149512373,0.0791428288,-1.37327115,-0.203021207,0.223457767,-1.22720561,-0.353184265,0.361408751,-1.02504854,-0.380109783,-0.0645445936,-0.861323769,-0.109964368,-0.101206182,-1.18589425,-0.332321386,0.18952727,-1.04042806,-0.257644635,0.245490872,-0.835788424,-0.254734657,-0.119302768,-0.803721018,-0.0822609024,-0.28252173,-1.20537434,-0.277623335,-0.3261164,-1.53299474,-0.203746579,-0.335095626,-1.6143363,-0.348269627
deer_horn,08f6838eb763,9,1.5634774998761714,-0.0519688517,0.0203332411,0.10380518,0.226709413,-0.109776579,-0.148195286,0.567575448,-0.112184685,-0.131781529,0.785832459,-0.34408983,-0.176559481,0.713112405,-0.572425564,-0.354463428,0.590406145,-0.780031199,-0.0135978906,0.793286588,-1.1965793,-0.182744455,1.13818544,-1.32928181,-0.279106537,1.15439006,-1.62193677,-0.250354136,0.410106864,-0.813361708,-0.0815372323,0.673659594,-1.08446062,-0.245034928,0.782019284,-0.765590501,-0.454707075,0.723316006,-0.647563224,-0.408203434,0.484422133,-0.994145315,-0.217747319,0.539172652,-1.16594626,-0.308776019,0.713629874,-0.90080098,-0.362272951,0.678880323,-0.690912394,-0.194025697,0.295255564,-0.896688091,-0.0924256226,0.281841869,-1.34480065,-0.2607031,0.409235019,-1.49320344,-0.207670912,0.590007121,-1.73903648,-0.263427913
deer_horn,08f6838eb763,10,1.6729909996502101,-0.0569488663,-0.0307151358,-0.00942261266,0.277990069,0.0448597599,-0.134028141,0.495344045,-0.105849828,-0.232448215,0.800080308,-0.323141944,-0.322490637,0.829654408,-0.487295961,-0.422122958,0.707003287,-0.657748497,-0.115121901,0.92030051,-0.961366701,-0.208014432,1.14613475,-1.15676666,-0.308749295,1.33386167,-1.531453,-0.365336189,0.678926615,-0.693819109,0.0132631496,0.968919686,-0.953955147,-0.371411471,0.786088457,-0.856652404,-0.40594418,0.76618479,-0.369426179,-0.420600024,0.557458577,-0.942649567,-0.0183423167,0.693000827,-1.05377022,-0.282343216,0.674623947,-0.758798346,-0.387515796,0.73338575,-0.516352092,-0.261642066,0.268800404,-0.896471394,-0.158978826,0.294911213,-1.20295978,-0.298930208,0.587662114,-1.55482575,-0.308579626,0.652755987,-1.60910462,-0.400691713
deer_horn,08f6838eb763,11,1.7843341999687254,0.0821450414,-0.0398780028,0.0294644076,0.24164627,-0.129629825,-0.248177241,0.538875461,-0.407730844,-0.233274056,0.661906345,-0.481229399,-0.277402477,0.419806363,-0.797850799,-0.363425325,0.47912047,-0.76654884,-0.0125828041,0.674120962,-1.23799455,-0.210307882,0.680526888,-1.49923579,-0.115364849,0.787635422,-1.60969373,-0.201121524,0.415099363,-0.816042494,0.0215961711,0.532478429,-1.18398084,-0.130310485,0.424006404,-0.858979165,-0.319150153,0.527810087,-0.732129171,-0.284612315,0.227731506,-1.15509997,-0.122023312,0.298572204,-1.33513631,-0.344384048,0.437829655,-1.07880819,-0.228036165,0.481841154,-0.851315589,-0.188333457,0.155242585,-0.937468555,-0.118051108,0.0251509448,-1.17016165,-0.21056718,0.140812966,-1.40910241,-0.236132989,0.263532125,-1.66881946,-0.150904177
deer_horn,08f6838eb763,12,1.899441699963063,0.0403016766,-0.0278281614,0.00128833347,0.30627521,-0.245727256,-0.128704639,0.38131012,-0.702965376,-0.147537687,0.21892913,-1.02410888,-0.24644799,0.189575909,-1.06701407,-0.286149126,0.110177541,-1.03275818,0.0481020388,-0.0447301415,-1.39964631,-0.088995465,-0.00896094209,-1.51659846,-0.107535134,0.018501835,-1.81821578,-0.245050501,-0.0331619496,-0.932614439,-0.103214527,-0.147816877,-1.16608696,-0.194034386,0.0139257833,-1.20164481,-0.316424542,0.120747042,-0.972068577,-0.263591756,-0.0871163257,-0.819980838,0.0169601194,-0.239904782,-1.30445731,-0.292553187,-0.0135023774,-1.17031167,-0.24802474,0.00290820998,-0.944247835,-0.141243532,-0.344882551,-0.725622341,-0.0833271876,-0.456751368,-1.10929705,-0.225384705,-0.296856008,-1.31806559,-0.147276204,-0.306528162,-1.62603376,-0.138101303
deer_horn,08f6838eb763,13,2.049425699748099,-0.0136590581,-0.0517075553,-0.07506675,0.162690218,-0.408283708,-0.147643214,0.00508091375,-0.61537027,-0.147911344,-0.0751241593,-1.10205961,-0.151794578,-0.137582732,-1.10560629,-0.289818896,-0.38885919,-1.00666193,0.0560302987,-0.603704857,-1.34610252,-0.298422818,-0.650781866,-1.50435671,-0.213009834,-0.769769687,-1.83590013,-0.179805248,-0.423638649,-1.02700782,0.0137075001,-0.458351843,-1.26950768,-0.321552388,-0.312984627,-1.17314552,-0.258878921,-0.178046428,-0.996043655,-0.229529376,-0.470548373,-0.754663766,-0.132348143,-0.614480398,-1.14658564,-0.322653938,-0.368401896,-0.960972525,-0.283811221,-0.227269052,-0.995062625,-0.120045019,-0.577972519,-0.564055388,-0.110942275,-0.823027237,-0.805661452,-0.321308144,-0.941733087,-0.942396045,-0.286296358,-0.979566737,-1.17679165,-0.242567409
deer_horn,08f6838eb763,14,2.170198299922049,0.0919148064,-0.00511765593,0.0483946999,0.158732502,-0.673089324,-0.0658460723,-0.0789830632,-1.01303531,-0.0827309651,-0.171891089,-1.27315955,-0.233156915,-0.307474173,-1.37137023,-0.478502257,-0.665881179,-0.962051296,-0.0658965919,-1.10713109,-1.35394514,-0.419576767,-1.09747754,-1.51625971,-0.350161285,-1.4026196,-1.63369888,-0.542629932,-0.696111125,-0.711434496,-0.162154761,-0.940778844,-1.20411645,-0.519358496,-0.60075802,-1.33808094,-0.527733385,-0.345040693,-1.301826,-0.563516889,-0.601674416,-0.423912732,-0.317686795,-0.738269344,-0.857281172,-0.478122226,-0.683968565,-1.08863682,-0.573249931,-0.692404262,-1.20412105,-0.486450167,-0.487443523,-0.283796361,-0.36449065,-0.613337838,-0.274760082,-0.50759911,-0.875504016,-0.464429859,-0.487607394,-0.821067026,-0.61791706,-0.517136625
deer_horn,08f6838eb763,15,2.2588402996771038,-0.0127815588,-0.0183293585,0.0300814503,0.21168053,-0.389478711,-0.0587445528,0.280853998,-0.79449427,-0.080342887,0.229473962,-0.975665761,-0.151615786,0.12178269,-1.0212985,-0.223224655,-0.232293058,-1.09879165,0.0307995777,-0.319985976,-1.4437631,-0.190023433,-0.352071229,-1.70079401,-0.136896934,-0.398589385,-1.83630341,-0.0436732989,-0.344105101,-0.961859915,-0.0840162608,-0.194077178,-1.31571118,-0.162532693,0.0338913803,-1.1779308,-0.227034366,0.129823497,-1.01027136,-0.251577661,-0.316222189,-0.974904159,-0.0465300457,-0.204940619,-1.20353822,-0.224394174,-0.077037309,-1.2072746,-0.226905196,0.0261859868,-0.926390956,-0.236426636,-0.236947195,-0.779392498,-0.109180269,-0.523210907,-1.13240819,-0.237517194,-0.416175834,-1.24371432,-0.103938552,-0.691988926,-1.52085683,-0.255979442
deer_horn,08f6838eb763,16,2.356692399829626,0.00512137924,-0.0159904443,-0.0867615257,0.229455876,0.042206513,-0.0734968527,0.560662005,-0.18382444,-0.193946092,0.818023853,-0.416322216,-0.161253734,0.719100701,-0.591939203,-0.313801503,0.533333672,-0.817033564,2.63921664e-05,0.827231042,-1.20369584,-0.184668548,0.844782144,-1.00993039,-0.145952523,0.910769434,-0.685016435,-0.301020861,0.537620143,-0.859821494,0.0204125355,0.748603708,-1.11336613,-0.259249582,0.733933309,-0.911733558,-0.381238467,0.715808069,-0.619472996,-0.329436952,0.425902663,-0.858321991,-0.167011679,0.583445184,-1.34977482,-0.282414287,0.662367535,-0.943119772,-0.368566701,0.607301576,-0.786393714,-0.196271038,0.191749362,-1.02528026,-0.164149619,0.38503897,-1.41725875,-0.270066959,0.488407117,-1.64037247,-0.343200054,0.515667684,-1.78906734,-0.261043787
deer_horn,08f6838eb763,17,2.4529148996807635,-0.0650259028,-0.0280108513,0.0391016576,0.275066244,0.0143505609,-0.203918846,0.607237343,0.000567842182,-0.231715661,0.746176751,-0.314952285,-0.259582948,0.753607041,-0.536463365,-0.400034983,0.659967205,-0.573915776,-0.0871256768,0.962120779,-1.01085236,-0.255907176,1.06220958,-1.18981359,-0.357827474,1.28643996,-1.24586864,-0.416547624,0.582532703,-0.80755882,-0.0930346683,0.969701116,-1.15345709,-0.357863187,0.92124301,-0.73918428,-0.469637883,0.752561787,-0.403336273,-0.485575034,0.526599426,-0.775616154,-0.137963321,0.713653554,-1.15350866,-0.378083368,0.749973708,-0.943072581,-0.451546067,0.623843376,-0.588543532,-0.251337581,0.260024012,-0.877275789,-0.192777477,0.41893576,-1.27536841,-0.368718089,0.515004448,-1.56047786,-0.429064834,0.645190122,-1.74044371,-0.392501917
deer_horn,08f6838eb763,18,2.539256399963051,-0.0522132742,-0.0374186822,0.0602019673,0.323068732,-0.171120812,-0.017538532,0.461602544,-0.480724259,-0.151328099,0.542038371,-0.69327466,-0.294533044,0.555780815,-0.886028665,-0.320669026,0.451512174,-0.822877755,-0.0461328537,0.559633057,-1.30641872,-0.181225285,0.769725377,-1.67647136,-0.229346003,0.751256532,-1.70715385,-0.213806467,0.300103835,-0.983512836,-0.0682704786,0.40581631,-1.28374059,-0.301242588,0.470640619,-1.09629778,-0.311478528,0.48756922,-0.857515206,-0.401495829,0.167778033,-1.0092206,-0.114198746,0.341175954,-1.11877852,-0.280521323,0.47237683,-1.1315992,-0.320472403,0.41375218,-0.781534003,-0.298154715,0.0871957445,-0.888265001,-0.161740926,0.0909480308,-1.30940106,-0.218035682,0.146480005,-1.53386448,-0.243699734,0.121064366,-1.72899816,-0.269644326
deer_horn,08f6838eb763,19,2.6366833997890353,0.00167071914,-0.0307321403,0.000588917815,0.149173307,-0.210880834,-0.080664346,0.424765426,-0.524931049,-0.14753472,0.531353272,-0.70786543,-0.205074856,0.381525949,-0.888360652,-0.223586618,0.377145449,-0.987646037,0.019988701,0.375584017,-1.37214529,-0.250493199,0.509463126,-1.56066317,-0.215030855,0.563358931,-1.81658707,-0.206267953,0.176566231,-0.950721504,-0.0436465765,0.297353374,-1.32827914,-0.246263345,0.374516928,-1.14969198,-0.226205502,0.522885558,-0.7885914,-0.333292885,0.0810572497,-1.02364239,-0.0668152547,0.243543906,-1.27079525,-0.24234924,0.166025576,-1.07300151,-0.335921134,0.412889004,-0.823222772,-0.208164205,-0.0436238947,-0.815792385,-0.105929012,-0.114810414,-1.23494726,-0.203062653,-0.0536182796,-1.45686549,-0.280872068,0.0152637231,-1.61871675,-0.189588747
deer_horn,08f6838eb763,20,2.748222299851477,-0.044222225,0.0325578228,0.0544778535,0.206103822,-0.424510317,-0.00798405618,0.170596966,-0.598791744,0.00512053966,0.158905141,-0.993158966,-0.102324994,0.102410001,-1.12915996,-0.0626739992,-0.224488136,-1.05216564,-0.0954595507,-0.301214986,-1.48995423,0.071547579,-0.236917845,-1.7713149,-0.0972997361,-0.337196507,-1.91440683,0.00414049756,-0.396510926,-1.05882303,-0.0197530003,-0.275574284,-1.40793517,-0.0777085127,-0.0632843942,-1.21837963,-0.212829533,0.0947293694,-1.02959487,-0.187310964,-0.451259823,-0.903373861,-0.103629777,-0.388326461,-1.37379109,-0.266349767,-0.154760334,-1.18349991,-0.165768033,-0.14081757,-1.03891775,-0.182068066,-0.364210508,-0.656482825,-0.181091375,-0.48151436,-1.12383858,-0.277955693,-0.489839051,-1.28776285,-0.325538597,-0.484038971,-1.54960385,-0.177228328
deer_horn,08f6838eb763,21,2.8649277999065816,0.00841377329,0.101584031,0.098636775,-0.336674823,-0.281945172,0.208907892,-0.386963121,-0.734268683,0.218876592,-0.258916744,-1.0104128,0.407195542,-0.335176267,-1.30181505,0.415910216,-0.556089126,-0.892654504,-0.091419967,-0.490528317,-1.62722371,-0.0864486707,-0.557825307,-2.00697262,-0.0854527508,-0.607986464,-2.39595969,-0.0994456364,-0.404640195,-0.859543019,-0.117822277,-0.338560646,-1.60050592,-0.1881718,-0.0737764357,-1.69603149,-0.0424902438,-0.174123853,-1.54122393,-0.0207793674,-0.193168145,-0.979282296,-0.276208382,-0.109026706,-1.66249923,-0.30554234,-0.151017472,-1.58572691,-0.0999661532,-0.0800002592,-1.45219394,0.0232377769,0.0759019617,-0.921081433,-0.374802895,-0.0563202307,-1.51392232,-0.441882133,-0.0191955625,-1.66762266,-0.468483249,-0.0176656944,-1.81212937,-0.423747451
deer_horn,08f6838eb763,22,2.9694810998626053,-0.0262894584,0.0452416327,-0.0355877961,-0.216419812,-0.23107903,0.285045085,-0.392759685,-0.728640213,0.442720571,-0.318760588,-1.12305118,0.345329528,-0.310516008,-1.34420234,0.41038975,-0.445270406,-0.892564952,-0.126176855,-0.419979559,-1.57429289,-0.112247416,-0.373148758,-1.88975559,-0.269699349,-0.514479123,-2.11064049,-0.24966391,-0.277368899,-0.805302044,-0.316114336,-0.24370406,-1.57550652,-0.230358958,-0.205045186,-1.54436232,-0.037811527,-0.168356574,-1.26996086,0.104192033,-0.0351664631,-0.939178107,-0.36316456,-0.0867797541,-1.52266299,-0.311989563,0.0530774622,-1.32208712,-0.0320215346,0.0133249339,-1.20739028,0.111858291,0.1329972,-0.849968893,-0.49709931,0.137810198,-1.46096158,-0.640078919,-0.0452188948,-1.55228193,-0.533530152,0.0507310637,-1.91657264,-0.431682997
deer_horn,08f6838eb763,23,3.07908169971779,0.0101244357,0.07541672,0.0861331252,-0.221473093,-0.39078977,0.370261595,-0.344811448,-0.79223152,0.445143488,-0.297366256,-1.11314063,0.509500923,-0.121050244,-1.35271954,0.576185824,-0.437269903,-0.971347235,-0.211400102,-0.528127057,-1.47101623,-0.274187917,-0.551836347,-1.77874738,-0.15153141,-0.437718948,-1.93228402,-0.287288013,-0.358816095,-0.909280568,-0.270353771,-0.220709281,-1.5316334,-0.244875394,-0.0214666004,-1.40007606,0.139229255,-0.106238498,-1.27709351,0.299857144,-0.089318599,-0.859527583,-0.390023762,-0.0590609399,-1.31794251,-0.19032938,-0.00861097705,-1.27667779,0.0890666007,0.11821605,-1.216195,0.275944228,0.105121012,-0.926227451,-0.449419314,0.0721578974,-1.20347563,-0.634364895,0.0936364118,-1.49393278,-0.563290897,0.132833127,-1.81102609,-0.403002256
deer_horn,08f6838eb763,24,3.206327599938959,0.0100095223,0.0107224793,0.0477135586,-0.105478499,-0.434789328,0.36540709,-0.196885962,-0.875658719,0.662937797,-0.15634039,-0.896386304,0.73697979,-0.0625566686,-1.31560731,0.885918546,-0.561845129,-1.01222893,0.187724683,-0.301571318,-1.48020728,0.113671902,-0.198273842,-1.90351462,0.184174278,-0.134805461,-2.08162345,0.212162854,-0.13730229,-0.911267557,-0.0957389672,-0.1201268,-1.61111071,0.0759479652,0.0418370803,-1.32630353,0.484169513,0.150734114,-1.30382591,0.390860988,-0.116313391,-0.90410171,-0.21725741,0.124845124,-1.50598312,-0.0661379327,0.126775638,-1.30879606,0.0570712222,0.221797028,-1.21798965,0.245897695,0.111308781,-0.8985935,-0.311607538,0.164758607,-1.34437753,-0.435397304,0.173290077,-1.69897361,-0.453234084,0.0713723313,-1.89115864,-0.30212545
deer_horn,08f6838eb763,25,3.3308261996135116,0.000138275873,0.078203628,0.0163513716,-0.0714561339,-0.39877632,0.392743881,-0.0302203258,-0.910223482,0.489672933,0.130697882,-1.09070203,0.73015872,0.343242092,-1.24903984,0.653640772,-0.274977177,-1.01506499,0.216863316,-0.133104955,-1.63652434,0.272528584,-0.0942742508,-1.96619781,0.237139761,-0.0681222284,-2.12826868,0.226522715,-0.256411605,-1.05157514,-0.0261056883,0.161002469,-1.50790419,-0.0647332686,0.151608808,-1.40437772,0.244850005,0.186733125,-1.15334961,0.197977131,0.112608151,-0.925913786,-0.162613719,0.182311808,-1.48427734,-0.182744643,0.285221381,-1.4550294,0.107323727,0.354952119,-1.44705395,0.113738734,0.132705501,-0.934886167,-0.312981892,0.179558754,-1.37552953,-0.327350157,0.232434003,-1.68469802,-0.430044866,0.24901615,-1.99389312,-0.376976067
deer_horn,08f6838eb763,26,3.443697899580002,0.00580792845,0.0206883151,0.0722913564,0.314990601,-0.396642441,0.0547412039,0.315756647,-0.847831459,-0.0466169601,0.350400439,-0.997238082,-0.14035783,0.332470187,-1.24451063,-0.176175126,-0.0946116954,-1.11707996,0.00503417713,-0.0391186396,-1.56493316,-0.255743651,0.0295353841,-1.85860565,-0.10791547,-0.00759829251,-2.14101347,-0.115765727,-0.168492494,-1.00170702,-0.0798084163,0.196486503,-1.44070408,-0.262440838,0.188735908,-1.30189593,-0.250082939,0.278590179,-1.11353114,-0.248023202,-0.148905685,-0.882846408,-0.0199967545,-0.0792939726,-1.3127432,-0.349272482,0.127771652,-1.37646996,-0.274934198,0.0690420865,-1.42609243,-0.152428135,-0.191897136,-0.775197881,-0.261893629,-0.103848448,-1.06333527,-0.328013324,-0.116780999,-1.33669059,-0.360462683,-0.145251423,-1.4934879,-0.398089439
deer_horn,08f6838eb763,27,3.5683218999765813,0.0611492226,0.0202042568,0.0503715605,0.229642707,-0.193464187,-0.0669593617,0.296543143,-0.519060312,-0.178452502,0.359527648,-0.941837152,-0.136283229,0.200644998,-1.01231046,-0.0542595972,0.267049421,-1.03478941,0.0108660623,0.0277502177,-1.39318131,-0.144723806,0.0954258423,-1.73872422,-0.0247270023,0.0302204954,-1.94468248,-0.179963479,-0.00636990353,-1.06002641,0.0844180563,-0.022450006,-1.40705571,-0.263644015,0.0979141444,-1.20622713,-0.212358182,0.163103745,-1.09543977,-0.202077798,-0.149579247,-0.990675065,-0.0459918958,-0.196191371,-1.35080769,-0.160245301,-0.186687363,-1.14200048,-0.236216033,0.0372558691,-1.02198926,-0.14252382,-0.33908294,-0.840933649,-0.0305986208,-0.33111354,-1.21657155,-0.222361672,-0.525988985,-1.45551074,-0.14379234,-0.451034877,-1.61266758,-0.073669617
deer_horn,08f6838eb763,28,3.6744643999263644,0.0800771152,0.0348661352,-0.0259192156,0.221597689,-0.116314845,-0.0985864521,0.285809447,-0.571338587,-0.170654655,0.397695067,-0.9817878,-0.254222137,0.151756735,-1.11058317,-0.307066056,0.253734685,-1.04725581,-0.062406491,0.11154945,-1.39976472,-0.0440947284,0.197897206,-1.58430339,-0.113752131,0.168116649,-1.95582032,-0.169920459,0.01560849,-1.01465152,-0.052257798,-0.0372132182,-1.42407512,-0.236436862,0.0416599752,-1.20942158,-0.151934443,0.182632494,-1.11890825,-0.243157943,-0.0955040785,-0.898142418,-0.0722060806,-0.277900148,-1.2717266,-0.213434008,0.0688662553,-1.29452596,-0.0942768468,-0.0157015728,-0.952902072,-0.170064932,-0.203602055,-0.80909396,0.00612971424,-0.345671618,-1.11874144,-0.208658587,-0.421148041,-1.4726274,-0.179991407,-0.447611653,-1.58993311,-0.121668479
deer_horn,08f6838eb763,29,3.7806888995692134,0.0568696355,0.0445322881,0.0645554833,0.333737046,-0.242668099,-0.130664675,0.355476903,-0.65985396,-0.181896913,0.198598924,-0.997212848,-0.118794052,0.136951693,-1.21649738,-0.219985643,0.13530693,-1.11738442,-0.0472869763,0.127746643,-1.368735,-0.107531456,0.223968992,-1.62568914,0.028830803,0.200154855,-1.72611582,-0.0626290929,-0.0603522992,-0.920356238,0.15750262,0.0671890988,-1.34766779,-0.220920804,0.135489356,-1.25369182,-0.208314531,0.191128576,-0.962354951,-0.272920757,-0.0671853286,-0.911754709,-0.0381035873,-0.19868847,-1.28383928,-0.0664789119,-0.0673125414,-1.12835634,-0.239677883,0.0110371377,-1.01072183,-0.16255858,-0.269657642,-0.894847546,-0.0924518076,-0.393975466,-1.11936819,-0.112721885,-0.375187175,-1.31044169,-0.165838671,-0.511946225,-1.59905838,-0.068131828
deer_horn,08f6838eb763,30,3.8899980997666717,0.0545271446,0.0929696168,0.0715641241,0.19994412,-0.15561245,-0.113892405,0.475030705,-0.523261997,-0.0915948673,0.329707239,-0.796215752,-0.24284739,0.131489569,-0.95396077,-0.357793233,0.166956946,-0.941966133,0.0152998191,0.183961066,-1.35799977,-0.0224139962,0.212622103,-1.74421264,-0.0977578334,0.250961766,-1.82133777,-0.153996475,0.00648878891,-1.00990737,0.0526773585,0.0607461831,-1.38320644,-0.244101232,0.0749308944,-1.18588334,-0.242721381,0.150602059,-1.04667981,-0.412885421,-0.0706643689,-0.93264515,-0.0864815261,-0.0566091445,-1.28540926,-0.232555723,0.00951713321,-1.20817346,-0.194112249,0.172316815,-1.06033688,-0.283338321,-0.261773925,-0.838503659,-0.130949854,-0.385452639,-1.19075553,-0.154558006,-0.353464464,-1.34370044,-0.313528076,-0.37775634,-1.58147052,-0.240240982
deer_horn,08f6838eb763,31,4.002760099712759,0.0480056814,-0.123433654,-0.113282831,0.342327025,-0.352749361,-0.108771033,0.205247869,-0.760657475,-0.227885527,0.211818187,-1.20255929,-0.210974507,-0.100436022,-1.27988852,-0.191603155,-0.00718983402,-1.01454657,0.0404770977,0.0162829207,-1.33511301,0.0260974295,0.0494242475,-1.62630051,-0.077259896,0.0147673315,-1.75992331,-0.147849925,-0.0898577772,-0.957448297,-0.0219205326,-0.275006109,-1.32087356,-0.101355312,-0.10584649,-1.27185928,-0.163436032,-0.00792994013,-1.0862722,-0.223380736,-0.221847814,-0.888604538,-0.0305308584,-0.462744959,-1.23334106,-0.0581713858,-0.16957797,-1.34578779,-0.0810097948,-0.0857563694,-1.25408932,-0.18857216,-0.285426883,-0.804297632,-0.0157732099,-0.608874652,-1.05875957,-0.0868172325,-0.539419331,-1.33380562,-0.0820211392,-0.760718665,-1.59012848,-0.190397577
deer_horn,08f6838eb763,32,4.12391550000757,-0.032074695,-0.0807301809,-0.0675214295,0.192436814,-0.254178828,-0.0614447878,0.259230127,-0.71343538,-0.108467312,0.148976798,-1.16417151,-0.0557702472,-0.0260310067,-1.21461973,0.0042575735,0.00562776135,-1.01881482,0.0820946301,-0.0866232539,-1.42012007,-0.0274209184,0.104841209,-1.59392801,-0.0264826778,-0.0380166027,-1.79540594,0.0350469967,-0.180881268,-0.929898236,0.0247258324,-0.129060513,-1.3231449,-0.068249778,-0.16707559,-1.28530493,-0.0939285709,0.126044295,-1.15001441,-0.148011708,-0.37015176,-0.888063288,0.0317017277,-0.484018496,-1.30432575,-0.0879638163,-0.339580361,-1.33380758,-0.175441074,-0.203942201,-1.30331651,-0.247998152,-0.468250934,-0.81724645,-0.0266056203,-0.554101288,-1.06883381,-0.081875769,-0.854914843,-1.38401273,-0.00611678573,-0.975150166,-1.50104716,-0.18436268
deer_horn,08f6838eb763,33,4.238531499635428,0.0095389437,0.131481193,0.0661025253,0.258772621,-0.374676267,-0.047525321,0.194756617,-0.925638862,-0.104705322,0.158195126,-1.22410916,-0.0627883982,-0.227752442,-1.33183131,-0.234794968,-0.0195020226,-1.03886841,0.221508466,-0.059379078,-1.31340636,0.207929306,-0.126955229,-1.76821003,0.00304202066,-0.111907156,-1.95122122,0.0304481006,-0.268381707,-0.954774422,-0.0238107327,-0.274076084,-1.29588108,0.0260889016,-0.218201822,-1.1562184,-0.0499846937,-0.246614685,-1.00549825,-0.142361818,-0.403584324,-0.803070111,0.056168777,-0.576784634,-1.21830751,-0.0011753841,-0.371587973,-1.41874376,-0.0891595694,-0.277308738,-1.37259849,-0.0497073812,-0.526452972,-0.67070406,0.00304705103,-0.817980268,-1.02487741,0.10529758,-0.864955582,-1.32348804,0.114034808,-1.00943288,-1.3027358,-0.0859863228
deer_horn,08f6838eb763,34,4.355373799800873,-0.0377017172,0.0907843668,-0.0284021456,0.266966168,-0.215017606,-0.0905449795,0.421322715,-0.808057827,-0.149383449,0.098606229,-1.11138312,-0.142212251,-0.0393976598,-1.37145619,-0.19642224,-0.0216001197,-1.03880637,0.0408166932,-0.00757157809,-1.34179507,0.00213141553,-0.0301676237,-1.51271344,0.0161345722,-0.00557064859,-1.8893337,0.133349446,-0.195762607,-1.00006122,0.0608856577,-0.239560657,-1.30582226,-0.0481311307,-0.099446815,-1.15580959,-0.163148717,-0.0721397591,-1.1303508,-0.109263393,-0.350918783,-0.906489065,-0.135694902,-0.383986609,-1.34110837,-0.024593218,-0.426343843,-1.33186322,-0.226921021,-0.256678275,-1.36410826,-0.181211698,-0.526656608,-0.693758084,0.0611488798,-0.699827317,-1.11494671,0.0310111658,-0.745083945,-1.31131161,-0.189021716,-0.917874612,-1.6062426,-0.175602147
deer_horn,08f6838eb763,35,4.487103399820626,0.014396944,0.0653545838,0.0572880722,0.250096352,-0.22250167,-0.22142261,0.316578019,-0.820036475,-0.231318345,0.192555128,-0.921079725,-0.240533473,-0.0317437173,-1.17749396,-0.184229603,0.011496045,-1.00984583,-0.0489199681,0.086105135,-1.35843729,-0.0420384021,0.0463899396,-1.5820533,-0.132288657,0.152969548,-1.68181468,-0.0519751127,-0.137233647,-0.896178167,-0.0723971493,-0.0887629181,-1.30416688,-0.0869210505,0.0104660975,-1.18565733,-0.231272899,0.0927345124,-1.15858812,-0.172215366,-0.278914984,-0.957250266,0.0050627217,-0.331742917,-1.26744613,-0.124565351,-0.193497992,-1.30642305,-0.174840647,0.0178168764,-1.28910902,-0.0390981193,-0.373650253,-0.9078094,-0.108699347,-0.545851077,-1.11059947,-0.0540928932,-0.501040668,-1.39614207,-0.0692496959,-0.636425036,-1.5382817,-0.10572417
deer_horn,08f6838eb763,36,4.621545000001788,0.0925133837,0.0705952995,-0.0404142222,0.301954653,-0.18036151,-0.118701509,0.317926695,-0.551055258,-0.153649615,0.336670983,-0.955290963,-0.212065236,0.179547475,-1.07919669,-0.265488625,0.139422073,-1.01717353,0.0290953611,0.05869694,-1.40429816,0.029757134,0.184039441,-1.59815072,-0.138841782,0.171449336,-1.81934008,-0.127074716,0.0861625555,-1.11268901,0.0255357211,0.0567464682,-1.30443414,-0.107728544,0.12168599,-1.20857092,-0.187596933,0.16688136,-0.97943909,-0.20130403,-0.0757372059,-0.958093775,-0.0507958236,-0.235140452,-1.32241761,-0.273610701,0.0540130329,-1.31108735,-0.159179078,0.170214673,-1.07588338,-0.0624636896,-0.140632664,-0.810132851,-0.114553152,-0.312913336,-1.15388165,-0.0518654428,-0.409111774,-1.47349681,-0.0771903664,-0.605195119,-1.61826085,-0.249983261
deer_horn,08f6838eb763,37,4.740377499721944,0.0856434208,-0.0162570878,0.0189665981,0.0933134843,-0.211556224,-0.082731776,0.451533754,-0.459720376,-0.259550624,0.426007924,-0.669923991,-0.271733892,0.413961671,-0.796681458,-0.413213108,0.267088641,-0.989068017,-0.0355213632,0.178030849,-1.42130991,-0.193035935,0.368586008,-1.63390337,-0.225630407,0.341695674,-1.88269189,-0.397700789,0.151129993,-0.797108671,-0.199346321,0.113851847,-1.36835869,-0.291388015,0.394225541,-1.07836414,-0.300653764,0.345834,-0.881707624,-0.430113711,0.0076970277,-0.93775641,-0.0439999824,-0.00904193709,-1.20892382,-0.38489294,0.088772699,-1.13219195,-0.286820434,0.182324026,-0.737643265,-0.298415978,-0.188719317,-0.841645159,-0.11447808,-0.36711656,-1.12968614,-0.295921161,-0.4750912,-1.37790574,-0.201013231,-0.326417363,-1.50550197,-0.173124074
deer_horn,0945e8accdd1,0,0.04550930019468069,0.0030471708,-0.0103998411,0.00750451196,0.155408402,-0.347537749,-0.095416626,0.159980345,-0.743402642,-0.127736197,0.109263314,-1.03963694,-0.172219778,0.0831988968,-1.29454424,-0.224766236,-0.134185589,-1.02254068,-0.0316019166,-0.199871957,-1.36385776,-0.11636816,-0.225506575,-1.55108283,-0.194838568,-0.212205126,-1.75512887,-0.239911472,-0.240208829,-0.96447557,-0.0440562579,-0.321264634,-1.34706242,-0.159801443,-0.317849184,-1.57011842,-0.229421981,-0.242827771,-1.78029912,-0.297933817,-0.331535139,-0.844605425,-0.0880831605,-0.455259353,-1.19732617,-0.203050874,-0.398831555,-1.4351323,-0.272246235,-0.326601279,-1.64396799,-0.299881626,-0.40634274,-0.708678912,-0.149658676,-0.589143779,-0.978534217,-0.235187424,-0.670847921,-1.17763903,-0.27370002,-0.783011776,-1.34700837,-0.309056256
deer_horn,0945e8accdd1,1,0.17384620010852814,0.00586222331,0.0071122658,0.00793347235,0.119282895,-0.366948918,-0.0744046812,0.106122633,-0.78771601,-0.141045752,0.0311230349,-1.07625868,-0.180007558,-0.00718843189,-1.33184654,-0.228585583,-0.194010308,-1.02711449,-0.0337266859,-0.315930858,-1.36901249,-0.133637636,-0.335068858,-1.55478177,-0.209921592,-0.312862863,-1.74822951,-0.250336289,-0.320482516,-0.943804629,-0.0680506257,-0.440070629,-1.33382021,-0.17900693,-0.42717732,-1.55412211,-0.241923303,-0.36700524,-1.75075288,-0.282600979,-0.423648487,-0.794277872,-0.116504039,-0.549027366,-1.14933153,-0.219017509,-0.508545917,-1.39061488,-0.283078719,-0.465259885,-1.58222138,-0.334815904,-0.485493194,-0.625187107,-0.155520642,-0.686409761,-0.834734624,-0.245985923,-0.821230792,-1.01489404,-0.295086752,-0.89775611,-1.16717312,-0.325557647
deer_horn,0945e8accdd1,2,0.2957601002417505,0.0146330289,-0.0118876305,-0.00639751533,0.106657094,-0.393037095,-0.10273645,0.0950513644,-0.811752843,-0.157168767,0.0157811406,-1.11109836,-0.19158749,-0.0087587473,-1.34163409,-0.253540315,-0.260482487,-1.03861487,-0.0621317309,-0.377105229,-1.40465327,-0.169090736,-0.414485114,-1.62288738,-0.238371588,-0.441826284,-1.86025249,-0.310160051,-0.375796493,-0.924488259,-0.0757232654,-0.487867538,-1.3205174,-0.206261778,-0.501318936,-1.609174,-0.29136832,-0.445009442,-1.83732568,-0.329488835,-0.46586335,-0.76019591,-0.136789959,-0.612232177,-1.13045459,-0.266385296,-0.621539325,-1.42775306,-0.353796364,-0.635884008,-1.66904107,-0.367401776,-0.514734498,-0.574019683,-0.192121928,-0.728970544,-0.791324241,-0.298474261,-0.876904282,-0.952070034,-0.343292648,-1.01115098,-1.1255803,-0.412469597
deer_horn,0945e8accdd1,3,0.43099729996174574,0.0165092793,0.0172366572,-0.00179519213,0.105664787,-0.363796194,-0.10194273,0.0835907588,-0.791723649,-0.149089575,0.0527705814,-1.10655148,-0.197715887,0.021991461,-1.36952152,-0.250148833,-0.25835729,-1.00526521,-0.0947916844,-0.372051471,-1.41430935,-0.179820812,-0.424923751,-1.66602086,-0.243640148,-0.511456737,-1.869962,-0.285568366,-0.340526772,-0.917992641,-0.115140386,-0.478082466,-1.37179454,-0.207906979,-0.517338688,-1.66622639,-0.278872242,-0.556430855,-1.86433875,-0.31114663,-0.428944259,-0.791235025,-0.17181163,-0.576684069,-1.19620551,-0.254514953,-0.632992683,-1.50938449,-0.356831182,-0.672542442,-1.75881204,-0.381469589,-0.478596886,-0.595099308,-0.226733425,-0.694836876,-0.808190561,-0.31825916,-0.827243929,-0.982674661,-0.333682096,-0.951217727,-1.15769994,-0.397872894
deer_horn,0945e8accdd1,4,0.5542673002928495,0.0172869764,-0.00986857078,-0.00245277846,0.0953857961,-0.468076072,0.0387334292,0.0256816827,-0.895195677,0.0457613849,0.017581178,-1.17978003,0.014922961,0.0193436736,-1.44743684,-0.0136647758,-0.352162931,-0.983190895,0.0879219567,-0.436068824,-1.38452691,0.0307138051,-0.417608567,-1.64465254,-0.0122141058,-0.440642789,-1.90100823,-0.0385155677,-0.397668004,-0.911577004,-0.0137016255,-0.38896338,-1.39413088,-0.0919387328,-0.28125207,-1.67013929,-0.148104893,-0.179518875,-1.84373477,-0.189605223,-0.397779301,-0.80071739,-0.116225463,-0.407502167,-1.26120926,-0.189047632,-0.277449215,-1.5743348,-0.248058199,-0.16605602,-1.75723846,-0.264224691,-0.361066484,-0.701718123,-0.192816499,-0.524691906,-0.936000747,-0.269263963,-0.597929617,-1.13219828,-0.324802695,-0.686446687,-1.29970605,-0.349560239
deer_horn,0945e8accdd1,5,0.6862901002168655,-0.00296570954,0.000665458159,-0.00697423823,0.115310193,-0.433142665,0.0337106798,0.0886649898,-0.817689559,0.0119386445,0.118216499,-1.11765661,-0.0747546383,0.0694503559,-1.41446186,-0.129317019,-0.30032238,-1.01366875,0.0747881566,-0.430891279,-1.39770782,-0.0213918082,-0.440717855,-1.64556536,-0.0589325833,-0.436986522,-1.88736311,-0.107471264,-0.385885732,-0.917844756,-0.0057896233,-0.493098881,-1.36670939,-0.17968554,-0.278809846,-1.433111,-0.258468599,-0.0853526682,-1.42571154,-0.270121432,-0.408416552,-0.796290013,-0.138332311,-0.47334015,-1.23181458,-0.295799297,-0.239165561,-1.30061431,-0.304667522,-0.0849032631,-1.2671786,-0.271080911,-0.418379808,-0.670541743,-0.260218868,-0.573318641,-0.923392595,-0.361013348,-0.662023415,-1.14223564,-0.409785579,-0.735914624,-1.32926347,-0.447516934
deer_horn,0945e8accdd1,6,0.806434000376612,0.0160425436,-0.00457699431,0.00107880444,0.194085473,-0.268681469,-0.104597058,0.22729426,-0.698570368,-0.131333975,0.265200622,-1.01238184,-0.202573793,0.20269343,-1.26702338,-0.230590053,-0.0658228908,-1.02258871,-0.00586911284,-0.159841661,-1.41606967,-0.0866464913,-0.173440802,-1.68115555,-0.132745516,-0.151592995,-1.90960364,-0.154120901,-0.195061555,-0.982183474,-0.0162852994,-0.286106082,-1.42928028,-0.211460662,-0.085480355,-1.35786151,-0.24463313,0.0831076136,-1.19087317,-0.224621169,-0.281330897,-0.878899123,-0.0469409099,-0.329521371,-1.27191139,-0.227790957,-0.120001081,-1.18731142,-0.227251573,0.0441805799,-1.0144227,-0.177154948,-0.386362731,-0.736270982,-0.102026868,-0.565905791,-1.03656095,-0.187505237,-0.611021595,-1.26379762,-0.225662272,-0.63400063,-1.44739532,-0.203895133
deer_horn,0945e8accdd1,7,0.8997192000970244,0.00328662002,0.00361921854,0.0132066166,0.202462779,-0.190252744,-0.102336983,0.336670876,-0.52021947,-0.173108607,0.374501394,-0.825753398,-0.229718575,0.324137956,-1.04086207,-0.302816539,0.207931452,-1.00950279,-0.0317785257,0.198965516,-1.38635832,-0.140111109,0.2185735,-1.65130501,-0.187768039,0.248799089,-1.84691032,-0.184509772,0.0742380483,-1.0065254,-0.043319513,0.0529603425,-1.39809455,-0.231930808,0.190448444,-1.21035195,-0.273756107,0.239692036,-1.00118759,-0.237142603,-0.0668376866,-0.915796012,-0.0774725727,-0.0356508954,-1.27585427,-0.256691733,0.116744432,-1.07442006,-0.2517803,0.219825993,-0.875498656,-0.169879018,-0.195055399,-0.81670518,-0.125145487,-0.296757563,-1.1381498,-0.227438916,-0.371834864,-1.35015604,-0.227664404,-0.385920905,-1.5376914,-0.243103459
deer_horn,0945e8accdd1,8,1.0220246999524534,-0.0296452884,-0.00543495508,0.0242041501,0.221474348,-0.10320458,-0.117015667,0.383148887,-0.424801474,-0.187838224,0.46233852,-0.691259429,-0.259321667,0.394375056,-0.909088594,-0.311797653,0.332940446,-0.974005644,-0.0715081538,0.389672573,-1.35597743,-0.154143876,0.434920629,-1.58595525,-0.215288689,0.472990042,-1.80532216,-0.251032443,0.164232666,-0.986572837,-0.0686377857,0.187365053,-1.36780394,-0.2782663,0.330013812,-1.15443899,-0.329829892,0.35252077,-0.908291596,-0.29292551,0.0250986468,-0.928386074,-0.103931198,0.0726431688,-1.26699032,-0.282409061,0.216558719,-0.996862731,-0.261243146,0.27946825,-0.76240196,-0.186833544,-0.113298752,-0.832131442,-0.154292312,-0.205139576,-1.14504799,-0.260741693,-0.226178442,-1.34827291,-0.28288737,-0.259800231,-1.54545493,-0.257972303
deer_horn,0945e8accdd1,9,1.1546690999530256,-0.00652916145,0.00548427921,0.00187973587,0.202462394,0.0324999313,-0.159138184,0.456770406,-0.11066756,-0.300934178,0.570587744,-0.227846532,-0.411766671,0.484551789,-0.384596277,-0.532104012,0.542605285,-0.866255467,-0.198686177,0.725320682,-1.24303741,-0.354115817,0.8271151,-1.44897864,-0.414530896,0.900291462,-1.65743761,-0.4604312,0.347121433,-0.911739194,-0.221739769,0.499383472,-1.23245658,-0.454456313,0.527478606,-0.816702124,-0.449702337,0.473519193,-0.558113952,-0.419350486,0.159595852,-0.845367158,-0.263450939,0.251755622,-1.07685805,-0.475128366,0.326947421,-0.688007091,-0.450421503,0.351338691,-0.443592182,-0.348552512,-0.0530260594,-0.713404035,-0.292559934,-0.113645388,-1.07498633,-0.467453849,-0.155932826,-1.30123403,-0.492846546,-0.200592279,-1.52975508,-0.49671217
deer_horn,0945e8accdd1,10,1.282001500017941,0.01610937,0.0254932795,-0.00405269265,0.21820423,0.0439281498,-0.181898579,0.503892068,0.0738324588,-0.349801706,0.635509892,0.144720157,-0.512216166,0.582643056,0.202109257,-0.674632655,0.493070383,-0.855591657,-0.317430646,0.656370949,-0.677148401,-0.431882167,0.717778722,-0.366796398,-0.563636479,0.7540019,-0.215016054,-0.636333938,0.301850297,-0.890812522,-0.310902878,0.453511224,-0.622566912,-0.472178308,0.527433498,-0.195085639,-0.535970864,0.500329108,0.0882618662,-0.560216883,0.0855567561,-0.742872776,-0.325766828,0.263245504,-0.603991833,-0.518012089,0.40684234,-0.188442106,-0.539514962,0.460521119,0.0533256652,-0.520272538,-0.038552976,-0.483441376,-0.362941979,-0.0919065998,-0.659343491,-0.537322073,-0.0846800273,-0.751579682,-0.594895077,-0.106873115,-0.853270169,-0.59131276
deer_horn,0945e8accdd1,11,1.436697999946773,-0.0225177729,-0.00826705047,-0.00782416334,0.22399827,0.0439874856,-0.136934517,0.544627144,-0.00767238227,-0.239525354,0.68509675,-0.056636811,-0.331270389,0.643145638,-0.0609440202,-0.433443101,0.657144154,-0.763768202,-0.219975728,0.847008206,-1.02184387,-0.354427306,0.992900555,-1.15975682,-0.44320706,1.1345602,-1.28254247,-0.502523641,0.459472558,-0.841195037,-0.270367805,0.661801856,-0.940174142,-0.462335012,0.685835196,-0.476651939,-0.539194897,0.6016233,-0.184283797,-0.518619847,0.233436277,-0.786923228,-0.285560919,0.364699243,-0.850800293,-0.531688063,0.449829851,-0.472234285,-0.531819344,0.515733969,-0.171687789,-0.501193053,0.0106774087,-0.612149254,-0.315949481,-0.0403832281,-0.879957003,-0.568497029,-0.0974338154,-1.00834395,-0.635796078,-0.137812694,-1.13745358,-0.621766368
deer_horn,0945e8accdd1,12,1.560681200120598,-0.00920850398,0.00855019324,0.00639626409,0.235116278,-0.0601976862,-0.117501276,0.454981702,-0.35060092,-0.18575443,0.543849928,-0.61406867,-0.265853734,0.516794641,-0.811324417,-0.298573596,0.449878685,-0.900836366,-0.051499461,0.532943677,-1.29988863,-0.182674501,0.619720643,-1.53461331,-0.231852204,0.66131613,-1.75410643,-0.23034692,0.301986045,-0.952966915,-0.0734146411,0.378046847,-1.34953614,-0.295147815,0.468631428,-1.08673135,-0.350405165,0.493992495,-0.839711349,-0.32983111,0.131708037,-0.926503958,-0.0956483928,0.23189973,-1.24602016,-0.313430672,0.332702697,-0.968457752,-0.289720378,0.401641775,-0.738196971,-0.217536869,-0.0366636989,-0.882895422,-0.146263549,-0.0674707557,-1.24404326,-0.269682167,-0.0805877941,-1.47938478,-0.291191333,-0.100148889,-1.68358982,-0.275790958
deer_horn,0945e8accdd1,13,1.6887680999934673,-0.01139429,-0.00481241124,0.0143777694,0.258319164,-0.20280565,-0.12541491,0.422731628,-0.556572672,-0.15386561,0.454949126,-0.932867301,-0.205444698,0.372956327,-1.16315593,-0.257739065,0.304281425,-0.962297521,0.0452692326,0.357324111,-1.33286701,-0.0309565495,0.383478854,-1.60040088,-0.0585060771,0.34850875,-1.82467104,-0.105535295,0.196791106,-0.976943611,0.0335433715,0.179879672,-1.39004489,-0.143381995,0.255596609,-1.23088018,-0.21957366,0.275343795,-1.00378398,-0.21775848,0.0060793347,-0.971714357,0.000663563394,0.0225366717,-1.35644268,-0.140352239,0.152895479,-1.20823431,-0.181416206,0.21867233,-1.02447865,-0.130044433,-0.105770779,-0.943754755,-0.0244438257,-0.165057165,-1.29555129,-0.121061041,-0.183087771,-1.50948752,-0.127498345,-0.202035557,-1.6757259,-0.115627484
deer_horn,0945e8accdd1,14,1.8083868003450334,-0.011111049,-0.0117197159,-0.0109332386,0.280364583,-0.160651698,-0.143322885,0.405446792,-0.580717299,-0.202042915,0.42946089,-0.951623991,-0.253741632,0.32223902,-1.21987426,-0.308436297,0.326469842,-0.933918656,0.0481512629,0.34735849,-1.34238937,0.00236062456,0.356652231,-1.59776873,-0.021368251,0.312593661,-1.83082889,-0.0773692543,0.169740007,-0.988136512,0.0801633453,0.165742067,-1.38365557,-0.0705169309,0.22955354,-1.26766065,-0.168627198,0.26393383,-1.11785469,-0.192778416,0.0338308829,-0.984023763,0.0566112313,0.0205485819,-1.36190507,-0.0740269948,0.133937796,-1.29211463,-0.123736205,0.196258898,-1.11239193,-0.101450791,-0.0840014235,-0.94532945,0.0399447116,-0.163428323,-1.27817948,-0.0185151703,-0.160090406,-1.50488804,-0.0633001787,-0.181850881,-1.65993631,-0.0879178696
deer_horn,0945e8accdd1,15,1.9412120999768376,-0.00355698316,0.00335841257,-0.0293059438,0.29295579,-0.215377381,-0.150623496,0.463469875,-0.570990912,-0.194593694,0.464103139,-0.956025504,-0.244468363,0.363823687,-1.22274781,-0.278912269,0.351433069,-0.941083032,0.0718525177,0.353413271,-1.33948138,0.0132121798,0.357101649,-1.59130747,-0.00589204967,0.340448523,-1.80649407,-0.049388524,0.18585212,-0.972567663,0.0814337876,0.15508615,-1.35876391,-0.0720359995,0.2217449,-1.27866403,-0.159285915,0.265818244,-1.0995911,-0.17098675,0.054194685,-0.976558274,0.0597951034,0.0389079457,-1.37211175,-0.0718147157,0.162995875,-1.26566642,-0.105309183,0.240771541,-1.11467065,-0.107082822,-0.0793542695,-0.944882435,0.0442692356,-0.121510917,-1.27952552,-0.0268603255,-0.149940702,-1.50438234,-0.0635657867,-0.165561333,-1.67400511,-0.0843720413
deer_horn,0945e8accdd1,16,2.0761164003051817,0.00756248164,0.00378842603,-0.0123481309,0.285758888,-0.154619874,-0.133894178,0.434086815,-0.509539214,-0.172366173,0.480268866,-0.825617255,-0.233961672,0.405490793,-1.07064509,-0.289832902,0.354014113,-0.974128239,0.0310466868,0.359013525,-1.35078753,-0.0453586114,0.410356892,-1.58143139,-0.0925384234,0.386669686,-1.81528482,-0.132528134,0.209014854,-0.967761265,0.0181066243,0.225806412,-1.37305277,-0.183761208,0.306765188,-1.21849644,-0.270254533,0.331355652,-1.01742714,-0.27948435,0.0796096397,-0.975308674,-0.00481934752,0.0910912226,-1.32005447,-0.184040809,0.246400849,-1.14919288,-0.20810866,0.281284266,-0.916958737,-0.180266515,-0.0590215383,-0.918886011,-0.0389025985,-0.0980061158,-1.26238612,-0.140500686,-0.093492185,-1.52864203,-0.157258298,-0.0857032297,-1.7131678,-0.159980711
deer_horn,0945e8accdd1,17,2.1883869003504515,-0.0111461696,-0.00229292654,-0.0159279426,0.208580598,-0.00981837918,-0.096544813,0.468656264,-0.114232884,-0.199999576,0.530006223,-0.122534179,-0.322987419,0.482803426,-0.100714917,-0.446688171,0.476737477,-0.873929103,-0.13200235,0.6007733,-1.04240448,-0.237821012,0.672756225,-1.19431293,-0.314422682,0.709274222,-1.33797947,-0.360662202,0.314544417,-0.924593967,-0.159279662,0.419222697,-0.832648398,-0.349367674,0.40703963,-0.442654798,-0.448779007,0.37734883,-0.14674138,-0.448879924,0.127567255,-0.867839301,-0.223613174,0.201859017,-0.748011648,-0.41112619,0.307458074,-0.399346836,-0.423354203,0.331516617,-0.128497067,-0.383717267,-0.0698231006,-0.721730208,-0.260726724,-0.0680053538,-0.974186197,-0.404247373,-0.0767132924,-1.21325194,-0.433071321,-0.0899810133,-1.38717002,-0.396617498
deer_horn,0945e8accdd1,18,2.378171700052917,-0.00164937775,0.0128844425,0.000617046341,0.26402958,-0.0963440431,-0.184697738,0.551239726,-0.151047117,-0.386906097,0.622343365,-0.0435873904,-0.528897446,0.58333712,0.0391969112,-0.678720584,0.416644371,-0.894580497,-0.397514752,0.556449311,-0.749590708,-0.651352689,0.630449402,-0.59583695,-0.766467476,0.657259815,-0.510943886,-0.861670874,0.15023054,-0.89355571,-0.442189114,0.356102133,-0.517276243,-0.693112591,0.462731817,-0.0661505141,-0.789330074,0.442794595,0.178892335,-0.802444532,-0.0790760239,-0.702636037,-0.47943741,0.077587971,-0.280055553,-0.777275814,0.238365005,0.109329281,-0.776198597,0.324250445,0.344782557,-0.728607707,-0.26187639,-0.433020572,-0.505475231,-0.207466347,-0.39826577,-0.780404636,-0.175401791,-0.499703223,-0.860106554,-0.148289921,-0.633403973,-0.885685634
deer_horn,0945e8accdd1,19,2.669345200061798,-0.00926533111,0.0148491879,-0.0105828105,0.26120236,-0.152681654,-0.125382477,0.421280514,-0.574159888,-0.191969206,0.420710097,-0.951677157,-0.221640529,0.351654057,-1.21527889,-0.296919828,0.297782787,-0.968806237,-0.010364178,0.293077493,-1.38645872,-0.0706674246,0.299241158,-1.60995873,-0.0899470688,0.305635701,-1.85130337,-0.113835352,0.13142756,-0.984646417,0.0273734122,0.140180074,-1.3823425,-0.145751265,0.215048887,-1.25053473,-0.246587695,0.253207518,-1.00714951,-0.244259955,-0.00233014051,-0.968755768,0.00996655366,0.0123738909,-1.34636487,-0.144264107,0.149975234,-1.24164159,-0.151104461,0.21779579,-1.05728395,-0.148094994,-0.136955351,-0.930807775,-0.0161506548,-0.176344628,-1.27609798,-0.0871917138,-0.212944448,-1.51392318,-0.109794921,-0.220170849,-1.67114362,-0.125790972
deer_horn,0945e8accdd1,20,2.8181468001566827,0.00999336332,0.00097413413,0.0079577801,0.254161203,-0.226066669,-0.130952179,0.348465019,-0.65945352,-0.169504393,0.325819937,-1.05057573,-0.211408633,0.187629549,-1.3376248,-0.267988732,0.200846456,-1.00437649,0.0843586516,0.145388852,-1.39577944,0.0281420907,0.08588245,-1.65873935,-0.0165565233,0.0583257331,-1.85732258,-0.0710362286,0.0434993859,-0.975696021,0.0895262212,-0.0249434187,-1.39675337,-0.0811499113,0.0427830738,-1.30877907,-0.162095187,0.110976231,-1.13893493,-0.194687893,-0.0986840385,-0.962393836,0.0509370549,-0.162276538,-1.33745754,-0.0655488982,-0.0475809339,-1.27299352,-0.0880053642,0.044854553,-1.09781341,-0.0860862228,-0.212884024,-0.894873281,0.0531483621,-0.321903496,-1.19789686,-0.011634327,-0.369606151,-1.46211558,-0.0274995898,-0.425971312,-1.61897748,-0.044149246
deer_horn,0945e8accdd1,21,2.956219300162047,-0.0156288435,0.00228770029,0.00967466273,0.211238288,-0.283613907,-0.102306016,0.285598355,-0.712201073,-0.156363253,0.263912536,-1.03735587,-0.19578115,0.171246258,-1.2835766,-0.233806324,0.0915871863,-1.02636495,0.00343043363,-0.0216568589,-1.40145883,-0.0771724465,-0.078567593,-1.62001588,-0.113142685,-0.137720159,-1.83581641,-0.146038876,-0.068924425,-0.992160575,-0.0174077006,-0.153963683,-1.38858422,-0.195016302,-0.0132966393,-1.30569781,-0.28233055,0.0885547181,-1.11209592,-0.261353579,-0.205347418,-0.927570724,-0.0430827262,-0.259533266,-1.32389326,-0.197060597,-0.0662667458,-1.22496268,-0.245463293,0.0521802564,-1.07748595,-0.198471998,-0.292902137,-0.837426797,-0.0786562815,-0.423011689,-1.17343888,-0.159200655,-0.463135638,-1.4442488,-0.200375235,-0.527005545,-1.610545,-0.188106042
deer_horn,0945e8accdd1,22,3.0881374003365636,0.0124875777,-0.0108656786,0.00336400939,0.191473801,-0.422973283,0.131242083,0.197892109,-0.81510774,0.120634553,0.249596479,-1.08157919,0.105931594,0.222645174,-1.36595192,0.0878090553,-0.218035735,-1.05494506,0.146185465,-0.286571153,-1.45811484,0.102764706,-0.291965235,-1.7244831,0.0904806862,-0.313385198,-1.91317922,0.0535580771,-0.283477832,-0.941457821,-0.00174907083,-0.185600486,-1.42830732,-0.137275422,0.0255321655,-1.38598385,-0.166865824,0.14973397,-1.23762726,-0.129043089,-0.320637904,-0.842785721,-0.138536128,-0.216042465,-1.30664838,-0.303456437,0.0174142856,-1.26954083,-0.271807325,0.144739755,-1.13681748,-0.182670768,-0.29892734,-0.771712193,-0.28800849,-0.374423876,-1.07850437,-0.468771684,-0.394524203,-1.35423969,-0.501503426,-0.461342031,-1.56011913,-0.516166757
deer_horn,0945e8accdd1,23,3.2184093999676406,-0.00593220185,-0.00325545012,0.00509898248,0.0948108178,-0.440173177,0.114517259,0.106305816,-0.845710335,0.123080944,0.216707034,-1.17630552,0.122865132,0.27981412,-1.46032649,0.0977343685,-0.371310788,-0.981813555,0.0640042506,-0.252905845,-1.47143291,0.0311494266,-0.133123541,-1.64548498,0.0150118033,-0.0844079094,-1.79829885,-0.0225206957,-0.323154286,-0.953199218,-0.0276384995,-0.0723529703,-1.3828739,-0.0975022613,0.0563609423,-1.47428552,-0.155394227,0.139799087,-1.53232015,-0.214558329,-0.212854728,-0.872098162,-0.127429631,-0.0354159747,-1.33310943,-0.222298765,0.0237142096,-1.50009802,-0.24685121,0.0196087482,-1.63912261,-0.282157439,-0.0370876019,-0.824795131,-0.194496931,0.00709359212,-1.23855335,-0.302683101,-0.0221170893,-1.4935706,-0.329886182,-0.036108453,-1.73829389,-0.370108117
deer_horn,0945e8accdd1,24,3.3375005000270903,0.00895605243,-0.0199746669,-0.0168232648,-0.129791333,-0.382086807,0.296931464,-0.162028819,-0.793534899,0.378512833,-0.109229875,-1.05682407,0.446731322,0.0358994364,-1.24610389,0.497002349,-0.344612445,-1.02875162,0.135489831,-0.223011062,-1.5265762,0.178871511,-0.131288371,-1.7810847,0.201545312,-0.0578917042,-2.00692928,0.204444899,-0.244247798,-0.967764957,-0.0259470341,-0.0199468628,-1.47868497,-0.00373618178,0.0854854129,-1.43540849,0.0333711572,0.125324667,-1.30660609,0.0481012018,-0.108937324,-0.889042476,-0.17732168,0.098360509,-1.37984605,-0.179516259,0.230487558,-1.44710707,-0.104000967,0.266986617,-1.46763746,-0.0859041628,0.0814004022,-0.811167773,-0.296763985,0.139143749,-1.23147481,-0.38796729,0.151618382,-1.50833488,-0.435313052,0.166800866,-1.74744539,-0.474502593
deer_horn,0945e8accdd1,25,3.450825599953532,-0.012623893,0.000294235756,0.0102878092,0.176039428,-0.245187116,-0.0632150126,0.266703368,-0.654450556,-0.127775366,0.31508861,-0.978796849,-0.206318753,0.261587552,-1.18844609,-0.237126985,-0.0217720124,-1.04475162,-0.0144976565,-0.0983649934,-1.45456201,-0.106085682,-0.101713344,-1.70594057,-0.140015895,-0.152252883,-1.91664222,-0.167592834,-0.0921639755,-1.00771316,-0.0476392834,-0.0981809327,-1.41548112,-0.251304585,0.0698025789,-1.29434151,-0.316889129,0.167793745,-1.10529503,-0.298008044,-0.199714737,-0.902688772,-0.0624110404,-0.178451308,-1.28557907,-0.283518805,0.0550476135,-1.14369243,-0.264732419,0.164239676,-0.962230211,-0.188215369,-0.27999347,-0.776103639,-0.143539578,-0.366151118,-1.15726371,-0.257189128,-0.407205261,-1.4017221,-0.260069458,-0.444360557,-1.62470226,-0.230664269
deer_horn,0945e8accdd1,26,3.569659300148487,8.28190996e-05,-0.00203781861,-0.0147111523,0.238554571,-0.167232027,-0.142994495,0.362810295,-0.467925206,-0.231306476,0.414206144,-0.786178611,-0.318253793,0.303682874,-1.00229071,-0.373505372,0.328912021,-0.958786853,-0.0690666548,0.349372307,-1.37771798,-0.148988693,0.350121744,-1.58977925,-0.220736347,0.32675455,-1.81293961,-0.229789405,0.175452545,-0.979977399,-0.0444150307,0.174893817,-1.4003647,-0.238572358,0.221258152,-1.2196002,-0.299647543,0.275330773,-1.03908244,-0.279832683,0.0343416927,-0.964336283,-0.0602588657,0.0118927052,-1.32467325,-0.233636828,0.139186252,-1.12385445,-0.229376359,0.180780979,-0.913951951,-0.181219666,-0.0989350771,-0.89991763,-0.100868022,-0.183123816,-1.22701491,-0.196056097,-0.199704027,-1.45416194,-0.190350436,-0.251576655,-1.64236331,-0.221725128
deer_horn,0945e8accdd1,27,3.7003494002856314,-0.0049340134,0.00141419473,-0.0232537137,0.226916169,-0.126737079,-0.2121895,0.354371013,-0.422599147,-0.30391555,0.330932531,-0.779833329,-0.378749764,0.269663006,-1.04032672,-0.451251483,0.406666409,-0.937701594,-0.0686897098,0.419345927,-1.32665203,-0.194129621,0.422580281,-1.57929821,-0.238902763,0.413086756,-1.8323869,-0.300354758,0.243112225,-0.969190159,-0.0354794703,0.234081457,-1.37013019,-0.243837395,0.244232707,-1.18808911,-0.340538377,0.26820483,-1.01810705,-0.337119013,0.076833467,-0.949987857,-0.0155514747,0.0570697605,-1.3235443,-0.206389562,0.1039165,-1.13495492,-0.248265655,0.14787901,-0.94342996,-0.219358519,-0.0689860404,-0.932047691,-0.0135214557,-0.0940690555,-1.24689883,-0.103360247,-0.132593572,-1.49316738,-0.186968173,-0.139167018,-1.69090881,-0.19668814
deer_horn,0945e8accdd1,28,3.8175548003055155,-0.0105188727,-0.00144284379,-0.0121671842,0.220887882,-0.139685615,-0.192703473,0.3432789,-0.379498538,-0.35008378,0.341134679,-0.65115529,-0.434701162,0.214268775,-0.910531697,-0.533922488,0.440008253,-0.891752342,-0.168269559,0.442433387,-1.31049262,-0.292391528,0.479701109,-1.54560257,-0.403245059,0.466315423,-1.78073399,-0.465404632,0.252909115,-0.955593757,-0.135659228,0.243470091,-1.35322899,-0.334732428,0.244141196,-1.14157288,-0.426858729,0.253861868,-0.936933722,-0.447104325,0.0839690381,-0.96011648,-0.138433521,0.0951003634,-1.31996444,-0.297359439,0.100803917,-1.12423373,-0.343703203,0.103619742,-0.899330497,-0.29244304,-0.0682155971,-0.913594481,-0.116615782,-0.0965677273,-1.27672361,-0.2518749,-0.122912516,-1.48858297,-0.264816585,-0.150401205,-1.69753433,-0.275865589
deer_horn,0945e8accdd1,29,3.9315995001234114,0.0155881625,-0.00876109924,-0.00226454585,0.233193379,-0.117989074,-0.212306468,0.362373714,-0.366466295,-0.302798139,0.337019219,-0.662761727,-0.378637639,0.258124615,-0.911874358,-0.467236992,0.437975259,-0.913040372,-0.150260408,0.443216108,-1.30773465,-0.279582088,0.469722193,-1.56263442,-0.356144816,0.47281323,-1.80665675,-0.395128931,0.261586264,-0.967588139,-0.10728613,0.268643593,-1.35007038,-0.329340657,0.270524231,-1.14256426,-0.381020822,0.289550827,-0.919627505,-0.394309891,0.0878015284,-0.958379422,-0.101160072,0.0905235747,-1.31268678,-0.292202324,0.111086958,-1.09597035,-0.306724959,0.120654444,-0.862443688,-0.224038005,-0.044629897,-0.943739576,-0.100436185,-0.0857386453,-1.27325618,-0.221703005,-0.148721907,-1.49149591,-0.26647727,-0.142039988,-1.72053661,-0.247846127
deer_horn,0945e8accdd1,30,4.06302750017494,0.0102451268,-0.00783179862,-0.0113692258,0.220120556,-0.122349584,-0.116623015,0.404012091,-0.447544132,-0.171558649,0.516503838,-0.721261311,-0.221724431,0.527667644,-0.938181207,-0.277908022,0.308002996,-0.964974058,-0.0534173721,0.350516737,-1.40426816,-0.172248781,0.409840537,-1.66750428,-0.238481609,0.43316103,-1.93584525,-0.237117849,0.192974708,-0.98338037,-0.090860475,0.212549619,-1.43600749,-0.332346497,0.378529923,-1.22042302,-0.393575683,0.422965498,-0.96412694,-0.341144176,0.0461628956,-0.95915439,-0.118870178,0.106571934,-1.27610988,-0.343311819,0.300998895,-1.04870224,-0.339605763,0.351443007,-0.83233567,-0.257751702,-0.096935619,-0.879692855,-0.185200721,-0.159715989,-1.27099187,-0.290015319,-0.175208652,-1.51456283,-0.277517503,-0.191020352,-1.73341915,-0.289924006
