sequence_id,label,frame_index,frame_id,landmark_id,finger_group,corruption_type,severity,duration,random_seed,condition_id,displacement
065ced8f3f3c,deer_horn,116,116,10,middle,spike,fixed,2,46,spike_fixed_2f_mixed,0.75
065ced8f3f3c,deer_horn,116,116,11,middle,spike,fixed,2,46,spike_fixed_2f_mixed,0.75
065ced8f3f3c,deer_horn,116,116,12,middle,spike,fixed,2,46,spike_fixed_2f_mixed,0.75
065ced8f3f3c,deer_horn,117,117,10,middle,spike,fixed,2,46,spike_fixed_2f_mixed,0.75
065ced8f3f3c,deer_horn,117,117,11,middle,spike,fixed,2,46,spike_fixed_2f_mixed,0.75
065ced8f3f3c,deer_horn,117,117,12,middle,spike,fixed,2,46,spike_fixed_2f_mixed,0.75
0811126d80b5,deer_horn,22,22,2,thumb,spike,fixed,1,45,spike_fixed_1f_mixed,0.75
0811126d80b5,deer_horn,22,22,3,thumb,spike,fixed,1,45,spike_fixed_1f_mixed,0.75
0811126d80b5,deer_horn,22,22,4,thumb,spike,fixed,1,45,spike_fixed_1f_mixed,0.75
088859eb0563,deer_horn,0,0,0,all,gaussian,medium,0,43,gaussian_medium,0.0278599477
088859eb0563,deer_horn,0,0,1,all,gaussian,medium,0,43,gaussian_medium,0.0718570927
088859eb0563,deer_horn,0,0,2,all,gaussian,medium,0,43,gaussian_medium,0.0243096977
088859eb0563,deer_horn,0,0,3,all,gaussian,medium,0,43,gaussian_medium,0.0465605973
088859eb0563,deer_horn,0,0,4,all,gaussian,medium,0,43,gaussian_medium,0.0310904184
088859eb0563,deer_horn,0,0,5,all,gaussian,medium,0,43,gaussian_medium,0.0255128501
088859eb0563,deer_horn,0,0,6,all,gaussian,medium,0,43,gaussian_medium,0.0485374603
088859eb0563,deer_horn,0,0,7,all,gaussian,medium,0,43,gaussian_medium,0.0529832838
088859eb0563,deer_horn,0,0,8,all,gaussian,medium,0,43,gaussian_medium,0.0693980349
088859eb0563,deer_horn,0,0,9,all,gaussian,medium,0,43,gaussian_medium,0.0615548599
088859eb0563,deer_horn,0,0,10,all,gaussian,medium,0,43,gaussian_medium,0.0406827956
088859eb0563,deer_horn,0,0,11,all,gaussian,medium,0,43,gaussian_medium,0.0847384722
088859eb0563,deer_horn,0,0,12,all,gaussian,medium,0,43,gaussian_medium,0.0552746374
088859eb0563,deer_horn,0,0,13,all,gaussian,medium,0,43,gaussian_medium,0.0295269266
088859eb0563,deer_horn,0,0,14,all,gaussian,medium,0,43,gaussian_medium,0.0517847708
088859eb0563,deer_horn,0,0,15,all,gaussian,medium,0,43,gaussian_medium,0.0446721196
088859eb0563,deer_horn,0,0,16,all,gaussian,medium,0,43,gaussian_medium,0.0300385411
088859eb0563,deer_horn,0,0,17,all,gaussian,medium,0,43,gaussian_medium,0.028525732
088859eb0563,deer_horn,0,0,18,all,gaussian,medium,0,43,gaussian_medium,0.0461668574
088859eb0563,deer_horn,0,0,19,all,gaussian,medium,0,43,gaussian_medium,0.039358504
088859eb0563,deer_horn,0,0,20,all,gaussian,medium,0,43,gaussian_medium,0.0532694523
088859eb0563,deer_horn,1,1,0,all,gaussian,medium,0,43,gaussian_medium,0.0267822028
088859eb0563,deer_horn,1,1,1,all,gaussian,medium,0,43,gaussian_medium,0.0322395888
088859eb0563,deer_horn,1,1,2,all,gaussian,medium,0,43,gaussian_medium,0.0748856941
088859eb0563,deer_horn,1,1,3,all,gaussian,medium,0,43,gaussian_medium,0.048768136
088859eb0563,deer_horn,1,1,4,all,gaussian,medium,0,43,gaussian_medium,0.0413267133
088859eb0563,deer_horn,1,1,5,all,gaussian,medium,0,43,gaussian_medium,0.110282757
088859eb0563,deer_horn,1,1,6,all,gaussian,medium,0,43,gaussian_medium,0.0305092493
088859eb0563,deer_horn,1,1,7,all,gaussian,medium,0,43,gaussian_medium,0.0559173962
088859eb0563,deer_horn,1,1,8,all,gaussian,medium,0,43,gaussian_medium,0.0890599401
088859eb0563,deer_horn,1,1,9,all,gaussian,medium,0,43,gaussian_medium,0.0747118587
088859eb0563,deer_horn,1,1,10,all,gaussian,medium,0,43,gaussian_medium,0.0385947886
088859eb0563,deer_horn,1,1,11,all,gaussian,medium,0,43,gaussian_medium,0.0724390233
088859eb0563,deer_horn,1,1,12,all,gaussian,medium,0,43,gaussian_medium,0.0395735295
088859eb0563,deer_horn,1,1,13,all,gaussian,medium,0,43,gaussian_medium,0.0454703865
088859eb0563,deer_horn,1,1,14,all,gaussian,medium,0,43,gaussian_medium,0.0473028687
088859eb0563,deer_horn,1,1,15,all,gaussian,medium,0,43,gaussian_medium,0.054539691
088859eb0563,deer_horn,1,1,16,all,gaussian,medium,0,43,gaussian_medium,0.061136021
088859eb0563,deer_horn,1,1,17,all,gaussian,medium,0,43,gaussian_medium,0.033585444
088859eb0563,deer_horn,1,1,18,all,gaussian,medium,0,43,gaussian_medium,0.0656886994
088859eb0563,deer_horn,1,1,19,all,gaussian,medium,0,43,gaussian_medium,0.0585158471
088859eb0563,deer_horn,1,1,20,all,gaussian,medium,0,43,gaussian_medium,0.0351468403
088859eb0563,deer_horn,2,2,0,all,gaussian,medium,0,43,gaussian_medium,0.0744621664
088859eb0563,deer_horn,2,2,1,all,gaussian,medium,0,43,gaussian_medium,0.0611343361
088859eb0563,deer_horn,2,2,2,all,gaussian,medium,0,43,gaussian_medium,0.0230000899
088859eb0563,deer_horn,2,2,3,all,gaussian,medium,0,43,gaussian_medium,0.050765617
088859eb0563,deer_horn,2,2,4,all,gaussian,medium,0,43,gaussian_medium,0.0182144293
088859eb0563,deer_horn,2,2,5,all,gaussian,medium,0,43,gaussian_medium,0.0561143051
088859eb0563,deer_horn,2,2,6,all,gaussian,medium,0,43,gaussian_medium,0.0577146927
088859eb0563,deer_horn,2,2,7,all,gaussian,medium,0,43,gaussian_medium,0.0460012427
088859eb0563,deer_horn,2,2,8,all,gaussian,medium,0,43,gaussian_medium,0.0460015166
088859eb0563,deer_horn,2,2,9,all,gaussian,medium,0,43,gaussian_medium,0.0462981317
088859eb0563,deer_horn,2,2,10,all,gaussian,medium,0,43,gaussian_medium,0.0664233087
088859eb0563,deer_horn,2,2,11,all,gaussian,medium,0,43,gaussian_medium,0.0962344762
088859eb0563,deer_horn,2,2,12,all,gaussian,medium,0,43,gaussian_medium,0.0495749001
088859eb0563,deer_horn,2,2,13,all,gaussian,medium,0,43,gaussian_medium,0.0452262956
088859eb0563,deer_horn,2,2,14,all,gaussian,medium,0,43,gaussian_medium,0.0772323261
088859eb0563,deer_horn,2,2,15,all,gaussian,medium,0,43,gaussian_medium,0.0923708014
088859eb0563,deer_horn,2,2,16,all,gaussian,medium,0,43,gaussian_medium,0.0548703426
088859eb0563,deer_horn,2,2,17,all,gaussian,medium,0,43,gaussian_medium,0.0225913716
088859eb0563,deer_horn,2,2,18,all,gaussian,medium,0,43,gaussian_medium,0.0178989125
088859eb0563,deer_horn,2,2,19,all,gaussian,medium,0,43,gaussian_medium,0.0181810361
088859eb0563,deer_horn,2,2,20,all,gaussian,medium,0,43,gaussian_medium,0.0512416389
088859eb0563,deer_horn,3,3,0,all,gaussian,medium,0,43,gaussian_medium,0.0677658097
088859eb0563,deer_horn,3,3,1,all,gaussian,medium,0,43,gaussian_medium,0.0306502348
088859eb0563,deer_horn,3,3,2,all,gaussian,medium,0,43,gaussian_medium,0.0507902874
088859eb0563,deer_horn,3,3,3,all,gaussian,medium,0,43,gaussian_medium,0.0442727381
088859eb0563,deer_horn,3,3,4,all,gaussian,medium,0,43,gaussian_medium,0.0825203927
088859eb0563,deer_horn,3,3,5,all,gaussian,medium,0,43,gaussian_medium,0.0383643609
088859eb0563,deer_horn,3,3,6,all,gaussian,medium,0,43,gaussian_medium,0.0331093256
088859eb0563,deer_horn,3,3,7,all,gaussian,medium,0,43,gaussian_medium,0.0395285376
088859eb0563,deer_horn,3,3,8,all,gaussian,medium,0,43,gaussian_medium,0.0426281306
088859eb0563,deer_horn,3,3,9,all,gaussian,medium,0,43,gaussian_medium,0.0400445418
088859eb0563,deer_horn,3,3,10,all,gaussian,medium,0,43,gaussian_medium,0.0681856704
088859eb0563,deer_horn,3,3,11,all,gaussian,medium,0,43,gaussian_medium,0.0827785917
088859eb0563,deer_horn,3,3,12,all,gaussian,medium,0,43,gaussian_medium,0.0793539518
088859eb0563,deer_horn,3,3,13,all,gaussian,medium,0,43,gaussian_medium,0.0421008804
088859eb0563,deer_horn,3,3,14,all,gaussian,medium,0,43,gaussian_medium,0.0257290208
088859eb0563,deer_horn,3,3,15,all,gaussian,medium,0,43,gaussian_medium,0.0387202596
088859eb0563,deer_horn,3,3,16,all,gaussian,medium,0,43,gaussian_medium,0.0802027793
088859eb0563,deer_horn,3,3,17,all,gaussian,medium,0,43,gaussian_medium,0.0602254574
088859eb0563,deer_horn,3,3,18,all,gaussian,medium,0,43,gaussian_medium,0.0340089437
088859eb0563,deer_horn,3,3,19,all,gaussian,medium,0,43,gaussian_medium,0.0256207264
088859eb0563,deer_horn,3,3,20,all,gaussian,medium,0,43,gaussian_medium,0.0513323602
088859eb0563,deer_horn,4,4,0,all,gaussian,medium,0,43,gaussian_medium,0.0389514675
088859eb0563,deer_horn,4,4,1,all,gaussian,medium,0,43,gaussian_medium,0.0766985835
088859eb0563,deer_horn,4,4,2,all,gaussian,medium,0,43,gaussian_medium,0.0403212701
088859eb0563,deer_horn,4,4,3,all,gaussian,medium,0,43,gaussian_medium,0.02700584
088859eb0563,deer_horn,4,4,4,all,gaussian,medium,0,43,gaussian_medium,0.0529857308
088859eb0563,deer_horn,4,4,5,all,gaussian,medium,0,43,gaussian_medium,0.0332306304
088859eb0563,deer_horn,4,4,6,all,gaussian,medium,0,43,gaussian_medium,0.0237020936
088859eb0563,deer_horn,4,4,7,all,gaussian,medium,0,43,gaussian_medium,0.0242408943
088859eb0563,deer_horn,4,4,8,all,gaussian,medium,0,43,gaussian_medium,0.0240117752
088859eb0563,deer_horn,4,4,9,all,gaussian,medium,0,43,gaussian_medium,0.0632931034
088859eb0563,deer_horn,4,4,10,all,gaussian,medium,0,43,gaussian_medium,0.0668909532
088859eb0563,deer_horn,4,4,11,all,gaussian,medium,0,43,gaussian_medium,0.0240319721
088859eb0563,deer_horn,4,4,12,all,gaussian,medium,0,43,gaussian_medium,0.0315354003
088859eb0563,deer_horn,4,4,13,all,gaussian,medium,0,43,gaussian_medium,0.0415065911
088859eb0563,deer_horn,4,4,14,all,gaussian,medium,0,43,gaussian_medium,0.0305003549
088859eb0563,deer_horn,4,4,15,all,gaussian,medium,0,43,gaussian_medium,0.0461771915
088859eb0563,deer_horn,4,4,16,all,gaussian,medium,0,43,gaussian_medium,0.0500773806
088859eb0563,deer_horn,4,4,17,all,gaussian,medium,0,43,gaussian_medium,0.0406827152
088859eb0563,deer_horn,4,4,18,all,gaussian,medium,0,43,gaussian_medium,0.0476986299
088859eb0563,deer_horn,4,4,19,all,gaussian,medium,0,43,gaussian_medium,0.0466741587
088859eb0563,deer_horn,4,4,20,all,gaussian,medium,0,43,gaussian_medium,0.0236912588
088859eb0563,deer_horn,5,5,0,all,gaussian,medium,0,43,gaussian_medium,0.06079135
088859eb0563,deer_horn,5,5,1,all,gaussian,medium,0,43,gaussian_medium,0.0488679225
088859eb0563,deer_horn,5,5,2,all,gaussian,medium,0,43,gaussian_medium,0.0389882
088859eb0563,deer_horn,5,5,3,all,gaussian,medium,0,43,gaussian_medium,0.0479115844
088859eb0563,deer_horn,5,5,4,all,gaussian,medium,0,43,gaussian_medium,0.0487996462
088859eb0563,deer_horn,5,5,5,all,gaussian,medium,0,43,gaussian_medium,0.0422899639
088859eb0563,deer_horn,5,5,6,all,gaussian,medium,0,43,gaussian_medium,0.0334416936
088859eb0563,deer_horn,5,5,7,all,gaussian,medium,0,43,gaussian_medium,0.0207495864
088859eb0563,deer_horn,5,5,8,all,gaussian,medium,0,43,gaussian_medium,0.0444855338
088859eb0563,deer_horn,5,5,9,all,gaussian,medium,0,43,gaussian_medium,0.0789086824
088859eb0563,deer_horn,5,5,10,all,gaussian,medium,0,43,gaussian_medium,0.0414435274
088859eb0563,deer_horn,5,5,11,all,gaussian,medium,0,43,gaussian_medium,0.041653849
088859eb0563,deer_horn,5,5,12,all,gaussian,medium,0,43,gaussian_medium,0.0325281458
088859eb0563,deer_horn,5,5,13,all,gaussian,medium,0,43,gaussian_medium,0.0474045329
088859eb0563,deer_horn,5,5,14,all,gaussian,medium,0,43,gaussian_medium,0.0470698959
088859eb0563,deer_horn,5,5,15,all,gaussian,medium,0,43,gaussian_medium,0.0287871889
088859eb0563,deer_horn,5,5,16,all,gaussian,medium,0,43,gaussian_medium,0.0227834752
088859eb0563,deer_horn,5,5,17,all,gaussian,medium,0,43,gaussian_medium,0.0635181627
088859eb0563,deer_horn,5,5,18,all,gaussian,medium,0,43,gaussian_medium,0.0269969596
088859eb0563,deer_horn,5,5,19,all,gaussian,medium,0,43,gaussian_medium,0.0726040854
088859eb0563,deer_horn,5,5,20,all,gaussian,medium,0,43,gaussian_medium,0.0456045378
088859eb0563,deer_horn,6,6,0,all,gaussian,medium,0,43,gaussian_medium,0.0467098073
088859eb0563,deer_horn,6,6,1,all,gaussian,medium,0,43,gaussian_medium,0.0441934154
088859eb0563,deer_horn,6,6,2,all,gaussian,medium,0,43,gaussian_medium,0.058293606
088859eb0563,deer_horn,6,6,3,all,gaussian,medium,0,43,gaussian_medium,0.0487284827
088859eb0563,deer_horn,6,6,4,all,gaussian,medium,0,43,gaussian_medium,0.0493158687
088859eb0563,deer_horn,6,6,5,all,gaussian,medium,0,43,gaussian_medium,0.0598682398
088859eb0563,deer_horn,6,6,6,all,gaussian,medium,0,43,gaussian_medium,0.0431021443
088859eb0563,deer_horn,6,6,7,all,gaussian,medium,0,43,gaussian_medium,0.0590360158
088859eb0563,deer_horn,6,6,8,all,gaussian,medium,0,43,gaussian_medium,0.0690222702
088859eb0563,deer_horn,6,6,9,all,gaussian,medium,0,43,gaussian_medium,0.0511856412
088859eb0563,deer_horn,6,6,10,all,gaussian,medium,0,43,gaussian_medium,0.0398210331
088859eb0563,deer_horn,6,6,11,all,gaussian,medium,0,43,gaussian_medium,0.00656119005
088859eb0563,deer_horn,6,6,12,all,gaussian,medium,0,43,gaussian_medium,0.0519235114
088859eb0563,deer_horn,6,6,13,all,gaussian,medium,0,43,gaussian_medium,0.068180632
088859eb0563,deer_horn,6,6,14,all,gaussian,medium,0,43,gaussian_medium,0.0776245105
088859eb0563,deer_horn,6,6,15,all,gaussian,medium,0,43,gaussian_medium,0.0459655617
088859eb0563,deer_horn,6,6,16,all,gaussian,medium,0,43,gaussian_medium,0.039066443
088859eb0563,deer_horn,6,6,17,all,gaussian,medium,0,43,gaussian_medium,0.0699231448
088859eb0563,deer_horn,6,6,18,all,gaussian,medium,0,43,gaussian_medium,0.0399825561
088859eb0563,deer_horn,6,6,19,all,gaussian,medium,0,43,gaussian_medium,0.0654068493
088859eb0563,deer_horn,6,6,20,all,gaussian,medium,0,43,gaussian_medium,0.0511993416
088859eb0563,deer_horn,7,7,0,all,gaussian,medium,0,43,gaussian_medium,0.0433104035
088859eb0563,deer_horn,7,7,1,all,gaussian,medium,0,43,gaussian_medium,0.0550570831
088859eb0563,deer_horn,7,7,2,all,gaussian,medium,0,43,gaussian_medium,0.0423527895
088859eb0563,deer_horn,7,7,3,all,gaussian,medium,0,43,gaussian_medium,0.069243371
088859eb0563,deer_horn,7,7,4,all,gaussian,medium,0,43,gaussian_medium,0.0386574029
088859eb0563,deer_horn,7,7,5,all,gaussian,medium,0,43,gaussian_medium,0.0146607992
088859eb0563,deer_horn,7,7,6,all,gaussian,medium,0,43,gaussian_medium,0.0804100265
088859eb0563,deer_horn,7,7,7,all,gaussian,medium,0,43,gaussian_medium,0.0842022616
088859eb0563,deer_horn,7,7,8,all,gaussian,medium,0,43,gaussian_medium,0.0351969122
088859eb0563,deer_horn,7,7,9,all,gaussian,medium,0,43,gaussian_medium,0.0287624444
088859eb0563,deer_horn,7,7,10,all,gaussian,medium,0,43,gaussian_medium,0.0402227301
088859eb0563,deer_horn,7,7,11,all,gaussian,medium,0,43,gaussian_medium,0.0704110588
088859eb0563,deer_horn,7,7,12,all,gaussian,medium,0,43,gaussian_medium,0.0430449779
088859eb0563,deer_horn,7,7,13,all,gaussian,medium,0,43,gaussian_medium,0.0205796948
088859eb0563,deer_horn,7,7,14,all,gaussian,medium,0,43,gaussian_medium,0.0453364544
088859eb0563,deer_horn,7,7,15,all,gaussian,medium,0,43,gaussian_medium,0.0153730252
088859eb0563,deer_horn,7,7,16,all,gaussian,medium,0,43,gaussian_medium,0.056385377
088859eb0563,deer_horn,7,7,17,all,gaussian,medium,0,43,gaussian_medium,0.0389333629
088859eb0563,deer_horn,7,7,18,all,gaussian,medium,0,43,gaussian_medium,0.0216995859
088859eb0563,deer_horn,7,7,19,all,gaussian,medium,0,43,gaussian_medium,0.0306136336
088859eb0563,deer_horn,7,7,20,all,gaussian,medium,0,43,gaussian_medium,0.0599939839
088859eb0563,deer_horn,8,8,0,all,gaussian,medium,0,43,gaussian_medium,0.0506698256
088859eb0563,deer_horn,8,8,1,all,gaussian,medium,0,43,gaussian_medium,0.0371327156
088859eb0563,deer_horn,8,8,2,all,gaussian,medium,0,43,gaussian_medium,0.0435765769
088859eb0563,deer_horn,8,8,3,all,gaussian,medium,0,43,gaussian_medium,0.01200145
088859eb0563,deer_horn,8,8,4,all,gaussian,medium,0,43,gaussian_medium,0.0700541744
088859eb0563,deer_horn,8,8,5,all,gaussian,medium,0,43,gaussian_medium,0.0351178991
088859eb0563,deer_horn,8,8,6,all,gaussian,medium,0,43,gaussian_medium,0.0297611254
088859eb0563,deer_horn,8,8,7,all,gaussian,medium,0,43,gaussian_medium,0.0279238971
088859eb0563,deer_horn,8,8,8,all,gaussian,medium,0,43,gaussian_medium,0.0207623515
088859eb0563,deer_horn,8,8,9,all,gaussian,medium,0,43,gaussian_medium,0.0545540346
088859eb0563,deer_horn,8,8,10,all,gaussian,medium,0,43,gaussian_medium,0.0684649767
088859eb0563,deer_horn,8,8,11,all,gaussian,medium,0,43,gaussian_medium,0.0559775919
088859eb0563,deer_horn,8,8,12,all,gaussian,medium,0,43,gaussian_medium,0.0760642509
088859eb0563,deer_horn,8,8,13,all,gaussian,medium,0,43,gaussian_medium,0.0370735407
088859eb0563,deer_horn,8,8,14,all,gaussian,medium,0,43,gaussian_medium,0.0381430638
088859eb0563,deer_horn,8,8,15,all,gaussian,medium,0,43,gaussian_medium,0.0183208287
088859eb0563,deer_horn,8,8,16,all,gaussian,medium,0,43,gaussian_medium,0.116897487
088859eb0563,deer_horn,8,8,17,all,gaussian,medium,0,43,gaussian_medium,0.0270696403
088859eb0563,deer_horn,8,8,18,all,gaussian,medium,0,43,gaussian_medium,0.053428109
088859eb0563,deer_horn,8,8,19,all,gaussian,medium,0,43,gaussian_medium,0.0417557354
088859eb0563,deer_horn,8,8,20,all,gaussian,medium,0,43,gaussian_medium,0.069918513
088859eb0563,deer_horn,9,9,0,all,gaussian,medium,0,43,gaussian_medium,0.0251798762
088859eb0563,deer_horn,9,9,1,all,gaussian,medium,0,43,gaussian_medium,0.0590250115
088859eb0563,deer_horn,9,9,2,all,gaussian,medium,0,43,gaussian_medium,0.0332015762
088859eb0563,deer_horn,9,9,3,all,gaussian,medium,0,43,gaussian_medium,0.0304394779
088859eb0563,deer_horn,9,9,4,all,gaussian,medium,0,43,gaussian_medium,0.0849248434
088859eb0563,deer_horn,9,9,5,all,gaussian,medium,0,43,gaussian_medium,0.0178195024
088859eb0563,deer_horn,9,9,6,all,gaussian,medium,0,43,gaussian_medium,0.0656937352
088859eb0563,deer_horn,9,9,7,all,gaussian,medium,0,43,gaussian_medium,0.0292686942
088859eb0563,deer_horn,9,9,8,all,gaussian,medium,0,43,gaussian_medium,0.056898436
088859eb0563,deer_horn,9,9,9,all,gaussian,medium,0,43,gaussian_medium,0.034375813
088859eb0563,deer_horn,9,9,10,all,gaussian,medium,0,43,gaussian_medium,0.0594071399
088859eb0563,deer_horn,9,9,11,all,gaussian,medium,0,43,gaussian_medium,0.0425995635
088859eb0563,deer_horn,9,9,12,all,gaussian,medium,0,43,gaussian_medium,0.0694941553
088859eb0563,deer_horn,9,9,13,all,gaussian,medium,0,43,gaussian_medium,0.042353187
088859eb0563,deer_horn,9,9,14,all,gaussian,medium,0,43,gaussian_medium,0.0716351027
088859eb0563,deer_horn,9,9,15,all,gaussian,medium,0,43,gaussian_medium,0.0377788682
088859eb0563,deer_horn,9,9,16,all,gaussian,medium,0,43,gaussian_medium,0.0246762154
088859eb0563,deer_horn,9,9,17,all,gaussian,medium,0,43,gaussian_medium,0.0331044265
088859eb0563,deer_horn,9,9,18,all,gaussian,medium,0,43,gaussian_medium,0.0682695299
088859eb0563,deer_horn,9,9,19,all,gaussian,medium,0,43,gaussian_medium,0.030932536
088859eb0563,deer_horn,9,9,20,all,gaussian,medium,0,43,gaussian_medium,0.023739785
088859eb0563,deer_horn,10,10,0,all,gaussian,medium,0,43,gaussian_medium,0.0383122117
088859eb0563,deer_horn,10,10,1,all,gaussian,medium,0,43,gaussian_medium,0.044680366
088859eb0563,deer_horn,10,10,2,all,gaussian,medium,0,43,gaussian_medium,0.0339179138
088859eb0563,deer_horn,10,10,3,all,gaussian,medium,0,43,gaussian_medium,0.0867475875
088859eb0563,deer_horn,10,10,4,all,gaussian,medium,0,43,gaussian_medium,0.0998793612
088859eb0563,deer_horn,10,10,5,all,gaussian,medium,0,43,gaussian_medium,0.0312168873
088859eb0563,deer_horn,10,10,6,all,gaussian,medium,0,43,gaussian_medium,0.0863328263
088859eb0563,deer_horn,10,10,7,all,gaussian,medium,0,43,gaussian_medium,0.0605882209
088859eb0563,deer_horn,10,10,8,all,gaussian,medium,0,43,gaussian_medium,0.0691626516
088859eb0563,deer_horn,10,10,9,all,gaussian,medium,0,43,gaussian_medium,0.0537573851
088859eb0563,deer_horn,10,10,10,all,gaussian,medium,0,43,gaussian_medium,0.0661117918
088859eb0563,deer_horn,10,10,11,all,gaussian,medium,0,43,gaussian_medium,0.0948389811
088859eb0563,deer_horn,10,10,12,all,gaussian,medium,0,43,gaussian_medium,0.0163116464
088859eb0563,deer_horn,10,10,13,all,gaussian,medium,0,43,gaussian_medium,0.0638839344
088859eb0563,deer_horn,10,10,14,all,gaussian,medium,0,43,gaussian_medium,0.0240216206
088859eb0563,deer_horn,10,10,15,all,gaussian,medium,0,43,gaussian_medium,0.0880239008
088859eb0563,deer_horn,10,10,16,all,gaussian,medium,0,43,gaussian_medium,0.0450693552
088859eb0563,deer_horn,10,10,17,all,gaussian,medium,0,43,gaussian_medium,0.0442459167
088859eb0563,deer_horn,10,10,18,all,gaussian,medium,0,43,gaussian_medium,0.0348301435
088859eb0563,deer_horn,10,10,19,all,gaussian,medium,0,43,gaussian_medium,0.0535147994
088859eb0563,deer_horn,10,10,20,all,gaussian,medium,0,43,gaussian_medium,0.0406147949
088859eb0563,deer_horn,11,11,0,all,gaussian,medium,0,43,gaussian_medium,0.0299217143
088859eb0563,deer_horn,11,11,1,all,gaussian,medium,0,43,gaussian_medium,0.0705480376
088859eb0563,deer_horn,11,11,2,all,gaussian,medium,0,43,gaussian_medium,0.0499425589
088859eb0563,deer_horn,11,11,3,all,gaussian,medium,0,43,gaussian_medium,0.0853238172
088859eb0563,deer_horn,11,11,4,all,gaussian,medium,0,43,gaussian_medium,0.0547476121
088859eb0563,deer_horn,11,11,5,all,gaussian,medium,0,43,gaussian_medium,0.0581484224
088859eb0563,deer_horn,11,11,6,all,gaussian,medium,0,43,gaussian_medium,0.025112839
088859eb0563,deer_horn,11,11,7,all,gaussian,medium,0,43,gaussian_medium,0.0478290787
088859eb0563,deer_horn,11,11,8,all,gaussian,medium,0,43,gaussian_medium,0.0361184156
088859eb0563,deer_horn,11,11,9,all,gaussian,medium,0,43,gaussian_medium,0.085438759
088859eb0563,deer_horn,11,11,10,all,gaussian,medium,0,43,gaussian_medium,0.039730981
088859eb0563,deer_horn,11,11,11,all,gaussian,medium,0,43,gaussian_medium,0.0641132759
088859eb0563,deer_horn,11,11,12,all,gaussian,medium,0,43,gaussian_medium,0.0189027041
088859eb0563,deer_horn,11,11,13,all,gaussian,medium,0,43,gaussian_medium,0.0798084241
088859eb0563,deer_horn,11,11,14,all,gaussian,medium,0,43,gaussian_medium,0.0342859202
088859eb0563,deer_horn,11,11,15,all,gaussian,medium,0,43,gaussian_medium,0.0406396631
088859eb0563,deer_horn,11,11,16,all,gaussian,medium,0,43,gaussian_medium,0.0489286106
088859eb0563,deer_horn,11,11,17,all,gaussian,medium,0,43,gaussian_medium,0.0637952212
088859eb0563,deer_horn,11,11,18,all,gaussian,medium,0,43,gaussian_medium,0.0707429698
088859eb0563,deer_horn,11,11,19,all,gaussian,medium,0,43,gaussian_medium,0.0168847221
088859eb0563,deer_horn,11,11,20,all,gaussian,medium,0,43,gaussian_medium,0.0648869148
088859eb0563,deer_horn,12,12,0,all,gaussian,medium,0,43,gaussian_medium,0.0990882773
088859eb0563,deer_horn,12,12,1,all,gaussian,medium,0,43,gaussian_medium,0.0278696086
088859eb0563,deer_horn,12,12,2,all,gaussian,medium,0,43,gaussian_medium,0.0475255411
088859eb0563,deer_horn,12,12,3,all,gaussian,medium,0,43,gaussian_medium,0.10890193
088859eb0563,deer_horn,12,12,4,all,gaussian,medium,0,43,gaussian_medium,0.031474739
088859eb0563,deer_horn,12,12,5,all,gaussian,medium,0,43,gaussian_medium,0.0112843619
088859eb0563,deer_horn,12,12,6,all,gaussian,medium,0,43,gaussian_medium,0.054404831
088859eb0563,deer_horn,12,12,7,all,gaussian,medium,0,43,gaussian_medium,0.0589053442
088859eb0563,deer_horn,12,12,8,all,gaussian,medium,0,43,gaussian_medium,0.0693961525
088859eb0563,deer_horn,12,12,9,all,gaussian,medium,0,43,gaussian_medium,0.0410605609
088859eb0563,deer_horn,12,12,10,all,gaussian,medium,0,43,gaussian_medium,0.0566039773
088859eb0563,deer_horn,12,12,11,all,gaussian,medium,0,43,gaussian_medium,0.0621491416
088859eb0563,deer_horn,12,12,12,all,gaussian,medium,0,43,gaussian_medium,0.0531513311
088859eb0563,deer_horn,12,12,13,all,gaussian,medium,0,43,gaussian_medium,0.0260665567
088859eb0563,deer_horn,12,12,14,all,gaussian,medium,0,43,gaussian_medium,0.0382867722
088859eb0563,deer_horn,12,12,15,all,gaussian,medium,0,43,gaussian_medium,0.0260150041
088859eb0563,deer_horn,12,12,16,all,gaussian,medium,0,43,gaussian_medium,0.0435831322
088859eb0563,deer_horn,12,12,17,all,gaussian,medium,0,43,gaussian_medium,0.0762984887
088859eb0563,deer_horn,12,12,18,all,gaussian,medium,0,43,gaussian_medium,0.0298729759
088859eb0563,deer_horn,12,12,19,all,gaussian,medium,0,43,gaussian_medium,0.0175673864
088859eb0563,deer_horn,12,12,20,all,gaussian,medium,0,43,gaussian_medium,0.0433502341
088859eb0563,deer_horn,13,13,0,all,gaussian,medium,0,43,gaussian_medium,0.0374852398
088859eb0563,deer_horn,13,13,1,all,gaussian,medium,0,43,gaussian_medium,0.064148689
088859eb0563,deer_horn,13,13,2,all,gaussian,medium,0,43,gaussian_medium,0.047738896
088859eb0563,deer_horn,13,13,3,all,gaussian,medium,0,43,gaussian_medium,0.0259216121
088859eb0563,deer_horn,13,13,4,all,gaussian,medium,0,43,gaussian_medium,0.0287494969
088859eb0563,deer_horn,13,13,5,all,gaussian,medium,0,43,gaussian_medium,0.031027848
088859eb0563,deer_horn,13,13,6,all,gaussian,medium,0,43,gaussian_medium,0.0498269198
088859eb0563,deer_horn,13,13,7,all,gaussian,medium,0,43,gaussian_medium,0.0438510182
088859eb0563,deer_horn,13,13,8,all,gaussian,medium,0,43,gaussian_medium,0.0410822626
088859eb0563,deer_horn,13,13,9,all,gaussian,medium,0,43,gaussian_medium,0.0569630728
088859eb0563,deer_horn,13,13,10,all,gaussian,medium,0,43,gaussian_medium,0.0233645505
088859eb0563,deer_horn,13,13,11,all,gaussian,medium,0,43,gaussian_medium,0.0842685112
088859eb0563,deer_horn,13,13,12,all,gaussian,medium,0,43,gaussian_medium,0.0251172238
088859eb0563,deer_horn,13,13,13,all,gaussian,medium,0,43,gaussian_medium,0.0473508047
088859eb0563,deer_horn,13,13,14,all,gaussian,medium,0,43,gaussian_medium,0.0497173374
088859eb0563,deer_horn,13,13,15,all,gaussian,medium,0,43,gaussian_medium,0.0542455616
088859eb0563,deer_horn,13,13,16,all,gaussian,medium,0,43,gaussian_medium,0.067175123
088859eb0563,deer_horn,13,13,17,all,gaussian,medium,0,43,gaussian_medium,0.0514265751
088859eb0563,deer_horn,13,13,18,all,gaussian,medium,0,43,gaussian_medium,0.0629036691
088859eb0563,deer_horn,13,13,19,all,gaussian,medium,0,43,gaussian_medium,0.0390713853
088859eb0563,deer_horn,13,13,20,all,gaussian,medium,0,43,gaussian_medium,0.0705202041
088859eb0563,deer_horn,14,14,0,all,gaussian,medium,0,43,gaussian_medium,0.0381732336
088859eb0563,deer_horn,14,14,1,all,gaussian,medium,0,43,gaussian_medium,0.0453615916
088859eb0563,deer_horn,14,14,2,all,gaussian,medium,0,43,gaussian_medium,0.0616873665
088859eb0563,deer_horn,14,14,3,all,gaussian,medium,0,43,gaussian_medium,0.0448369718
088859eb0563,deer_horn,14,14,4,all,gaussian,medium,0,43,gaussian_medium,0.0468329203
088859eb0563,deer_horn,14,14,5,all,gaussian,medium,0,43,gaussian_medium,0.0864973511
088859eb0563,deer_horn,14,14,6,all,gaussian,medium,0,43,gaussian_medium,0.0719093902
088859eb0563,deer_horn,14,14,7,all,gaussian,medium,0,43,gaussian_medium,0.00539309211
088859eb0563,deer_horn,14,14,8,all,gaussian,medium,0,43,gaussian_medium,0.0475284895
088859eb0563,deer_horn,14,14,9,all,gaussian,medium,0,43,gaussian_medium,0.0181255464
088859eb0563,deer_horn,14,14,10,all,gaussian,medium,0,43,gaussian_medium,0.0302375346
088859eb0563,deer_horn,14,14,11,all,gaussian,medium,0,43,gaussian_medium,0.0538351372
088859eb0563,deer_horn,14,14,12,all,gaussian,medium,0,43,gaussian_medium,0.0525395811
088859eb0563,deer_horn,14,14,13,all,gaussian,medium,0,43,gaussian_medium,0.0397527161
088859eb0563,deer_horn,14,14,14,all,gaussian,medium,0,43,gaussian_medium,0.0741715214
088859eb0563,deer_horn,14,14,15,all,gaussian,medium,0,43,gaussian_medium,0.0951588037
088859eb0563,deer_horn,14,14,16,all,gaussian,medium,0,43,gaussian_medium,0.0475112095
088859eb0563,deer_horn,14,14,17,all,gaussian,medium,0,43,gaussian_medium,0.0559232786
088859eb0563,deer_horn,14,14,18,all,gaussian,medium,0,43,gaussian_medium,0.0571730197
088859eb0563,deer_horn,14,14,19,all,gaussian,medium,0,43,gaussian_medium,0.0150294112
088859eb0563,deer_horn,14,14,20,all,gaussian,medium,0,43,gaussian_medium,0.0245959555
088859eb0563,deer_horn,15,15,0,all,gaussian,medium,0,43,gaussian_medium,0.0141537046
088859eb0563,deer_horn,15,15,1,all,gaussian,medium,0,43,gaussian_medium,0.0282374863
088859eb0563,deer_horn,15,15,2,all,gaussian,medium,0,43,gaussian_medium,0.0348527022
088859eb0563,deer_horn,15,15,3,all,gaussian,medium,0,43,gaussian_medium,0.0376328087
088859eb0563,deer_horn,15,15,4,all,gaussian,medium,0,43,gaussian_medium,0.0395225756
088859eb0563,deer_horn,15,15,5,all,gaussian,medium,0,43,gaussian_medium,0.0883828592
088859eb0563,deer_horn,15,15,6,all,gaussian,medium,0,43,gaussian_medium,0.0509850782
088859eb0563,deer_horn,15,15,7,all,gaussian,medium,0,43,gaussian_medium,0.00789479915
088859eb0563,deer_horn,15,15,8,all,gaussian,medium,0,43,gaussian_medium,0.0591473305
088859eb0563,deer_horn,15,15,9,all,gaussian,medium,0,43,gaussian_medium,0.0547583022
088859eb0563,deer_horn,15,15,10,all,gaussian,medium,0,43,gaussian_medium,0.057817381
088859eb0563,deer_horn,15,15,11,all,gaussian,medium,0,43,gaussian_medium,0.0251526127
088859eb0563,deer_horn,15,15,12,all,gaussian,medium,0,43,gaussian_medium,0.0796713029
088859eb0563,deer_horn,15,15,13,all,gaussian,medium,0,43,gaussian_medium,0.0278685655
088859eb0563,deer_horn,15,15,14,all,gaussian,medium,0,43,gaussian_medium,0.0384844336
088859eb0563,deer_horn,15,15,15,all,gaussian,medium,0,43,gaussian_medium,0.0192442253
088859eb0563,deer_horn,15,15,16,all,gaussian,medium,0,43,gaussian_medium,0.0275001368
088859eb0563,deer_horn,15,15,17,all,gaussian,medium,0,43,gaussian_medium,0.0257396937
088859eb0563,deer_horn,15,15,18,all,gaussian,medium,0,43,gaussian_medium,0.0465892159
088859eb0563,deer_horn,15,15,19,all,gaussian,medium,0,43,gaussian_medium,0.0318304354
088859eb0563,deer_horn,15,15,20,all,gaussian,medium,0,43,gaussian_medium,0.0376120211
088859eb0563,deer_horn,16,16,0,all,gaussian,medium,0,43,gaussian_medium,0.0344293195
088859eb0563,deer_horn,16,16,1,all,gaussian,medium,0,43,gaussian_medium,0.0198883726
088859eb0563,deer_horn,16,16,2,all,gaussian,medium,0,43,gaussian_medium,0.0406330448
088859eb0563,deer_horn,16,16,3,all,gaussian,medium,0,43,gaussian_medium,0.0451148895
088859eb0563,deer_horn,16,16,4,all,gaussian,medium,0,43,gaussian_medium,0.0474885195
088859eb0563,deer_horn,16,16,5,all,gaussian,medium,0,43,gaussian_medium,0.0381641244
088859eb0563,deer_horn,16,16,6,all,gaussian,medium,0,43,gaussian_medium,0.0343541115
088859eb0563,deer_horn,16,16,7,all,gaussian,medium,0,43,gaussian_medium,0.0230645437
088859eb0563,deer_horn,16,16,8,all,gaussian,medium,0,43,gaussian_medium,0.0460311718
088859eb0563,deer_horn,16,16,9,all,gaussian,medium,0,43,gaussian_medium,0.0683762834
088859eb0563,deer_horn,16,16,10,all,gaussian,medium,0,43,gaussian_medium,0.0624433885
088859eb0563,deer_horn,16,16,11,all,gaussian,medium,0,43,gaussian_medium,0.0460621308
088859eb0563,deer_horn,16,16,12,all,gaussian,medium,0,43,gaussian_medium,0.0183724299
088859eb0563,deer_horn,16,16,13,all,gaussian,medium,0,43,gaussian_medium,0.0770158026
088859eb0563,deer_horn,16,16,14,all,gaussian,medium,0,43,gaussian_medium,0.0708213686
088859eb0563,deer_horn,16,16,15,all,gaussian,medium,0,43,gaussian_medium,0.0640228703
088859eb0563,deer_horn,16,16,16,all,gaussian,medium,0,43,gaussian_medium,0.0293030989
088859eb0563,deer_horn,16,16,17,all,gaussian,medium,0,43,gaussian_medium,0.0641652926
088859eb0563,deer_horn,16,16,18,all,gaussian,medium,0,43,gaussian_medium,0.0531794655
088859eb0563,deer_horn,16,16,19,all,gaussian,medium,0,43,gaussian_medium,0.0286855149
088859eb0563,deer_horn,16,16,20,all,gaussian,medium,0,43,gaussian_medium,0.0456856523
088859eb0563,deer_horn,17,17,0,all,gaussian,medium,0,43,gaussian_medium,0.0499492514
088859eb0563,deer_horn,17,17,1,all,gaussian,medium,0,43,gaussian_medium,0.0568899667
088859eb0563,deer_horn,17,17,2,all,gaussian,medium,0,43,gaussian_medium,0.0296557415
088859eb0563,deer_horn,17,17,3,all,gaussian,medium,0,43,gaussian_medium,0.0418732022
088859eb0563,deer_horn,17,17,4,all,gaussian,medium,0,43,gaussian_medium,0.0531207854
088859eb0563,deer_horn,17,17,5,all,gaussian,medium,0,43,gaussian_medium,0.0498053833
088859eb0563,deer_horn,17,17,6,all,gaussian,medium,0,43,gaussian_medium,0.0837822524
088859eb0563,deer_horn,17,17,7,all,gaussian,medium,0,43,gaussian_medium,0.0405727765
088859eb0563,deer_horn,17,17,8,all,gaussian,medium,0,43,gaussian_medium,0.0864533871
088859eb0563,deer_horn,17,17,9,all,gaussian,medium,0,43,gaussian_medium,0.0264391858
088859eb0563,deer_horn,17,17,10,all,gaussian,medium,0,43,gaussian_medium,0.052269206
088859eb0563,deer_horn,17,17,11,all,gaussian,medium,0,43,gaussian_medium,0.0705251399
088859eb0563,deer_horn,17,17,12,all,gaussian,medium,0,43,gaussian_medium,0.0591592048
088859eb0563,deer_horn,17,17,13,all,gaussian,medium,0,43,gaussian_medium,0.0630718371
088859eb0563,deer_horn,17,17,14,all,gaussian,medium,0,43,gaussian_medium,0.03337199
088859eb0563,deer_horn,17,17,15,all,gaussian,medium,0,43,gaussian_medium,0.0654327769
088859eb0563,deer_horn,17,17,16,all,gaussian,medium,0,43,gaussian_medium,0.0328235701
088859eb0563,deer_horn,17,17,17,all,gaussian,medium,0,43,gaussian_medium,0.0418230708
088859eb0563,deer_horn,17,17,18,all,gaussian,medium,0,43,gaussian_medium,0.0280652396
088859eb0563,deer_horn,17,17,19,all,gaussian,medium,0,43,gaussian_medium,0.0698235288
088859eb0563,deer_horn,17,17,20,all,gaussian,medium,0,43,gaussian_medium,0.0437532399
088859eb0563,deer_horn,18,18,0,all,gaussian,medium,0,43,gaussian_medium,0.064717525
088859eb0563,deer_horn,18,18,1,all,gaussian,medium,0,43,gaussian_medium,0.0855150257
088859eb0563,deer_horn,18,18,2,all,gaussian,medium,0,43,gaussian_medium,0.0428127287
088859eb0563,deer_horn,18,18,3,all,gaussian,medium,0,43,gaussian_medium,0.0383559039
088859eb0563,deer_horn,18,18,4,all,gaussian,medium,0,43,gaussian_medium,0.0632281595
088859eb0563,deer_horn,18,18,5,all,gaussian,medium,0,43,gaussian_medium,0.0178275328
088859eb0563,deer_horn,18,18,6,all,gaussian,medium,0,43,gaussian_medium,0.0557603424
088859eb0563,deer_horn,18,18,7,all,gaussian,medium,0,43,gaussian_medium,0.0133036207
088859eb0563,deer_horn,18,18,8,all,gaussian,medium,0,43,gaussian_medium,0.0220351568
088859eb0563,deer_horn,18,18,9,all,gaussian,medium,0,43,gaussian_medium,0.0345259966
088859eb0563,deer_horn,18,18,10,all,gaussian,medium,0,43,gaussian_medium,0.0502110127
088859eb0563,deer_horn,18,18,11,all,gaussian,medium,0,43,gaussian_medium,0.054898498
088859eb0563,deer_horn,18,18,12,all,gaussian,medium,0,43,gaussian_medium,0.0497522136
088859eb0563,deer_horn,18,18,13,all,gaussian,medium,0,43,gaussian_medium,0.0733796562
088859eb0563,deer_horn,18,18,14,all,gaussian,medium,0,43,gaussian_medium,0.0572757893
088859eb0563,deer_horn,18,18,15,all,gaussian,medium,0,43,gaussian_medium,0.0238887993
088859eb0563,deer_horn,18,18,16,all,gaussian,medium,0,43,gaussian_medium,0.0650043356
088859eb0563,deer_horn,18,18,17,all,gaussian,medium,0,43,gaussian_medium,0.019603865
088859eb0563,deer_horn,18,18,18,all,gaussian,medium,0,43,gaussian_medium,0.0405307736
088859eb0563,deer_horn,18,18,19,all,gaussian,medium,0,43,gaussian_medium,0.0214043861
088859eb0563,deer_horn,18,18,20,all,gaussian,medium,0,43,gaussian_medium,0.037869808
088859eb0563,deer_horn,19,19,0,all,gaussian,medium,0,43,gaussian_medium,0.0384325682
088859eb0563,deer_horn,19,19,1,all,gaussian,medium,0,43,gaussian_medium,0.0656951433
088859eb0563,deer_horn,19,19,2,all,gaussian,medium,0,43,gaussian_medium,0.0545741294
088859eb0563,deer_horn,19,19,3,all,gaussian,medium,0,43,gaussian_medium,0.0234437489
088859eb0563,deer_horn,19,19,4,all,gaussian,medium,0,43,gaussian_medium,0.037760829
088859eb0563,deer_horn,19,19,5,all,gaussian,medium,0,43,gaussian_medium,0.040600203
088859eb0563,deer_horn,19,19,6,all,gaussian,medium,0,43,gaussian_medium,0.0173428155
088859eb0563,deer_horn,19,19,7,all,gaussian,medium,0,43,gaussian_medium,0.0489683849
088859eb0563,deer_horn,19,19,8,all,gaussian,medium,0,43,gaussian_medium,0.0600423151
088859eb0563,deer_horn,19,19,9,all,gaussian,medium,0,43,gaussian_medium,0.0467162703
088859eb0563,deer_horn,19,19,10,all,gaussian,medium,0,43,gaussian_medium,0.0276249915
088859eb0563,deer_horn,19,19,11,all,gaussian,medium,0,43,gaussian_medium,0.0669810746
088859eb0563,deer_horn,19,19,12,all,gaussian,medium,0,43,gaussian_medium,0.0492586079
088859eb0563,deer_horn,19,19,13,all,gaussian,medium,0,43,gaussian_medium,0.0544625231
088859eb0563,deer_horn,19,19,14,all,gaussian,medium,0,43,gaussian_medium,0.0557042778
088859eb0563,deer_horn,19,19,15,all,gaussian,medium,0,43,gaussian_medium,0.061675108
088859eb0563,deer_horn,19,19,16,all,gaussian,medium,0,43,gaussian_medium,0.0378873343
088859eb0563,deer_horn,19,19,17,all,gaussian,medium,0,43,gaussian_medium,0.053315253
088859eb0563,deer_horn,19,19,18,all,gaussian,medium,0,43,gaussian_medium,0.029023581
088859eb0563,deer_horn,19,19,19,all,gaussian,medium,0,43,gaussian_medium,0.0483433096
088859eb0563,deer_horn,19,19,20,all,gaussian,medium,0,43,gaussian_medium,0.0682701945
088859eb0563,deer_horn,20,20,0,all,gaussian,medium,0,43,gaussian_medium,0.097570301
088859eb0563,deer_horn,20,20,1,all,gaussian,medium,0,43,gaussian_medium,0.0299407658
088859eb0563,deer_horn,20,20,2,all,gaussian,medium,0,43,gaussian_medium,0.0459317912
088859eb0563,deer_horn,20,20,3,all,gaussian,medium,0,43,gaussian_medium,0.0631899265
088859eb0563,deer_horn,20,20,4,all,gaussian,medium,0,43,gaussian_medium,0.0386039975
088859eb0563,deer_horn,20,20,5,all,gaussian,medium,0,43,gaussian_medium,0.0220012813
088859eb0563,deer_horn,20,20,6,all,gaussian,medium,0,43,gaussian_medium,0.0245023977
088859eb0563,deer_horn,20,20,7,all,gaussian,medium,0,43,gaussian_medium,0.0512408775
088859eb0563,deer_horn,20,20,8,all,gaussian,medium,0,43,gaussian_medium,0.0821973314
088859eb0563,deer_horn,20,20,9,all,gaussian,medium,0,43,gaussian_medium,0.0712459256
088859eb0563,deer_horn,20,20,10,all,gaussian,medium,0,43,gaussian_medium,0.078570742
088859eb0563,deer_horn,20,20,11,all,gaussian,medium,0,43,gaussian_medium,0.0461422014
088859eb0563,deer_horn,20,20,12,all,gaussian,medium,0,43,gaussian_medium,0.0299735622
088859eb0563,deer_horn,20,20,13,all,gaussian,medium,0,43,gaussian_medium,0.0640405932
088859eb0563,deer_horn,20,20,14,all,gaussian,medium,0,43,gaussian_medium,0.0685230615
088859eb0563,deer_horn,20,20,15,all,gaussian,medium,0,43,gaussian_medium,0.0428722692
088859eb0563,deer_horn,20,20,16,all,gaussian,medium,0,43,gaussian_medium,0.043009124
088859eb0563,deer_horn,20,20,17,all,gaussian,medium,0,43,gaussian_medium,0.0340281963
088859eb0563,deer_horn,20,20,18,all,gaussian,medium,0,43,gaussian_medium,0.034747323
088859eb0563,deer_horn,20,20,19,all,gaussian,medium,0,43,gaussian_medium,0.0680617899
088859eb0563,deer_horn,20,20,20,all,gaussian,medium,0,43,gaussian_medium,0.0335187657
088859eb0563,deer_horn,21,21,0,all,gaussian,medium,0,43,gaussian_medium,0.0250925171
088859eb0563,deer_horn,21,21,1,all,gaussian,medium,0,43,gaussian_medium,0.0607563849
088859eb0563,deer_horn,21,21,2,all,gaussian,medium,0,43,gaussian_medium,0.0293222606
088859eb0563,deer_horn,21,21,3,all,gaussian,medium,0,43,gaussian_medium,0.0426380533
088859eb0563,deer_horn,21,21,4,all,gaussian,medium,0,43,gaussian_medium,0.101675197
088859eb0563,deer_horn,21,21,5,all,gaussian,medium,0,43,gaussian_medium,0.0207471112
088859eb0563,deer_horn,21,21,6,all,gaussian,medium,0,43,gaussian_medium,0.0248494708
088859eb0563,deer_horn,21,21,7,all,gaussian,medium,0,43,gaussian_medium,0.0766664511
088859eb0563,deer_horn,21,21,8,all,gaussian,medium,0,43,gaussian_medium,0.0581893626
088859eb0563,deer_horn,21,21,9,all,gaussian,medium,0,43,gaussian_medium,0.0151944351
088859eb0563,deer_horn,21,21,10,all,gaussian,medium,0,43,gaussian_medium,0.0583331383
088859eb0563,deer_horn,21,21,11,all,gaussian,medium,0,43,gaussian_medium,0.0435823363
088859eb0563,deer_horn,21,21,12,all,gaussian,medium,0,43,gaussian_medium,0.0683066705
088859eb0563,deer_horn,21,21,13,all,gaussian,medium,0,43,gaussian_medium,0.0397027365
088859eb0563,deer_horn,21,21,14,all,gaussian,medium,0,43,gaussian_medium,0.0417894098
088859eb0563,deer_horn,21,21,15,all,gaussian,medium,0,43,gaussian_medium,0.0578351461
088859eb0563,deer_horn,21,21,16,all,gaussian,medium,0,43,gaussian_medium,0.0471870092
088859eb0563,deer_horn,21,21,17,all,gaussian,medium,0,43,gaussian_medium,0.0150883589
088859eb0563,deer_horn,21,21,18,all,gaussian,medium,0,43,gaussian_medium,0.059102543
088859eb0563,deer_horn,21,21,19,all,gaussian,medium,0,43,gaussian_medium,0.0455631783
088859eb0563,deer_horn,21,21,20,all,gaussian,medium,0,43,gaussian_medium,0.0158328467
088859eb0563,deer_horn,22,22,0,all,gaussian,medium,0,43,gaussian_medium,0.0323307113
088859eb0563,deer_horn,22,22,1,all,gaussian,medium,0,43,gaussian_medium,0.0791923345
088859eb0563,deer_horn,22,22,2,all,gaussian,medium,0,43,gaussian_medium,0.0218294024
088859eb0563,deer_horn,22,22,3,all,gaussian,medium,0,43,gaussian_medium,0.0934736307
088859eb0563,deer_horn,22,22,4,all,gaussian,medium,0,43,gaussian_medium,0.0703801102
088859eb0563,deer_horn,22,22,5,all,gaussian,medium,0,43,gaussian_medium,0.0378087819
088859eb0563,deer_horn,22,22,6,all,gaussian,medium,0,43,gaussian_medium,0.0293524782
088859eb0563,deer_horn,22,22,7,all,gaussian,medium,0,43,gaussian_medium,0.0622481868
088859eb0563,deer_horn,22,22,8,all,gaussian,medium,0,43,gaussian_medium,0.0488426852
088859eb0563,deer_horn,22,22,9,all,gaussian,medium,0,43,gaussian_medium,0.0522375042
088859eb0563,deer_horn,22,22,10,all,gaussian,medium,0,43,gaussian_medium,0.0413812056
088859eb0563,deer_horn,22,22,11,all,gaussian,medium,0,43,gaussian_medium,0.0515914567
088859eb0563,deer_horn,22,22,12,all,gaussian,medium,0,43,gaussian_medium,0.0404147162
088859eb0563,deer_horn,22,22,13,all,gaussian,medium,0,43,gaussian_medium,0.0275199409
088859eb0563,deer_horn,22,22,14,all,gaussian,medium,0,43,gaussian_medium,0.0377681529
088859eb0563,deer_horn,22,22,15,all,gaussian,medium,0,43,gaussian_medium,0.0304775202
088859eb0563,deer_horn,22,22,16,all,gaussian,medium,0,43,gaussian_medium,0.0103455043
088859eb0563,deer_horn,22,22,17,all,gaussian,medium,0,43,gaussian_medium,0.0140078773
088859eb0563,deer_horn,22,22,18,all,gaussian,medium,0,43,gaussian_medium,0.0770430752
088859eb0563,deer_horn,22,22,19,all,gaussian,medium,0,43,gaussian_medium,0.0317092163
088859eb0563,deer_horn,22,22,20,all,gaussian,medium,0,43,gaussian_medium,0.0403940954
088859eb0563,deer_horn,23,23,0,all,gaussian,medium,0,43,gaussian_medium,0.0552977876
088859eb0563,deer_horn,23,23,1,all,gaussian,medium,0,43,gaussian_medium,0.0669251978
088859eb0563,deer_horn,23,23,2,all,gaussian,medium,0,43,gaussian_medium,0.043903063
088859eb0563,deer_horn,23,23,3,all,gaussian,medium,0,43,gaussian_medium,0.039310556
088859eb0563,deer_horn,23,23,4,all,gaussian,medium,0,43,gaussian_medium,0.0651135591
088859eb0563,deer_horn,23,23,5,all,gaussian,medium,0,43,gaussian_medium,0.0296405214
088859eb0563,deer_horn,23,23,6,all,gaussian,medium,0,43,gaussian_medium,0.108145263
088859eb0563,deer_horn,23,23,7,all,gaussian,medium,0,43,gaussian_medium,0.0551709898
088859eb0563,deer_horn,23,23,8,all,gaussian,medium,0,43,gaussian_medium,0.0422696657
088859eb0563,deer_horn,23,23,9,all,gaussian,medium,0,43,gaussian_medium,0.0620034774
088859eb0563,deer_horn,23,23,10,all,gaussian,medium,0,43,gaussian_medium,0.0529307347
088859eb0563,deer_horn,23,23,11,all,gaussian,medium,0,43,gaussian_medium,0.0212796131
088859eb0563,deer_horn,23,23,12,all,gaussian,medium,0,43,gaussian_medium,0.0614194812
088859eb0563,deer_horn,23,23,13,all,gaussian,medium,0,43,gaussian_medium,0.0360052501
088859eb0563,deer_horn,23,23,14,all,gaussian,medium,0,43,gaussian_medium,0.0571155422
088859eb0563,deer_horn,23,23,15,all,gaussian,medium,0,43,gaussian_medium,0.0527364759
088859eb0563,deer_horn,23,23,16,all,gaussian,medium,0,43,gaussian_medium,0.0172749044
088859eb0563,deer_horn,23,23,17,all,gaussian,medium,0,43,gaussian_medium,0.0206389839
088859eb0563,deer_horn,23,23,18,all,gaussian,medium,0,43,gaussian_medium,0.032600913
088859eb0563,deer_horn,23,23,19,all,gaussian,medium,0,43,gaussian_medium,0.0398272591
088859eb0563,deer_horn,23,23,20,all,gaussian,medium,0,43,gaussian_medium,0.0535330247
088859eb0563,deer_horn,24,24,0,all,gaussian,medium,0,43,gaussian_medium,0.0757508289
088859eb0563,deer_horn,24,24,1,all,gaussian,medium,0,43,gaussian_medium,0.0644630923
088859eb0563,deer_horn,24,24,2,all,gaussian,medium,0,43,gaussian_medium,0.0452817905
088859eb0563,deer_horn,24,24,3,all,gaussian,medium,0,43,gaussian_medium,0.0721315993
088859eb0563,deer_horn,24,24,4,all,gaussian,medium,0,43,gaussian_medium,0.0361270395
088859eb0563,deer_horn,24,24,5,all,gaussian,medium,0,43,gaussian_medium,0.0391931699
088859eb0563,deer_horn,24,24,6,all,gaussian,medium,0,43,gaussian_medium,0.051206685
088859eb0563,deer_horn,24,24,7,all,gaussian,medium,0,43,gaussian_medium,0.0730593335
088859eb0563,deer_horn,24,24,8,all,gaussian,medium,0,43,gaussian_medium,0.0220525535
088859eb0563,deer_horn,24,24,9,all,gaussian,medium,0,43,gaussian_medium,0.0589377251
088859eb0563,deer_horn,24,24,10,all,gaussian,medium,0,43,gaussian_medium,0.0254420951
088859eb0563,deer_horn,24,24,11,all,gaussian,medium,0,43,gaussian_medium,0.0496434919
088859eb0563,deer_horn,24,24,12,all,gaussian,medium,0,43,gaussian_medium,0.0141798442
088859eb0563,deer_horn,24,24,13,all,gaussian,medium,0,43,gaussian_medium,0.0317657754
088859eb0563,deer_horn,24,24,14,all,gaussian,medium,0,43,gaussian_medium,0.0516028411
088859eb0563,deer_horn,24,24,15,all,gaussian,medium,0,43,gaussian_medium,0.0430474662
088859eb0563,deer_horn,24,24,16,all,gaussian,medium,0,43,gaussian_medium,0.0285851919
088859eb0563,deer_horn,24,24,17,all,gaussian,medium,0,43,gaussian_medium,0.0175949856
088859eb0563,deer_horn,24,24,18,all,gaussian,medium,0,43,gaussian_medium,0.0365264091
088859eb0563,deer_horn,24,24,19,all,gaussian,medium,0,43,gaussian_medium,0.0563806727
088859eb0563,deer_horn,24,24,20,all,gaussian,medium,0,43,gaussian_medium,0.0580576235
088859eb0563,deer_horn,25,25,0,all,gaussian,medium,0,43,gaussian_medium,0.0884648757
088859eb0563,deer_horn,25,25,1,all,gaussian,medium,0,43,gaussian_medium,0.0263192407
088859eb0563,deer_horn,25,25,2,all,gaussian,medium,0,43,gaussian_medium,0.0121168863
088859eb0563,deer_horn,25,25,3,all,gaussian,medium,0,43,gaussian_medium,0.0839138278
088859eb0563,deer_horn,25,25,4,all,gaussian,medium,0,43,gaussian_medium,0.0920844979
088859eb0563,deer_horn,25,25,5,all,gaussian,medium,0,43,gaussian_medium,0.0572562154
088859eb0563,deer_horn,25,25,6,all,gaussian,medium,0,43,gaussian_medium,0.0294157378
088859eb0563,deer_horn,25,25,7,all,gaussian,medium,0,43,gaussian_medium,0.0167834843
088859eb0563,deer_horn,25,25,8,all,gaussian,medium,0,43,gaussian_medium,0.0824613486
088859eb0563,deer_horn,25,25,9,all,gaussian,medium,0,43,gaussian_medium,0.036265189
088859eb0563,deer_horn,25,25,10,all,gaussian,medium,0,43,gaussian_medium,0.0809121595
088859eb0563,deer_horn,25,25,11,all,gaussian,medium,0,43,gaussian_medium,0.0450035633
088859eb0563,deer_horn,25,25,12,all,gaussian,medium,0,43,gaussian_medium,0.0491818894
088859eb0563,deer_horn,25,25,13,all,gaussian,medium,0,43,gaussian_medium,0.0846441273
088859eb0563,deer_horn,25,25,14,all,gaussian,medium,0,43,gaussian_medium,0.0521650134
088859eb0563,deer_horn,25,25,15,all,gaussian,medium,0,43,gaussian_medium,0.103896677
088859eb0563,deer_horn,25,25,16,all,gaussian,medium,0,43,gaussian_medium,0.0365704307
088859eb0563,deer_horn,25,25,17,all,gaussian,medium,0,43,gaussian_medium,0.0340983605
088859eb0563,deer_horn,25,25,18,all,gaussian,medium,0,43,gaussian_medium,0.0508931876
088859eb0563,deer_horn,25,25,19,all,gaussian,medium,0,43,gaussian_medium,0.0434796681
088859eb0563,deer_horn,25,25,20,all,gaussian,medium,0,43,gaussian_medium,0.048405942
088859eb0563,deer_horn,26,26,0,all,gaussian,medium,0,43,gaussian_medium,0.0303543221
088859eb0563,deer_horn,26,26,1,all,gaussian,medium,0,43,gaussian_medium,0.0583703528
088859eb0563,deer_horn,26,26,2,all,gaussian,medium,0,43,gaussian_medium,0.0902423057
088859eb0563,deer_horn,26,26,3,all,gaussian,medium,0,43,gaussian_medium,0.0189328697
088859eb0563,deer_horn,26,26,4,all,gaussian,medium,0,43,gaussian_medium,0.0742371418
088859eb0563,deer_horn,26,26,5,all,gaussian,medium,0,43,gaussian_medium,0.0362680494
088859eb0563,deer_horn,26,26,6,all,gaussian,medium,0,43,gaussian_medium,0.0291126786
088859eb0563,deer_horn,26,26,7,all,gaussian,medium,0,43,gaussian_medium,0.0401664881
088859eb0563,deer_horn,26,26,8,all,gaussian,medium,0,43,gaussian_medium,0.0424108567
088859eb0563,deer_horn,26,26,9,all,gaussian,medium,0,43,gaussian_medium,0.0554312874
088859eb0563,deer_horn,26,26,10,all,gaussian,medium,0,43,gaussian_medium,0.0261222117
088859eb0563,deer_horn,26,26,11,all,gaussian,medium,0,43,gaussian_medium,0.0613197496
088859eb0563,deer_horn,26,26,12,all,gaussian,medium,0,43,gaussian_medium,0.0486194333
088859eb0563,deer_horn,26,26,13,all,gaussian,medium,0,43,gaussian_medium,0.0511387445
088859eb0563,deer_horn,26,26,14,all,gaussian,medium,0,43,gaussian_medium,0.0355382307
088859eb0563,deer_horn,26,26,15,all,gaussian,medium,0,43,gaussian_medium,0.062699103
088859eb0563,deer_horn,26,26,16,all,gaussian,medium,0,43,gaussian_medium,0.0119448881
088859eb0563,deer_horn,26,26,17,all,gaussian,medium,0,43,gaussian_medium,0.025334503
088859eb0563,deer_horn,26,26,18,all,gaussian,medium,0,43,gaussian_medium,0.0323161786
088859eb0563,deer_horn,26,26,19,all,gaussian,medium,0,43,gaussian_medium,0.0566708743
088859eb0563,deer_horn,26,26,20,all,gaussian,medium,0,43,gaussian_medium,0.0656652315
088859eb0563,deer_horn,27,27,0,all,gaussian,medium,0,43,gaussian_medium,0.0365973168
088859eb0563,deer_horn,27,27,1,all,gaussian,medium,0,43,gaussian_medium,0.0448440163
088859eb0563,deer_horn,27,27,2,all,gaussian,medium,0,43,gaussian_medium,0.0375719246
088859eb0563,deer_horn,27,27,3,all,gaussian,medium,0,43,gaussian_medium,0.0506688237
088859eb0563,deer_horn,27,27,4,all,gaussian,medium,0,43,gaussian_medium,0.0297474329
088859eb0563,deer_horn,27,27,5,all,gaussian,medium,0,43,gaussian_medium,0.0331284116
088859eb0563,deer_horn,27,27,6,all,gaussian,medium,0,43,gaussian_medium,0.0712612832
088859eb0563,deer_horn,27,27,7,all,gaussian,medium,0,43,gaussian_medium,0.0463054953
088859eb0563,deer_horn,27,27,8,all,gaussian,medium,0,43,gaussian_medium,0.0512655984
088859eb0563,deer_horn,27,27,9,all,gaussian,medium,0,43,gaussian_medium,0.0572299478
088859eb0563,deer_horn,27,27,10,all,gaussian,medium,0,43,gaussian_medium,0.0553375769
088859eb0563,deer_horn,27,27,11,all,gaussian,medium,0,43,gaussian_medium,0.0449457229
088859eb0563,deer_horn,27,27,12,all,gaussian,medium,0,43,gaussian_medium,0.0261458074
088859eb0563,deer_horn,27,27,13,all,gaussian,medium,0,43,gaussian_medium,0.0568845293
088859eb0563,deer_horn,27,27,14,all,gaussian,medium,0,43,gaussian_medium,0.0617364474
088859eb0563,deer_horn,27,27,15,all,gaussian,medium,0,43,gaussian_medium,0.033554981
088859eb0563,deer_horn,27,27,16,all,gaussian,medium,0,43,gaussian_medium,0.0661454579
088859eb0563,deer_horn,27,27,17,all,gaussian,medium,0,43,gaussian_medium,0.0314444477
088859eb0563,deer_horn,27,27,18,all,gaussian,medium,0,43,gaussian_medium,0.0286667729
088859eb0563,deer_horn,27,27,19,all,gaussian,medium,0,43,gaussian_medium,0.0735974402
088859eb0563,deer_horn,27,27,20,all,gaussian,medium,0,43,gaussian_medium,0.0504972844
088859eb0563,deer_horn,28,28,0,all,gaussian,medium,0,43,gaussian_medium,0.0457541168
088859eb0563,deer_horn,28,28,1,all,gaussian,medium,0,43,gaussian_medium,0.101579178
088859eb0563,deer_horn,28,28,2,all,gaussian,medium,0,43,gaussian_medium,0.0203994971
088859eb0563,deer_horn,28,28,3,all,gaussian,medium,0,43,gaussian_medium,0.0584342951
088859eb0563,deer_horn,28,28,4,all,gaussian,medium,0,43,gaussian_medium,0.0430297494
088859eb0563,deer_horn,28,28,5,all,gaussian,medium,0,43,gaussian_medium,0.0198400224
088859eb0563,deer_horn,28,28,6,all,gaussian,medium,0,43,gaussian_medium,0.0223178443
088859eb0563,deer_horn,28,28,7,all,gaussian,medium,0,43,gaussian_medium,0.0194324569
088859eb0563,deer_horn,28,28,8,all,gaussian,medium,0,43,gaussian_medium,0.0389628584
088859eb0563,deer_horn,28,28,9,all,gaussian,medium,0,43,gaussian_medium,0.0488527854
088859eb0563,deer_horn,28,28,10,all,gaussian,medium,0,43,gaussian_medium,0.0364325437
088859eb0563,deer_horn,28,28,11,all,gaussian,medium,0,43,gaussian_medium,0.0419925891
088859eb0563,deer_horn,28,28,12,all,gaussian,medium,0,43,gaussian_medium,0.0210883173
088859eb0563,deer_horn,28,28,13,all,gaussian,medium,0,43,gaussian_medium,0.0393833206
088859eb0563,deer_horn,28,28,14,all,gaussian,medium,0,43,gaussian_medium,0.0583062471
088859eb0563,deer_horn,28,28,15,all,gaussian,medium,0,43,gaussian_medium,0.0445627649
088859eb0563,deer_horn,28,28,16,all,gaussian,medium,0,43,gaussian_medium,0.0731016037
088859eb0563,deer_horn,28,28,17,all,gaussian,medium,0,43,gaussian_medium,0.0397538939
088859eb0563,deer_horn,28,28,18,all,gaussian,medium,0,43,gaussian_medium,0.0384261407
088859eb0563,deer_horn,28,28,19,all,gaussian,medium,0,43,gaussian_medium,0.0294457591
088859eb0563,deer_horn,28,28,20,all,gaussian,medium,0,43,gaussian_medium,0.0391306782
088859eb0563,deer_horn,29,29,0,all,gaussian,medium,0,43,gaussian_medium,0.0694671962
088859eb0563,deer_horn,29,29,1,all,gaussian,medium,0,43,gaussian_medium,0.0596601213
088859eb0563,deer_horn,29,29,2,all,gaussian,medium,0,43,gaussian_medium,0.0336763005
088859eb0563,deer_horn,29,29,3,all,gaussian,medium,0,43,gaussian_medium,0.0520587892
088859eb0563,deer_horn,29,29,4,all,gaussian,medium,0,43,gaussian_medium,0.0694547037
088859eb0563,deer_horn,29,29,5,all,gaussian,medium,0,43,gaussian_medium,0.0428395348
088859eb0563,deer_horn,29,29,6,all,gaussian,medium,0,43,gaussian_medium,0.0589584488
088859eb0563,deer_horn,29,29,7,all,gaussian,medium,0,43,gaussian_medium,0.0666677291
088859eb0563,deer_horn,29,29,8,all,gaussian,medium,0,43,gaussian_medium,0.00860198249
088859eb0563,deer_horn,29,29,9,all,gaussian,medium,0,43,gaussian_medium,0.0310100013
088859eb0563,deer_horn,29,29,10,all,gaussian,medium,0,43,gaussian_medium,0.0516691922
088859eb0563,deer_horn,29,29,11,all,gaussian,medium,0,43,gaussian_medium,0.0830110045
088859eb0563,deer_horn,29,29,12,all,gaussian,medium,0,43,gaussian_medium,0.0681998029
088859eb0563,deer_horn,29,29,13,all,gaussian,medium,0,43,gaussian_medium,0.0484235381
088859eb0563,deer_horn,29,29,14,all,gaussian,medium,0,43,gaussian_medium,0.0721693046
088859eb0563,deer_horn,29,29,15,all,gaussian,medium,0,43,gaussian_medium,0.062577277
088859eb0563,deer_horn,29,29,16,all,gaussian,medium,0,43,gaussian_medium,0.0266879993
088859eb0563,deer_horn,29,29,17,all,gaussian,medium,0,43,gaussian_medium,0.0225408979
088859eb0563,deer_horn,29,29,18,all,gaussian,medium,0,43,gaussian_medium,0.117318962
088859eb0563,deer_horn,29,29,19,all,gaussian,medium,0,43,gaussian_medium,0.0464085661
088859eb0563,deer_horn,29,29,20,all,gaussian,medium,0,43,gaussian_medium,0.0326112953
088859eb0563,deer_horn,30,30,0,all,gaussian,medium,0,43,gaussian_medium,0.027740039
088859eb0563,deer_horn,30,30,1,all,gaussian,medium,0,43,gaussian_medium,0.0387999777
088859eb0563,deer_horn,30,30,2,all,gaussian,medium,0,43,gaussian_medium,0.0422918809
088859eb0563,deer_horn,30,30,3,all,gaussian,medium,0,43,gaussian_medium,0.0178607421
088859eb0563,deer_horn,30,30,4,all,gaussian,medium,0,43,gaussian_medium,0.0419658052
088859eb0563,deer_horn,30,30,5,all,gaussian,medium,0,43,gaussian_medium,0.0625278272
088859eb0563,deer_horn,30,30,6,all,gaussian,medium,0,43,gaussian_medium,0.0505187225
088859eb0563,deer_horn,30,30,7,all,gaussian,medium,0,43,gaussian_medium,0.0709554782
088859eb0563,deer_horn,30,30,8,all,gaussian,medium,0,43,gaussian_medium,0.035431709
088859eb0563,deer_horn,30,30,9,all,gaussian,medium,0,43,gaussian_medium,0.0361834869
088859eb0563,deer_horn,30,30,10,all,gaussian,medium,0,43,gaussian_medium,0.0297035528
088859eb0563,deer_horn,30,30,11,all,gaussian,medium,0,43,gaussian_medium,0.0439573223
088859eb0563,deer_horn,30,30,12,all,gaussian,medium,0,43,gaussian_medium,0.0474560482
088859eb0563,deer_horn,30,30,13,all,gaussian,medium,0,43,gaussian_medium,0.00458237179
088859eb0563,deer_horn,30,30,14,all,gaussian,medium,0,43,gaussian_medium,0.044578646
088859eb0563,deer_horn,30,30,15,all,gaussian,medium,0,43,gaussian_medium,0.0246547404
088859eb0563,deer_horn,30,30,16,all,gaussian,medium,0,43,gaussian_medium,0.0680342762
088859eb0563,deer_horn,30,30,17,all,gaussian,medium,0,43,gaussian_medium,0.0791425106
088859eb0563,deer_horn,30,30,18,all,gaussian,medium,0,43,gaussian_medium,0.0664803416
088859eb0563,deer_horn,30,30,19,all,gaussian,medium,0,43,gaussian_medium,0.0288888634
088859eb0563,deer_horn,30,30,20,all,gaussian,medium,0,43,gaussian_medium,0.0295430221
088859eb0563,deer_horn,31,31,0,all,gaussian,medium,0,43,gaussian_medium,0.0644768605
088859eb0563,deer_horn,31,31,1,all,gaussian,medium,0,43,gaussian_medium,0.0284325408
088859eb0563,deer_horn,31,31,2,all,gaussian,medium,0,43,gaussian_medium,0.0615034451
088859eb0563,deer_horn,31,31,3,all,gaussian,medium,0,43,gaussian_medium,0.0313908395
088859eb0563,deer_horn,31,31,4,all,gaussian,medium,0,43,gaussian_medium,0.0735697508
088859eb0563,deer_horn,31,31,5,all,gaussian,medium,0,43,gaussian_medium,0.0388545407
088859eb0563,deer_horn,31,31,6,all,gaussian,medium,0,43,gaussian_medium,0.0274359982
088859eb0563,deer_horn,31,31,7,all,gaussian,medium,0,43,gaussian_medium,0.0566422801
088859eb0563,deer_horn,31,31,8,all,gaussian,medium,0,43,gaussian_medium,0.0647212611
088859eb0563,deer_horn,31,31,9,all,gaussian,medium,0,43,gaussian_medium,0.0327305003
088859eb0563,deer_horn,31,31,10,all,gaussian,medium,0,43,gaussian_medium,0.0225242154
088859eb0563,deer_horn,31,31,11,all,gaussian,medium,0,43,gaussian_medium,0.0906946039
088859eb0563,deer_horn,31,31,12,all,gaussian,medium,0,43,gaussian_medium,0.0929049468
088859eb0563,deer_horn,31,31,13,all,gaussian,medium,0,43,gaussian_medium,0.0417511291
088859eb0563,deer_horn,31,31,14,all,gaussian,medium,0,43,gaussian_medium,0.0773719976
088859eb0563,deer_horn,31,31,15,all,gaussian,medium,0,43,gaussian_medium,0.0422749723
088859eb0563,deer_horn,31,31,16,all,gaussian,medium,0,43,gaussian_medium,0.0305419162
088859eb0563,deer_horn,31,31,17,all,gaussian,medium,0,43,gaussian_medium,0.0458464327
088859eb0563,deer_horn,31,31,18,all,gaussian,medium,0,43,gaussian_medium,0.0510758095
088859eb0563,deer_horn,31,31,19,all,gaussian,medium,0,43,gaussian_medium,0.0220039102
088859eb0563,deer_horn,31,31,20,all,gaussian,medium,0,43,gaussian_medium,0.0234925175
088859eb0563,deer_horn,32,32,0,all,gaussian,medium,0,43,gaussian_medium,0.040243832
088859eb0563,deer_horn,32,32,1,all,gaussian,medium,0,43,gaussian_medium,0.0330003234
088859eb0563,deer_horn,32,32,2,all,gaussian,medium,0,43,gaussian_medium,0.0617342801
088859eb0563,deer_horn,32,32,3,all,gaussian,medium,0,43,gaussian_medium,0.0323882577
088859eb0563,deer_horn,32,32,4,all,gaussian,medium,0,43,gaussian_medium,0.0464814536
088859eb0563,deer_horn,32,32,5,all,gaussian,medium,0,43,gaussian_medium,0.0555242387
088859eb0563,deer_horn,32,32,6,all,gaussian,medium,0,43,gaussian_medium,0.0326807401
088859eb0563,deer_horn,32,32,7,all,gaussian,medium,0,43,gaussian_medium,0.0969898828
088859eb0563,deer_horn,32,32,8,all,gaussian,medium,0,43,gaussian_medium,0.072473376
088859eb0563,deer_horn,32,32,9,all,gaussian,medium,0,43,gaussian_medium,0.0539455741
088859eb0563,deer_horn,32,32,10,all,gaussian,medium,0,43,gaussian_medium,0.0300373638
088859eb0563,deer_horn,32,32,11,all,gaussian,medium,0,43,gaussian_medium,0.0686397406
088859eb0563,deer_horn,32,32,12,all,gaussian,medium,0,43,gaussian_medium,0.0276354862
088859eb0563,deer_horn,32,32,13,all,gaussian,medium,0,43,gaussian_medium,0.0478695697
088859eb0563,deer_horn,32,32,14,all,gaussian,medium,0,43,gaussian_medium,0.064199745
088859eb0563,deer_horn,32,32,15,all,gaussian,medium,0,43,gaussian_medium,0.045698236
088859eb0563,deer_horn,32,32,16,all,gaussian,medium,0,43,gaussian_medium,0.0326560886
088859eb0563,deer_horn,32,32,17,all,gaussian,medium,0,43,gaussian_medium,0.0420338309
088859eb0563,deer_horn,32,32,18,all,gaussian,medium,0,43,gaussian_medium,0.0466110721
088859eb0563,deer_horn,32,32,19,all,gaussian,medium,0,43,gaussian_medium,0.0376128919
088859eb0563,deer_horn,32,32,20,all,gaussian,medium,0,43,gaussian_medium,0.077955923
088859eb0563,deer_horn,33,33,0,all,gaussian,medium,0,43,gaussian_medium,0.0238859089
088859eb0563,deer_horn,33,33,1,all,gaussian,medium,0,43,gaussian_medium,0.0543109937
088859eb0563,deer_horn,33,33,2,all,gaussian,medium,0,43,gaussian_medium,0.0361617725
088859eb0563,deer_horn,33,33,3,all,gaussian,medium,0,43,gaussian_medium,0.0757402328
088859eb0563,deer_horn,33,33,4,all,gaussian,medium,0,43,gaussian_medium,0.10339158
088859eb0563,deer_horn,33,33,5,all,gaussian,medium,0,43,gaussian_medium,0.048598324
088859eb0563,deer_horn,33,33,6,all,gaussian,medium,0,43,gaussian_medium,0.0794078456
088859eb0563,deer_horn,33,33,7,all,gaussian,medium,0,43,gaussian_medium,0.0701371652
088859eb0563,deer_horn,33,33,8,all,gaussian,medium,0,43,gaussian_medium,0.0331345818
088859eb0563,deer_horn,33,33,9,all,gaussian,medium,0,43,gaussian_medium,0.051694449
088859eb0563,deer_horn,33,33,10,all,gaussian,medium,0,43,gaussian_medium,0.0613875536
088859eb0563,deer_horn,33,33,11,all,gaussian,medium,0,43,gaussian_medium,0.0292409849
088859eb0563,deer_horn,33,33,12,all,gaussian,medium,0,43,gaussian_medium,0.0458574125
088859eb0563,deer_horn,33,33,13,all,gaussian,medium,0,43,gaussian_medium,0.0641211997
088859eb0563,deer_horn,33,33,14,all,gaussian,medium,0,43,gaussian_medium,0.102432826
088859eb0563,deer_horn,33,33,15,all,gaussian,medium,0,43,gaussian_medium,0.0176795699
088859eb0563,deer_horn,33,33,16,all,gaussian,medium,0,43,gaussian_medium,0.0461107037
088859eb0563,deer_horn,33,33,17,all,gaussian,medium,0,43,gaussian_medium,0.0824818347
088859eb0563,deer_horn,33,33,18,all,gaussian,medium,0,43,gaussian_medium,0.0649165797
088859eb0563,deer_horn,33,33,19,all,gaussian,medium,0,43,gaussian_medium,0.056390363
088859eb0563,deer_horn,33,33,20,all,gaussian,medium,0,43,gaussian_medium,0.0747319182
088859eb0563,deer_horn,34,34,0,all,gaussian,medium,0,43,gaussian_medium,0.0309307726
088859eb0563,deer_horn,34,34,1,all,gaussian,medium,0,43,gaussian_medium,0.0482675397
088859eb0563,deer_horn,34,34,2,all,gaussian,medium,0,43,gaussian_medium,0.0669868543
088859eb0563,deer_horn,34,34,3,all,gaussian,medium,0,43,gaussian_medium,0.0555044278
088859eb0563,deer_horn,34,34,4,all,gaussian,medium,0,43,gaussian_medium,0.0786991013
088859eb0563,deer_horn,34,34,5,all,gaussian,medium,0,43,gaussian_medium,0.0507855061
088859eb0563,deer_horn,34,34,6,all,gaussian,medium,0,43,gaussian_medium,0.0251732304
088859eb0563,deer_horn,34,34,7,all,gaussian,medium,0,43,gaussian_medium,0.0114696912
088859eb0563,deer_horn,34,34,8,all,gaussian,medium,0,43,gaussian_medium,0.0221410553
088859eb0563,deer_horn,34,34,9,all,gaussian,medium,0,43,gaussian_medium,0.0399196084
088859eb0563,deer_horn,34,34,10,all,gaussian,medium,0,43,gaussian_medium,0.0270132309
088859eb0563,deer_horn,34,34,11,all,gaussian,medium,0,43,gaussian_medium,0.023701784
088859eb0563,deer_horn,34,34,12,all,gaussian,medium,0,43,gaussian_medium,0.0631374096
088859eb0563,deer_horn,34,34,13,all,gaussian,medium,0,43,gaussian_medium,0.0192518491
088859eb0563,deer_horn,34,34,14,all,gaussian,medium,0,43,gaussian_medium,0.0457689899
088859eb0563,deer_horn,34,34,15,all,gaussian,medium,0,43,gaussian_medium,0.0205072431
088859eb0563,deer_horn,34,34,16,all,gaussian,medium,0,43,gaussian_medium,0.0570108215
088859eb0563,deer_horn,34,34,17,all,gaussian,medium,0,43,gaussian_medium,0.0556302475
088859eb0563,deer_horn,34,34,18,all,gaussian,medium,0,43,gaussian_medium,0.0526107859
088859eb0563,deer_horn,34,34,19,all,gaussian,medium,0,43,gaussian_medium,0.0752335463
088859eb0563,deer_horn,34,34,20,all,gaussian,medium,0,43,gaussian_medium,0.0275961377
088859eb0563,deer_horn,35,35,0,all,gaussian,medium,0,43,gaussian_medium,0.0482517024
088859eb0563,deer_horn,35,35,1,all,gaussian,medium,0,43,gaussian_medium,0.0442638364
088859eb0563,deer_horn,35,35,2,all,gaussian,medium,0,43,gaussian_medium,0.0621717058
088859eb0563,deer_horn,35,35,3,all,gaussian,medium,0,43,gaussian_medium,0.0236833912
088859eb0563,deer_horn,35,35,4,all,gaussian,medium,0,43,gaussian_medium,0.060204764
088859eb0563,deer_horn,35,35,5,all,gaussian,medium,0,43,gaussian_medium,0.0437695156
088859eb0563,deer_horn,35,35,6,all,gaussian,medium,0,43,gaussian_medium,0.072123448
088859eb0563,deer_horn,35,35,7,all,gaussian,medium,0,43,gaussian_medium,0.0696966922
088859eb0563,deer_horn,35,35,8,all,gaussian,medium,0,43,gaussian_medium,0.0405998785
088859eb0563,deer_horn,35,35,9,all,gaussian,medium,0,43,gaussian_medium,0.0639345091
088859eb0563,deer_horn,35,35,10,all,gaussian,medium,0,43,gaussian_medium,0.0581418137
088859eb0563,deer_horn,35,35,11,all,gaussian,medium,0,43,gaussian_medium,0.029941299
088859eb0563,deer_horn,35,35,12,all,gaussian,medium,0,43,gaussian_medium,0.0628203086
088859eb0563,deer_horn,35,35,13,all,gaussian,medium,0,43,gaussian_medium,0.0612906092
088859eb0563,deer_horn,35,35,14,all,gaussian,medium,0,43,gaussian_medium,0.0323788095
088859eb0563,deer_horn,35,35,15,all,gaussian,medium,0,43,gaussian_medium,0.0469584787
088859eb0563,deer_horn,35,35,16,all,gaussian,medium,0,43,gaussian_medium,0.0656116097
088859eb0563,deer_horn,35,35,17,all,gaussian,medium,0,43,gaussian_medium,0.0427232579
088859eb0563,deer_horn,35,35,18,all,gaussian,medium,0,43,gaussian_medium,0.0455094029
088859eb0563,deer_horn,35,35,19,all,gaussian,medium,0,43,gaussian_medium,0.0703277451
088859eb0563,deer_horn,35,35,20,all,gaussian,medium,0,43,gaussian_medium,0.0411839341
088859eb0563,deer_horn,36,36,0,all,gaussian,medium,0,43,gaussian_medium,0.0412101619
088859eb0563,deer_horn,36,36,1,all,gaussian,medium,0,43,gaussian_medium,0.0548753196
088859eb0563,deer_horn,36,36,2,all,gaussian,medium,0,43,gaussian_medium,0.0643349946
088859eb0563,deer_horn,36,36,3,all,gaussian,medium,0,43,gaussian_medium,0.0559635507
088859eb0563,deer_horn,36,36,4,all,gaussian,medium,0,43,gaussian_medium,0.0205616465
088859eb0563,deer_horn,36,36,5,all,gaussian,medium,0,43,gaussian_medium,0.0588442161
088859eb0563,deer_horn,36,36,6,all,gaussian,medium,0,43,gaussian_medium,0.0773969168
088859eb0563,deer_horn,36,36,7,all,gaussian,medium,0,43,gaussian_medium,0.0563098277
088859eb0563,deer_horn,36,36,8,all,gaussian,medium,0,43,gaussian_medium,0.0495371524
088859eb0563,deer_horn,36,36,9,all,gaussian,medium,0,43,gaussian_medium,0.0715166491
088859eb0563,deer_horn,36,36,10,all,gaussian,medium,0,43,gaussian_medium,0.06365756
088859eb0563,deer_horn,36,36,11,all,gaussian,medium,0,43,gaussian_medium,0.0259562243
088859eb0563,deer_horn,36,36,12,all,gaussian,medium,0,43,gaussian_medium,0.0290755542
088859eb0563,deer_horn,36,36,13,all,gaussian,medium,0,43,gaussian_medium,0.034679186
088859eb0563,deer_horn,36,36,14,all,gaussian,medium,0,43,gaussian_medium,0.0631259734
088859eb0563,deer_horn,36,36,15,all,gaussian,medium,0,43,gaussian_medium,0.0772722518
088859eb0563,deer_horn,36,36,16,all,gaussian,medium,0,43,gaussian_medium,0.0424909825
088859eb0563,deer_horn,36,36,17,all,gaussian,medium,0,43,gaussian_medium,0.0365511418
088859eb0563,deer_horn,36,36,18,all,gaussian,medium,0,43,gaussian_medium,0.055504737
088859eb0563,deer_horn,36,36,19,all,gaussian,medium,0,43,gaussian_medium,0.0740024897
088859eb0563,deer_horn,36,36,20,all,gaussian,medium,0,43,gaussian_medium,0.0883194751
088859eb0563,deer_horn,37,37,0,all,gaussian,medium,0,43,gaussian_medium,0.0213316206
088859eb0563,deer_horn,37,37,1,all,gaussian,medium,0,43,gaussian_medium,0.0559427391
088859eb0563,deer_horn,37,37,2,all,gaussian,medium,0,43,gaussian_medium,0.0537206102
088859eb0563,deer_horn,37,37,3,all,gaussian,medium,0,43,gaussian_medium,0.0280007055
088859eb0563,deer_horn,37,37,4,all,gaussian,medium,0,43,gaussian_medium,0.0905612851
088859eb0563,deer_horn,37,37,5,all,gaussian,medium,0,43,gaussian_medium,0.026796762
088859eb0563,deer_horn,37,37,6,all,gaussian,medium,0,43,gaussian_medium,0.0662214201
088859eb0563,deer_horn,37,37,7,all,gaussian,medium,0,43,gaussian_medium,0.02411723
088859eb0563,deer_horn,37,37,8,all,gaussian,medium,0,43,gaussian_medium,0.0557565684
088859eb0563,deer_horn,37,37,9,all,gaussian,medium,0,43,gaussian_medium,0.023890031
088859eb0563,deer_horn,37,37,10,all,gaussian,medium,0,43,gaussian_medium,0.019416443
088859eb0563,deer_horn,37,37,11,all,gaussian,medium,0,43,gaussian_medium,0.0591932995
088859eb0563,deer_horn,37,37,12,all,gaussian,medium,0,43,gaussian_medium,0.0502371256
088859eb0563,deer_horn,37,37,13,all,gaussian,medium,0,43,gaussian_medium,0.0567084238
088859eb0563,deer_horn,37,37,14,all,gaussian,medium,0,43,gaussian_medium,0.058847425
088859eb0563,deer_horn,37,37,15,all,gaussian,medium,0,43,gaussian_medium,0.0336605475
088859eb0563,deer_horn,37,37,16,all,gaussian,medium,0,43,gaussian_medium,0.0527406163
088859eb0563,deer_horn,37,37,17,all,gaussian,medium,0,43,gaussian_medium,0.0538216764
088859eb0563,deer_horn,37,37,18,all,gaussian,medium,0,43,gaussian_medium,0.0561911986
088859eb0563,deer_horn,37,37,19,all,gaussian,medium,0,43,gaussian_medium,0.0515205132
088859eb0563,deer_horn,37,37,20,all,gaussian,medium,0,43,gaussian_medium,0.0333244829
088859eb0563,deer_horn,38,38,0,all,gaussian,medium,0,43,gaussian_medium,0.0269654808
088859eb0563,deer_horn,38,38,1,all,gaussian,medium,0,43,gaussian_medium,0.0766473829
088859eb0563,deer_horn,38,38,2,all,gaussian,medium,0,43,gaussian_medium,0.0178736765
088859eb0563,deer_horn,38,38,3,all,gaussian,medium,0,43,gaussian_medium,0.0353771543
088859eb0563,deer_horn,38,38,4,all,gaussian,medium,0,43,gaussian_medium,0.0277810207
088859eb0563,deer_horn,38,38,5,all,gaussian,medium,0,43,gaussian_medium,0.046629383
088859eb0563,deer_horn,38,38,6,all,gaussian,medium,0,43,gaussian_medium,0.0448226256
088859eb0563,deer_horn,38,38,7,all,gaussian,medium,0,43,gaussian_medium,0.0338691754
088859eb0563,deer_horn,38,38,8,all,gaussian,medium,0,43,gaussian_medium,0.0779578569
088859eb0563,deer_horn,38,38,9,all,gaussian,medium,0,43,gaussian_medium,0.0362126528
088859eb0563,deer_horn,38,38,10,all,gaussian,medium,0,43,gaussian_medium,0.048829129
088859eb0563,deer_horn,38,38,11,all,gaussian,medium,0,43,gaussian_medium,0.0510514272
088859eb0563,deer_horn,38,38,12,all,gaussian,medium,0,43,gaussian_medium,0.0257067824
088859eb0563,deer_horn,38,38,13,all,gaussian,medium,0,43,gaussian_medium,0.0641333367
088859eb0563,deer_horn,38,38,14,all,gaussian,medium,0,43,gaussian_medium,0.070574756
088859eb0563,deer_horn,38,38,15,all,gaussian,medium,0,43,gaussian_medium,0.063153678
088859eb0563,deer_horn,38,38,16,all,gaussian,medium,0,43,gaussian_medium,0.0255746922
088859eb0563,deer_horn,38,38,17,all,gaussian,medium,0,43,gaussian_medium,0.0298944921
088859eb0563,deer_horn,38,38,18,all,gaussian,medium,0,43,gaussian_medium,0.0584476516
088859eb0563,deer_horn,38,38,19,all,gaussian,medium,0,43,gaussian_medium,0.0698213491
088859eb0563,deer_horn,38,38,20,all,gaussian,medium,0,43,gaussian_medium,0.0505906315
088859eb0563,deer_horn,39,39,0,all,gaussian,medium,0,43,gaussian_medium,0.0509872494
088859eb0563,deer_horn,39,39,1,all,gaussian,medium,0,43,gaussian_medium,0.0550929904
088859eb0563,deer_horn,39,39,2,all,gaussian,medium,0,43,gaussian_medium,0.0672981262
088859eb0563,deer_horn,39,39,3,all,gaussian,medium,0,43,gaussian_medium,0.0364001161
088859eb0563,deer_horn,39,39,4,all,gaussian,medium,0,43,gaussian_medium,0.047061719
088859eb0563,deer_horn,39,39,5,all,gaussian,medium,0,43,gaussian_medium,0.0369147817
088859eb0563,deer_horn,39,39,6,all,gaussian,medium,0,43,gaussian_medium,0.0641725576
088859eb0563,deer_horn,39,39,7,all,gaussian,medium,0,43,gaussian_medium,0.0355231729
088859eb0563,deer_horn,39,39,8,all,gaussian,medium,0,43,gaussian_medium,0.0368015838
088859eb0563,deer_horn,39,39,9,all,gaussian,medium,0,43,gaussian_medium,0.0378554287
088859eb0563,deer_horn,39,39,10,all,gaussian,medium,0,43,gaussian_medium,0.0427752659
088859eb0563,deer_horn,39,39,11,all,gaussian,medium,0,43,gaussian_medium,0.0933643182
088859eb0563,deer_horn,39,39,12,all,gaussian,medium,0,43,gaussian_medium,0.0438031675
088859eb0563,deer_horn,39,39,13,all,gaussian,medium,0,43,gaussian_medium,0.0285546469
088859eb0563,deer_horn,39,39,14,all,gaussian,medium,0,43,gaussian_medium,0.0436874065
088859eb0563,deer_horn,39,39,15,all,gaussian,medium,0,43,gaussian_medium,0.0358185955
088859eb0563,deer_horn,39,39,16,all,gaussian,medium,0,43,gaussian_medium,0.0407142175
088859eb0563,deer_horn,39,39,17,all,gaussian,medium,0,43,gaussian_medium,0.1231115
088859eb0563,deer_horn,39,39,18,all,gaussian,medium,0,43,gaussian_medium,0.0241644877
088859eb0563,deer_horn,39,39,19,all,gaussian,medium,0,43,gaussian_medium,0.00879623612
088859eb0563,deer_horn,39,39,20,all,gaussian,medium,0,43,gaussian_medium,0.0445909253
088859eb0563,deer_horn,40,40,0,all,gaussian,medium,0,43,gaussian_medium,0.0341011138
088859eb0563,deer_horn,40,40,1,all,gaussian,medium,0,43,gaussian_medium,0.0474241117
088859eb0563,deer_horn,40,40,2,all,gaussian,medium,0,43,gaussian_medium,0.0365709505
088859eb0563,deer_horn,40,40,3,all,gaussian,medium,0,43,gaussian_medium,0.0226125901
088859eb0563,deer_horn,40,40,4,all,gaussian,medium,0,43,gaussian_medium,0.0647839624
088859eb0563,deer_horn,40,40,5,all,gaussian,medium,0,43,gaussian_medium,0.0607086607
088859eb0563,deer_horn,40,40,6,all,gaussian,medium,0,43,gaussian_medium,0.0420318544
088859eb0563,deer_horn,40,40,7,all,gaussian,medium,0,43,gaussian_medium,0.0626838034
088859eb0563,deer_horn,40,40,8,all,gaussian,medium,0,43,gaussian_medium,0.0442827423
088859eb0563,deer_horn,40,40,9,all,gaussian,medium,0,43,gaussian_medium,0.0251882974
088859eb0563,deer_horn,40,40,10,all,gaussian,medium,0,43,gaussian_medium,0.0410415461
088859eb0563,deer_horn,40,40,11,all,gaussian,medium,0,43,gaussian_medium,0.0609337341
088859eb0563,deer_horn,40,40,12,all,gaussian,medium,0,43,gaussian_medium,0.0355572714
088859eb0563,deer_horn,40,40,13,all,gaussian,medium,0,43,gaussian_medium,0.0647430347
088859eb0563,deer_horn,40,40,14,all,gaussian,medium,0,43,gaussian_medium,0.0674115379
088859eb0563,deer_horn,40,40,15,all,gaussian,medium,0,43,gaussian_medium,0.0519706912
088859eb0563,deer_horn,40,40,16,all,gaussian,medium,0,43,gaussian_medium,0.0868765435
088859eb0563,deer_horn,40,40,17,all,gaussian,medium,0,43,gaussian_medium,0.0584355366
088859eb0563,deer_horn,40,40,18,all,gaussian,medium,0,43,gaussian_medium,0.038508917
088859eb0563,deer_horn,40,40,19,all,gaussian,medium,0,43,gaussian_medium,0.0321046695
088859eb0563,deer_horn,40,40,20,all,gaussian,medium,0,43,gaussian_medium,0.0426752875
088859eb0563,deer_horn,41,41,0,all,gaussian,medium,0,43,gaussian_medium,0.032580407
088859eb0563,deer_horn,41,41,1,all,gaussian,medium,0,43,gaussian_medium,0.0761490463
088859eb0563,deer_horn,41,41,2,all,gaussian,medium,0,43,gaussian_medium,0.0516238425
088859eb0563,deer_horn,41,41,3,all,gaussian,medium,0,43,gaussian_medium,0.0813086214
088859eb0563,deer_horn,41,41,4,all,gaussian,medium,0,43,gaussian_medium,0.0641709471
088859eb0563,deer_horn,41,41,5,all,gaussian,medium,0,43,gaussian_medium,0.0475953754
088859eb0563,deer_horn,41,41,6,all,gaussian,medium,0,43,gaussian_medium,0.0798032307
088859eb0563,deer_horn,41,41,7,all,gaussian,medium,0,43,gaussian_medium,0.0478280643
088859eb0563,deer_horn,41,41,8,all,gaussian,medium,0,43,gaussian_medium,0.0504115401
088859eb0563,deer_horn,41,41,9,all,gaussian,medium,0,43,gaussian_medium,0.0356946549
088859eb0563,deer_horn,41,41,10,all,gaussian,medium,0,43,gaussian_medium,0.0330521345
088859eb0563,deer_horn,41,41,11,all,gaussian,medium,0,43,gaussian_medium,0.0428347884
088859eb0563,deer_horn,41,41,12,all,gaussian,medium,0,43,gaussian_medium,0.0579648858
088859eb0563,deer_horn,41,41,13,all,gaussian,medium,0,43,gaussian_medium,0.0514221409
088859eb0563,deer_horn,41,41,14,all,gaussian,medium,0,43,gaussian_medium,0.0874698419
088859eb0563,deer_horn,41,41,15,all,gaussian,medium,0,43,gaussian_medium,0.0305180268
088859eb0563,deer_horn,41,41,16,all,gaussian,medium,0,43,gaussian_medium,0.0893062867
088859eb0563,deer_horn,41,41,17,all,gaussian,medium,0,43,gaussian_medium,0.0349283455
088859eb0563,deer_horn,41,41,18,all,gaussian,medium,0,43,gaussian_medium,0.0394021893
088859eb0563,deer_horn,41,41,19,all,gaussian,medium,0,43,gaussian_medium,0.0486188789
088859eb0563,deer_horn,41,41,20,all,gaussian,medium,0,43,gaussian_medium,0.045021234
088859eb0563,deer_horn,42,42,0,all,gaussian,medium,0,43,gaussian_medium,0.0307364295
088859eb0563,deer_horn,42,42,1,all,gaussian,medium,0,43,gaussian_medium,0.0627665512
088859eb0563,deer_horn,42,42,2,all,gaussian,medium,0,43,gaussian_medium,0.0677288501
088859eb0563,deer_horn,42,42,3,all,gaussian,medium,0,43,gaussian_medium,0.0412601228
088859eb0563,deer_horn,42,42,4,all,gaussian,medium,0,43,gaussian_medium,0.04400834
088859eb0563,deer_horn,42,42,5,all,gaussian,medium,0,43,gaussian_medium,0.0342184685
088859eb0563,deer_horn,42,42,6,all,gaussian,medium,0,43,gaussian_medium,0.0439373074
088859eb0563,deer_horn,42,42,7,all,gaussian,medium,0,43,gaussian_medium,0.0724554811
088859eb0563,deer_horn,42,42,8,all,gaussian,medium,0,43,gaussian_medium,0.04963441
088859eb0563,deer_horn,42,42,9,all,gaussian,medium,0,43,gaussian_medium,0.0613642138
088859eb0563,deer_horn,42,42,10,all,gaussian,medium,0,43,gaussian_medium,0.0758347037
088859eb0563,deer_horn,42,42,11,all,gaussian,medium,0,43,gaussian_medium,0.0198329835
088859eb0563,deer_horn,42,42,12,all,gaussian,medium,0,43,gaussian_medium,0.0467696084
088859eb0563,deer_horn,42,42,13,all,gaussian,medium,0,43,gaussian_medium,0.0549727261
088859eb0563,deer_horn,42,42,14,all,gaussian,medium,0,43,gaussian_medium,0.0510358496
088859eb0563,deer_horn,42,42,15,all,gaussian,medium,0,43,gaussian_medium,0.0694028464
088859eb0563,deer_horn,42,42,16,all,gaussian,medium,0,43,gaussian_medium,0.0165025795
088859eb0563,deer_horn,42,42,17,all,gaussian,medium,0,43,gaussian_medium,0.036457249
088859eb0563,deer_horn,42,42,18,all,gaussian,medium,0,43,gaussian_medium,0.0231605265
088859eb0563,deer_horn,42,42,19,all,gaussian,medium,0,43,gaussian_medium,0.0260585045
088859eb0563,deer_horn,42,42,20,all,gaussian,medium,0,43,gaussian_medium,0.0574289612
088859eb0563,deer_horn,43,43,0,all,gaussian,medium,0,43,gaussian_medium,0.0463264844
088859eb0563,deer_horn,43,43,1,all,gaussian,medium,0,43,gaussian_medium,0.0346024606
088859eb0563,deer_horn,43,43,2,all,gaussian,medium,0,43,gaussian_medium,0.0686430857
088859eb0563,deer_horn,43,43,3,all,gaussian,medium,0,43,gaussian_medium,0.0379439347
088859eb0563,deer_horn,43,43,4,all,gaussian,medium,0,43,gaussian_medium,0.0474285652
088859eb0563,deer_horn,43,43,5,all,gaussian,medium,0,43,gaussian_medium,0.0494560579
088859eb0563,deer_horn,43,43,6,all,gaussian,medium,0,43,gaussian_medium,0.0680124845
088859eb0563,deer_horn,43,43,7,all,gaussian,medium,0,43,gaussian_medium,0.0522060985
088859eb0563,deer_horn,43,43,8,all,gaussian,medium,0,43,gaussian_medium,0.0486389894
088859eb0563,deer_horn,43,43,9,all,gaussian,medium,0,43,gaussian_medium,0.062947857
088859eb0563,deer_horn,43,43,10,all,gaussian,medium,0,43,gaussian_medium,0.0197019509
088859eb0563,deer_horn,43,43,11,all,gaussian,medium,0,43,gaussian_medium,0.0647704013
088859eb0563,deer_horn,43,43,12,all,gaussian,medium,0,43,gaussian_medium,0.0811873944
088859eb0563,deer_horn,43,43,13,all,gaussian,medium,0,43,gaussian_medium,0.060352723
088859eb0563,deer_horn,43,43,14,all,gaussian,medium,0,43,gaussian_medium,0.0755375036
088859eb0563,deer_horn,43,43,15,all,gaussian,medium,0,43,gaussian_medium,0.0697878418
088859eb0563,deer_horn,43,43,16,all,gaussian,medium,0,43,gaussian_medium,0.0409636821
088859eb0563,deer_horn,43,43,17,all,gaussian,medium,0,43,gaussian_medium,0.042840155
088859eb0563,deer_horn,43,43,18,all,gaussian,medium,0,43,gaussian_medium,0.0370406707
088859eb0563,deer_horn,43,43,19,all,gaussian,medium,0,43,gaussian_medium,0.04294846
088859eb0563,deer_horn,43,43,20,all,gaussian,medium,0,43,gaussian_medium,0.0611938091
088859eb0563,deer_horn,44,44,0,all,gaussian,medium,0,43,gaussian_medium,0.0461516774
088859eb0563,deer_horn,44,44,1,all,gaussian,medium,0,43,gaussian_medium,0.0353691382
088859eb0563,deer_horn,44,44,2,all,gaussian,medium,0,43,gaussian_medium,0.0759906745
088859eb0563,deer_horn,44,44,3,all,gaussian,medium,0,43,gaussian_medium,0.0470783559
088859eb0563,deer_horn,44,44,4,all,gaussian,medium,0,43,gaussian_medium,0.0286732288
088859eb0563,deer_horn,44,44,5,all,gaussian,medium,0,43,gaussian_medium,0.0675056423
088859eb0563,deer_horn,44,44,6,all,gaussian,medium,0,43,gaussian_medium,0.0765260006
088859eb0563,deer_horn,44,44,7,all,gaussian,medium,0,43,gaussian_medium,0.0407422622
088859eb0563,deer_horn,44,44,8,all,gaussian,medium,0,43,gaussian_medium,0.0110709702
088859eb0563,deer_horn,44,44,9,all,gaussian,medium,0,43,gaussian_medium,0.0386590457
088859eb0563,deer_horn,44,44,10,all,gaussian,medium,0,43,gaussian_medium,0.062012484
088859eb0563,deer_horn,44,44,11,all,gaussian,medium,0,43,gaussian_medium,0.0398280639
088859eb0563,deer_horn,44,44,12,all,gaussian,medium,0,43,gaussian_medium,0.0768963024
088859eb0563,deer_horn,44,44,13,all,gaussian,medium,0,43,gaussian_medium,0.0405254488
088859eb0563,deer_horn,44,44,14,all,gaussian,medium,0,43,gaussian_medium,0.0370130039
088859eb0563,deer_horn,44,44,15,all,gaussian,medium,0,43,gaussian_medium,0.0163902616
088859eb0563,deer_horn,44,44,16,all,gaussian,medium,0,43,gaussian_medium,0.0144579624
088859eb0563,deer_horn,44,44,17,all,gaussian,medium,0,43,gaussian_medium,0.0513204057
088859eb0563,deer_horn,44,44,18,all,gaussian,medium,0,43,gaussian_medium,0.0328478398
088859eb0563,deer_horn,44,44,19,all,gaussian,medium,0,43,gaussian_medium,0.0163230426
088859eb0563,deer_horn,44,44,20,all,gaussian,medium,0,43,gaussian_medium,0.0727651106
088859eb0563,deer_horn,45,45,0,all,gaussian,medium,0,43,gaussian_medium,0.0285724033
088859eb0563,deer_horn,45,45,1,all,gaussian,medium,0,43,gaussian_medium,0.038693472
088859eb0563,deer_horn,45,45,2,all,gaussian,medium,0,43,gaussian_medium,0.039909776
088859eb0563,deer_horn,45,45,3,all,gaussian,medium,0,43,gaussian_medium,0.032040402
088859eb0563,deer_horn,45,45,4,all,gaussian,medium,0,43,gaussian_medium,0.0812870262
088859eb0563,deer_horn,45,45,5,all,gaussian,medium,0,43,gaussian_medium,0.0547268996
088859eb0563,deer_horn,45,45,6,all,gaussian,medium,0,43,gaussian_medium,0.0407663793
088859eb0563,deer_horn,45,45,7,all,gaussian,medium,0,43,gaussian_medium,0.0625040494
088859eb0563,deer_horn,45,45,8,all,gaussian,medium,0,43,gaussian_medium,0.0592348511
088859eb0563,deer_horn,45,45,9,all,gaussian,medium,0,43,gaussian_medium,0.0441536894
088859eb0563,deer_horn,45,45,10,all,gaussian,medium,0,43,gaussian_medium,0.0331489115
088859eb0563,deer_horn,45,45,11,all,gaussian,medium,0,43,gaussian_medium,0.0374716974
088859eb0563,deer_horn,45,45,12,all,gaussian,medium,0,43,gaussian_medium,0.0337170818
088859eb0563,deer_horn,45,45,13,all,gaussian,medium,0,43,gaussian_medium,0.0400933522
088859eb0563,deer_horn,45,45,14,all,gaussian,medium,0,43,gaussian_medium,0.0295183069
088859eb0563,deer_horn,45,45,15,all,gaussian,medium,0,43,gaussian_medium,0.0733706173
088859eb0563,deer_horn,45,45,16,all,gaussian,medium,0,43,gaussian_medium,0.037642266
088859eb0563,deer_horn,45,45,17,all,gaussian,medium,0,43,gaussian_medium,0.0155607034
088859eb0563,deer_horn,45,45,18,all,gaussian,medium,0,43,gaussian_medium,0.0310367495
088859eb0563,deer_horn,45,45,19,all,gaussian,medium,0,43,gaussian_medium,0.0731526905
088859eb0563,deer_horn,45,45,20,all,gaussian,medium,0,43,gaussian_medium,0.0183367887
088859eb0563,deer_horn,46,46,0,all,gaussian,medium,0,43,gaussian_medium,0.0544670052
088859eb0563,deer_horn,46,46,1,all,gaussian,medium,0,43,gaussian_medium,0.0672765278
088859eb0563,deer_horn,46,46,2,all,gaussian,medium,0,43,gaussian_medium,0.0844331435
088859eb0563,deer_horn,46,46,3,all,gaussian,medium,0,43,gaussian_medium,0.0173618121
088859eb0563,deer_horn,46,46,4,all,gaussian,medium,0,43,gaussian_medium,0.0361283915
088859eb0563,deer_horn,46,46,5,all,gaussian,medium,0,43,gaussian_medium,0.0416371251
088859eb0563,deer_horn,46,46,6,all,gaussian,medium,0,43,gaussian_medium,0.0614348329
088859eb0563,deer_horn,46,46,7,all,gaussian,medium,0,43,gaussian_medium,0.0345234502
088859eb0563,deer_horn,46,46,8,all,gaussian,medium,0,43,gaussian_medium,0.0337969248
088859eb0563,deer_horn,46,46,9,all,gaussian,medium,0,43,gaussian_medium,0.0311452316
088859eb0563,deer_horn,46,46,10,all,gaussian,medium,0,43,gaussian_medium,0.00594320822
088859eb0563,deer_horn,46,46,11,all,gaussian,medium,0,43,gaussian_medium,0.0404251794
088859eb0563,deer_horn,46,46,12,all,gaussian,medium,0,43,gaussian_medium,0.0450919119
088859eb0563,deer_horn,46,46,13,all,gaussian,medium,0,43,gaussian_medium,0.0182680247
088859eb0563,deer_horn,46,46,14,all,gaussian,medium,0,43,gaussian_medium,0.0369501242
088859eb0563,deer_horn,46,46,15,all,gaussian,medium,0,43,gaussian_medium,0.0253793543
088859eb0563,deer_horn,46,46,16,all,gaussian,medium,0,43,gaussian_medium,0.0338956962
088859eb0563,deer_horn,46,46,17,all,gaussian,medium,0,43,gaussian_medium,0.0489116305
088859eb0563,deer_horn,46,46,18,all,gaussian,medium,0,43,gaussian_medium,0.0818596391
088859eb0563,deer_horn,46,46,19,all,gaussian,medium,0,43,gaussian_medium,0.0328196587
088859eb0563,deer_horn,46,46,20,all,gaussian,medium,0,43,gaussian_medium,0.0503135291
088859eb0563,deer_horn,47,47,0,all,gaussian,medium,0,43,gaussian_medium,0.0661007878
088859eb0563,deer_horn,47,47,1,all,gaussian,medium,0,43,gaussian_medium,0.0577421243
088859eb0563,deer_horn,47,47,2,all,gaussian,medium,0,43,gaussian_medium,0.0647766893
088859eb0563,deer_horn,47,47,3,all,gaussian,medium,0,43,gaussian_medium,0.0662126081
088859eb0563,deer_horn,47,47,4,all,gaussian,medium,0,43,gaussian_medium,0.059150053
088859eb0563,deer_horn,47,47,5,all,gaussian,medium,0,43,gaussian_medium,0.0523516984
088859eb0563,deer_horn,47,47,6,all,gaussian,medium,0,43,gaussian_medium,0.0285485412
088859eb0563,deer_horn,47,47,7,all,gaussian,medium,0,43,gaussian_medium,0.0682914774
088859eb0563,deer_horn,47,47,8,all,gaussian,medium,0,43,gaussian_medium,0.0278516454
088859eb0563,deer_horn,47,47,9,all,gaussian,medium,0,43,gaussian_medium,0.0641957619
088859eb0563,deer_horn,47,47,10,all,gaussian,medium,0,43,gaussian_medium,0.0599997661
088859eb0563,deer_horn,47,47,11,all,gaussian,medium,0,43,gaussian_medium,0.0167594741
088859eb0563,deer_horn,47,47,12,all,gaussian,medium,0,43,gaussian_medium,0.0552776946
088859eb0563,deer_horn,47,47,13,all,gaussian,medium,0,43,gaussian_medium,0.0447033464
088859eb0563,deer_horn,47,47,14,all,gaussian,medium,0,43,gaussian_medium,0.0802403762
088859eb0563,deer_horn,47,47,15,all,gaussian,medium,0,43,gaussian_medium,0.0432654341
088859eb0563,deer_horn,47,47,16,all,gaussian,medium,0,43,gaussian_medium,0.0469192483
088859eb0563,deer_horn,47,47,17,all,gaussian,medium,0,43,gaussian_medium,0.060914686
088859eb0563,deer_horn,47,47,18,all,gaussian,medium,0,43,gaussian_medium,0.0626665421
088859eb0563,deer_horn,47,47,19,all,gaussian,medium,0,43,gaussian_medium,0.0219412038
088859eb0563,deer_horn,47,47,20,all,gaussian,medium,0,43,gaussian_medium,0.0373105945
088859eb0563,deer_horn,48,48,0,all,gaussian,medium,0,43,gaussian_medium,0.0388080807
088859eb0563,deer_horn,48,48,1,all,gaussian,medium,0,43,gaussian_medium,0.0383232302
088859eb0563,deer_horn,48,48,2,all,gaussian,medium,0,43,gaussian_medium,0.0351102447
088859eb0563,deer_horn,48,48,3,all,gaussian,medium,0,43,gaussian_medium,0.0474884355
088859eb0563,deer_horn,48,48,4,all,gaussian,medium,0,43,gaussian_medium,0.0516603249
088859eb0563,deer_horn,48,48,5,all,gaussian,medium,0,43,gaussian_medium,0.0247159508
088859eb0563,deer_horn,48,48,6,all,gaussian,medium,0,43,gaussian_medium,0.0657765193
088859eb0563,deer_horn,48,48,7,all,gaussian,medium,0,43,gaussian_medium,0.0248152015
088859eb0563,deer_horn,48,48,8,all,gaussian,medium,0,43,gaussian_medium,0.0459004489
088859eb0563,deer_horn,48,48,9,all,gaussian,medium,0,43,gaussian_medium,0.0559813792
088859eb0563,deer_horn,48,48,10,all,gaussian,medium,0,43,gaussian_medium,0.067828441
088859eb0563,deer_horn,48,48,11,all,gaussian,medium,0,43,gaussian_medium,0.0160484132
088859eb0563,deer_horn,48,48,12,all,gaussian,medium,0,43,gaussian_medium,0.082822669
088859eb0563,deer_horn,48,48,13,all,gaussian,medium,0,43,gaussian_medium,0.0259928426
088859eb0563,deer_horn,48,48,14,all,gaussian,medium,0,43,gaussian_medium,0.0631765757
088859eb0563,deer_horn,48,48,15,all,gaussian,medium,0,43,gaussian_medium,0.0184474501
088859eb0563,deer_horn,48,48,16,all,gaussian,medium,0,43,gaussian_medium,0.0402683045
088859eb0563,deer_horn,48,48,17,all,gaussian,medium,0,43,gaussian_medium,0.0142237525
088859eb0563,deer_horn,48,48,18,all,gaussian,medium,0,43,gaussian_medium,0.0795739955
088859eb0563,deer_horn,48,48,19,all,gaussian,medium,0,43,gaussian_medium,0.0299679276
088859eb0563,deer_horn,48,48,20,all,gaussian,medium,0,43,gaussian_medium,0.0161222879
088859eb0563,deer_horn,49,49,0,all,gaussian,medium,0,43,gaussian_medium,0.0580303726
088859eb0563,deer_horn,49,49,1,all,gaussian,medium,0,43,gaussian_medium,0.132944113
088859eb0563,deer_horn,49,49,2,all,gaussian,medium,0,43,gaussian_medium,0.0619012457
088859eb0563,deer_horn,49,49,3,all,gaussian,medium,0,43,gaussian_medium,0.0414062223
088859eb0563,deer_horn,49,49,4,all,gaussian,medium,0,43,gaussian_medium,0.0680058636
088859eb0563,deer_horn,49,49,5,all,gaussian,medium,0,43,gaussian_medium,0.0329993928
088859eb0563,deer_horn,49,49,6,all,gaussian,medium,0,43,gaussian_medium,0.0376637711
088859eb0563,deer_horn,49,49,7,all,gaussian,medium,0,43,gaussian_medium,0.0462822994
088859eb0563,deer_horn,49,49,8,all,gaussian,medium,0,43,gaussian_medium,0.0888973954
088859eb0563,deer_horn,49,49,9,all,gaussian,medium,0,43,gaussian_medium,0.0584251495
088859eb0563,deer_horn,49,49,10,all,gaussian,medium,0,43,gaussian_medium,0.0373092519
088859eb0563,deer_horn,49,49,11,all,gaussian,medium,0,43,gaussian_medium,0.0521152279
088859eb0563,deer_horn,49,49,12,all,gaussian,medium,0,43,gaussian_medium,0.0795382973
088859eb0563,deer_horn,49,49,13,all,gaussian,medium,0,43,gaussian_medium,0.0394576642
088859eb0563,deer_horn,49,49,14,all,gaussian,medium,0,43,gaussian_medium,0.031726654
088859eb0563,deer_horn,49,49,15,all,gaussian,medium,0,43,gaussian_medium,0.0191650971
088859eb0563,deer_horn,49,49,16,all,gaussian,medium,0,43,gaussian_medium,0.0141262447
088859eb0563,deer_horn,49,49,17,all,gaussian,medium,0,43,gaussian_medium,0.0329570806
088859eb0563,deer_horn,49,49,18,all,gaussian,medium,0,43,gaussian_medium,0.0338350806
088859eb0563,deer_horn,49,49,19,all,gaussian,medium,0,43,gaussian_medium,0.0524212247
088859eb0563,deer_horn,49,49,20,all,gaussian,medium,0,43,gaussian_medium,0.0544148822
088859eb0563,deer_horn,50,50,0,all,gaussian,medium,0,43,gaussian_medium,0.0648959364
088859eb0563,deer_horn,50,50,1,all,gaussian,medium,0,43,gaussian_medium,0.0512293119
088859eb0563,deer_horn,50,50,2,all,gaussian,medium,0,43,gaussian_medium,0.0597316336
088859eb0563,deer_horn,50,50,3,all,gaussian,medium,0,43,gaussian_medium,0.0413937227
088859eb0563,deer_horn,50,50,4,all,gaussian,medium,0,43,gaussian_medium,0.0347653715
088859eb0563,deer_horn,50,50,5,all,gaussian,medium,0,43,gaussian_medium,0.0384263028
088859eb0563,deer_horn,50,50,6,all,gaussian,medium,0,43,gaussian_medium,0.0288957702
088859eb0563,deer_horn,50,50,7,all,gaussian,medium,0,43,gaussian_medium,0.059225036
088859eb0563,deer_horn,50,50,8,all,gaussian,medium,0,43,gaussian_medium,0.0269247293
088859eb0563,deer_horn,50,50,9,all,gaussian,medium,0,43,gaussian_medium,0.0560919843
088859eb0563,deer_horn,50,50,10,all,gaussian,medium,0,43,gaussian_medium,0.0421863085
088859eb0563,deer_horn,50,50,11,all,gaussian,medium,0,43,gaussian_medium,0.0486503542
088859eb0563,deer_horn,50,50,12,all,gaussian,medium,0,43,gaussian_medium,0.0594898286
088859eb0563,deer_horn,50,50,13,all,gaussian,medium,0,43,gaussian_medium,0.0399771187
088859eb0563,deer_horn,50,50,14,all,gaussian,medium,0,43,gaussian_medium,0.0366169466
088859eb0563,deer_horn,50,50,15,all,gaussian,medium,0,43,gaussian_medium,0.0455268299
088859eb0563,deer_horn,50,50,16,all,gaussian,medium,0,43,gaussian_medium,0.0438480513
088859eb0563,deer_horn,50,50,17,all,gaussian,medium,0,43,gaussian_medium,0.0195278387
088859eb0563,deer_horn,50,50,18,all,gaussian,medium,0,43,gaussian_medium,0.0507939113
088859eb0563,deer_horn,50,50,19,all,gaussian,medium,0,43,gaussian_medium,0.0513285287
088859eb0563,deer_horn,50,50,20,all,gaussian,medium,0,43,gaussian_medium,0.0747923375
088859eb0563,deer_horn,51,51,0,all,gaussian,medium,0,43,gaussian_medium,0.0524571932
088859eb0563,deer_horn,51,51,1,all,gaussian,medium,0,43,gaussian_medium,0.0272327113
088859eb0563,deer_horn,51,51,2,all,gaussian,medium,0,43,gaussian_medium,0.0163142488
088859eb0563,deer_horn,51,51,3,all,gaussian,medium,0,43,gaussian_medium,0.0378750526
088859eb0563,deer_horn,51,51,4,all,gaussian,medium,0,43,gaussian_medium,0.0496554896
088859eb0563,deer_horn,51,51,5,all,gaussian,medium,0,43,gaussian_medium,0.107274771
088859eb0563,deer_horn,51,51,6,all,gaussian,medium,0,43,gaussian_medium,0.0312213074
088859eb0563,deer_horn,51,51,7,all,gaussian,medium,0,43,gaussian_medium,0.0474695882
088859eb0563,deer_horn,51,51,8,all,gaussian,medium,0,43,gaussian_medium,0.039563206
088859eb0563,deer_horn,51,51,9,all,gaussian,medium,0,43,gaussian_medium,0.0402463613
088859eb0563,deer_horn,51,51,10,all,gaussian,medium,0,43,gaussian_medium,0.0360003485
088859eb0563,deer_horn,51,51,11,all,gaussian,medium,0,43,gaussian_medium,0.0335959987
088859eb0563,deer_horn,51,51,12,all,gaussian,medium,0,43,gaussian_medium,0.0219840104
088859eb0563,deer_horn,51,51,13,all,gaussian,medium,0,43,gaussian_medium,0.0495354576
088859eb0563,deer_horn,51,51,14,all,gaussian,medium,0,43,gaussian_medium,0.0832184749
088859eb0563,deer_horn,51,51,15,all,gaussian,medium,0,43,gaussian_medium,0.0359588407
088859eb0563,deer_horn,51,51,16,all,gaussian,medium,0,43,gaussian_medium,0.0311754451
088859eb0563,deer_horn,51,51,17,all,gaussian,medium,0,43,gaussian_medium,0.0167861289
088859eb0563,deer_horn,51,51,18,all,gaussian,medium,0,43,gaussian_medium,0.0301183232
088859eb0563,deer_horn,51,51,19,all,gaussian,medium,0,43,gaussian_medium,0.0430070179
088859eb0563,deer_horn,51,51,20,all,gaussian,medium,0,43,gaussian_medium,0.0619444977
088859eb0563,deer_horn,52,52,0,all,gaussian,medium,0,43,gaussian_medium,0.039057724
088859eb0563,deer_horn,52,52,1,all,gaussian,medium,0,43,gaussian_medium,0.0840024593
088859eb0563,deer_horn,52,52,2,all,gaussian,medium,0,43,gaussian_medium,0.0447976571
088859eb0563,deer_horn,52,52,3,all,gaussian,medium,0,43,gaussian_medium,0.0478545861
088859eb0563,deer_horn,52,52,4,all,gaussian,medium,0,43,gaussian_medium,0.0391191953
088859eb0563,deer_horn,52,52,5,all,gaussian,medium,0,43,gaussian_medium,0.0483752971
088859eb0563,deer_horn,52,52,6,all,gaussian,medium,0,43,gaussian_medium,0.0648021187
088859eb0563,deer_horn,52,52,7,all,gaussian,medium,0,43,gaussian_medium,0.0305165186
088859eb0563,deer_horn,52,52,8,all,gaussian,medium,0,43,gaussian_medium,0.046471515
088859eb0563,deer_horn,52,52,9,all,gaussian,medium,0,43,gaussian_medium,0.0549761148
088859eb0563,deer_horn,52,52,10,all,gaussian,medium,0,43,gaussian_medium,0.0276808603
088859eb0563,deer_horn,52,52,11,all,gaussian,medium,0,43,gaussian_medium,0.0140825661
088859eb0563,deer_horn,52,52,12,all,gaussian,medium,0,43,gaussian_medium,0.0853794806
088859eb0563,deer_horn,52,52,13,all,gaussian,medium,0,43,gaussian_medium,0.0588546949
088859eb0563,deer_horn,52,52,14,all,gaussian,medium,0,43,gaussian_medium,0.0581234264
088859eb0563,deer_horn,52,52,15,all,gaussian,medium,0,43,gaussian_medium,0.0327811792
088859eb0563,deer_horn,52,52,16,all,gaussian,medium,0,43,gaussian_medium,0.0482465794
088859eb0563,deer_horn,52,52,17,all,gaussian,medium,0,43,gaussian_medium,0.0284270243
088859eb0563,deer_horn,52,52,18,all,gaussian,medium,0,43,gaussian_medium,0.0610155647
088859eb0563,deer_horn,52,52,19,all,gaussian,medium,0,43,gaussian_medium,0.0677782903
088859eb0563,deer_horn,52,52,20,all,gaussian,medium,0,43,gaussian_medium,0.0568016387
088859eb0563,deer_horn,53,53,0,all,gaussian,medium,0,43,gaussian_medium,0.0609389944
088859eb0563,deer_horn,53,53,1,all,gaussian,medium,0,43,gaussian_medium,0.0493037059
088859eb0563,deer_horn,53,53,2,all,gaussian,medium,0,43,gaussian_medium,0.0330413748
088859eb0563,deer_horn,53,53,3,all,gaussian,medium,0,43,gaussian_medium,0.019398873
088859eb0563,deer_horn,53,53,4,all,gaussian,medium,0,43,gaussian_medium,0.037266359
088859eb0563,deer_horn,53,53,5,all,gaussian,medium,0,43,gaussian_medium,0.0607605351
088859eb0563,deer_horn,53,53,6,all,gaussian,medium,0,43,gaussian_medium,0.0513362714
088859eb0563,deer_horn,53,53,7,all,gaussian,medium,0,43,gaussian_medium,0.0199675947
088859eb0563,deer_horn,53,53,8,all,gaussian,medium,0,43,gaussian_medium,0.0729551372
088859eb0563,deer_horn,53,53,9,all,gaussian,medium,0,43,gaussian_medium,0.0601085698
088859eb0563,deer_horn,53,53,10,all,gaussian,medium,0,43,gaussian_medium,0.0416023882
088859eb0563,deer_horn,53,53,11,all,gaussian,medium,0,43,gaussian_medium,0.0478868938
088859eb0563,deer_horn,53,53,12,all,gaussian,medium,0,43,gaussian_medium,0.022325703
088859eb0563,deer_horn,53,53,13,all,gaussian,medium,0,43,gaussian_medium,0.0442902228
088859eb0563,deer_horn,53,53,14,all,gaussian,medium,0,43,gaussian_medium,0.0395229479
088859eb0563,deer_horn,53,53,15,all,gaussian,medium,0,43,gaussian_medium,0.0202926443
088859eb0563,deer_horn,53,53,16,all,gaussian,medium,0,43,gaussian_medium,0.113160132
088859eb0563,deer_horn,53,53,17,all,gaussian,medium,0,43,gaussian_medium,0.0617545953
088859eb0563,deer_horn,53,53,18,all,gaussian,medium,0,43,gaussian_medium,0.0589032057
088859eb0563,deer_horn,53,53,19,all,gaussian,medium,0,43,gaussian_medium,0.0833971874
088859eb0563,deer_horn,53,53,20,all,gaussian,medium,0,43,gaussian_medium,0.021213414
088859eb0563,deer_horn,54,54,0,all,gaussian,medium,0,43,gaussian_medium,0.00679145642
088859eb0563,deer_horn,54,54,1,all,gaussian,medium,0,43,gaussian_medium,0.0778987052
088859eb0563,deer_horn,54,54,2,all,gaussian,medium,0,43,gaussian_medium,0.0234593715
088859eb0563,deer_horn,54,54,3,all,gaussian,medium,0,43,gaussian_medium,0.0385546806
088859eb0563,deer_horn,54,54,4,all,gaussian,medium,0,43,gaussian_medium,0.0281331398
088859eb0563,deer_horn,54,54,5,all,gaussian,medium,0,43,gaussian_medium,0.0236210045
088859eb0563,deer_horn,54,54,6,all,gaussian,medium,0,43,gaussian_medium,0.0476481302
088859eb0563,deer_horn,54,54,7,all,gaussian,medium,0,43,gaussian_medium,0.0460220716
088859eb0563,deer_horn,54,54,8,all,gaussian,medium,0,43,gaussian_medium,0.0344917209
088859eb0563,deer_horn,54,54,9,all,gaussian,medium,0,43,gaussian_medium,0.0361572272
088859eb0563,deer_horn,54,54,10,all,gaussian,medium,0,43,gaussian_medium,0.0231514086
088859eb0563,deer_horn,54,54,11,all,gaussian,medium,0,43,gaussian_medium,0.0671008758
088859eb0563,deer_horn,54,54,12,all,gaussian,medium,0,43,gaussian_medium,0.0288269088
088859eb0563,deer_horn,54,54,13,all,gaussian,medium,0,43,gaussian_medium,0.0463435829
088859eb0563,deer_horn,54,54,14,all,gaussian,medium,0,43,gaussian_medium,0.0655173428
088859eb0563,deer_horn,54,54,15,all,gaussian,medium,0,43,gaussian_medium,0.0220024105
088859eb0563,deer_horn,54,54,16,all,gaussian,medium,0,43,gaussian_medium,0.0888638668
088859eb0563,deer_horn,54,54,17,all,gaussian,medium,0,43,gaussian_medium,0.0566527801
088859eb0563,deer_horn,54,54,18,all,gaussian,medium,0,43,gaussian_medium,0.0565048621
088859eb0563,deer_horn,54,54,19,all,gaussian,medium,0,43,gaussian_medium,0.0344043035
088859eb0563,deer_horn,54,54,20,all,gaussian,medium,0,43,gaussian_medium,0.0448475291
088859eb0563,deer_horn,55,55,0,all,gaussian,medium,0,43,gaussian_medium,0.0662625185
088859eb0563,deer_horn,55,55,1,all,gaussian,medium,0,43,gaussian_medium,0.0343958563
088859eb0563,deer_horn,55,55,2,all,gaussian,medium,0,43,gaussian_medium,0.0446636245
088859eb0563,deer_horn,55,55,3,all,gaussian,medium,0,43,gaussian_medium,0.0396703111
088859eb0563,deer_horn,55,55,4,all,gaussian,medium,0,43,gaussian_medium,0.0479031903
088859eb0563,deer_horn,55,55,5,all,gaussian,medium,0,43,gaussian_medium,0.0426820132
088859eb0563,deer_horn,55,55,6,all,gaussian,medium,0,43,gaussian_medium,0.0770684019
088859eb0563,deer_horn,55,55,7,all,gaussian,medium,0,43,gaussian_medium,0.0394800484
088859eb0563,deer_horn,55,55,8,all,gaussian,medium,0,43,gaussian_medium,0.0666060767
088859eb0563,deer_horn,55,55,9,all,gaussian,medium,0,43,gaussian_medium,0.0759610523
088859eb0563,deer_horn,55,55,10,all,gaussian,medium,0,43,gaussian_medium,0.0756815148
088859eb0563,deer_horn,55,55,11,all,gaussian,medium,0,43,gaussian_medium,0.0225690341
088859eb0563,deer_horn,55,55,12,all,gaussian,medium,0,43,gaussian_medium,0.00838458034
088859eb0563,deer_horn,55,55,13,all,gaussian,medium,0,43,gaussian_medium,0.056188776
088859eb0563,deer_horn,55,55,14,all,gaussian,medium,0,43,gaussian_medium,0.0667502876
088859eb0563,deer_horn,55,55,15,all,gaussian,medium,0,43,gaussian_medium,0.0193552012
088859eb0563,deer_horn,55,55,16,all,gaussian,medium,0,43,gaussian_medium,0.0274762871
088859eb0563,deer_horn,55,55,17,all,gaussian,medium,0,43,gaussian_medium,0.0802799609
088859eb0563,deer_horn,55,55,18,all,gaussian,medium,0,43,gaussian_medium,0.0262236917
088859eb0563,deer_horn,55,55,19,all,gaussian,medium,0,43,gaussian_medium,0.0413527484
088859eb0563,deer_horn,55,55,20,all,gaussian,medium,0,43,gaussian_medium,0.0352555792
088859eb0563,deer_horn,56,56,0,all,gaussian,medium,0,43,gaussian_medium,0.105901936
088859eb0563,deer_horn,56,56,1,all,gaussian,medium,0,43,gaussian_medium,0.0249667447
088859eb0563,deer_horn,56,56,2,all,gaussian,medium,0,43,gaussian_medium,0.0565330625
088859eb0563,deer_horn,56,56,3,all,gaussian,medium,0,43,gaussian_medium,0.0805701667
088859eb0563,deer_horn,56,56,4,all,gaussian,medium,0,43,gaussian_medium,0.0792826511
088859eb0563,deer_horn,56,56,5,all,gaussian,medium,0,43,gaussian_medium,0.0148015515
088859eb0563,deer_horn,56,56,6,all,gaussian,medium,0,43,gaussian_medium,0.0630204704
088859eb0563,deer_horn,56,56,7,all,gaussian,medium,0,43,gaussian_medium,0.0464140841
088859eb0563,deer_horn,56,56,8,all,gaussian,medium,0,43,gaussian_medium,0.0560321837
088859eb0563,deer_horn,56,56,9,all,gaussian,medium,0,43,gaussian_medium,0.0329195442
088859eb0563,deer_horn,56,56,10,all,gaussian,medium,0,43,gaussian_medium,0.0177838817
088859eb0563,deer_horn,56,56,11,all,gaussian,medium,0,43,gaussian_medium,0.059185693
088859eb0563,deer_horn,56,56,12,all,gaussian,medium,0,43,gaussian_medium,0.0329635452
088859eb0563,deer_horn,56,56,13,all,gaussian,medium,0,43,gaussian_medium,0.0391533562
088859eb0563,deer_horn,56,56,14,all,gaussian,medium,0,43,gaussian_medium,0.0244500706
088859eb0563,deer_horn,56,56,15,all,gaussian,medium,0,43,gaussian_medium,0.0666636144
088859eb0563,deer_horn,56,56,16,all,gaussian,medium,0,43,gaussian_medium,0.0641163159
088859eb0563,deer_horn,56,56,17,all,gaussian,medium,0,43,gaussian_medium,0.0247392543
088859eb0563,deer_horn,56,56,18,all,gaussian,medium,0,43,gaussian_medium,0.0118838696
088859eb0563,deer_horn,56,56,19,all,gaussian,medium,0,43,gaussian_medium,0.0412678127
088859eb0563,deer_horn,56,56,20,all,gaussian,medium,0,43,gaussian_medium,0.0418683829
088859eb0563,deer_horn,57,57,0,all,gaussian,medium,0,43,gaussian_medium,0.0427383757
088859eb0563,deer_horn,57,57,1,all,gaussian,medium,0,43,gaussian_medium,0.0281721599
088859eb0563,deer_horn,57,57,2,all,gaussian,medium,0,43,gaussian_medium,0.0538057134
088859eb0563,deer_horn,57,57,3,all,gaussian,medium,0,43,gaussian_medium,0.0167138347
088859eb0563,deer_horn,57,57,4,all,gaussian,medium,0,43,gaussian_medium,0.0555472388
088859eb0563,deer_horn,57,57,5,all,gaussian,medium,0,43,gaussian_medium,0.0179119364
088859eb0563,deer_horn,57,57,6,all,gaussian,medium,0,43,gaussian_medium,0.0368129385
088859eb0563,deer_horn,57,57,7,all,gaussian,medium,0,43,gaussian_medium,0.0498818903
088859eb0563,deer_horn,57,57,8,all,gaussian,medium,0,43,gaussian_medium,0.0575585539
088859eb0563,deer_horn,57,57,9,all,gaussian,medium,0,43,gaussian_medium,0.0543624338
088859eb0563,deer_horn,57,57,10,all,gaussian,medium,0,43,gaussian_medium,0.0289609368
088859eb0563,deer_horn,57,57,11,all,gaussian,medium,0,43,gaussian_medium,0.0517125451
088859eb0563,deer_horn,57,57,12,all,gaussian,medium,0,43,gaussian_medium,0.0108146186
088859eb0563,deer_horn,57,57,13,all,gaussian,medium,0,43,gaussian_medium,0.0629562644
088859eb0563,deer_horn,57,57,14,all,gaussian,medium,0,43,gaussian_medium,0.0623726225
088859eb0563,deer_horn,57,57,15,all,gaussian,medium,0,43,gaussian_medium,0.0790758825
088859eb0563,deer_horn,57,57,16,all,gaussian,medium,0,43,gaussian_medium,0.062992121
088859eb0563,deer_horn,57,57,17,all,gaussian,medium,0,43,gaussian_medium,0.0230746014
088859eb0563,deer_horn,57,57,18,all,gaussian,medium,0,43,gaussian_medium,0.0547524457
088859eb0563,deer_horn,57,57,19,all,gaussian,medium,0,43,gaussian_medium,0.0305430325
088859eb0563,deer_horn,57,57,20,all,gaussian,medium,0,43,gaussian_medium,0.0435143376
088859eb0563,deer_horn,58,58,0,all,gaussian,medium,0,43,gaussian_medium,0.0709716543
088859eb0563,deer_horn,58,58,1,all,gaussian,medium,0,43,gaussian_medium,0.0764245984
088859eb0563,deer_horn,58,58,2,all,gaussian,medium,0,43,gaussian_medium,0.0780234508
088859eb0563,deer_horn,58,58,3,all,gaussian,medium,0,43,gaussian_medium,0.0504978227
088859eb0563,deer_horn,58,58,4,all,gaussian,medium,0,43,gaussian_medium,0.0619684713
088859eb0563,deer_horn,58,58,5,all,gaussian,medium,0,43,gaussian_medium,0.025453584
088859eb0563,deer_horn,58,58,6,all,gaussian,medium,0,43,gaussian_medium,0.0189613054
088859eb0563,deer_horn,58,58,7,all,gaussian,medium,0,43,gaussian_medium,0.0532514191
088859eb0563,deer_horn,58,58,8,all,gaussian,medium,0,43,gaussian_medium,0.0360744749
088859eb0563,deer_horn,58,58,9,all,gaussian,medium,0,43,gaussian_medium,0.0385118532
088859eb0563,deer_horn,58,58,10,all,gaussian,medium,0,43,gaussian_medium,0.045446716
088859eb0563,deer_horn,58,58,11,all,gaussian,medium,0,43,gaussian_medium,0.0348572292
088859eb0563,deer_horn,58,58,12,all,gaussian,medium,0,43,gaussian_medium,0.0669784733
088859eb0563,deer_horn,58,58,13,all,gaussian,medium,0,43,gaussian_medium,0.0493479605
088859eb0563,deer_horn,58,58,14,all,gaussian,medium,0,43,gaussian_medium,0.0856521373
088859eb0563,deer_horn,58,58,15,all,gaussian,medium,0,43,gaussian_medium,0.0674301887
088859eb0563,deer_horn,58,58,16,all,gaussian,medium,0,43,gaussian_medium,0.0291805059
088859eb0563,deer_horn,58,58,17,all,gaussian,medium,0,43,gaussian_medium,0.0961756829
088859eb0563,deer_horn,58,58,18,all,gaussian,medium,0,43,gaussian_medium,0.0139574107
088859eb0563,deer_horn,58,58,19,all,gaussian,medium,0,43,gaussian_medium,0.0569634678
088859eb0563,deer_horn,58,58,20,all,gaussian,medium,0,43,gaussian_medium,0.0379668122
088859eb0563,deer_horn,59,59,0,all,gaussian,medium,0,43,gaussian_medium,0.0420150026
088859eb0563,deer_horn,59,59,1,all,gaussian,medium,0,43,gaussian_medium,0.0248260685
088859eb0563,deer_horn,59,59,2,all,gaussian,medium,0,43,gaussian_medium,0.0309849424
088859eb0563,deer_horn,59,59,3,all,gaussian,medium,0,43,gaussian_medium,0.039951893
088859eb0563,deer_horn,59,59,4,all,gaussian,medium,0,43,gaussian_medium,0.0456923129
088859eb0563,deer_horn,59,59,5,all,gaussian,medium,0,43,gaussian_medium,0.0482759546
088859eb0563,deer_horn,59,59,6,all,gaussian,medium,0,43,gaussian_medium,0.0726865751
088859eb0563,deer_horn,59,59,7,all,gaussian,medium,0,43,gaussian_medium,0.03965282
088859eb0563,deer_horn,59,59,8,all,gaussian,medium,0,43,gaussian_medium,0.0622910133
088859eb0563,deer_horn,59,59,9,all,gaussian,medium,0,43,gaussian_medium,0.0704030651
088859eb0563,deer_horn,59,59,10,all,gaussian,medium,0,43,gaussian_medium,0.0504294449
088859eb0563,deer_horn,59,59,11,all,gaussian,medium,0,43,gaussian_medium,0.0669159535
088859eb0563,deer_horn,59,59,12,all,gaussian,medium,0,43,gaussian_medium,0.0202375368
088859eb0563,deer_horn,59,59,13,all,gaussian,medium,0,43,gaussian_medium,0.0771480269
088859eb0563,deer_horn,59,59,14,all,gaussian,medium,0,43,gaussian_medium,0.0574094216
088859eb0563,deer_horn,59,59,15,all,gaussian,medium,0,43,gaussian_medium,0.0449647532
088859eb0563,deer_horn,59,59,16,all,gaussian,medium,0,43,gaussian_medium,0.0349216797
088859eb0563,deer_horn,59,59,17,all,gaussian,medium,0,43,gaussian_medium,0.0613163546
088859eb0563,deer_horn,59,59,18,all,gaussian,medium,0,43,gaussian_medium,0.0279582695
088859eb0563,deer_horn,59,59,19,all,gaussian,medium,0,43,gaussian_medium,0.0995484176
088859eb0563,deer_horn,59,59,20,all,gaussian,medium,0,43,gaussian_medium,0.0585979914
088859eb0563,deer_horn,60,60,0,all,gaussian,medium,0,43,gaussian_medium,0.0477939432
088859eb0563,deer_horn,60,60,1,all,gaussian,medium,0,43,gaussian_medium,0.0453805786
088859eb0563,deer_horn,60,60,2,all,gaussian,medium,0,43,gaussian_medium,0.126174385
088859eb0563,deer_horn,60,60,3,all,gaussian,medium,0,43,gaussian_medium,0.0520075589
088859eb0563,deer_horn,60,60,4,all,gaussian,medium,0,43,gaussian_medium,0.0588424802
088859eb0563,deer_horn,60,60,5,all,gaussian,medium,0,43,gaussian_medium,0.0443833928
088859eb0563,deer_horn,60,60,6,all,gaussian,medium,0,43,gaussian_medium,0.0578010076
088859eb0563,deer_horn,60,60,7,all,gaussian,medium,0,43,gaussian_medium,0.0531484955
088859eb0563,deer_horn,60,60,8,all,gaussian,medium,0,43,gaussian_medium,0.0484302141
088859eb0563,deer_horn,60,60,9,all,gaussian,medium,0,43,gaussian_medium,0.0309132273
088859eb0563,deer_horn,60,60,10,all,gaussian,medium,0,43,gaussian_medium,0.0285457713
088859eb0563,deer_horn,60,60,11,all,gaussian,medium,0,43,gaussian_medium,0.0105446078
088859eb0563,deer_horn,60,60,12,all,gaussian,medium,0,43,gaussian_medium,0.0777953785
088859eb0563,deer_horn,60,60,13,all,gaussian,medium,0,43,gaussian_medium,0.0524413621
088859eb0563,deer_horn,60,60,14,all,gaussian,medium,0,43,gaussian_medium,0.0446413313
088859eb0563,deer_horn,60,60,15,all,gaussian,medium,0,43,gaussian_medium,0.0880660212
088859eb0563,deer_horn,60,60,16,all,gaussian,medium,0,43,gaussian_medium,0.068483195
088859eb0563,deer_horn,60,60,17,all,gaussian,medium,0,43,gaussian_medium,0.0560000106
088859eb0563,deer_horn,60,60,18,all,gaussian,medium,0,43,gaussian_medium,0.0672958596
088859eb0563,deer_horn,60,60,19,all,gaussian,medium,0,43,gaussian_medium,0.0427744217
088859eb0563,deer_horn,60,60,20,all,gaussian,medium,0,43,gaussian_medium,0.0186873058
088859eb0563,deer_horn,61,61,0,all,gaussian,medium,0,43,gaussian_medium,0.035089405
088859eb0563,deer_horn,61,61,1,all,gaussian,medium,0,43,gaussian_medium,0.0545647196
088859eb0563,deer_horn,61,61,2,all,gaussian,medium,0,43,gaussian_medium,0.0662285387
088859eb0563,deer_horn,61,61,3,all,gaussian,medium,0,43,gaussian_medium,0.0555821198
088859eb0563,deer_horn,61,61,4,all,gaussian,medium,0,43,gaussian_medium,0.0236600109
088859eb0563,deer_horn,61,61,5,all,gaussian,medium,0,43,gaussian_medium,0.0484588762
088859eb0563,deer_horn,61,61,6,all,gaussian,medium,0,43,gaussian_medium,0.0295353924
088859eb0563,deer_horn,61,61,7,all,gaussian,medium,0,43,gaussian_medium,0.030041047
088859eb0563,deer_horn,61,61,8,all,gaussian,medium,0,43,gaussian_medium,0.037068015
088859eb0563,deer_horn,61,61,9,all,gaussian,medium,0,43,gaussian_medium,0.0447725634
088859eb0563,deer_horn,61,61,10,all,gaussian,medium,0,43,gaussian_medium,0.0431985458
088859eb0563,deer_horn,61,61,11,all,gaussian,medium,0,43,gaussian_medium,0.0455754953
088859eb0563,deer_horn,61,61,12,all,gaussian,medium,0,43,gaussian_medium,0.0603382834
088859eb0563,deer_horn,61,61,13,all,gaussian,medium,0,43,gaussian_medium,0.055048049
088859eb0563,deer_horn,61,61,14,all,gaussian,medium,0,43,gaussian_medium,0.0207942602
088859eb0563,deer_horn,61,61,15,all,gaussian,medium,0,43,gaussian_medium,0.0813914645
088859eb0563,deer_horn,61,61,16,all,gaussian,medium,0,43,gaussian_medium,0.0330309351
088859eb0563,deer_horn,61,61,17,all,gaussian,medium,0,43,gaussian_medium,0.0419622508
088859eb0563,deer_horn,61,61,18,all,gaussian,medium,0,43,gaussian_medium,0.0411229631
088859eb0563,deer_horn,61,61,19,all,gaussian,medium,0,43,gaussian_medium,0.0629961632
088859eb0563,deer_horn,61,61,20,all,gaussian,medium,0,43,gaussian_medium,0.0324473223
088859eb0563,deer_horn,62,62,0,all,gaussian,medium,0,43,gaussian_medium,0.0687784804
088859eb0563,deer_horn,62,62,1,all,gaussian,medium,0,43,gaussian_medium,0.0409250771
088859eb0563,deer_horn,62,62,2,all,gaussian,medium,0,43,gaussian_medium,0.0679522877
088859eb0563,deer_horn,62,62,3,all,gaussian,medium,0,43,gaussian_medium,0.0382093268
088859eb0563,deer_horn,62,62,4,all,gaussian,medium,0,43,gaussian_medium,0.0417678346
088859eb0563,deer_horn,62,62,5,all,gaussian,medium,0,43,gaussian_medium,0.0694706838
088859eb0563,deer_horn,62,62,6,all,gaussian,medium,0,43,gaussian_medium,0.0438089345
088859eb0563,deer_horn,62,62,7,all,gaussian,medium,0,43,gaussian_medium,0.0350385196
088859eb0563,deer_horn,62,62,8,all,gaussian,medium,0,43,gaussian_medium,0.0425592597
088859eb0563,deer_horn,62,62,9,all,gaussian,medium,0,43,gaussian_medium,0.0445005445
088859eb0563,deer_horn,62,62,10,all,gaussian,medium,0,43,gaussian_medium,0.0646149323
088859eb0563,deer_horn,62,62,11,all,gaussian,medium,0,43,gaussian_medium,0.0281144577
088859eb0563,deer_horn,62,62,12,all,gaussian,medium,0,43,gaussian_medium,0.0360924071
088859eb0563,deer_horn,62,62,13,all,gaussian,medium,0,43,gaussian_medium,0.0338742751
088859eb0563,deer_horn,62,62,14,all,gaussian,medium,0,43,gaussian_medium,0.0244067733
088859eb0563,deer_horn,62,62,15,all,gaussian,medium,0,43,gaussian_medium,0.0673634566
088859eb0563,deer_horn,62,62,16,all,gaussian,medium,0,43,gaussian_medium,0.0387453311
088859eb0563,deer_horn,62,62,17,all,gaussian,medium,0,43,gaussian_medium,0.0370853265
088859eb0563,deer_horn,62,62,18,all,gaussian,medium,0,43,gaussian_medium,0.0522203627
088859eb0563,deer_horn,62,62,19,all,gaussian,medium,0,43,gaussian_medium,0.0430727735
088859eb0563,deer_horn,62,62,20,all,gaussian,medium,0,43,gaussian_medium,0.0685875647
088859eb0563,deer_horn,63,63,0,all,gaussian,medium,0,43,gaussian_medium,0.0274619582
088859eb0563,deer_horn,63,63,1,all,gaussian,medium,0,43,gaussian_medium,0.0546124098
088859eb0563,deer_horn,63,63,2,all,gaussian,medium,0,43,gaussian_medium,0.0517254776
088859eb0563,deer_horn,63,63,3,all,gaussian,medium,0,43,gaussian_medium,0.0239522768
088859eb0563,deer_horn,63,63,4,all,gaussian,medium,0,43,gaussian_medium,0.0772472405
088859eb0563,deer_horn,63,63,5,all,gaussian,medium,0,43,gaussian_medium,0.06410816
088859eb0563,deer_horn,63,63,6,all,gaussian,medium,0,43,gaussian_medium,0.00422138654
088859eb0563,deer_horn,63,63,7,all,gaussian,medium,0,43,gaussian_medium,0.0370332837
088859eb0563,deer_horn,63,63,8,all,gaussian,medium,0,43,gaussian_medium,0.0203769199
088859eb0563,deer_horn,63,63,9,all,gaussian,medium,0,43,gaussian_medium,0.0653198512
088859eb0563,deer_horn,63,63,10,all,gaussian,medium,0,43,gaussian_medium,0.0373360768
088859eb0563,deer_horn,63,63,11,all,gaussian,medium,0,43,gaussian_medium,0.0320210517
088859eb0563,deer_horn,63,63,12,all,gaussian,medium,0,43,gaussian_medium,0.0545061457
088859eb0563,deer_horn,63,63,13,all,gaussian,medium,0,43,gaussian_medium,0.0490285443
088859eb0563,deer_horn,63,63,14,all,gaussian,medium,0,43,gaussian_medium,0.0305214778
088859eb0563,deer_horn,63,63,15,all,gaussian,medium,0,43,gaussian_medium,0.0436194221
088859eb0563,deer_horn,63,63,16,all,gaussian,medium,0,43,gaussian_medium,0.0261647386
088859eb0563,deer_horn,63,63,17,all,gaussian,medium,0,43,gaussian_medium,0.0334920588
088859eb0563,deer_horn,63,63,18,all,gaussian,medium,0,43,gaussian_medium,0.0570455248
088859eb0563,deer_horn,63,63,19,all,gaussian,medium,0,43,gaussian_medium,0.0392569867
088859eb0563,deer_horn,63,63,20,all,gaussian,medium,0,43,gaussian_medium,0.0430400363
088859eb0563,deer_horn,64,64,0,all,gaussian,medium,0,43,gaussian_medium,0.0765976829
088859eb0563,deer_horn,64,64,1,all,gaussian,medium,0,43,gaussian_medium,0.0233264063
088859eb0563,deer_horn,64,64,2,all,gaussian,medium,0,43,gaussian_medium,0.0316045783
088859eb0563,deer_horn,64,64,3,all,gaussian,medium,0,43,gaussian_medium,0.0742890926
088859eb0563,deer_horn,64,64,4,all,gaussian,medium,0,43,gaussian_medium,0.0265358884
088859eb0563,deer_horn,64,64,5,all,gaussian,medium,0,43,gaussian_medium,0.0168978457
088859eb0563,deer_horn,64,64,6,all,gaussian,medium,0,43,gaussian_medium,0.0428887494
088859eb0563,deer_horn,64,64,7,all,gaussian,medium,0,43,gaussian_medium,0.0427858615
088859eb0563,deer_horn,64,64,8,all,gaussian,medium,0,43,gaussian_medium,0.0479633724
088859eb0563,deer_horn,64,64,9,all,gaussian,medium,0,43,gaussian_medium,0.0388284751
088859eb0563,deer_horn,64,64,10,all,gaussian,medium,0,43,gaussian_medium,0.030232731
088859eb0563,deer_horn,64,64,11,all,gaussian,medium,0,43,gaussian_medium,0.0274609808
088859eb0563,deer_horn,64,64,12,all,gaussian,medium,0,43,gaussian_medium,0.0438919558
088859eb0563,deer_horn,64,64,13,all,gaussian,medium,0,43,gaussian_medium,0.0583852633
088859eb0563,deer_horn,64,64,14,all,gaussian,medium,0,43,gaussian_medium,0.0489464332
088859eb0563,deer_horn,64,64,15,all,gaussian,medium,0,43,gaussian_medium,0.0179616225
088859eb0563,deer_horn,64,64,16,all,gaussian,medium,0,43,gaussian_medium,0.0414292595
088859eb0563,deer_horn,64,64,17,all,gaussian,medium,0,43,gaussian_medium,0.0794185345
088859eb0563,deer_horn,64,64,18,all,gaussian,medium,0,43,gaussian_medium,0.00877393185
088859eb0563,deer_horn,64,64,19,all,gaussian,medium,0,43,gaussian_medium,0.0601268655
088859eb0563,deer_horn,64,64,20,all,gaussian,medium,0,43,gaussian_medium,0.0235216756
088859eb0563,deer_horn,65,65,0,all,gaussian,medium,0,43,gaussian_medium,0.0661929873
088859eb0563,deer_horn,65,65,1,all,gaussian,medium,0,43,gaussian_medium,0.0916366587
088859eb0563,deer_horn,65,65,2,all,gaussian,medium,0,43,gaussian_medium,0.0391171992
088859eb0563,deer_horn,65,65,3,all,gaussian,medium,0,43,gaussian_medium,0.0595821535
088859eb0563,deer_horn,65,65,4,all,gaussian,medium,0,43,gaussian_medium,0.0192221533
088859eb0563,deer_horn,65,65,5,all,gaussian,medium,0,43,gaussian_medium,0.0297795123
088859eb0563,deer_horn,65,65,6,all,gaussian,medium,0,43,gaussian_medium,0.0661115475
088859eb0563,deer_horn,65,65,7,all,gaussian,medium,0,43,gaussian_medium,0.0283478679
088859eb0563,deer_horn,65,65,8,all,gaussian,medium,0,43,gaussian_medium,0.054412836
088859eb0563,deer_horn,65,65,9,all,gaussian,medium,0,43,gaussian_medium,0.0253555449
088859eb0563,deer_horn,65,65,10,all,gaussian,medium,0,43,gaussian_medium,0.0402092048
088859eb0563,deer_horn,65,65,11,all,gaussian,medium,0,43,gaussian_medium,0.0443959978
088859eb0563,deer_horn,65,65,12,all,gaussian,medium,0,43,gaussian_medium,0.0203218305
088859eb0563,deer_horn,65,65,13,all,gaussian,medium,0,43,gaussian_medium,0.0214511577
088859eb0563,deer_horn,65,65,14,all,gaussian,medium,0,43,gaussian_medium,0.0839140601
088859eb0563,deer_horn,65,65,15,all,gaussian,medium,0,43,gaussian_medium,0.0327355564
088859eb0563,deer_horn,65,65,16,all,gaussian,medium,0,43,gaussian_medium,0.0368102419
088859eb0563,deer_horn,65,65,17,all,gaussian,medium,0,43,gaussian_medium,0.0475290785
088859eb0563,deer_horn,65,65,18,all,gaussian,medium,0,43,gaussian_medium,0.101968547
088859eb0563,deer_horn,65,65,19,all,gaussian,medium,0,43,gaussian_medium,0.0687028547
088859eb0563,deer_horn,65,65,20,all,gaussian,medium,0,43,gaussian_medium,0.0351937511
088859eb0563,deer_horn,66,66,0,all,gaussian,medium,0,43,gaussian_medium,0.0272506969
088859eb0563,deer_horn,66,66,1,all,gaussian,medium,0,43,gaussian_medium,0.0543928774
088859eb0563,deer_horn,66,66,2,all,gaussian,medium,0,43,gaussian_medium,0.0985005481
088859eb0563,deer_horn,66,66,3,all,gaussian,medium,0,43,gaussian_medium,0.0236994924
088859eb0563,deer_horn,66,66,4,all,gaussian,medium,0,43,gaussian_medium,0.0286129899
088859eb0563,deer_horn,66,66,5,all,gaussian,medium,0,43,gaussian_medium,0.0620673872
088859eb0563,deer_horn,66,66,6,all,gaussian,medium,0,43,gaussian_medium,0.0599222824
088859eb0563,deer_horn,66,66,7,all,gaussian,medium,0,43,gaussian_medium,0.0835673211
088859eb0563,deer_horn,66,66,8,all,gaussian,medium,0,43,gaussian_medium,0.0191413663
088859eb0563,deer_horn,66,66,9,all,gaussian,medium,0,43,gaussian_medium,0.0564783095
088859eb0563,deer_horn,66,66,10,all,gaussian,medium,0,43,gaussian_medium,0.0616930108
088859eb0563,deer_horn,66,66,11,all,gaussian,medium,0,43,gaussian_medium,0.031845947
088859eb0563,deer_horn,66,66,12,all,gaussian,medium,0,43,gaussian_medium,0.0398121632
088859eb0563,deer_horn,66,66,13,all,gaussian,medium,0,43,gaussian_medium,0.0486166537
088859eb0563,deer_horn,66,66,14,all,gaussian,medium,0,43,gaussian_medium,0.0633948756
088859eb0563,deer_horn,66,66,15,all,gaussian,medium,0,43,gaussian_medium,0.0544996875
088859eb0563,deer_horn,66,66,16,all,gaussian,medium,0,43,gaussian_medium,0.0683509897
088859eb0563,deer_horn,66,66,17,all,gaussian,medium,0,43,gaussian_medium,0.0899701949
088859eb0563,deer_horn,66,66,18,all,gaussian,medium,0,43,gaussian_medium,0.0723630216
088859eb0563,deer_horn,66,66,19,all,gaussian,medium,0,43,gaussian_medium,0.0200723934
088859eb0563,deer_horn,66,66,20,all,gaussian,medium,0,43,gaussian_medium,0.0400372756
088859eb0563,deer_horn,67,67,0,all,gaussian,medium,0,43,gaussian_medium,0.0395446394
088859eb0563,deer_horn,67,67,1,all,gaussian,medium,0,43,gaussian_medium,0.0488295379
088859eb0563,deer_horn,67,67,2,all,gaussian,medium,0,43,gaussian_medium,0.075506434
088859eb0563,deer_horn,67,67,3,all,gaussian,medium,0,43,gaussian_medium,0.0573980818
088859eb0563,deer_horn,67,67,4,all,gaussian,medium,0,43,gaussian_medium,0.0610565796
088859eb0563,deer_horn,67,67,5,all,gaussian,medium,0,43,gaussian_medium,0.0285881288
088859eb0563,deer_horn,67,67,6,all,gaussian,medium,0,43,gaussian_medium,0.0828077409
088859eb0563,deer_horn,67,67,7,all,gaussian,medium,0,43,gaussian_medium,0.0616899263
088859eb0563,deer_horn,67,67,8,all,gaussian,medium,0,43,gaussian_medium,0.0623252818
088859eb0563,deer_horn,67,67,9,all,gaussian,medium,0,43,gaussian_medium,0.0592908181
088859eb0563,deer_horn,67,67,10,all,gaussian,medium,0,43,gaussian_medium,0.0251036113
088859eb0563,deer_horn,67,67,11,all,gaussian,medium,0,43,gaussian_medium,0.0476467684
088859eb0563,deer_horn,67,67,12,all,gaussian,medium,0,43,gaussian_medium,0.0848619541
088859eb0563,deer_horn,67,67,13,all,gaussian,medium,0,43,gaussian_medium,0.0512766361
088859eb0563,deer_horn,67,67,14,all,gaussian,medium,0,43,gaussian_medium,0.0206134967
088859eb0563,deer_horn,67,67,15,all,gaussian,medium,0,43,gaussian_medium,0.0323327517
088859eb0563,deer_horn,67,67,16,all,gaussian,medium,0,43,gaussian_medium,0.045107179
088859eb0563,deer_horn,67,67,17,all,gaussian,medium,0,43,gaussian_medium,0.0528664195
088859eb0563,deer_horn,67,67,18,all,gaussian,medium,0,43,gaussian_medium,0.0251276658
088859eb0563,deer_horn,67,67,19,all,gaussian,medium,0,43,gaussian_medium,0.0427674628
088859eb0563,deer_horn,67,67,20,all,gaussian,medium,0,43,gaussian_medium,0.0965571837
088859eb0563,deer_horn,68,68,0,all,gaussian,medium,0,43,gaussian_medium,0.0195179723
088859eb0563,deer_horn,68,68,1,all,gaussian,medium,0,43,gaussian_medium,0.0212724137
088859eb0563,deer_horn,68,68,2,all,gaussian,medium,0,43,gaussian_medium,0.0749547112
088859eb0563,deer_horn,68,68,3,all,gaussian,medium,0,43,gaussian_medium,0.0734809602
088859eb0563,deer_horn,68,68,4,all,gaussian,medium,0,43,gaussian_medium,0.0348717099
088859eb0563,deer_horn,68,68,5,all,gaussian,medium,0,43,gaussian_medium,0.0369026139
088859eb0563,deer_horn,68,68,6,all,gaussian,medium,0,43,gaussian_medium,0.0584736183
088859eb0563,deer_horn,68,68,7,all,gaussian,medium,0,43,gaussian_medium,0.0248144371
088859eb0563,deer_horn,68,68,8,all,gaussian,medium,0,43,gaussian_medium,0.0652978424
088859eb0563,deer_horn,68,68,9,all,gaussian,medium,0,43,gaussian_medium,0.0525880025
088859eb0563,deer_horn,68,68,10,all,gaussian,medium,0,43,gaussian_medium,0.0614893744
088859eb0563,deer_horn,68,68,11,all,gaussian,medium,0,43,gaussian_medium,0.072815361
088859eb0563,deer_horn,68,68,12,all,gaussian,medium,0,43,gaussian_medium,0.0432004732
088859eb0563,deer_horn,68,68,13,all,gaussian,medium,0,43,gaussian_medium,0.0816348366
088859eb0563,deer_horn,68,68,14,all,gaussian,medium,0,43,gaussian_medium,0.0251777902
088859eb0563,deer_horn,68,68,15,all,gaussian,medium,0,43,gaussian_medium,0.0380677769
088859eb0563,deer_horn,68,68,16,all,gaussian,medium,0,43,gaussian_medium,0.0341214646
088859eb0563,deer_horn,68,68,17,all,gaussian,medium,0,43,gaussian_medium,0.0839761154
088859eb0563,deer_horn,68,68,18,all,gaussian,medium,0,43,gaussian_medium,0.0609902533
088859eb0563,deer_horn,68,68,19,all,gaussian,medium,0,43,gaussian_medium,0.0642579225
088859eb0563,deer_horn,68,68,20,all,gaussian,medium,0,43,gaussian_medium,0.0588085537
088859eb0563,deer_horn,69,69,0,all,gaussian,medium,0,43,gaussian_medium,0.0707728365
088859eb0563,deer_horn,69,69,1,all,gaussian,medium,0,43,gaussian_medium,0.0317143311
088859eb0563,deer_horn,69,69,2,all,gaussian,medium,0,43,gaussian_medium,0.0447510484
088859eb0563,deer_horn,69,69,3,all,gaussian,medium,0,43,gaussian_medium,0.0441751988
088859eb0563,deer_horn,69,69,4,all,gaussian,medium,0,43,gaussian_medium,0.0421309798
088859eb0563,deer_horn,69,69,5,all,gaussian,medium,0,43,gaussian_medium,0.0485950938
088859eb0563,deer_horn,69,69,6,all,gaussian,medium,0,43,gaussian_medium,0.0340463401
088859eb0563,deer_horn,69,69,7,all,gaussian,medium,0,43,gaussian_medium,0.0465231184
088859eb0563,deer_horn,69,69,8,all,gaussian,medium,0,43,gaussian_medium,0.0450551258
088859eb0563,deer_horn,69,69,9,all,gaussian,medium,0,43,gaussian_medium,0.0481307342
088859eb0563,deer_horn,69,69,10,all,gaussian,medium,0,43,gaussian_medium,0.0233978371
088859eb0563,deer_horn,69,69,11,all,gaussian,medium,0,43,gaussian_medium,0.0114520464
088859eb0563,deer_horn,69,69,12,all,gaussian,medium,0,43,gaussian_medium,0.0216346162
088859eb0563,deer_horn,69,69,13,all,gaussian,medium,0,43,gaussian_medium,0.0476733745
088859eb0563,deer_horn,69,69,14,all,gaussian,medium,0,43,gaussian_medium,0.0302056682
088859eb0563,deer_horn,69,69,15,all,gaussian,medium,0,43,gaussian_medium,0.0509628777
088859eb0563,deer_horn,69,69,16,all,gaussian,medium,0,43,gaussian_medium,0.0146995786
088859eb0563,deer_horn,69,69,17,all,gaussian,medium,0,43,gaussian_medium,0.0655715702
088859eb0563,deer_horn,69,69,18,all,gaussian,medium,0,43,gaussian_medium,0.0980576601
088859eb0563,deer_horn,69,69,19,all,gaussian,medium,0,43,gaussian_medium,0.0630698934
088859eb0563,deer_horn,69,69,20,all,gaussian,medium,0,43,gaussian_medium,0.053618546
088859eb0563,deer_horn,70,70,0,all,gaussian,medium,0,43,gaussian_medium,0.0249880937
088859eb0563,deer_horn,70,70,1,all,gaussian,medium,0,43,gaussian_medium,0.0487275483
088859eb0563,deer_horn,70,70,2,all,gaussian,medium,0,43,gaussian_medium,0.0543109308
088859eb0563,deer_horn,70,70,3,all,gaussian,medium,0,43,gaussian_medium,0.0623146008
088859eb0563,deer_horn,70,70,4,all,gaussian,medium,0,43,gaussian_medium,0.0419063216
088859eb0563,deer_horn,70,70,5,all,gaussian,medium,0,43,gaussian_medium,0.0319483804
088859eb0563,deer_horn,70,70,6,all,gaussian,medium,0,43,gaussian_medium,0.0213525985
088859eb0563,deer_horn,70,70,7,all,gaussian,medium,0,43,gaussian_medium,0.0717352698
088859eb0563,deer_horn,70,70,8,all,gaussian,medium,0,43,gaussian_medium,0.0448701004
088859eb0563,deer_horn,70,70,9,all,gaussian,medium,0,43,gaussian_medium,0.08927964
088859eb0563,deer_horn,70,70,10,all,gaussian,medium,0,43,gaussian_medium,0.0676679863
088859eb0563,deer_horn,70,70,11,all,gaussian,medium,0,43,gaussian_medium,0.0451674879
088859eb0563,deer_horn,70,70,12,all,gaussian,medium,0,43,gaussian_medium,0.0356289383
088859eb0563,deer_horn,70,70,13,all,gaussian,medium,0,43,gaussian_medium,0.0674657233
088859eb0563,deer_horn,70,70,14,all,gaussian,medium,0,43,gaussian_medium,0.0503595202
088859eb0563,deer_horn,70,70,15,all,gaussian,medium,0,43,gaussian_medium,0.0235415586
088859eb0563,deer_horn,70,70,16,all,gaussian,medium,0,43,gaussian_medium,0.0424624622
088859eb0563,deer_horn,70,70,17,all,gaussian,medium,0,43,gaussian_medium,0.0389096886
088859eb0563,deer_horn,70,70,18,all,gaussian,medium,0,43,gaussian_medium,0.0179780677
088859eb0563,deer_horn,70,70,19,all,gaussian,medium,0,43,gaussian_medium,0.0204046597
088859eb0563,deer_horn,70,70,20,all,gaussian,medium,0,43,gaussian_medium,0.0352751563
088859eb0563,deer_horn,71,71,0,all,gaussian,medium,0,43,gaussian_medium,0.0233557626
088859eb0563,deer_horn,71,71,1,all,gaussian,medium,0,43,gaussian_medium,0.0360443389
088859eb0563,deer_horn,71,71,2,all,gaussian,medium,0,43,gaussian_medium,0.0600505585
088859eb0563,deer_horn,71,71,3,all,gaussian,medium,0,43,gaussian_medium,0.0361444653
088859eb0563,deer_horn,71,71,4,all,gaussian,medium,0,43,gaussian_medium,0.051777601
088859eb0563,deer_horn,71,71,5,all,gaussian,medium,0,43,gaussian_medium,0.0602893605
088859eb0563,deer_horn,71,71,6,all,gaussian,medium,0,43,gaussian_medium,0.0639327421
088859eb0563,deer_horn,71,71,7,all,gaussian,medium,0,43,gaussian_medium,0.0596036164
088859eb0563,deer_horn,71,71,8,all,gaussian,medium,0,43,gaussian_medium,0.0161185321
088859eb0563,deer_horn,71,71,9,all,gaussian,medium,0,43,gaussian_medium,0.116491407
088859eb0563,deer_horn,71,71,10,all,gaussian,medium,0,43,gaussian_medium,0.0366448318
088859eb0563,deer_horn,71,71,11,all,gaussian,medium,0,43,gaussian_medium,0.0735679671
088859eb0563,deer_horn,71,71,12,all,gaussian,medium,0,43,gaussian_medium,0.062201015
088859eb0563,deer_horn,71,71,13,all,gaussian,medium,0,43,gaussian_medium,0.0431748451
088859eb0563,deer_horn,71,71,14,all,gaussian,medium,0,43,gaussian_medium,0.0461361004
088859eb0563,deer_horn,71,71,15,all,gaussian,medium,0,43,gaussian_medium,0.0502489079
088859eb0563,deer_horn,71,71,16,all,gaussian,medium,0,43,gaussian_medium,0.063058787
088859eb0563,deer_horn,71,71,17,all,gaussian,medium,0,43,gaussian_medium,0.0332078974
088859eb0563,deer_horn,71,71,18,all,gaussian,medium,0,43,gaussian_medium,0.0472316352
088859eb0563,deer_horn,71,71,19,all,gaussian,medium,0,43,gaussian_medium,0.0289842409
088859eb0563,deer_horn,71,71,20,all,gaussian,medium,0,43,gaussian_medium,0.0414074709
088859eb0563,deer_horn,72,72,0,all,gaussian,medium,0,43,gaussian_medium,0.0200471691
088859eb0563,deer_horn,72,72,1,all,gaussian,medium,0,43,gaussian_medium,0.0631681259
088859eb0563,deer_horn,72,72,2,all,gaussian,medium,0,43,gaussian_medium,0.071367736
088859eb0563,deer_horn,72,72,3,all,gaussian,medium,0,43,gaussian_medium,0.0524339037
088859eb0563,deer_horn,72,72,4,all,gaussian,medium,0,43,gaussian_medium,0.0256918511
088859eb0563,deer_horn,72,72,5,all,gaussian,medium,0,43,gaussian_medium,0.0384362763
088859eb0563,deer_horn,72,72,6,all,gaussian,medium,0,43,gaussian_medium,0.0797141176
088859eb0563,deer_horn,72,72,7,all,gaussian,medium,0,43,gaussian_medium,0.0594234443
088859eb0563,deer_horn,72,72,8,all,gaussian,medium,0,43,gaussian_medium,0.0544803247
088859eb0563,deer_horn,72,72,9,all,gaussian,medium,0,43,gaussian_medium,0.0313114604
088859eb0563,deer_horn,72,72,10,all,gaussian,medium,0,43,gaussian_medium,0.00742839007
088859eb0563,deer_horn,72,72,11,all,gaussian,medium,0,43,gaussian_medium,0.0549855943
088859eb0563,deer_horn,72,72,12,all,gaussian,medium,0,43,gaussian_medium,0.0821701927
088859eb0563,deer_horn,72,72,13,all,gaussian,medium,0,43,gaussian_medium,0.0440153299
088859eb0563,deer_horn,72,72,14,all,gaussian,medium,0,43,gaussian_medium,0.0820866118
088859eb0563,deer_horn,72,72,15,all,gaussian,medium,0,43,gaussian_medium,0.0350334846
088859eb0563,deer_horn,72,72,16,all,gaussian,medium,0,43,gaussian_medium,0.0285386844
088859eb0563,deer_horn,72,72,17,all,gaussian,medium,0,43,gaussian_medium,0.0549544741
088859eb0563,deer_horn,72,72,18,all,gaussian,medium,0,43,gaussian_medium,0.0343453183
088859eb0563,deer_horn,72,72,19,all,gaussian,medium,0,43,gaussian_medium,0.0712645038
088859eb0563,deer_horn,72,72,20,all,gaussian,medium,0,43,gaussian_medium,0.0398234067
088859eb0563,deer_horn,73,73,0,all,gaussian,medium,0,43,gaussian_medium,0.0216927387
088859eb0563,deer_horn,73,73,1,all,gaussian,medium,0,43,gaussian_medium,0.0405262717
088859eb0563,deer_horn,73,73,2,all,gaussian,medium,0,43,gaussian_medium,0.0230060832
088859eb0563,deer_horn,73,73,3,all,gaussian,medium,0,43,gaussian_medium,0.028233018
088859eb0563,deer_horn,73,73,4,all,gaussian,medium,0,43,gaussian_medium,0.0769797252
088859eb0563,deer_horn,73,73,5,all,gaussian,medium,0,43,gaussian_medium,0.0622744442
088859eb0563,deer_horn,73,73,6,all,gaussian,medium,0,43,gaussian_medium,0.0478534537
088859eb0563,deer_horn,73,73,7,all,gaussian,medium,0,43,gaussian_medium,0.0706382077
088859eb0563,deer_horn,73,73,8,all,gaussian,medium,0,43,gaussian_medium,0.0335435196
088859eb0563,deer_horn,73,73,9,all,gaussian,medium,0,43,gaussian_medium,0.0378520151
088859eb0563,deer_horn,73,73,10,all,gaussian,medium,0,43,gaussian_medium,0.0370859726
088859eb0563,deer_horn,73,73,11,all,gaussian,medium,0,43,gaussian_medium,0.0543546253
088859eb0563,deer_horn,73,73,12,all,gaussian,medium,0,43,gaussian_medium,0.0542122929
088859eb0563,deer_horn,73,73,13,all,gaussian,medium,0,43,gaussian_medium,0.0423368112
088859eb0563,deer_horn,73,73,14,all,gaussian,medium,0,43,gaussian_medium,0.0857488661
088859eb0563,deer_horn,73,73,15,all,gaussian,medium,0,43,gaussian_medium,0.0332761062
088859eb0563,deer_horn,73,73,16,all,gaussian,medium,0,43,gaussian_medium,0.0365781789
088859eb0563,deer_horn,73,73,17,all,gaussian,medium,0,43,gaussian_medium,0.0412787051
088859eb0563,deer_horn,73,73,18,all,gaussian,medium,0,43,gaussian_medium,0.0407425298
088859eb0563,deer_horn,73,73,19,all,gaussian,medium,0,43,gaussian_medium,0.0966061228
088859eb0563,deer_horn,73,73,20,all,gaussian,medium,0,43,gaussian_medium,0.0420874031
088859eb0563,deer_horn,74,74,0,all,gaussian,medium,0,43,gaussian_medium,0.0057577407
088859eb0563,deer_horn,74,74,1,all,gaussian,medium,0,43,gaussian_medium,0.0199792522
088859eb0563,deer_horn,74,74,2,all,gaussian,medium,0,43,gaussian_medium,0.0497719888
088859eb0563,deer_horn,74,74,3,all,gaussian,medium,0,43,gaussian_medium,0.0349250682
088859eb0563,deer_horn,74,74,4,all,gaussian,medium,0,43,gaussian_medium,0.0611901765
088859eb0563,deer_horn,74,74,5,all,gaussian,medium,0,43,gaussian_medium,0.037214063
088859eb0563,deer_horn,74,74,6,all,gaussian,medium,0,43,gaussian_medium,0.057974081
088859eb0563,deer_horn,74,74,7,all,gaussian,medium,0,43,gaussian_medium,0.0963812997
088859eb0563,deer_horn,74,74,8,all,gaussian,medium,0,43,gaussian_medium,0.0523204547
088859eb0563,deer_horn,74,74,9,all,gaussian,medium,0,43,gaussian_medium,0.0466837353
088859eb0563,deer_horn,74,74,10,all,gaussian,medium,0,43,gaussian_medium,0.0274237878
088859eb0563,deer_horn,74,74,11,all,gaussian,medium,0,43,gaussian_medium,0.0448645803
088859eb0563,deer_horn,74,74,12,all,gaussian,medium,0,43,gaussian_medium,0.0390185421
088859eb0563,deer_horn,74,74,13,all,gaussian,medium,0,43,gaussian_medium,0.0560558067
088859eb0563,deer_horn,74,74,14,all,gaussian,medium,0,43,gaussian_medium,0.024339916
088859eb0563,deer_horn,74,74,15,all,gaussian,medium,0,43,gaussian_medium,0.062551247
088859eb0563,deer_horn,74,74,16,all,gaussian,medium,0,43,gaussian_medium,0.0786039114
088859eb0563,deer_horn,74,74,17,all,gaussian,medium,0,43,gaussian_medium,0.0466777326
088859eb0563,deer_horn,74,74,18,all,gaussian,medium,0,43,gaussian_medium,0.0428924216
088859eb0563,deer_horn,74,74,19,all,gaussian,medium,0,43,gaussian_medium,0.0408041642
088859eb0563,deer_horn,74,74,20,all,gaussian,medium,0,43,gaussian_medium,0.0371536302
088859eb0563,deer_horn,75,75,0,all,gaussian,medium,0,43,gaussian_medium,0.0410570668
088859eb0563,deer_horn,75,75,1,all,gaussian,medium,0,43,gaussian_medium,0.0713530396
088859eb0563,deer_horn,75,75,2,all,gaussian,medium,0,43,gaussian_medium,0.0490273166
088859eb0563,deer_horn,75,75,3,all,gaussian,medium,0,43,gaussian_medium,0.0617771414
088859eb0563,deer_horn,75,75,4,all,gaussian,medium,0,43,gaussian_medium,0.0342352902
088859eb0563,deer_horn,75,75,5,all,gaussian,medium,0,43,gaussian_medium,0.0463232337
088859eb0563,deer_horn,75,75,6,all,gaussian,medium,0,43,gaussian_medium,0.0347319387
088859eb0563,deer_horn,75,75,7,all,gaussian,medium,0,43,gaussian_medium,0.0309805147
088859eb0563,deer_horn,75,75,8,all,gaussian,medium,0,43,gaussian_medium,0.0545414959
088859eb0563,deer_horn,75,75,9,all,gaussian,medium,0,43,gaussian_medium,0.0364833268
088859eb0563,deer_horn,75,75,10,all,gaussian,medium,0,43,gaussian_medium,0.0333894373
088859eb0563,deer_horn,75,75,11,all,gaussian,medium,0,43,gaussian_medium,0.0160940086
088859eb0563,deer_horn,75,75,12,all,gaussian,medium,0,43,gaussian_medium,0.0403775293
088859eb0563,deer_horn,75,75,13,all,gaussian,medium,0,43,gaussian_medium,0.0436474423
088859eb0563,deer_horn,75,75,14,all,gaussian,medium,0,43,gaussian_medium,0.031151715
088859eb0563,deer_horn,75,75,15,all,gaussian,medium,0,43,gaussian_medium,0.0528954954
088859eb0563,deer_horn,75,75,16,all,gaussian,medium,0,43,gaussian_medium,0.0575830834
088859eb0563,deer_horn,75,75,17,all,gaussian,medium,0,43,gaussian_medium,0.0299131716
088859eb0563,deer_horn,75,75,18,all,gaussian,medium,0,43,gaussian_medium,0.0128492172
088859eb0563,deer_horn,75,75,19,all,gaussian,medium,0,43,gaussian_medium,0.0275047648
088859eb0563,deer_horn,75,75,20,all,gaussian,medium,0,43,gaussian_medium,0.0438908
088859eb0563,deer_horn,76,76,0,all,gaussian,medium,0,43,gaussian_medium,0.062304136
088859eb0563,deer_horn,76,76,1,all,gaussian,medium,0,43,gaussian_medium,0.0212026105
088859eb0563,deer_horn,76,76,2,all,gaussian,medium,0,43,gaussian_medium,0.0514095632
088859eb0563,deer_horn,76,76,3,all,gaussian,medium,0,43,gaussian_medium,0.0207847226
088859eb0563,deer_horn,76,76,4,all,gaussian,medium,0,43,gaussian_medium,0.052488608
088859eb0563,deer_horn,76,76,5,all,gaussian,medium,0,43,gaussian_medium,0.0538908426
088859eb0563,deer_horn,76,76,6,all,gaussian,medium,0,43,gaussian_medium,0.0386555311
088859eb0563,deer_horn,76,76,7,all,gaussian,medium,0,43,gaussian_medium,0.0361579091
088859eb0563,deer_horn,76,76,8,all,gaussian,medium,0,43,gaussian_medium,0.0709875973
088859eb0563,deer_horn,76,76,9,all,gaussian,medium,0,43,gaussian_medium,0.0311391504
088859eb0563,deer_horn,76,76,10,all,gaussian,medium,0,43,gaussian_medium,0.0540049707
088859eb0563,deer_horn,76,76,11,all,gaussian,medium,0,43,gaussian_medium,0.0803286014
088859eb0563,deer_horn,76,76,12,all,gaussian,medium,0,43,gaussian_medium,0.0501804935
088859eb0563,deer_horn,76,76,13,all,gaussian,medium,0,43,gaussian_medium,0.0345929054
088859eb0563,deer_horn,76,76,14,all,gaussian,medium,0,43,gaussian_medium,0.0251644369
088859eb0563,deer_horn,76,76,15,all,gaussian,medium,0,43,gaussian_medium,0.0851595311
088859eb0563,deer_horn,76,76,16,all,gaussian,medium,0,43,gaussian_medium,0.0318416974
088859eb0563,deer_horn,76,76,17,all,gaussian,medium,0,43,gaussian_medium,0.0417550444
088859eb0563,deer_horn,76,76,18,all,gaussian,medium,0,43,gaussian_medium,0.0506805122
088859eb0563,deer_horn,76,76,19,all,gaussian,medium,0,43,gaussian_medium,0.0140164486
088859eb0563,deer_horn,76,76,20,all,gaussian,medium,0,43,gaussian_medium,0.0488527212
088859eb0563,deer_horn,77,77,0,all,gaussian,medium,0,43,gaussian_medium,0.0318027777
088859eb0563,deer_horn,77,77,1,all,gaussian,medium,0,43,gaussian_medium,0.0454836884
088859eb0563,deer_horn,77,77,2,all,gaussian,medium,0,43,gaussian_medium,0.0245586838
088859eb0563,deer_horn,77,77,3,all,gaussian,medium,0,43,gaussian_medium,0.0604404332
088859eb0563,deer_horn,77,77,4,all,gaussian,medium,0,43,gaussian_medium,0.023527769
088859eb0563,deer_horn,77,77,5,all,gaussian,medium,0,43,gaussian_medium,0.064835262
088859eb0563,deer_horn,77,77,6,all,gaussian,medium,0,43,gaussian_medium,0.0178308212
088859eb0563,deer_horn,77,77,7,all,gaussian,medium,0,43,gaussian_medium,0.0563765263
088859eb0563,deer_horn,77,77,8,all,gaussian,medium,0,43,gaussian_medium,0.0576437651
088859eb0563,deer_horn,77,77,9,all,gaussian,medium,0,43,gaussian_medium,0.0422000616
088859eb0563,deer_horn,77,77,10,all,gaussian,medium,0,43,gaussian_medium,0.0691011885
088859eb0563,deer_horn,77,77,11,all,gaussian,medium,0,43,gaussian_medium,0.0200099413
088859eb0563,deer_horn,77,77,12,all,gaussian,medium,0,43,gaussian_medium,0.0640534169
088859eb0563,deer_horn,77,77,13,all,gaussian,medium,0,43,gaussian_medium,0.0598927269
088859eb0563,deer_horn,77,77,14,all,gaussian,medium,0,43,gaussian_medium,0.0482548133
088859eb0563,deer_horn,77,77,15,all,gaussian,medium,0,43,gaussian_medium,0.0312226605
088859eb0563,deer_horn,77,77,16,all,gaussian,medium,0,43,gaussian_medium,0.0722865908
088859eb0563,deer_horn,77,77,17,all,gaussian,medium,0,43,gaussian_medium,0.0560949792
088859eb0563,deer_horn,77,77,18,all,gaussian,medium,0,43,gaussian_medium,0.0420838073
088859eb0563,deer_horn,77,77,19,all,gaussian,medium,0,43,gaussian_medium,0.0451986193
088859eb0563,deer_horn,77,77,20,all,gaussian,medium,0,43,gaussian_medium,0.0218436433
088859eb0563,deer_horn,78,78,0,all,gaussian,medium,0,43,gaussian_medium,0.0461357909
088859eb0563,deer_horn,78,78,1,all,gaussian,medium,0,43,gaussian_medium,0.0514003763
088859eb0563,deer_horn,78,78,2,all,gaussian,medium,0,43,gaussian_medium,0.0781381582
088859eb0563,deer_horn,78,78,3,all,gaussian,medium,0,43,gaussian_medium,0.0211371497
088859eb0563,deer_horn,78,78,4,all,gaussian,medium,0,43,gaussian_medium,0.0452487966
088859eb0563,deer_horn,78,78,5,all,gaussian,medium,0,43,gaussian_medium,0.0205815982
088859eb0563,deer_horn,78,78,6,all,gaussian,medium,0,43,gaussian_medium,0.0643381254
088859eb0563,deer_horn,78,78,7,all,gaussian,medium,0,43,gaussian_medium,0.0234424535
088859eb0563,deer_horn,78,78,8,all,gaussian,medium,0,43,gaussian_medium,0.0627173368
088859eb0563,deer_horn,78,78,9,all,gaussian,medium,0,43,gaussian_medium,0.0347591461
088859eb0563,deer_horn,78,78,10,all,gaussian,medium,0,43,gaussian_medium,0.0317097966
088859eb0563,deer_horn,78,78,11,all,gaussian,medium,0,43,gaussian_medium,0.0260769191
088859eb0563,deer_horn,78,78,12,all,gaussian,medium,0,43,gaussian_medium,0.0585852867
088859eb0563,deer_horn,78,78,13,all,gaussian,medium,0,43,gaussian_medium,0.0392059466
088859eb0563,deer_horn,78,78,14,all,gaussian,medium,0,43,gaussian_medium,0.0201768769
088859eb0563,deer_horn,78,78,15,all,gaussian,medium,0,43,gaussian_medium,0.0258661719
088859eb0563,deer_horn,78,78,16,all,gaussian,medium,0,43,gaussian_medium,0.0426798017
088859eb0563,deer_horn,78,78,17,all,gaussian,medium,0,43,gaussian_medium,0.04153607
088859eb0563,deer_horn,78,78,18,all,gaussian,medium,0,43,gaussian_medium,0.033392418
088859eb0563,deer_horn,78,78,19,all,gaussian,medium,0,43,gaussian_medium,0.007351358
088859eb0563,deer_horn,78,78,20,all,gaussian,medium,0,43,gaussian_medium,0.0365025184
088859eb0563,deer_horn,79,79,0,all,gaussian,medium,0,43,gaussian_medium,0.0491813674
088859eb0563,deer_horn,79,79,1,all,gaussian,medium,0,43,gaussian_medium,0.0670950386
088859eb0563,deer_horn,79,79,2,all,gaussian,medium,0,43,gaussian_medium,0.0521489638
088859eb0563,deer_horn,79,79,3,all,gaussian,medium,0,43,gaussian_medium,0.059579443
088859eb0563,deer_horn,79,79,4,all,gaussian,medium,0,43,gaussian_medium,0.0562560173
088859eb0563,deer_horn,79,79,5,all,gaussian,medium,0,43,gaussian_medium,0.0250861054
088859eb0563,deer_horn,79,79,6,all,gaussian,medium,0,43,gaussian_medium,0.0556128891
088859eb0563,deer_horn,79,79,7,all,gaussian,medium,0,43,gaussian_medium,0.0646197288
088859eb0563,deer_horn,79,79,8,all,gaussian,medium,0,43,gaussian_medium,0.0517398856
088859eb0563,deer_horn,79,79,9,all,gaussian,medium,0,43,gaussian_medium,0.0669723334
088859eb0563,deer_horn,79,79,10,all,gaussian,medium,0,43,gaussian_medium,0.0619511318
088859eb0563,deer_horn,79,79,11,all,gaussian,medium,0,43,gaussian_medium,0.0593215531
088859eb0563,deer_horn,79,79,12,all,gaussian,medium,0,43,gaussian_medium,0.0291348946
088859eb0563,deer_horn,79,79,13,all,gaussian,medium,0,43,gaussian_medium,0.071445332
088859eb0563,deer_horn,79,79,14,all,gaussian,medium,0,43,gaussian_medium,0.0578765615
088859eb0563,deer_horn,79,79,15,all,gaussian,medium,0,43,gaussian_medium,0.0642523932
088859eb0563,deer_horn,79,79,16,all,gaussian,medium,0,43,gaussian_medium,0.0543743161
088859eb0563,deer_horn,79,79,17,all,gaussian,medium,0,43,gaussian_medium,0.0686403836
088859eb0563,deer_horn,79,79,18,all,gaussian,medium,0,43,gaussian_medium,0.0750740733
088859eb0563,deer_horn,79,79,19,all,gaussian,medium,0,43,gaussian_medium,0.0653385817
088859eb0563,deer_horn,79,79,20,all,gaussian,medium,0,43,gaussian_medium,0.0329584049
088859eb0563,deer_horn,80,80,0,all,gaussian,medium,0,43,gaussian_medium,0.0462520445
088859eb0563,deer_horn,80,80,1,all,gaussian,medium,0,43,gaussian_medium,0.0531178419
088859eb0563,deer_horn,80,80,2,all,gaussian,medium,0,43,gaussian_medium,0.0747722782
088859eb0563,deer_horn,80,80,3,all,gaussian,medium,0,43,gaussian_medium,0.0144097035
088859eb0563,deer_horn,80,80,4,all,gaussian,medium,0,43,gaussian_medium,0.0222206219
088859eb0563,deer_horn,80,80,5,all,gaussian,medium,0,43,gaussian_medium,0.0492326178
088859eb0563,deer_horn,80,80,6,all,gaussian,medium,0,43,gaussian_medium,0.052156323
088859eb0563,deer_horn,80,80,7,all,gaussian,medium,0,43,gaussian_medium,0.0242784226
088859eb0563,deer_horn,80,80,8,all,gaussian,medium,0,43,gaussian_medium,0.052698424
088859eb0563,deer_horn,80,80,9,all,gaussian,medium,0,43,gaussian_medium,0.0233788763
088859eb0563,deer_horn,80,80,10,all,gaussian,medium,0,43,gaussian_medium,0.0560111814
088859eb0563,deer_horn,80,80,11,all,gaussian,medium,0,43,gaussian_medium,0.0410148809
088859eb0563,deer_horn,80,80,12,all,gaussian,medium,0,43,gaussian_medium,0.079766109
088859eb0563,deer_horn,80,80,13,all,gaussian,medium,0,43,gaussian_medium,0.0228406542
088859eb0563,deer_horn,80,80,14,all,gaussian,medium,0,43,gaussian_medium,0.0517824161
088859eb0563,deer_horn,80,80,15,all,gaussian,medium,0,43,gaussian_medium,0.0179436525
088859eb0563,deer_horn,80,80,16,all,gaussian,medium,0,43,gaussian_medium,0.0816088917
088859eb0563,deer_horn,80,80,17,all,gaussian,medium,0,43,gaussian_medium,0.0437466198
088859eb0563,deer_horn,80,80,18,all,gaussian,medium,0,43,gaussian_medium,0.0564092587
088859eb0563,deer_horn,80,80,19,all,gaussian,medium,0,43,gaussian_medium,0.0200698936
088859eb0563,deer_horn,80,80,20,all,gaussian,medium,0,43,gaussian_medium,0.0312382616
088859eb0563,deer_horn,81,81,0,all,gaussian,medium,0,43,gaussian_medium,0.0385773824
088859eb0563,deer_horn,81,81,1,all,gaussian,medium,0,43,gaussian_medium,0.0516489783
088859eb0563,deer_horn,81,81,2,all,gaussian,medium,0,43,gaussian_medium,0.0962813063
088859eb0563,deer_horn,81,81,3,all,gaussian,medium,0,43,gaussian_medium,0.0439661862
088859eb0563,deer_horn,81,81,4,all,gaussian,medium,0,43,gaussian_medium,0.0472925473
088859eb0563,deer_horn,81,81,5,all,gaussian,medium,0,43,gaussian_medium,0.0322630495
088859eb0563,deer_horn,81,81,6,all,gaussian,medium,0,43,gaussian_medium,0.0242814546
088859eb0563,deer_horn,81,81,7,all,gaussian,medium,0,43,gaussian_medium,0.0465954333
088859eb0563,deer_horn,81,81,8,all,gaussian,medium,0,43,gaussian_medium,0.0842320351
088859eb0563,deer_horn,81,81,9,all,gaussian,medium,0,43,gaussian_medium,0.0652823134
088859eb0563,deer_horn,81,81,10,all,gaussian,medium,0,43,gaussian_medium,0.0565114895
088859eb0563,deer_horn,81,81,11,all,gaussian,medium,0,43,gaussian_medium,0.0416085458
088859eb0563,deer_horn,81,81,12,all,gaussian,medium,0,43,gaussian_medium,0.0797755616
088859eb0563,deer_horn,81,81,13,all,gaussian,medium,0,43,gaussian_medium,0.031748994
088859eb0563,deer_horn,81,81,14,all,gaussian,medium,0,43,gaussian_medium,0.0325792567
088859eb0563,deer_horn,81,81,15,all,gaussian,medium,0,43,gaussian_medium,0.0607737928
088859eb0563,deer_horn,81,81,16,all,gaussian,medium,0,43,gaussian_medium,0.0539147958
088859eb0563,deer_horn,81,81,17,all,gaussian,medium,0,43,gaussian_medium,0.0196363874
088859eb0563,deer_horn,81,81,18,all,gaussian,medium,0,43,gaussian_medium,0.0598554227
088859eb0563,deer_horn,81,81,19,all,gaussian,medium,0,43,gaussian_medium,0.0793253996
088859eb0563,deer_horn,81,81,20,all,gaussian,medium,0,43,gaussian_medium,0.0475664439
088859eb0563,deer_horn,82,82,0,all,gaussian,medium,0,43,gaussian_medium,0.044205043
088859eb0563,deer_horn,82,82,1,all,gaussian,medium,0,43,gaussian_medium,0.105516107
088859eb0563,deer_horn,82,82,2,all,gaussian,medium,0,43,gaussian_medium,0.0358245569
088859eb0563,deer_horn,82,82,3,all,gaussian,medium,0,43,gaussian_medium,0.0389560953
088859eb0563,deer_horn,82,82,4,all,gaussian,medium,0,43,gaussian_medium,0.0241913658
088859eb0563,deer_horn,82,82,5,all,gaussian,medium,0,43,gaussian_medium,0.064349879
088859eb0563,deer_horn,82,82,6,all,gaussian,medium,0,43,gaussian_medium,0.0577510649
088859eb0563,deer_horn,82,82,7,all,gaussian,medium,0,43,gaussian_medium,0.0461489817
088859eb0563,deer_horn,82,82,8,all,gaussian,medium,0,43,gaussian_medium,0.0407536926
088859eb0563,deer_horn,82,82,9,all,gaussian,medium,0,43,gaussian_medium,0.09600197
088859eb0563,deer_horn,82,82,10,all,gaussian,medium,0,43,gaussian_medium,0.0606980252
088859eb0563,deer_horn,82,82,11,all,gaussian,medium,0,43,gaussian_medium,0.0364574449
088859eb0563,deer_horn,82,82,12,all,gaussian,medium,0,43,gaussian_medium,0.0734479147
088859eb0563,deer_horn,82,82,13,all,gaussian,medium,0,43,gaussian_medium,0.065552325
088859eb0563,deer_horn,82,82,14,all,gaussian,medium,0,43,gaussian_medium,0.0811194203
088859eb0563,deer_horn,82,82,15,all,gaussian,medium,0,43,gaussian_medium,0.0493219233
088859eb0563,deer_horn,82,82,16,all,gaussian,medium,0,43,gaussian_medium,0.0759091308
088859eb0563,deer_horn,82,82,17,all,gaussian,medium,0,43,gaussian_medium,0.0641279357
088859eb0563,deer_horn,82,82,18,all,gaussian,medium,0,43,gaussian_medium,0.0572116688
088859eb0563,deer_horn,82,82,19,all,gaussian,medium,0,43,gaussian_medium,0.0324809608
088859eb0563,deer_horn,82,82,20,all,gaussian,medium,0,43,gaussian_medium,0.0936957628
088859eb0563,deer_horn,83,83,0,all,gaussian,medium,0,43,gaussian_medium,0.0219112291
088859eb0563,deer_horn,83,83,1,all,gaussian,medium,0,43,gaussian_medium,0.0394232574
088859eb0563,deer_horn,83,83,2,all,gaussian,medium,0,43,gaussian_medium,0.0471677511
088859eb0563,deer_horn,83,83,3,all,gaussian,medium,0,43,gaussian_medium,0.0401630728
088859eb0563,deer_horn,83,83,4,all,gaussian,medium,0,43,gaussian_medium,0.0466768146
088859eb0563,deer_horn,83,83,5,all,gaussian,medium,0,43,gaussian_medium,0.03025172
088859eb0563,deer_horn,83,83,6,all,gaussian,medium,0,43,gaussian_medium,0.0426528811
088859eb0563,deer_horn,83,83,7,all,gaussian,medium,0,43,gaussian_medium,0.0587281866
088859eb0563,deer_horn,83,83,8,all,gaussian,medium,0,43,gaussian_medium,0.0837024234
088859eb0563,deer_horn,83,83,9,all,gaussian,medium,0,43,gaussian_medium,0.0517840812
088859eb0563,deer_horn,83,83,10,all,gaussian,medium,0,43,gaussian_medium,0.0500473066
088859eb0563,deer_horn,83,83,11,all,gaussian,medium,0,43,gaussian_medium,0.071049606
088859eb0563,deer_horn,83,83,12,all,gaussian,medium,0,43,gaussian_medium,0.0502812351
088859eb0563,deer_horn,83,83,13,all,gaussian,medium,0,43,gaussian_medium,0.091944671
088859eb0563,deer_horn,83,83,14,all,gaussian,medium,0,43,gaussian_medium,0.0419008208
088859eb0563,deer_horn,83,83,15,all,gaussian,medium,0,43,gaussian_medium,0.0598094237
088859eb0563,deer_horn,83,83,16,all,gaussian,medium,0,43,gaussian_medium,0.0252386187
088859eb0563,deer_horn,83,83,17,all,gaussian,medium,0,43,gaussian_medium,0.05926526
088859eb0563,deer_horn,83,83,18,all,gaussian,medium,0,43,gaussian_medium,0.0322536007
088859eb0563,deer_horn,83,83,19,all,gaussian,medium,0,43,gaussian_medium,0.0781689235
088859eb0563,deer_horn,83,83,20,all,gaussian,medium,0,43,gaussian_medium,0.0768081907
088859eb0563,deer_horn,84,84,0,all,gaussian,medium,0,43,gaussian_medium,0.0354740566
088859eb0563,deer_horn,84,84,1,all,gaussian,medium,0,43,gaussian_medium,0.00696814276
088859eb0563,deer_horn,84,84,2,all,gaussian,medium,0,43,gaussian_medium,0.0352113676
088859eb0563,deer_horn,84,84,3,all,gaussian,medium,0,43,gaussian_medium,0.0729496397
088859eb0563,deer_horn,84,84,4,all,gaussian,medium,0,43,gaussian_medium,0.0603161983
088859eb0563,deer_horn,84,84,5,all,gaussian,medium,0,43,gaussian_medium,0.0357588703
088859eb0563,deer_horn,84,84,6,all,gaussian,medium,0,43,gaussian_medium,0.0208384929
088859eb0563,deer_horn,84,84,7,all,gaussian,medium,0,43,gaussian_medium,0.0486903029
088859eb0563,deer_horn,84,84,8,all,gaussian,medium,0,43,gaussian_medium,0.0394316741
088859eb0563,deer_horn,84,84,9,all,gaussian,medium,0,43,gaussian_medium,0.0352136064
088859eb0563,deer_horn,84,84,10,all,gaussian,medium,0,43,gaussian_medium,0.0605903547
088859eb0563,deer_horn,84,84,11,all,gaussian,medium,0,43,gaussian_medium,0.0723991993
088859eb0563,deer_horn,84,84,12,all,gaussian,medium,0,43,gaussian_medium,0.0739767517
088859eb0563,deer_horn,84,84,13,all,gaussian,medium,0,43,gaussian_medium,0.0319756422
088859eb0563,deer_horn,84,84,14,all,gaussian,medium,0,43,gaussian_medium,0.0361130534
088859eb0563,deer_horn,84,84,15,all,gaussian,medium,0,43,gaussian_medium,0.0301234783
088859eb0563,deer_horn,84,84,16,all,gaussian,medium,0,43,gaussian_medium,0.0323672831
088859eb0563,deer_horn,84,84,17,all,gaussian,medium,0,43,gaussian_medium,0.0626932098
088859eb0563,deer_horn,84,84,18,all,gaussian,medium,0,43,gaussian_medium,0.0501736545
088859eb0563,deer_horn,84,84,19,all,gaussian,medium,0,43,gaussian_medium,0.0645005289
088859eb0563,deer_horn,84,84,20,all,gaussian,medium,0,43,gaussian_medium,0.062632815
088859eb0563,deer_horn,85,85,0,all,gaussian,medium,0,43,gaussian_medium,0.125822517
088859eb0563,deer_horn,85,85,1,all,gaussian,medium,0,43,gaussian_medium,0.0884733389
088859eb0563,deer_horn,85,85,2,all,gaussian,medium,0,43,gaussian_medium,0.040071874
088859eb0563,deer_horn,85,85,3,all,gaussian,medium,0,43,gaussian_medium,0.0319722764
088859eb0563,deer_horn,85,85,4,all,gaussian,medium,0,43,gaussian_medium,0.023507286
088859eb0563,deer_horn,85,85,5,all,gaussian,medium,0,43,gaussian_medium,0.037503947
088859eb0563,deer_horn,85,85,6,all,gaussian,medium,0,43,gaussian_medium,0.0509115009
088859eb0563,deer_horn,85,85,7,all,gaussian,medium,0,43,gaussian_medium,0.0432126227
088859eb0563,deer_horn,85,85,8,all,gaussian,medium,0,43,gaussian_medium,0.0565441119
088859eb0563,deer_horn,85,85,9,all,gaussian,medium,0,43,gaussian_medium,0.0246150204
088859eb0563,deer_horn,85,85,10,all,gaussian,medium,0,43,gaussian_medium,0.100896213
088859eb0563,deer_horn,85,85,11,all,gaussian,medium,0,43,gaussian_medium,0.036714981
088859eb0563,deer_horn,85,85,12,all,gaussian,medium,0,43,gaussian_medium,0.0367169408
088859eb0563,deer_horn,85,85,13,all,gaussian,medium,0,43,gaussian_medium,0.0566104619
088859eb0563,deer_horn,85,85,14,all,gaussian,medium,0,43,gaussian_medium,0.0545042562
088859eb0563,deer_horn,85,85,15,all,gaussian,medium,0,43,gaussian_medium,0.0526069004
088859eb0563,deer_horn,85,85,16,all,gaussian,medium,0,43,gaussian_medium,0.098855105
088859eb0563,deer_horn,85,85,17,all,gaussian,medium,0,43,gaussian_medium,0.0412541763
088859eb0563,deer_horn,85,85,18,all,gaussian,medium,0,43,gaussian_medium,0.0269769534
088859eb0563,deer_horn,85,85,19,all,gaussian,medium,0,43,gaussian_medium,0.047163181
088859eb0563,deer_horn,85,85,20,all,gaussian,medium,0,43,gaussian_medium,0.0597956207
088859eb0563,deer_horn,86,86,0,all,gaussian,medium,0,43,gaussian_medium,0.0432391885
088859eb0563,deer_horn,86,86,1,all,gaussian,medium,0,43,gaussian_medium,0.0551880541
088859eb0563,deer_horn,86,86,2,all,gaussian,medium,0,43,gaussian_medium,0.0336619815
088859eb0563,deer_horn,86,86,3,all,gaussian,medium,0,43,gaussian_medium,0.0834822481
088859eb0563,deer_horn,86,86,4,all,gaussian,medium,0,43,gaussian_medium,0.0465232097
088859eb0563,deer_horn,86,86,5,all,gaussian,medium,0,43,gaussian_medium,0.050443595
088859eb0563,deer_horn,86,86,6,all,gaussian,medium,0,43,gaussian_medium,0.0645780038
088859eb0563,deer_horn,86,86,7,all,gaussian,medium,0,43,gaussian_medium,0.0792595963
088859eb0563,deer_horn,86,86,8,all,gaussian,medium,0,43,gaussian_medium,0.0741101807
088859eb0563,deer_horn,86,86,9,all,gaussian,medium,0,43,gaussian_medium,0.0487211078
088859eb0563,deer_horn,86,86,10,all,gaussian,medium,0,43,gaussian_medium,0.042376109
088859eb0563,deer_horn,86,86,11,all,gaussian,medium,0,43,gaussian_medium,0.0450425287
088859eb0563,deer_horn,86,86,12,all,gaussian,medium,0,43,gaussian_medium,0.0548272557
088859eb0563,deer_horn,86,86,13,all,gaussian,medium,0,43,gaussian_medium,0.0722410793
088859eb0563,deer_horn,86,86,14,all,gaussian,medium,0,43,gaussian_medium,0.0687758449
088859eb0563,deer_horn,86,86,15,all,gaussian,medium,0,43,gaussian_medium,0.0282431342
088859eb0563,deer_horn,86,86,16,all,gaussian,medium,0,43,gaussian_medium,0.0768130028
088859eb0563,deer_horn,86,86,17,all,gaussian,medium,0,43,gaussian_medium,0.0519945131
088859eb0563,deer_horn,86,86,18,all,gaussian,medium,0,43,gaussian_medium,0.0223723832
088859eb0563,deer_horn,86,86,19,all,gaussian,medium,0,43,gaussian_medium,0.0459604769
088859eb0563,deer_horn,86,86,20,all,gaussian,medium,0,43,gaussian_medium,0.0331659823
088859eb0563,deer_horn,87,87,0,all,gaussian,medium,0,43,gaussian_medium,0.0784987402
088859eb0563,deer_horn,87,87,1,all,gaussian,medium,0,43,gaussian_medium,0.0371918267
088859eb0563,deer_horn,87,87,2,all,gaussian,medium,0,43,gaussian_medium,0.0494459011
088859eb0563,deer_horn,87,87,3,all,gaussian,medium,0,43,gaussian_medium,0.0539877013
088859eb0563,deer_horn,87,87,4,all,gaussian,medium,0,43,gaussian_medium,0.0159876769
088859eb0563,deer_horn,87,87,5,all,gaussian,medium,0,43,gaussian_medium,0.0355620797
088859eb0563,deer_horn,87,87,6,all,gaussian,medium,0,43,gaussian_medium,0.0289435099
088859eb0563,deer_horn,87,87,7,all,gaussian,medium,0,43,gaussian_medium,0.0372502544
088859eb0563,deer_horn,87,87,8,all,gaussian,medium,0,43,gaussian_medium,0.0590696313
088859eb0563,deer_horn,87,87,9,all,gaussian,medium,0,43,gaussian_medium,0.0469078857
088859eb0563,deer_horn,87,87,10,all,gaussian,medium,0,43,gaussian_medium,0.0382845787
088859eb0563,deer_horn,87,87,11,all,gaussian,medium,0,43,gaussian_medium,0.0535639682
088859eb0563,deer_horn,87,87,12,all,gaussian,medium,0,43,gaussian_medium,0.101833999
088859eb0563,deer_horn,87,87,13,all,gaussian,medium,0,43,gaussian_medium,0.016750721
088859eb0563,deer_horn,87,87,14,all,gaussian,medium,0,43,gaussian_medium,0.0308906553
088859eb0563,deer_horn,87,87,15,all,gaussian,medium,0,43,gaussian_medium,0.0340093353
088859eb0563,deer_horn,87,87,16,all,gaussian,medium,0,43,gaussian_medium,0.0261315288
088859eb0563,deer_horn,87,87,17,all,gaussian,medium,0,43,gaussian_medium,0.069749616
088859eb0563,deer_horn,87,87,18,all,gaussian,medium,0,43,gaussian_medium,0.0859169113
088859eb0563,deer_horn,87,87,19,all,gaussian,medium,0,43,gaussian_medium,0.0519394054
088859eb0563,deer_horn,87,87,20,all,gaussian,medium,0,43,gaussian_medium,0.0593687502
088859eb0563,deer_horn,88,88,0,all,gaussian,medium,0,43,gaussian_medium,0.0481497033
088859eb0563,deer_horn,88,88,1,all,gaussian,medium,0,43,gaussian_medium,0.0819525805
088859eb0563,deer_horn,88,88,2,all,gaussian,medium,0,43,gaussian_medium,0.0452270209
088859eb0563,deer_horn,88,88,3,all,gaussian,medium,0,43,gaussian_medium,0.0534154329
088859eb0563,deer_horn,88,88,4,all,gaussian,medium,0,43,gaussian_medium,0.0738827578
088859eb0563,deer_horn,88,88,5,all,gaussian,medium,0,43,gaussian_medium,0.0646340466
088859eb0563,deer_horn,88,88,6,all,gaussian,medium,0,43,gaussian_medium,0.0508530607
088859eb0563,deer_horn,88,88,7,all,gaussian,medium,0,43,gaussian_medium,0.0459287201
088859eb0563,deer_horn,88,88,8,all,gaussian,medium,0,43,gaussian_medium,0.0131194578
088859eb0563,deer_horn,88,88,9,all,gaussian,medium,0,43,gaussian_medium,0.0326411036
088859eb0563,deer_horn,88,88,10,all,gaussian,medium,0,43,gaussian_medium,0.0458869841
088859eb0563,deer_horn,88,88,11,all,gaussian,medium,0,43,gaussian_medium,0.0532574467
088859eb0563,deer_horn,88,88,12,all,gaussian,medium,0,43,gaussian_medium,0.0815999447
088859eb0563,deer_horn,88,88,13,all,gaussian,medium,0,43,gaussian_medium,0.0664620959
088859eb0563,deer_horn,88,88,14,all,gaussian,medium,0,43,gaussian_medium,0.0380267746
088859eb0563,deer_horn,88,88,15,all,gaussian,medium,0,43,gaussian_medium,0.0398643919
088859eb0563,deer_horn,88,88,16,all,gaussian,medium,0,43,gaussian_medium,0.0884470155
088859eb0563,deer_horn,88,88,17,all,gaussian,medium,0,43,gaussian_medium,0.0578980036
088859eb0563,deer_horn,88,88,18,all,gaussian,medium,0,43,gaussian_medium,0.0494500918
088859eb0563,deer_horn,88,88,19,all,gaussian,medium,0,43,gaussian_medium,0.0392650317
088859eb0563,deer_horn,88,88,20,all,gaussian,medium,0,43,gaussian_medium,0.0527614896
088859eb0563,deer_horn,89,89,0,all,gaussian,medium,0,43,gaussian_medium,0.0536594233
088859eb0563,deer_horn,89,89,1,all,gaussian,medium,0,43,gaussian_medium,0.0376811369
088859eb0563,deer_horn,89,89,2,all,gaussian,medium,0,43,gaussian_medium,0.0614938793
088859eb0563,deer_horn,89,89,3,all,gaussian,medium,0,43,gaussian_medium,0.0806470468
088859eb0563,deer_horn,89,89,4,all,gaussian,medium,0,43,gaussian_medium,0.0639208307
088859eb0563,deer_horn,89,89,5,all,gaussian,medium,0,43,gaussian_medium,0.0423728059
088859eb0563,deer_horn,89,89,6,all,gaussian,medium,0,43,gaussian_medium,0.0537972649
088859eb0563,deer_horn,89,89,7,all,gaussian,medium,0,43,gaussian_medium,0.0416734396
088859eb0563,deer_horn,89,89,8,all,gaussian,medium,0,43,gaussian_medium,0.0814893534
088859eb0563,deer_horn,89,89,9,all,gaussian,medium,0,43,gaussian_medium,0.0267408168
088859eb0563,deer_horn,89,89,10,all,gaussian,medium,0,43,gaussian_medium,0.0623339781
088859eb0563,deer_horn,89,89,11,all,gaussian,medium,0,43,gaussian_medium,0.0493133028
088859eb0563,deer_horn,89,89,12,all,gaussian,medium,0,43,gaussian_medium,0.0565115643
088859eb0563,deer_horn,89,89,13,all,gaussian,medium,0,43,gaussian_medium,0.0621190802
088859eb0563,deer_horn,89,89,14,all,gaussian,medium,0,43,gaussian_medium,0.0462293252
088859eb0563,deer_horn,89,89,15,all,gaussian,medium,0,43,gaussian_medium,0.0434679999
088859eb0563,deer_horn,89,89,16,all,gaussian,medium,0,43,gaussian_medium,0.0973705281
088859eb0563,deer_horn,89,89,17,all,gaussian,medium,0,43,gaussian_medium,0.0829448394
088859eb0563,deer_horn,89,89,18,all,gaussian,medium,0,43,gaussian_medium,0.0639790023
088859eb0563,deer_horn,89,89,19,all,gaussian,medium,0,43,gaussian_medium,0.0616996922
088859eb0563,deer_horn,89,89,20,all,gaussian,medium,0,43,gaussian_medium,0.0267757013
088859eb0563,deer_horn,90,90,0,all,gaussian,medium,0,43,gaussian_medium,0.111161793
088859eb0563,deer_horn,90,90,1,all,gaussian,medium,0,43,gaussian_medium,0.0689828799
088859eb0563,deer_horn,90,90,2,all,gaussian,medium,0,43,gaussian_medium,0.0210196586
088859eb0563,deer_horn,90,90,3,all,gaussian,medium,0,43,gaussian_medium,0.0500238049
088859eb0563,deer_horn,90,90,4,all,gaussian,medium,0,43,gaussian_medium,0.0475514656
088859eb0563,deer_horn,90,90,5,all,gaussian,medium,0,43,gaussian_medium,0.0463832855
088859eb0563,deer_horn,90,90,6,all,gaussian,medium,0,43,gaussian_medium,0.0692397311
088859eb0563,deer_horn,90,90,7,all,gaussian,medium,0,43,gaussian_medium,0.0564780982
088859eb0563,deer_horn,90,90,8,all,gaussian,medium,0,43,gaussian_medium,0.027884126
088859eb0563,deer_horn,90,90,9,all,gaussian,medium,0,43,gaussian_medium,0.0329108265
088859eb0563,deer_horn,90,90,10,all,gaussian,medium,0,43,gaussian_medium,0.0759218438
088859eb0563,deer_horn,90,90,11,all,gaussian,medium,0,43,gaussian_medium,0.0491006441
088859eb0563,deer_horn,90,90,12,all,gaussian,medium,0,43,gaussian_medium,0.0367620699
088859eb0563,deer_horn,90,90,13,all,gaussian,medium,0,43,gaussian_medium,0.0531830343
088859eb0563,deer_horn,90,90,14,all,gaussian,medium,0,43,gaussian_medium,0.0868073801
088859eb0563,deer_horn,90,90,15,all,gaussian,medium,0,43,gaussian_medium,0.0463391116
088859eb0563,deer_horn,90,90,16,all,gaussian,medium,0,43,gaussian_medium,0.0232246984
088859eb0563,deer_horn,90,90,17,all,gaussian,medium,0,43,gaussian_medium,0.0390966825
088859eb0563,deer_horn,90,90,18,all,gaussian,medium,0,43,gaussian_medium,0.0811232144
088859eb0563,deer_horn,90,90,19,all,gaussian,medium,0,43,gaussian_medium,0.0341542036
088859eb0563,deer_horn,90,90,20,all,gaussian,medium,0,43,gaussian_medium,0.0146683302
088859eb0563,deer_horn,91,91,0,all,gaussian,medium,0,43,gaussian_medium,0.0749865408
088859eb0563,deer_horn,91,91,1,all,gaussian,medium,0,43,gaussian_medium,0.0870700875
088859eb0563,deer_horn,91,91,2,all,gaussian,medium,0,43,gaussian_medium,0.0526744113
088859eb0563,deer_horn,91,91,3,all,gaussian,medium,0,43,gaussian_medium,0.0313033231
088859eb0563,deer_horn,91,91,4,all,gaussian,medium,0,43,gaussian_medium,0.0585211538
088859eb0563,deer_horn,91,91,5,all,gaussian,medium,0,43,gaussian_medium,0.0266837126
088859eb0563,deer_horn,91,91,6,all,gaussian,medium,0,43,gaussian_medium,0.0366370774
088859eb0563,deer_horn,91,91,7,all,gaussian,medium,0,43,gaussian_medium,0.0667336515
088859eb0563,deer_horn,91,91,8,all,gaussian,medium,0,43,gaussian_medium,0.0693751319
088859eb0563,deer_horn,91,91,9,all,gaussian,medium,0,43,gaussian_medium,0.0217679029
088859eb0563,deer_horn,91,91,10,all,gaussian,medium,0,43,gaussian_medium,0.0664706646
088859eb0563,deer_horn,91,91,11,all,gaussian,medium,0,43,gaussian_medium,0.0356041984
088859eb0563,deer_horn,91,91,12,all,gaussian,medium,0,43,gaussian_medium,0.0471350696
088859eb0563,deer_horn,91,91,13,all,gaussian,medium,0,43,gaussian_medium,0.0253249639
088859eb0563,deer_horn,91,91,14,all,gaussian,medium,0,43,gaussian_medium,0.0442361379
088859eb0563,deer_horn,91,91,15,all,gaussian,medium,0,43,gaussian_medium,0.047477814
088859eb0563,deer_horn,91,91,16,all,gaussian,medium,0,43,gaussian_medium,0.081231092
088859eb0563,deer_horn,91,91,17,all,gaussian,medium,0,43,gaussian_medium,0.0472918157
088859eb0563,deer_horn,91,91,18,all,gaussian,medium,0,43,gaussian_medium,0.063537757
088859eb0563,deer_horn,91,91,19,all,gaussian,medium,0,43,gaussian_medium,0.0424414587
088859eb0563,deer_horn,91,91,20,all,gaussian,medium,0,43,gaussian_medium,0.0583786426
088859eb0563,deer_horn,92,92,0,all,gaussian,medium,0,43,gaussian_medium,0.0696465554
088859eb0563,deer_horn,92,92,1,all,gaussian,medium,0,43,gaussian_medium,0.0522052079
088859eb0563,deer_horn,92,92,2,all,gaussian,medium,0,43,gaussian_medium,0.0448566095
088859eb0563,deer_horn,92,92,3,all,gaussian,medium,0,43,gaussian_medium,0.0589809657
088859eb0563,deer_horn,92,92,4,all,gaussian,medium,0,43,gaussian_medium,0.0263825135
088859eb0563,deer_horn,92,92,5,all,gaussian,medium,0,43,gaussian_medium,0.0836272062
088859eb0563,deer_horn,92,92,6,all,gaussian,medium,0,43,gaussian_medium,0.043391491
088859eb0563,deer_horn,92,92,7,all,gaussian,medium,0,43,gaussian_medium,0.0196477256
088859eb0563,deer_horn,92,92,8,all,gaussian,medium,0,43,gaussian_medium,0.0498032145
088859eb0563,deer_horn,92,92,9,all,gaussian,medium,0,43,gaussian_medium,0.0261933482
088859eb0563,deer_horn,92,92,10,all,gaussian,medium,0,43,gaussian_medium,0.0649627933
088859eb0563,deer_horn,92,92,11,all,gaussian,medium,0,43,gaussian_medium,0.0671979832
088859eb0563,deer_horn,92,92,12,all,gaussian,medium,0,43,gaussian_medium,0.0268726552
088859eb0563,deer_horn,92,92,13,all,gaussian,medium,0,43,gaussian_medium,0.0271567668
088859eb0563,deer_horn,92,92,14,all,gaussian,medium,0,43,gaussian_medium,0.0229609296
088859eb0563,deer_horn,92,92,15,all,gaussian,medium,0,43,gaussian_medium,0.0112716336
088859eb0563,deer_horn,92,92,16,all,gaussian,medium,0,43,gaussian_medium,0.0466172217
088859eb0563,deer_horn,92,92,17,all,gaussian,medium,0,43,gaussian_medium,0.0332320179
088859eb0563,deer_horn,92,92,18,all,gaussian,medium,0,43,gaussian_medium,0.0519768799
088859eb0563,deer_horn,92,92,19,all,gaussian,medium,0,43,gaussian_medium,0.0271918401
088859eb0563,deer_horn,92,92,20,all,gaussian,medium,0,43,gaussian_medium,0.0296623765
088859eb0563,deer_horn,93,93,0,all,gaussian,medium,0,43,gaussian_medium,0.0579135115
088859eb0563,deer_horn,93,93,1,all,gaussian,medium,0,43,gaussian_medium,0.072906788
088859eb0563,deer_horn,93,93,2,all,gaussian,medium,0,43,gaussian_medium,0.0376033109
088859eb0563,deer_horn,93,93,3,all,gaussian,medium,0,43,gaussian_medium,0.0446672977
088859eb0563,deer_horn,93,93,4,all,gaussian,medium,0,43,gaussian_medium,0.101814126
088859eb0563,deer_horn,93,93,5,all,gaussian,medium,0,43,gaussian_medium,0.0840508495
088859eb0563,deer_horn,93,93,6,all,gaussian,medium,0,43,gaussian_medium,0.00733849562
088859eb0563,deer_horn,93,93,7,all,gaussian,medium,0,43,gaussian_medium,0.0437597079
088859eb0563,deer_horn,93,93,8,all,gaussian,medium,0,43,gaussian_medium,0.024587773
088859eb0563,deer_horn,93,93,9,all,gaussian,medium,0,43,gaussian_medium,0.0502753888
088859eb0563,deer_horn,93,93,10,all,gaussian,medium,0,43,gaussian_medium,0.0333483282
088859eb0563,deer_horn,93,93,11,all,gaussian,medium,0,43,gaussian_medium,0.0151078176
088859eb0563,deer_horn,93,93,12,all,gaussian,medium,0,43,gaussian_medium,0.040764893
088859eb0563,deer_horn,93,93,13,all,gaussian,medium,0,43,gaussian_medium,0.0688905629
088859eb0563,deer_horn,93,93,14,all,gaussian,medium,0,43,gaussian_medium,0.0445991138
088859eb0563,deer_horn,93,93,15,all,gaussian,medium,0,43,gaussian_medium,0.0480555977
088859eb0563,deer_horn,93,93,16,all,gaussian,medium,0,43,gaussian_medium,0.0131634182
088859eb0563,deer_horn,93,93,17,all,gaussian,medium,0,43,gaussian_medium,0.0555028888
088859eb0563,deer_horn,93,93,18,all,gaussian,medium,0,43,gaussian_medium,0.0265144666
088859eb0563,deer_horn,93,93,19,all,gaussian,medium,0,43,gaussian_medium,0.0328218407
088859eb0563,deer_horn,93,93,20,all,gaussian,medium,0,43,gaussian_medium,0.0417195674
088859eb0563,deer_horn,94,94,0,all,gaussian,medium,0,43,gaussian_medium,0.0179487726
088859eb0563,deer_horn,94,94,1,all,gaussian,medium,0,43,gaussian_medium,0.0459207246
088859eb0563,deer_horn,94,94,2,all,gaussian,medium,0,43,gaussian_medium,0.0349837111
088859eb0563,deer_horn,94,94,3,all,gaussian,medium,0,43,gaussian_medium,0.0729777557
088859eb0563,deer_horn,94,94,4,all,gaussian,medium,0,43,gaussian_medium,0.0339447368
088859eb0563,deer_horn,94,94,5,all,gaussian,medium,0,43,gaussian_medium,0.0288558181
088859eb0563,deer_horn,94,94,6,all,gaussian,medium,0,43,gaussian_medium,0.0564945388
088859eb0563,deer_horn,94,94,7,all,gaussian,medium,0,43,gaussian_medium,0.0221132488
088859eb0563,deer_horn,94,94,8,all,gaussian,medium,0,43,gaussian_medium,0.0696472442
088859eb0563,deer_horn,94,94,9,all,gaussian,medium,0,43,gaussian_medium,0.0932526857
088859eb0563,deer_horn,94,94,10,all,gaussian,medium,0,43,gaussian_medium,0.0231014858
088859eb0563,deer_horn,94,94,11,all,gaussian,medium,0,43,gaussian_medium,0.0498220855
088859eb0563,deer_horn,94,94,12,all,gaussian,medium,0,43,gaussian_medium,0.0321787463
088859eb0563,deer_horn,94,94,13,all,gaussian,medium,0,43,gaussian_medium,0.0667342782
088859eb0563,deer_horn,94,94,14,all,gaussian,medium,0,43,gaussian_medium,0.0690132617
088859eb0563,deer_horn,94,94,15,all,gaussian,medium,0,43,gaussian_medium,0.0465304591
088859eb0563,deer_horn,94,94,16,all,gaussian,medium,0,43,gaussian_medium,0.060875224
088859eb0563,deer_horn,94,94,17,all,gaussian,medium,0,43,gaussian_medium,0.0439927962
088859eb0563,deer_horn,94,94,18,all,gaussian,medium,0,43,gaussian_medium,0.0417323648
088859eb0563,deer_horn,94,94,19,all,gaussian,medium,0,43,gaussian_medium,0.0422438827
088859eb0563,deer_horn,94,94,20,all,gaussian,medium,0,43,gaussian_medium,0.052717451
088859eb0563,deer_horn,95,95,0,all,gaussian,medium,0,43,gaussian_medium,0.044175068
088859eb0563,deer_horn,95,95,1,all,gaussian,medium,0,43,gaussian_medium,0.0368342352
088859eb0563,deer_horn,95,95,2,all,gaussian,medium,0,43,gaussian_medium,0.0838355505
088859eb0563,deer_horn,95,95,3,all,gaussian,medium,0,43,gaussian_medium,0.0421156992
088859eb0563,deer_horn,95,95,4,all,gaussian,medium,0,43,gaussian_medium,0.0365748897
088859eb0563,deer_horn,95,95,5,all,gaussian,medium,0,43,gaussian_medium,0.0380032208
088859eb0563,deer_horn,95,95,6,all,gaussian,medium,0,43,gaussian_medium,0.0535566333
088859eb0563,deer_horn,95,95,7,all,gaussian,medium,0,43,gaussian_medium,0.0457938333
088859eb0563,deer_horn,95,95,8,all,gaussian,medium,0,43,gaussian_medium,0.0467243357
088859eb0563,deer_horn,95,95,9,all,gaussian,medium,0,43,gaussian_medium,0.0420285148
088859eb0563,deer_horn,95,95,10,all,gaussian,medium,0,43,gaussian_medium,0.0296975328
088859eb0563,deer_horn,95,95,11,all,gaussian,medium,0,43,gaussian_medium,0.0477017347
088859eb0563,deer_horn,95,95,12,all,gaussian,medium,0,43,gaussian_medium,0.0479714875
088859eb0563,deer_horn,95,95,13,all,gaussian,medium,0,43,gaussian_medium,0.106134824
088859eb0563,deer_horn,95,95,14,all,gaussian,medium,0,43,gaussian_medium,0.0346553616
088859eb0563,deer_horn,95,95,15,all,gaussian,medium,0,43,gaussian_medium,0.0788087629
088859eb0563,deer_horn,95,95,16,all,gaussian,medium,0,43,gaussian_medium,0.0745711895
088859eb0563,deer_horn,95,95,17,all,gaussian,medium,0,43,gaussian_medium,0.0512904374
088859eb0563,deer_horn,95,95,18,all,gaussian,medium,0,43,gaussian_medium,0.0386868158
088859eb0563,deer_horn,95,95,19,all,gaussian,medium,0,43,gaussian_medium,0.0772147655
088859eb0563,deer_horn,95,95,20,all,gaussian,medium,0,43,gaussian_medium,0.0423945814
088859eb0563,deer_horn,96,96,0,all,gaussian,medium,0,43,gaussian_medium,0.0150010462
088859eb0563,deer_horn,96,96,1,all,gaussian,medium,0,43,gaussian_medium,0.0407713273
088859eb0563,deer_horn,96,96,2,all,gaussian,medium,0,43,gaussian_medium,0.0512810187
088859eb0563,deer_horn,96,96,3,all,gaussian,medium,0,43,gaussian_medium,0.031106519
088859eb0563,deer_horn,96,96,4,all,gaussian,medium,0,43,gaussian_medium,0.0721093612
088859eb0563,deer_horn,96,96,5,all,gaussian,medium,0,43,gaussian_medium,0.0331504909
088859eb0563,deer_horn,96,96,6,all,gaussian,medium,0,43,gaussian_medium,0.0409479611
088859eb0563,deer_horn,96,96,7,all,gaussian,medium,0,43,gaussian_medium,0.0219193099
088859eb0563,deer_horn,96,96,8,all,gaussian,medium,0,43,gaussian_medium,0.0697642526
088859eb0563,deer_horn,96,96,9,all,gaussian,medium,0,43,gaussian_medium,0.0257298906
088859eb0563,deer_horn,96,96,10,all,gaussian,medium,0,43,gaussian_medium,0.0515129267
088859eb0563,deer_horn,96,96,11,all,gaussian,medium,0,43,gaussian_medium,0.0266134437
088859eb0563,deer_horn,96,96,12,all,gaussian,medium,0,43,gaussian_medium,0.0485534842
088859eb0563,deer_horn,96,96,13,all,gaussian,medium,0,43,gaussian_medium,0.0345576108
088859eb0563,deer_horn,96,96,14,all,gaussian,medium,0,43,gaussian_medium,0.0161926636
088859eb0563,deer_horn,96,96,15,all,gaussian,medium,0,43,gaussian_medium,0.0196063279
088859eb0563,deer_horn,96,96,16,all,gaussian,medium,0,43,gaussian_medium,0.0334604733
088859eb0563,deer_horn,96,96,17,all,gaussian,medium,0,43,gaussian_medium,0.0435686731
088859eb0563,deer_horn,96,96,18,all,gaussian,medium,0,43,gaussian_medium,0.0488353633
088859eb0563,deer_horn,96,96,19,all,gaussian,medium,0,43,gaussian_medium,0.0436854979
088859eb0563,deer_horn,96,96,20,all,gaussian,medium,0,43,gaussian_medium,0.0588261083
088859eb0563,deer_horn,97,97,0,all,gaussian,medium,0,43,gaussian_medium,0.0800834098
088859eb0563,deer_horn,97,97,1,all,gaussian,medium,0,43,gaussian_medium,0.0548025935
088859eb0563,deer_horn,97,97,2,all,gaussian,medium,0,43,gaussian_medium,0.0277005297
088859eb0563,deer_horn,97,97,3,all,gaussian,medium,0,43,gaussian_medium,0.0377794808
088859eb0563,deer_horn,97,97,4,all,gaussian,medium,0,43,gaussian_medium,0.0306697769
088859eb0563,deer_horn,97,97,5,all,gaussian,medium,0,43,gaussian_medium,0.0241235005
088859eb0563,deer_horn,97,97,6,all,gaussian,medium,0,43,gaussian_medium,0.0681421068
088859eb0563,deer_horn,97,97,7,all,gaussian,medium,0,43,gaussian_medium,0.0295565897
088859eb0563,deer_horn,97,97,8,all,gaussian,medium,0,43,gaussian_medium,0.0505059834
088859eb0563,deer_horn,97,97,9,all,gaussian,medium,0,43,gaussian_medium,0.0422683693
088859eb0563,deer_horn,97,97,10,all,gaussian,medium,0,43,gaussian_medium,0.0735498753
088859eb0563,deer_horn,97,97,11,all,gaussian,medium,0,43,gaussian_medium,0.0455148925
088859eb0563,deer_horn,97,97,12,all,gaussian,medium,0,43,gaussian_medium,0.0385633915
088859eb0563,deer_horn,97,97,13,all,gaussian,medium,0,43,gaussian_medium,0.0647607765
088859eb0563,deer_horn,97,97,14,all,gaussian,medium,0,43,gaussian_medium,0.0218319928
088859eb0563,deer_horn,97,97,15,all,gaussian,medium,0,43,gaussian_medium,0.0300679052
088859eb0563,deer_horn,97,97,16,all,gaussian,medium,0,43,gaussian_medium,0.0205211552
088859eb0563,deer_horn,97,97,17,all,gaussian,medium,0,43,gaussian_medium,0.0385786363
088859eb0563,deer_horn,97,97,18,all,gaussian,medium,0,43,gaussian_medium,0.0707191007
088859eb0563,deer_horn,97,97,19,all,gaussian,medium,0,43,gaussian_medium,0.0475417179
088859eb0563,deer_horn,97,97,20,all,gaussian,medium,0,43,gaussian_medium,0.0774320531
088859eb0563,deer_horn,98,98,0,all,gaussian,medium,0,43,gaussian_medium,0.0650433951
088859eb0563,deer_horn,98,98,1,all,gaussian,medium,0,43,gaussian_medium,0.0166087704
088859eb0563,deer_horn,98,98,2,all,gaussian,medium,0,43,gaussian_medium,0.0556602595
088859eb0563,deer_horn,98,98,3,all,gaussian,medium,0,43,gaussian_medium,0.0400734896
088859eb0563,deer_horn,98,98,4,all,gaussian,medium,0,43,gaussian_medium,0.0829947734
088859eb0563,deer_horn,98,98,5,all,gaussian,medium,0,43,gaussian_medium,0.0467173154
088859eb0563,deer_horn,98,98,6,all,gaussian,medium,0,43,gaussian_medium,0.0571865523
088859eb0563,deer_horn,98,98,7,all,gaussian,medium,0,43,gaussian_medium,0.0325576411
088859eb0563,deer_horn,98,98,8,all,gaussian,medium,0,43,gaussian_medium,0.033163855
088859eb0563,deer_horn,98,98,9,all,gaussian,medium,0,43,gaussian_medium,0.0443411448
088859eb0563,deer_horn,98,98,10,all,gaussian,medium,0,43,gaussian_medium,0.0664226173
088859eb0563,deer_horn,98,98,11,all,gaussian,medium,0,43,gaussian_medium,0.0596132904
088859eb0563,deer_horn,98,98,12,all,gaussian,medium,0,43,gaussian_medium,0.0585329139
088859eb0563,deer_horn,98,98,13,all,gaussian,medium,0,43,gaussian_medium,0.0603225168
088859eb0563,deer_horn,98,98,14,all,gaussian,medium,0,43,gaussian_medium,0.0433614602
088859eb0563,deer_horn,98,98,15,all,gaussian,medium,0,43,gaussian_medium,0.106304434
088859eb0563,deer_horn,98,98,16,all,gaussian,medium,0,43,gaussian_medium,0.0638388804
088859eb0563,deer_horn,98,98,17,all,gaussian,medium,0,43,gaussian_medium,0.0730552513
088859eb0563,deer_horn,98,98,18,all,gaussian,medium,0,43,gaussian_medium,0.0967228568
088859eb0563,deer_horn,98,98,19,all,gaussian,medium,0,43,gaussian_medium,0.0716001053
088859eb0563,deer_horn,98,98,20,all,gaussian,medium,0,43,gaussian_medium,0.0755803496
088859eb0563,deer_horn,99,99,0,all,gaussian,medium,0,43,gaussian_medium,0.0396548643
088859eb0563,deer_horn,99,99,1,all,gaussian,medium,0,43,gaussian_medium,0.0527558993
088859eb0563,deer_horn,99,99,2,all,gaussian,medium,0,43,gaussian_medium,0.0711088978
088859eb0563,deer_horn,99,99,3,all,gaussian,medium,0,43,gaussian_medium,0.0340274709
088859eb0563,deer_horn,99,99,4,all,gaussian,medium,0,43,gaussian_medium,0.0527280605
088859eb0563,deer_horn,99,99,5,all,gaussian,medium,0,43,gaussian_medium,0.0366660611
088859eb0563,deer_horn,99,99,6,all,gaussian,medium,0,43,gaussian_medium,0.0401533811
088859eb0563,deer_horn,99,99,7,all,gaussian,medium,0,43,gaussian_medium,0.0671543641
088859eb0563,deer_horn,99,99,8,all,gaussian,medium,0,43,gaussian_medium,0.0209592075
088859eb0563,deer_horn,99,99,9,all,gaussian,medium,0,43,gaussian_medium,0.0214555015
088859eb0563,deer_horn,99,99,10,all,gaussian,medium,0,43,gaussian_medium,0.0400077835
088859eb0563,deer_horn,99,99,11,all,gaussian,medium,0,43,gaussian_medium,0.0487093855
088859eb0563,deer_horn,99,99,12,all,gaussian,medium,0,43,gaussian_medium,0.0331362636
088859eb0563,deer_horn,99,99,13,all,gaussian,medium,0,43,gaussian_medium,0.0296063586
088859eb0563,deer_horn,99,99,14,all,gaussian,medium,0,43,gaussian_medium,0.0399791424
088859eb0563,deer_horn,99,99,15,all,gaussian,medium,0,43,gaussian_medium,0.0526005037
088859eb0563,deer_horn,99,99,16,all,gaussian,medium,0,43,gaussian_medium,0.0783848688
088859eb0563,deer_horn,99,99,17,all,gaussian,medium,0,43,gaussian_medium,0.0140440803
088859eb0563,deer_horn,99,99,18,all,gaussian,medium,0,43,gaussian_medium,0.00740792565
088859eb0563,deer_horn,99,99,19,all,gaussian,medium,0,43,gaussian_medium,0.0496424803
088859eb0563,deer_horn,99,99,20,all,gaussian,medium,0,43,gaussian_medium,0.054830777
088859eb0563,deer_horn,100,100,0,all,gaussian,medium,0,43,gaussian_medium,0.0308690896
088859eb0563,deer_horn,100,100,1,all,gaussian,medium,0,43,gaussian_medium,0.047692106
088859eb0563,deer_horn,100,100,2,all,gaussian,medium,0,43,gaussian_medium,0.111964722
088859eb0563,deer_horn,100,100,3,all,gaussian,medium,0,43,gaussian_medium,0.0596819088
088859eb0563,deer_horn,100,100,4,all,gaussian,medium,0,43,gaussian_medium,0.052205291
088859eb0563,deer_horn,100,100,5,all,gaussian,medium,0,43,gaussian_medium,0.0382856442
088859eb0563,deer_horn,100,100,6,all,gaussian,medium,0,43,gaussian_medium,0.0656693485
088859eb0563,deer_horn,100,100,7,all,gaussian,medium,0,43,gaussian_medium,0.0376847921
088859eb0563,deer_horn,100,100,8,all,gaussian,medium,0,43,gaussian_medium,0.0470968081
088859eb0563,deer_horn,100,100,9,all,gaussian,medium,0,43,gaussian_medium,0.0565568282
088859eb0563,deer_horn,100,100,10,all,gaussian,medium,0,43,gaussian_medium,0.0583861532
088859eb0563,deer_horn,100,100,11,all,gaussian,medium,0,43,gaussian_medium,0.0721712683
088859eb0563,deer_horn,100,100,12,all,gaussian,medium,0,43,gaussian_medium,0.036013603
088859eb0563,deer_horn,100,100,13,all,gaussian,medium,0,43,gaussian_medium,0.0457754588
088859eb0563,deer_horn,100,100,14,all,gaussian,medium,0,43,gaussian_medium,0.046794846
088859eb0563,deer_horn,100,100,15,all,gaussian,medium,0,43,gaussian_medium,0.051706311
088859eb0563,deer_horn,100,100,16,all,gaussian,medium,0,43,gaussian_medium,0.0856411905
088859eb0563,deer_horn,100,100,17,all,gaussian,medium,0,43,gaussian_medium,0.0663690891
088859eb0563,deer_horn,100,100,18,all,gaussian,medium,0,43,gaussian_medium,0.0460035018
088859eb0563,deer_horn,100,100,19,all,gaussian,medium,0,43,gaussian_medium,0.0389582952
088859eb0563,deer_horn,100,100,20,all,gaussian,medium,0,43,gaussian_medium,0.0247093845
088859eb0563,deer_horn,101,101,0,all,gaussian,medium,0,43,gaussian_medium,0.0491138981
088859eb0563,deer_horn,101,101,1,all,gaussian,medium,0,43,gaussian_medium,0.0612566022
088859eb0563,deer_horn,101,101,2,all,gaussian,medium,0,43,gaussian_medium,0.0200882958
088859eb0563,deer_horn,101,101,3,all,gaussian,medium,0,43,gaussian_medium,0.0387164216
088859eb0563,deer_horn,101,101,4,all,gaussian,medium,0,43,gaussian_medium,0.0193783114
088859eb0563,deer_horn,101,101,5,all,gaussian,medium,0,43,gaussian_medium,0.0709789462
088859eb0563,deer_horn,101,101,6,all,gaussian,medium,0,43,gaussian_medium,0.0710801777
088859eb0563,deer_horn,101,101,7,all,gaussian,medium,0,43,gaussian_medium,0.029534175
088859eb0563,deer_horn,101,101,8,all,gaussian,medium,0,43,gaussian_medium,0.0311736924
088859eb0563,deer_horn,101,101,9,all,gaussian,medium,0,43,gaussian_medium,0.0714795817
088859eb0563,deer_horn,101,101,10,all,gaussian,medium,0,43,gaussian_medium,0.0435931251
088859eb0563,deer_horn,101,101,11,all,gaussian,medium,0,43,gaussian_medium,0.0752949501
088859eb0563,deer_horn,101,101,12,all,gaussian,medium,0,43,gaussian_medium,0.021022859
088859eb0563,deer_horn,101,101,13,all,gaussian,medium,0,43,gaussian_medium,0.0288437082
088859eb0563,deer_horn,101,101,14,all,gaussian,medium,0,43,gaussian_medium,0.058531894
088859eb0563,deer_horn,101,101,15,all,gaussian,medium,0,43,gaussian_medium,0.0676349555
088859eb0563,deer_horn,101,101,16,all,gaussian,medium,0,43,gaussian_medium,0.0583574901
088859eb0563,deer_horn,101,101,17,all,gaussian,medium,0,43,gaussian_medium,0.0536363084
088859eb0563,deer_horn,101,101,18,all,gaussian,medium,0,43,gaussian_medium,0.102914694
088859eb0563,deer_horn,101,101,19,all,gaussian,medium,0,43,gaussian_medium,0.0805482388
088859eb0563,deer_horn,101,101,20,all,gaussian,medium,0,43,gaussian_medium,0.0453907396
088859eb0563,deer_horn,102,102,0,all,gaussian,medium,0,43,gaussian_medium,0.0239414868
088859eb0563,deer_horn,102,102,1,all,gaussian,medium,0,43,gaussian_medium,0.0243595531
088859eb0563,deer_horn,102,102,2,all,gaussian,medium,0,43,gaussian_medium,0.0510350266
088859eb0563,deer_horn,102,102,3,all,gaussian,medium,0,43,gaussian_medium,0.0479373246
088859eb0563,deer_horn,102,102,4,all,gaussian,medium,0,43,gaussian_medium,0.0463632017
088859eb0563,deer_horn,102,102,5,all,gaussian,medium,0,43,gaussian_medium,0.0591532476
088859eb0563,deer_horn,102,102,6,all,gaussian,medium,0,43,gaussian_medium,0.0284184653
088859eb0563,deer_horn,102,102,7,all,gaussian,medium,0,43,gaussian_medium,0.0473686808
088859eb0563,deer_horn,102,102,8,all,gaussian,medium,0,43,gaussian_medium,0.0521593628
088859eb0563,deer_horn,102,102,9,all,gaussian,medium,0,43,gaussian_medium,0.0462127813
088859eb0563,deer_horn,102,102,10,all,gaussian,medium,0,43,gaussian_medium,0.0500038567
088859eb0563,deer_horn,102,102,11,all,gaussian,medium,0,43,gaussian_medium,0.0235542561
088859eb0563,deer_horn,102,102,12,all,gaussian,medium,0,43,gaussian_medium,0.0854660946
088859eb0563,deer_horn,102,102,13,all,gaussian,medium,0,43,gaussian_medium,0.0545991332
088859eb0563,deer_horn,102,102,14,all,gaussian,medium,0,43,gaussian_medium,0.043663456
088859eb0563,deer_horn,102,102,15,all,gaussian,medium,0,43,gaussian_medium,0.0720782718
088859eb0563,deer_horn,102,102,16,all,gaussian,medium,0,43,gaussian_medium,0.0336615678
088859eb0563,deer_horn,102,102,17,all,gaussian,medium,0,43,gaussian_medium,0.0128324349
088859eb0563,deer_horn,102,102,18,all,gaussian,medium,0,43,gaussian_medium,0.0269371662
088859eb0563,deer_horn,102,102,19,all,gaussian,medium,0,43,gaussian_medium,0.0492979131
088859eb0563,deer_horn,102,102,20,all,gaussian,medium,0,43,gaussian_medium,0.044741423
088859eb0563,deer_horn,103,103,0,all,gaussian,medium,0,43,gaussian_medium,0.0476892753
088859eb0563,deer_horn,103,103,1,all,gaussian,medium,0,43,gaussian_medium,0.0255757199
088859eb0563,deer_horn,103,103,2,all,gaussian,medium,0,43,gaussian_medium,0.0266181837
088859eb0563,deer_horn,103,103,3,all,gaussian,medium,0,43,gaussian_medium,0.037758904
088859eb0563,deer_horn,103,103,4,all,gaussian,medium,0,43,gaussian_medium,0.0391575279
088859eb0563,deer_horn,103,103,5,all,gaussian,medium,0,43,gaussian_medium,0.0073765868
088859eb0563,deer_horn,103,103,6,all,gaussian,medium,0,43,gaussian_medium,0.0527598338
088859eb0563,deer_horn,103,103,7,all,gaussian,medium,0,43,gaussian_medium,0.0458879719
088859eb0563,deer_horn,103,103,8,all,gaussian,medium,0,43,gaussian_medium,0.0393331631
088859eb0563,deer_horn,103,103,9,all,gaussian,medium,0,43,gaussian_medium,0.0281698558
088859eb0563,deer_horn,103,103,10,all,gaussian,medium,0,43,gaussian_medium,0.0612906455
088859eb0563,deer_horn,103,103,11,all,gaussian,medium,0,43,gaussian_medium,0.0322103784
088859eb0563,deer_horn,103,103,12,all,gaussian,medium,0,43,gaussian_medium,0.0150467481
088859eb0563,deer_horn,103,103,13,all,gaussian,medium,0,43,gaussian_medium,0.0132791001
088859eb0563,deer_horn,103,103,14,all,gaussian,medium,0,43,gaussian_medium,0.0300520355
088859eb0563,deer_horn,103,103,15,all,gaussian,medium,0,43,gaussian_medium,0.0540412442
088859eb0563,deer_horn,103,103,16,all,gaussian,medium,0,43,gaussian_medium,0.0504418804
088859eb0563,deer_horn,103,103,17,all,gaussian,medium,0,43,gaussian_medium,0.0405691151
088859eb0563,deer_horn,103,103,18,all,gaussian,medium,0,43,gaussian_medium,0.0411894727
088859eb0563,deer_horn,103,103,19,all,gaussian,medium,0,43,gaussian_medium,0.0467507636
088859eb0563,deer_horn,103,103,20,all,gaussian,medium,0,43,gaussian_medium,0.0689618164
088859eb0563,deer_horn,104,104,0,all,gaussian,medium,0,43,gaussian_medium,0.0439228138
088859eb0563,deer_horn,104,104,1,all,gaussian,medium,0,43,gaussian_medium,0.0410670426
088859eb0563,deer_horn,104,104,2,all,gaussian,medium,0,43,gaussian_medium,0.0395466974
088859eb0563,deer_horn,104,104,3,all,gaussian,medium,0,43,gaussian_medium,0.0561846183
088859eb0563,deer_horn,104,104,4,all,gaussian,medium,0,43,gaussian_medium,0.0518271571
088859eb0563,deer_horn,104,104,5,all,gaussian,medium,0,43,gaussian_medium,0.0403661133
088859eb0563,deer_horn,104,104,6,all,gaussian,medium,0,43,gaussian_medium,0.0217189846
088859eb0563,deer_horn,104,104,7,all,gaussian,medium,0,43,gaussian_medium,0.0311368358
088859eb0563,deer_horn,104,104,8,all,gaussian,medium,0,43,gaussian_medium,0.0239750996
088859eb0563,deer_horn,104,104,9,all,gaussian,medium,0,43,gaussian_medium,0.0443027957
088859eb0563,deer_horn,104,104,10,all,gaussian,medium,0,43,gaussian_medium,0.0794399954
088859eb0563,deer_horn,104,104,11,all,gaussian,medium,0,43,gaussian_medium,0.0220065824
088859eb0563,deer_horn,104,104,12,all,gaussian,medium,0,43,gaussian_medium,0.0736806867
088859eb0563,deer_horn,104,104,13,all,gaussian,medium,0,43,gaussian_medium,0.063247118
088859eb0563,deer_horn,104,104,14,all,gaussian,medium,0,43,gaussian_medium,0.0470769505
088859eb0563,deer_horn,104,104,15,all,gaussian,medium,0,43,gaussian_medium,0.0279009522
088859eb0563,deer_horn,104,104,16,all,gaussian,medium,0,43,gaussian_medium,0.043208889
088859eb0563,deer_horn,104,104,17,all,gaussian,medium,0,43,gaussian_medium,0.0279084985
088859eb0563,deer_horn,104,104,18,all,gaussian,medium,0,43,gaussian_medium,0.0395065943
088859eb0563,deer_horn,104,104,19,all,gaussian,medium,0,43,gaussian_medium,0.0129940038
088859eb0563,deer_horn,104,104,20,all,gaussian,medium,0,43,gaussian_medium,0.0502013277
088859eb0563,deer_horn,105,105,0,all,gaussian,medium,0,43,gaussian_medium,0.0218442531
088859eb0563,deer_horn,105,105,1,all,gaussian,medium,0,43,gaussian_medium,0.0368563952
088859eb0563,deer_horn,105,105,2,all,gaussian,medium,0,43,gaussian_medium,0.0761404617
088859eb0563,deer_horn,105,105,3,all,gaussian,medium,0,43,gaussian_medium,0.0394309659
088859eb0563,deer_horn,105,105,4,all,gaussian,medium,0,43,gaussian_medium,0.0598828081
088859eb0563,deer_horn,105,105,5,all,gaussian,medium,0,43,gaussian_medium,0.0479029816
088859eb0563,deer_horn,105,105,6,all,gaussian,medium,0,43,gaussian_medium,0.0432702444
088859eb0563,deer_horn,105,105,7,all,gaussian,medium,0,43,gaussian_medium,0.0380173941
088859eb0563,deer_horn,105,105,8,all,gaussian,medium,0,43,gaussian_medium,0.0598280146
088859eb0563,deer_horn,105,105,9,all,gaussian,medium,0,43,gaussian_medium,0.0476788229
088859eb0563,deer_horn,105,105,10,all,gaussian,medium,0,43,gaussian_medium,0.0340541638
088859eb0563,deer_horn,105,105,11,all,gaussian,medium,0,43,gaussian_medium,0.0444513112
088859eb0563,deer_horn,105,105,12,all,gaussian,medium,0,43,gaussian_medium,0.0733119192
088859eb0563,deer_horn,105,105,13,all,gaussian,medium,0,43,gaussian_medium,0.0826175553
088859eb0563,deer_horn,105,105,14,all,gaussian,medium,0,43,gaussian_medium,0.0659951979
088859eb0563,deer_horn,105,105,15,all,gaussian,medium,0,43,gaussian_medium,0.0214106191
088859eb0563,deer_horn,105,105,16,all,gaussian,medium,0,43,gaussian_medium,0.0552010966
088859eb0563,deer_horn,105,105,17,all,gaussian,medium,0,43,gaussian_medium,0.0873648852
088859eb0563,deer_horn,105,105,18,all,gaussian,medium,0,43,gaussian_medium,0.0148596629
088859eb0563,deer_horn,105,105,19,all,gaussian,medium,0,43,gaussian_medium,0.0617950221
088859eb0563,deer_horn,105,105,20,all,gaussian,medium,0,43,gaussian_medium,0.0522399395
088859eb0563,deer_horn,106,106,0,all,gaussian,medium,0,43,gaussian_medium,0.0463063257
088859eb0563,deer_horn,106,106,1,all,gaussian,medium,0,43,gaussian_medium,0.0496747152
088859eb0563,deer_horn,106,106,2,all,gaussian,medium,0,43,gaussian_medium,0.0570545838
088859eb0563,deer_horn,106,106,3,all,gaussian,medium,0,43,gaussian_medium,0.0359651048
088859eb0563,deer_horn,106,106,4,all,gaussian,medium,0,43,gaussian_medium,0.047590051
088859eb0563,deer_horn,106,106,5,all,gaussian,medium,0,43,gaussian_medium,0.0333260007
088859eb0563,deer_horn,106,106,6,all,gaussian,medium,0,43,gaussian_medium,0.085848987
088859eb0563,deer_horn,106,106,7,all,gaussian,medium,0,43,gaussian_medium,0.0189317581
088859eb0563,deer_horn,106,106,8,all,gaussian,medium,0,43,gaussian_medium,0.0446027592
088859eb0563,deer_horn,106,106,9,all,gaussian,medium,0,43,gaussian_medium,0.0635575789
088859eb0563,deer_horn,106,106,10,all,gaussian,medium,0,43,gaussian_medium,0.0905251377
088859eb0563,deer_horn,106,106,11,all,gaussian,medium,0,43,gaussian_medium,0.0524509574
088859eb0563,deer_horn,106,106,12,all,gaussian,medium,0,43,gaussian_medium,0.0567660009
088859eb0563,deer_horn,106,106,13,all,gaussian,medium,0,43,gaussian_medium,0.0366146519
088859eb0563,deer_horn,106,106,14,all,gaussian,medium,0,43,gaussian_medium,0.0727792831
088859eb0563,deer_horn,106,106,15,all,gaussian,medium,0,43,gaussian_medium,0.0404126735
088859eb0563,deer_horn,106,106,16,all,gaussian,medium,0,43,gaussian_medium,0.0253846289
088859eb0563,deer_horn,106,106,17,all,gaussian,medium,0,43,gaussian_medium,0.0496677575
088859eb0563,deer_horn,106,106,18,all,gaussian,medium,0,43,gaussian_medium,0.0403445087
088859eb0563,deer_horn,106,106,19,all,gaussian,medium,0,43,gaussian_medium,0.0887620269
088859eb0563,deer_horn,106,106,20,all,gaussian,medium,0,43,gaussian_medium,0.0333597552
088859eb0563,deer_horn,107,107,0,all,gaussian,medium,0,43,gaussian_medium,0.0485571259
088859eb0563,deer_horn,107,107,1,all,gaussian,medium,0,43,gaussian_medium,0.0649820203
088859eb0563,deer_horn,107,107,2,all,gaussian,medium,0,43,gaussian_medium,0.0340284268
088859eb0563,deer_horn,107,107,3,all,gaussian,medium,0,43,gaussian_medium,0.0628430907
088859eb0563,deer_horn,107,107,4,all,gaussian,medium,0,43,gaussian_medium,0.0439851556
088859eb0563,deer_horn,107,107,5,all,gaussian,medium,0,43,gaussian_medium,0.0468561747
088859eb0563,deer_horn,107,107,6,all,gaussian,medium,0,43,gaussian_medium,0.0721577355
088859eb0563,deer_horn,107,107,7,all,gaussian,medium,0,43,gaussian_medium,0.062945409
088859eb0563,deer_horn,107,107,8,all,gaussian,medium,0,43,gaussian_medium,0.0243136682
088859eb0563,deer_horn,107,107,9,all,gaussian,medium,0,43,gaussian_medium,0.0224566321
088859eb0563,deer_horn,107,107,10,all,gaussian,medium,0,43,gaussian_medium,0.110765861
088859eb0563,deer_horn,107,107,11,all,gaussian,medium,0,43,gaussian_medium,0.0408842747
088859eb0563,deer_horn,107,107,12,all,gaussian,medium,0,43,gaussian_medium,0.0786800029
088859eb0563,deer_horn,107,107,13,all,gaussian,medium,0,43,gaussian_medium,0.0296765082
088859eb0563,deer_horn,107,107,14,all,gaussian,medium,0,43,gaussian_medium,0.0239474302
088859eb0563,deer_horn,107,107,15,all,gaussian,medium,0,43,gaussian_medium,0.028582037
088859eb0563,deer_horn,107,107,16,all,gaussian,medium,0,43,gaussian_medium,0.111918153
088859eb0563,deer_horn,107,107,17,all,gaussian,medium,0,43,gaussian_medium,0.0231014426
088859eb0563,deer_horn,107,107,18,all,gaussian,medium,0,43,gaussian_medium,0.0663383011
088859eb0563,deer_horn,107,107,19,all,gaussian,medium,0,43,gaussian_medium,0.107347081
088859eb0563,deer_horn,107,107,20,all,gaussian,medium,0,43,gaussian_medium,0.0332721631
08f6838eb763,deer_horn,0,0,0,all,gaussian,severe,0,44,gaussian_severe,0.0891568898
08f6838eb763,deer_horn,0,0,1,all,gaussian,severe,0,44,gaussian_severe,0.0911153979
08f6838eb763,deer_horn,0,0,2,all,gaussian,severe,0,44,gaussian_severe,0.0690228662
08f6838eb763,deer_horn,0,0,3,all,gaussian,severe,0,44,gaussian_severe,0.0597308514
08f6838eb763,deer_horn,0,0,4,all,gaussian,severe,0,44,gaussian_severe,0.0637830601
08f6838eb763,deer_horn,0,0,5,all,gaussian,severe,0,44,gaussian_severe,0.0506545106
08f6838eb763,deer_horn,0,0,6,all,gaussian,severe,0,44,gaussian_severe,0.0691494105
08f6838eb763,deer_horn,0,0,7,all,gaussian,severe,0,44,gaussian_severe,0.07198991
08f6838eb763,deer_horn,0,0,8,all,gaussian,severe,0,44,gaussian_severe,0.122829736
08f6838eb763,deer_horn,0,0,9,all,gaussian,severe,0,44,gaussian_severe,0.0903051408
08f6838eb763,deer_horn,0,0,10,all,gaussian,severe,0,44,gaussian_severe,0.0253956687
08f6838eb763,deer_horn,0,0,11,all,gaussian,severe,0,44,gaussian_severe,0.134435254
08f6838eb763,deer_horn,0,0,12,all,gaussian,severe,0,44,gaussian_severe,0.0630336277
08f6838eb763,deer_horn,0,0,13,all,gaussian,severe,0,44,gaussian_severe,0.079597848
08f6838eb763,deer_horn,0,0,14,all,gaussian,severe,0,44,gaussian_severe,0.107398336
08f6838eb763,deer_horn,0,0,15,all,gaussian,severe,0,44,gaussian_severe,0.103002162
08f6838eb763,deer_horn,0,0,16,all,gaussian,severe,0,44,gaussian_severe,0.0703269591
08f6838eb763,deer_horn,0,0,17,all,gaussian,severe,0,44,gaussian_severe,0.0759509903
08f6838eb763,deer_horn,0,0,18,all,gaussian,severe,0,44,gaussian_severe,0.0511447467
08f6838eb763,deer_horn,0,0,19,all,gaussian,severe,0,44,gaussian_severe,0.141343439
08f6838eb763,deer_horn,0,0,20,all,gaussian,severe,0,44,gaussian_severe,0.14360376
08f6838eb763,deer_horn,1,1,0,all,gaussian,severe,0,44,gaussian_severe,0.176102972
08f6838eb763,deer_horn,1,1,1,all,gaussian,severe,0,44,gaussian_severe,0.11205478
08f6838eb763,deer_horn,1,1,2,all,gaussian,severe,0,44,gaussian_severe,0.113974147
08f6838eb763,deer_horn,1,1,3,all,gaussian,severe,0,44,gaussian_severe,0.061541525
08f6838eb763,deer_horn,1,1,4,all,gaussian,severe,0,44,gaussian_severe,0.0658010526
08f6838eb763,deer_horn,1,1,5,all,gaussian,severe,0,44,gaussian_severe,0.106894264
08f6838eb763,deer_horn,1,1,6,all,gaussian,severe,0,44,gaussian_severe,0.0997248961
08f6838eb763,deer_horn,1,1,7,all,gaussian,severe,0,44,gaussian_severe,0.0641872191
08f6838eb763,deer_horn,1,1,8,all,gaussian,severe,0,44,gaussian_severe,0.0980442613
08f6838eb763,deer_horn,1,1,9,all,gaussian,severe,0,44,gaussian_severe,0.115425136
08f6838eb763,deer_horn,1,1,10,all,gaussian,severe,0,44,gaussian_severe,0.162692723
08f6838eb763,deer_horn,1,1,11,all,gaussian,severe,0,44,gaussian_severe,0.0387851262
08f6838eb763,deer_horn,1,1,12,all,gaussian,severe,0,44,gaussian_severe,0.0629782881
08f6838eb763,deer_horn,1,1,13,all,gaussian,severe,0,44,gaussian_severe,0.108296821
08f6838eb763,deer_horn,1,1,14,all,gaussian,severe,0,44,gaussian_severe,0.152167581
08f6838eb763,deer_horn,1,1,15,all,gaussian,severe,0,44,gaussian_severe,0.182314052
08f6838eb763,deer_horn,1,1,16,all,gaussian,severe,0,44,gaussian_severe,0.0900721526
08f6838eb763,deer_horn,1,1,17,all,gaussian,severe,0,44,gaussian_severe,0.126328702
08f6838eb763,deer_horn,1,1,18,all,gaussian,severe,0,44,gaussian_severe,0.13076849
08f6838eb763,deer_horn,1,1,19,all,gaussian,severe,0,44,gaussian_severe,0.12714212
08f6838eb763,deer_horn,1,1,20,all,gaussian,severe,0,44,gaussian_severe,0.0906295185
08f6838eb763,deer_horn,2,2,0,all,gaussian,severe,0,44,gaussian_severe,0.0953420221
08f6838eb763,deer_horn,2,2,1,all,gaussian,severe,0,44,gaussian_severe,0.0675405175
08f6838eb763,deer_horn,2,2,2,all,gaussian,severe,0,44,gaussian_severe,0.215141865
08f6838eb763,deer_horn,2,2,3,all,gaussian,severe,0,44,gaussian_severe,0.0770720667
08f6838eb763,deer_horn,2,2,4,all,gaussian,severe,0,44,gaussian_severe,0.155715216
08f6838eb763,deer_horn,2,2,5,all,gaussian,severe,0,44,gaussian_severe,0.153456482
08f6838eb763,deer_horn,2,2,6,all,gaussian,severe,0,44,gaussian_severe,0.136287815
08f6838eb763,deer_horn,2,2,7,all,gaussian,severe,0,44,gaussian_severe,0.0930196945
08f6838eb763,deer_horn,2,2,8,all,gaussian,severe,0,44,gaussian_severe,0.13543172
08f6838eb763,deer_horn,2,2,9,all,gaussian,severe,0,44,gaussian_severe,0.123807901
08f6838eb763,deer_horn,2,2,10,all,gaussian,severe,0,44,gaussian_severe,0.0669050945
08f6838eb763,deer_horn,2,2,11,all,gaussian,severe,0,44,gaussian_severe,0.0278342572
08f6838eb763,deer_horn,2,2,12,all,gaussian,severe,0,44,gaussian_severe,0.0514196731
08f6838eb763,deer_horn,2,2,13,all,gaussian,severe,0,44,gaussian_severe,0.0614090068
08f6838eb763,deer_horn,2,2,14,all,gaussian,severe,0,44,gaussian_severe,0.0356629431
08f6838eb763,deer_horn,2,2,15,all,gaussian,severe,0,44,gaussian_severe,0.0859666988
08f6838eb763,deer_horn,2,2,16,all,gaussian,severe,0,44,gaussian_severe,0.193627453
08f6838eb763,deer_horn,2,2,17,all,gaussian,severe,0,44,gaussian_severe,0.0554897567
08f6838eb763,deer_horn,2,2,18,all,gaussian,severe,0,44,gaussian_severe,0.126100605
08f6838eb763,deer_horn,2,2,19,all,gaussian,severe,0,44,gaussian_severe,0.0758841869
08f6838eb763,deer_horn,2,2,20,all,gaussian,severe,0,44,gaussian_severe,0.179597773
08f6838eb763,deer_horn,3,3,0,all,gaussian,severe,0,44,gaussian_severe,0.0977996042
08f6838eb763,deer_horn,3,3,1,all,gaussian,severe,0,44,gaussian_severe,0.0741626979
08f6838eb763,deer_horn,3,3,2,all,gaussian,severe,0,44,gaussian_severe,0.165939686
08f6838eb763,deer_horn,3,3,3,all,gaussian,severe,0,44,gaussian_severe,0.12233714
08f6838eb763,deer_horn,3,3,4,all,gaussian,severe,0,44,gaussian_severe,0.089655538
08f6838eb763,deer_horn,3,3,5,all,gaussian,severe,0,44,gaussian_severe,0.0996992935
08f6838eb763,deer_horn,3,3,6,all,gaussian,severe,0,44,gaussian_severe,0.129050125
08f6838eb763,deer_horn,3,3,7,all,gaussian,severe,0,44,gaussian_severe,0.00339109973
08f6838eb763,deer_horn,3,3,8,all,gaussian,severe,0,44,gaussian_severe,0.106767552
08f6838eb763,deer_horn,3,3,9,all,gaussian,severe,0,44,gaussian_severe,0.14680041
08f6838eb763,deer_horn,3,3,10,all,gaussian,severe,0,44,gaussian_severe,0.117341948
08f6838eb763,deer_horn,3,3,11,all,gaussian,severe,0,44,gaussian_severe,0.0883648053
08f6838eb763,deer_horn,3,3,12,all,gaussian,severe,0,44,gaussian_severe,0.0850549967
08f6838eb763,deer_horn,3,3,13,all,gaussian,severe,0,44,gaussian_severe,0.067047623
08f6838eb763,deer_horn,3,3,14,all,gaussian,severe,0,44,gaussian_severe,0.0951300967
08f6838eb763,deer_horn,3,3,15,all,gaussian,severe,0,44,gaussian_severe,0.0646974507
08f6838eb763,deer_horn,3,3,16,all,gaussian,severe,0,44,gaussian_severe,0.193494224
08f6838eb763,deer_horn,3,3,17,all,gaussian,severe,0,44,gaussian_severe,0.067180428
08f6838eb763,deer_horn,3,3,18,all,gaussian,severe,0,44,gaussian_severe,0.142537074
08f6838eb763,deer_horn,3,3,19,all,gaussian,severe,0,44,gaussian_severe,0.104043593
08f6838eb763,deer_horn,3,3,20,all,gaussian,severe,0,44,gaussian_severe,0.165861556
08f6838eb763,deer_horn,4,4,0,all,gaussian,severe,0,44,gaussian_severe,0.0548906048
08f6838eb763,deer_horn,4,4,1,all,gaussian,severe,0,44,gaussian_severe,0.0684770559
08f6838eb763,deer_horn,4,4,2,all,gaussian,severe,0,44,gaussian_severe,0.102429153
08f6838eb763,deer_horn,4,4,3,all,gaussian,severe,0,44,gaussian_severe,0.0568711626
08f6838eb763,deer_horn,4,4,4,all,gaussian,severe,0,44,gaussian_severe,0.0843766444
08f6838eb763,deer_horn,4,4,5,all,gaussian,severe,0,44,gaussian_severe,0.0867133505
08f6838eb763,deer_horn,4,4,6,all,gaussian,severe,0,44,gaussian_severe,0.0638225093
08f6838eb763,deer_horn,4,4,7,all,gaussian,severe,0,44,gaussian_severe,0.118536527
08f6838eb763,deer_horn,4,4,8,all,gaussian,severe,0,44,gaussian_severe,0.1295329
08f6838eb763,deer_horn,4,4,9,all,gaussian,severe,0,44,gaussian_severe,0.117346452
08f6838eb763,deer_horn,4,4,10,all,gaussian,severe,0,44,gaussian_severe,0.0978122755
08f6838eb763,deer_horn,4,4,11,all,gaussian,severe,0,44,gaussian_severe,0.113884651
08f6838eb763,deer_horn,4,4,12,all,gaussian,severe,0,44,gaussian_severe,0.21472366
08f6838eb763,deer_horn,4,4,13,all,gaussian,severe,0,44,gaussian_severe,0.0824015797
08f6838eb763,deer_horn,4,4,14,all,gaussian,severe,0,44,gaussian_severe,0.079431705
08f6838eb763,deer_horn,4,4,15,all,gaussian,severe,0,44,gaussian_severe,0.0810177405
08f6838eb763,deer_horn,4,4,16,all,gaussian,severe,0,44,gaussian_severe,0.107991709
08f6838eb763,deer_horn,4,4,17,all,gaussian,severe,0,44,gaussian_severe,0.134949037
08f6838eb763,deer_horn,4,4,18,all,gaussian,severe,0,44,gaussian_severe,0.113628087
08f6838eb763,deer_horn,4,4,19,all,gaussian,severe,0,44,gaussian_severe,0.0359300015
08f6838eb763,deer_horn,4,4,20,all,gaussian,severe,0,44,gaussian_severe,0.0819064189
08f6838eb763,deer_horn,5,5,0,all,gaussian,severe,0,44,gaussian_severe,0.169658306
08f6838eb763,deer_horn,5,5,1,all,gaussian,severe,0,44,gaussian_severe,0.180168697
08f6838eb763,deer_horn,5,5,2,all,gaussian,severe,0,44,gaussian_severe,0.103887342
08f6838eb763,deer_horn,5,5,3,all,gaussian,severe,0,44,gaussian_severe,0.100451358
08f6838eb763,deer_horn,5,5,4,all,gaussian,severe,0,44,gaussian_severe,0.153094604
08f6838eb763,deer_horn,5,5,5,all,gaussian,severe,0,44,gaussian_severe,0.0292484964
08f6838eb763,deer_horn,5,5,6,all,gaussian,severe,0,44,gaussian_severe,0.0482617128
08f6838eb763,deer_horn,5,5,7,all,gaussian,severe,0,44,gaussian_severe,0.115709125
08f6838eb763,deer_horn,5,5,8,all,gaussian,severe,0,44,gaussian_severe,0.18487698
08f6838eb763,deer_horn,5,5,9,all,gaussian,severe,0,44,gaussian_severe,0.0949036719
08f6838eb763,deer_horn,5,5,10,all,gaussian,severe,0,44,gaussian_severe,0.0397627866
08f6838eb763,deer_horn,5,5,11,all,gaussian,severe,0,44,gaussian_severe,0.12956807
08f6838eb763,deer_horn,5,5,12,all,gaussian,severe,0,44,gaussian_severe,0.150139176
08f6838eb763,deer_horn,5,5,13,all,gaussian,severe,0,44,gaussian_severe,0.0957514374
08f6838eb763,deer_horn,5,5,14,all,gaussian,severe,0,44,gaussian_severe,0.133998248
08f6838eb763,deer_horn,5,5,15,all,gaussian,severe,0,44,gaussian_severe,0.100920666
08f6838eb763,deer_horn,5,5,16,all,gaussian,severe,0,44,gaussian_severe,0.110592443
08f6838eb763,deer_horn,5,5,17,all,gaussian,severe,0,44,gaussian_severe,0.0982346285
08f6838eb763,deer_horn,5,5,18,all,gaussian,severe,0,44,gaussian_severe,0.0993556276
08f6838eb763,deer_horn,5,5,19,all,gaussian,severe,0,44,gaussian_severe,0.149911531
08f6838eb763,deer_horn,5,5,20,all,gaussian,severe,0,44,gaussian_severe,0.107324462
08f6838eb763,deer_horn,6,6,0,all,gaussian,severe,0,44,gaussian_severe,0.140151815
08f6838eb763,deer_horn,6,6,1,all,gaussian,severe,0,44,gaussian_severe,0.0730713262
08f6838eb763,deer_horn,6,6,2,all,gaussian,severe,0,44,gaussian_severe,0.0565548912
08f6838eb763,deer_horn,6,6,3,all,gaussian,severe,0,44,gaussian_severe,0.126856543
08f6838eb763,deer_horn,6,6,4,all,gaussian,severe,0,44,gaussian_severe,0.0717049482
08f6838eb763,deer_horn,6,6,5,all,gaussian,severe,0,44,gaussian_severe,0.109213291
08f6838eb763,deer_horn,6,6,6,all,gaussian,severe,0,44,gaussian_severe,0.0630402336
08f6838eb763,deer_horn,6,6,7,all,gaussian,severe,0,44,gaussian_severe,0.0494876173
08f6838eb763,deer_horn,6,6,8,all,gaussian,severe,0,44,gaussian_severe,0.104691443
08f6838eb763,deer_horn,6,6,9,all,gaussian,severe,0,44,gaussian_severe,0.0479121331
08f6838eb763,deer_horn,6,6,10,all,gaussian,severe,0,44,gaussian_severe,0.104475974
08f6838eb763,deer_horn,6,6,11,all,gaussian,severe,0,44,gaussian_severe,0.118016697
08f6838eb763,deer_horn,6,6,12,all,gaussian,severe,0,44,gaussian_severe,0.182545577
08f6838eb763,deer_horn,6,6,13,all,gaussian,severe,0,44,gaussian_severe,0.0535976665
08f6838eb763,deer_horn,6,6,14,all,gaussian,severe,0,44,gaussian_severe,0.0597711833
08f6838eb763,deer_horn,6,6,15,all,gaussian,severe,0,44,gaussian_severe,0.0336165336
08f6838eb763,deer_horn,6,6,16,all,gaussian,severe,0,44,gaussian_severe,0.0647914137
08f6838eb763,deer_horn,6,6,17,all,gaussian,severe,0,44,gaussian_severe,0.0124187303
08f6838eb763,deer_horn,6,6,18,all,gaussian,severe,0,44,gaussian_severe,0.063569334
08f6838eb763,deer_horn,6,6,19,all,gaussian,severe,0,44,gaussian_severe,0.0324939821
08f6838eb763,deer_horn,6,6,20,all,gaussian,severe,0,44,gaussian_severe,0.138791926
08f6838eb763,deer_horn,7,7,0,all,gaussian,severe,0,44,gaussian_severe,0.0773833238
08f6838eb763,deer_horn,7,7,1,all,gaussian,severe,0,44,gaussian_severe,0.113402269
08f6838eb763,deer_horn,7,7,2,all,gaussian,severe,0,44,gaussian_severe,0.123976496
08f6838eb763,deer_horn,7,7,3,all,gaussian,severe,0,44,gaussian_severe,0.0708161568
08f6838eb763,deer_horn,7,7,4,all,gaussian,severe,0,44,gaussian_severe,0.137757005
08f6838eb763,deer_horn,7,7,5,all,gaussian,severe,0,44,gaussian_severe,0.0506486188
08f6838eb763,deer_horn,7,7,6,all,gaussian,severe,0,44,gaussian_severe,0.0339220348
08f6838eb763,deer_horn,7,7,7,all,gaussian,severe,0,44,gaussian_severe,0.0630378437
08f6838eb763,deer_horn,7,7,8,all,gaussian,severe,0,44,gaussian_severe,0.0817863092
08f6838eb763,deer_horn,7,7,9,all,gaussian,severe,0,44,gaussian_severe,0.151989485
08f6838eb763,deer_horn,7,7,10,all,gaussian,severe,0,44,gaussian_severe,0.118984535
08f6838eb763,deer_horn,7,7,11,all,gaussian,severe,0,44,gaussian_severe,0.120355159
08f6838eb763,deer_horn,7,7,12,all,gaussian,severe,0,44,gaussian_severe,0.0677348873
08f6838eb763,deer_horn,7,7,13,all,gaussian,severe,0,44,gaussian_severe,0.037729458
08f6838eb763,deer_horn,7,7,14,all,gaussian,severe,0,44,gaussian_severe,0.109075371
08f6838eb763,deer_horn,7,7,15,all,gaussian,severe,0,44,gaussian_severe,0.0690223101
08f6838eb763,deer_horn,7,7,16,all,gaussian,severe,0,44,gaussian_severe,0.103117538
08f6838eb763,deer_horn,7,7,17,all,gaussian,severe,0,44,gaussian_severe,0.0885890302
08f6838eb763,deer_horn,7,7,18,all,gaussian,severe,0,44,gaussian_severe,0.0350617804
08f6838eb763,deer_horn,7,7,19,all,gaussian,severe,0,44,gaussian_severe,0.0592849719
08f6838eb763,deer_horn,7,7,20,all,gaussian,severe,0,44,gaussian_severe,0.102607839
08f6838eb763,deer_horn,8,8,0,all,gaussian,severe,0,44,gaussian_severe,0.059984297
08f6838eb763,deer_horn,8,8,1,all,gaussian,severe,0,44,gaussian_severe,0.0474900194
08f6838eb763,deer_horn,8,8,2,all,gaussian,severe,0,44,gaussian_severe,0.104603469
08f6838eb763,deer_horn,8,8,3,all,gaussian,severe,0,44,gaussian_severe,0.0919774887
08f6838eb763,deer_horn,8,8,4,all,gaussian,severe,0,44,gaussian_severe,0.113327006
08f6838eb763,deer_horn,8,8,5,all,gaussian,severe,0,44,gaussian_severe,0.110222416
08f6838eb763,deer_horn,8,8,6,all,gaussian,severe,0,44,gaussian_severe,0.0114546038
08f6838eb763,deer_horn,8,8,7,all,gaussian,severe,0,44,gaussian_severe,0.0817972681
08f6838eb763,deer_horn,8,8,8,all,gaussian,severe,0,44,gaussian_severe,0.080290181
08f6838eb763,deer_horn,8,8,9,all,gaussian,severe,0,44,gaussian_severe,0.0692461206
08f6838eb763,deer_horn,8,8,10,all,gaussian,severe,0,44,gaussian_severe,0.0925958535
08f6838eb763,deer_horn,8,8,11,all,gaussian,severe,0,44,gaussian_severe,0.0556819066
08f6838eb763,deer_horn,8,8,12,all,gaussian,severe,0,44,gaussian_severe,0.151367915
08f6838eb763,deer_horn,8,8,13,all,gaussian,severe,0,44,gaussian_severe,0.0876455465
08f6838eb763,deer_horn,8,8,14,all,gaussian,severe,0,44,gaussian_severe,0.154098633
08f6838eb763,deer_horn,8,8,15,all,gaussian,severe,0,44,gaussian_severe,0.0997601941
08f6838eb763,deer_horn,8,8,16,all,gaussian,severe,0,44,gaussian_severe,0.121795525
08f6838eb763,deer_horn,8,8,17,all,gaussian,severe,0,44,gaussian_severe,0.113820062
08f6838eb763,deer_horn,8,8,18,all,gaussian,severe,0,44,gaussian_severe,0.0494006826
08f6838eb763,deer_horn,8,8,19,all,gaussian,severe,0,44,gaussian_severe,0.0749912321
08f6838eb763,deer_horn,8,8,20,all,gaussian,severe,0,44,gaussian_severe,0.156454079
08f6838eb763,deer_horn,9,9,0,all,gaussian,severe,0,44,gaussian_severe,0.117854647
08f6838eb763,deer_horn,9,9,1,all,gaussian,severe,0,44,gaussian_severe,0.11648569
08f6838eb763,deer_horn,9,9,2,all,gaussian,severe,0,44,gaussian_severe,0.0852553694
08f6838eb763,deer_horn,9,9,3,all,gaussian,severe,0,44,gaussian_severe,0.133995745
08f6838eb763,deer_horn,9,9,4,all,gaussian,severe,0,44,gaussian_severe,0.0539301021
08f6838eb763,deer_horn,9,9,5,all,gaussian,severe,0,44,gaussian_severe,0.0505512099
08f6838eb763,deer_horn,9,9,6,all,gaussian,severe,0,44,gaussian_severe,0.0516757509
08f6838eb763,deer_horn,9,9,7,all,gaussian,severe,0,44,gaussian_severe,0.15160937
08f6838eb763,deer_horn,9,9,8,all,gaussian,severe,0,44,gaussian_severe,0.0813322992
08f6838eb763,deer_horn,9,9,9,all,gaussian,severe,0,44,gaussian_severe,0.104345234
08f6838eb763,deer_horn,9,9,10,all,gaussian,severe,0,44,gaussian_severe,0.0964912328
08f6838eb763,deer_horn,9,9,11,all,gaussian,severe,0,44,gaussian_severe,0.0789398149
08f6838eb763,deer_horn,9,9,12,all,gaussian,severe,0,44,gaussian_severe,0.136438863
08f6838eb763,deer_horn,9,9,13,all,gaussian,severe,0,44,gaussian_severe,0.174835342
08f6838eb763,deer_horn,9,9,14,all,gaussian,severe,0,44,gaussian_severe,0.0565403556
08f6838eb763,deer_horn,9,9,15,all,gaussian,severe,0,44,gaussian_severe,0.085544921
08f6838eb763,deer_horn,9,9,16,all,gaussian,severe,0,44,gaussian_severe,0.0783515123
08f6838eb763,deer_horn,9,9,17,all,gaussian,severe,0,44,gaussian_severe,0.122314458
08f6838eb763,deer_horn,9,9,18,all,gaussian,severe,0,44,gaussian_severe,0.0715301509
08f6838eb763,deer_horn,9,9,19,all,gaussian,severe,0,44,gaussian_severe,0.130195391
08f6838eb763,deer_horn,9,9,20,all,gaussian,severe,0,44,gaussian_severe,0.052044883
08f6838eb763,deer_horn,10,10,0,all,gaussian,severe,0,44,gaussian_severe,0.0653863791
08f6838eb763,deer_horn,10,10,1,all,gaussian,severe,0,44,gaussian_severe,0.0291824881
08f6838eb763,deer_horn,10,10,2,all,gaussian,severe,0,44,gaussian_severe,0.0829086069
08f6838eb763,deer_horn,10,10,3,all,gaussian,severe,0,44,gaussian_severe,0.111947823
08f6838eb763,deer_horn,10,10,4,all,gaussian,severe,0,44,gaussian_severe,0.0498651884
08f6838eb763,deer_horn,10,10,5,all,gaussian,severe,0,44,gaussian_severe,0.0239779923
08f6838eb763,deer_horn,10,10,6,all,gaussian,severe,0,44,gaussian_severe,0.120904392
08f6838eb763,deer_horn,10,10,7,all,gaussian,severe,0,44,gaussian_severe,0.0876639744
08f6838eb763,deer_horn,10,10,8,all,gaussian,severe,0,44,gaussian_severe,0.105276291
08f6838eb763,deer_horn,10,10,9,all,gaussian,severe,0,44,gaussian_severe,0.163691145
08f6838eb763,deer_horn,10,10,10,all,gaussian,severe,0,44,gaussian_severe,0.147492733
08f6838eb763,deer_horn,10,10,11,all,gaussian,severe,0,44,gaussian_severe,0.154845235
08f6838eb763,deer_horn,10,10,12,all,gaussian,severe,0,44,gaussian_severe,0.0972411248
08f6838eb763,deer_horn,10,10,13,all,gaussian,severe,0,44,gaussian_severe,0.174029141
08f6838eb763,deer_horn,10,10,14,all,gaussian,severe,0,44,gaussian_severe,0.109941872
08f6838eb763,deer_horn,10,10,15,all,gaussian,severe,0,44,gaussian_severe,0.0802296742
08f6838eb763,deer_horn,10,10,16,all,gaussian,severe,0,44,gaussian_severe,0.0811374364
08f6838eb763,deer_horn,10,10,17,all,gaussian,severe,0,44,gaussian_severe,0.0135173589
08f6838eb763,deer_horn,10,10,18,all,gaussian,severe,0,44,gaussian_severe,0.150263568
08f6838eb763,deer_horn,10,10,19,all,gaussian,severe,0,44,gaussian_severe,0.0578840203
08f6838eb763,deer_horn,10,10,20,all,gaussian,severe,0,44,gaussian_severe,0.12889939
08f6838eb763,deer_horn,11,11,0,all,gaussian,severe,0,44,gaussian_severe,0.095949019
08f6838eb763,deer_horn,11,11,1,all,gaussian,severe,0,44,gaussian_severe,0.125931842
08f6838eb763,deer_horn,11,11,2,all,gaussian,severe,0,44,gaussian_severe,0.110367175
08f6838eb763,deer_horn,11,11,3,all,gaussian,severe,0,44,gaussian_severe,0.124375505
08f6838eb763,deer_horn,11,11,4,all,gaussian,severe,0,44,gaussian_severe,0.0905873722
08f6838eb763,deer_horn,11,11,5,all,gaussian,severe,0,44,gaussian_severe,0.0983353342
08f6838eb763,deer_horn,11,11,6,all,gaussian,severe,0,44,gaussian_severe,0.0792682672
08f6838eb763,deer_horn,11,11,7,all,gaussian,severe,0,44,gaussian_severe,0.106745279
08f6838eb763,deer_horn,11,11,8,all,gaussian,severe,0,44,gaussian_severe,0.0464154452
08f6838eb763,deer_horn,11,11,9,all,gaussian,severe,0,44,gaussian_severe,0.124534412
08f6838eb763,deer_horn,11,11,10,all,gaussian,severe,0,44,gaussian_severe,0.0980812343
08f6838eb763,deer_horn,11,11,11,all,gaussian,severe,0,44,gaussian_severe,0.135633137
08f6838eb763,deer_horn,11,11,12,all,gaussian,severe,0,44,gaussian_severe,0.038061546
08f6838eb763,deer_horn,11,11,13,all,gaussian,severe,0,44,gaussian_severe,0.220039667
08f6838eb763,deer_horn,11,11,14,all,gaussian,severe,0,44,gaussian_severe,0.139006129
08f6838eb763,deer_horn,11,11,15,all,gaussian,severe,0,44,gaussian_severe,0.0684572261
08f6838eb763,deer_horn,11,11,16,all,gaussian,severe,0,44,gaussian_severe,0.0973792352
08f6838eb763,deer_horn,11,11,17,all,gaussian,severe,0,44,gaussian_severe,0.0752817314
08f6838eb763,deer_horn,11,11,18,all,gaussian,severe,0,44,gaussian_severe,0.150889756
08f6838eb763,deer_horn,11,11,19,all,gaussian,severe,0,44,gaussian_severe,0.0979190845
08f6838eb763,deer_horn,11,11,20,all,gaussian,severe,0,44,gaussian_severe,0.0591524757
08f6838eb763,deer_horn,12,12,0,all,gaussian,severe,0,44,gaussian_severe,0.0489927699
08f6838eb763,deer_horn,12,12,1,all,gaussian,severe,0,44,gaussian_severe,0.0972977186
08f6838eb763,deer_horn,12,12,2,all,gaussian,severe,0,44,gaussian_severe,0.0928790101
08f6838eb763,deer_horn,12,12,3,all,gaussian,severe,0,44,gaussian_severe,0.0955850899
08f6838eb763,deer_horn,12,12,4,all,gaussian,severe,0,44,gaussian_severe,0.0753577616
08f6838eb763,deer_horn,12,12,5,all,gaussian,severe,0,44,gaussian_severe,0.0618976947
08f6838eb763,deer_horn,12,12,6,all,gaussian,severe,0,44,gaussian_severe,0.050711044
08f6838eb763,deer_horn,12,12,7,all,gaussian,severe,0,44,gaussian_severe,0.151319934
08f6838eb763,deer_horn,12,12,8,all,gaussian,severe,0,44,gaussian_severe,0.140324963
08f6838eb763,deer_horn,12,12,9,all,gaussian,severe,0,44,gaussian_severe,0.115602707
08f6838eb763,deer_horn,12,12,10,all,gaussian,severe,0,44,gaussian_severe,0.213067075
08f6838eb763,deer_horn,12,12,11,all,gaussian,severe,0,44,gaussian_severe,0.0548248104
08f6838eb763,deer_horn,12,12,12,all,gaussian,severe,0,44,gaussian_severe,0.0232870552
08f6838eb763,deer_horn,12,12,13,all,gaussian,severe,0,44,gaussian_severe,0.150965347
08f6838eb763,deer_horn,12,12,14,all,gaussian,severe,0,44,gaussian_severe,0.0942978494
08f6838eb763,deer_horn,12,12,15,all,gaussian,severe,0,44,gaussian_severe,0.0483922383
08f6838eb763,deer_horn,12,12,16,all,gaussian,severe,0,44,gaussian_severe,0.0435594961
08f6838eb763,deer_horn,12,12,17,all,gaussian,severe,0,44,gaussian_severe,0.115544689
08f6838eb763,deer_horn,12,12,18,all,gaussian,severe,0,44,gaussian_severe,0.107966889
08f6838eb763,deer_horn,12,12,19,all,gaussian,severe,0,44,gaussian_severe,0.142604002
08f6838eb763,deer_horn,12,12,20,all,gaussian,severe,0,44,gaussian_severe,0.152834012
08f6838eb763,deer_horn,13,13,0,all,gaussian,severe,0,44,gaussian_severe,0.0921697244
08f6838eb763,deer_horn,13,13,1,all,gaussian,severe,0,44,gaussian_severe,0.0894746131
08f6838eb763,deer_horn,13,13,2,all,gaussian,severe,0,44,gaussian_severe,0.190831591
08f6838eb763,deer_horn,13,13,3,all,gaussian,severe,0,44,gaussian_severe,0.0843439633
08f6838eb763,deer_horn,13,13,4,all,gaussian,severe,0,44,gaussian_severe,0.0111780258
08f6838eb763,deer_horn,13,13,5,all,gaussian,severe,0,44,gaussian_severe,0.0906104593
08f6838eb763,deer_horn,13,13,6,all,gaussian,severe,0,44,gaussian_severe,0.173329824
08f6838eb763,deer_horn,13,13,7,all,gaussian,severe,0,44,gaussian_severe,0.0956342299
08f6838eb763,deer_horn,13,13,8,all,gaussian,severe,0,44,gaussian_severe,0.0735601959
08f6838eb763,deer_horn,13,13,9,all,gaussian,severe,0,44,gaussian_severe,0.150612909
08f6838eb763,deer_horn,13,13,10,all,gaussian,severe,0,44,gaussian_severe,0.103281117
08f6838eb763,deer_horn,13,13,11,all,gaussian,severe,0,44,gaussian_severe,0.0572287115
08f6838eb763,deer_horn,13,13,12,all,gaussian,severe,0,44,gaussian_severe,0.0615245673
08f6838eb763,deer_horn,13,13,13,all,gaussian,severe,0,44,gaussian_severe,0.0573373581
08f6838eb763,deer_horn,13,13,14,all,gaussian,severe,0,44,gaussian_severe,0.0750803385
08f6838eb763,deer_horn,13,13,15,all,gaussian,severe,0,44,gaussian_severe,0.0778964745
08f6838eb763,deer_horn,13,13,16,all,gaussian,severe,0,44,gaussian_severe,0.138048292
08f6838eb763,deer_horn,13,13,17,all,gaussian,severe,0,44,gaussian_severe,0.0558304224
08f6838eb763,deer_horn,13,13,18,all,gaussian,severe,0,44,gaussian_severe,0.0997428453
08f6838eb763,deer_horn,13,13,19,all,gaussian,severe,0,44,gaussian_severe,0.11426011
08f6838eb763,deer_horn,13,13,20,all,gaussian,severe,0,44,gaussian_severe,0.0535782881
08f6838eb763,deer_horn,14,14,0,all,gaussian,severe,0,44,gaussian_severe,0.104002736
08f6838eb763,deer_horn,14,14,1,all,gaussian,severe,0,44,gaussian_severe,0.154685771
08f6838eb763,deer_horn,14,14,2,all,gaussian,severe,0,44,gaussian_severe,0.0927277799
08f6838eb763,deer_horn,14,14,3,all,gaussian,severe,0,44,gaussian_severe,0.0527586604
08f6838eb763,deer_horn,14,14,4,all,gaussian,severe,0,44,gaussian_severe,0.150403948
08f6838eb763,deer_horn,14,14,5,all,gaussian,severe,0,44,gaussian_severe,0.103460998
08f6838eb763,deer_horn,14,14,6,all,gaussian,severe,0,44,gaussian_severe,0.176246327
08f6838eb763,deer_horn,14,14,7,all,gaussian,severe,0,44,gaussian_severe,0.0920470043
08f6838eb763,deer_horn,14,14,8,all,gaussian,severe,0,44,gaussian_severe,0.150070896
08f6838eb763,deer_horn,14,14,9,all,gaussian,severe,0,44,gaussian_severe,0.0685221151
08f6838eb763,deer_horn,14,14,10,all,gaussian,severe,0,44,gaussian_severe,0.0762387036
08f6838eb763,deer_horn,14,14,11,all,gaussian,severe,0,44,gaussian_severe,0.0441713572
08f6838eb763,deer_horn,14,14,12,all,gaussian,severe,0,44,gaussian_severe,0.0610861159
08f6838eb763,deer_horn,14,14,13,all,gaussian,severe,0,44,gaussian_severe,0.0271751853
08f6838eb763,deer_horn,14,14,14,all,gaussian,severe,0,44,gaussian_severe,0.0631013465
08f6838eb763,deer_horn,14,14,15,all,gaussian,severe,0,44,gaussian_severe,0.0513437909
08f6838eb763,deer_horn,14,14,16,all,gaussian,severe,0,44,gaussian_severe,0.114497884
08f6838eb763,deer_horn,14,14,17,all,gaussian,severe,0,44,gaussian_severe,0.0778546096
08f6838eb763,deer_horn,14,14,18,all,gaussian,severe,0,44,gaussian_severe,0.0961605183
08f6838eb763,deer_horn,14,14,19,all,gaussian,severe,0,44,gaussian_severe,0.132025012
08f6838eb763,deer_horn,14,14,20,all,gaussian,severe,0,44,gaussian_severe,0.108691663
08f6838eb763,deer_horn,15,15,0,all,gaussian,severe,0,44,gaussian_severe,0.0374730207
08f6838eb763,deer_horn,15,15,1,all,gaussian,severe,0,44,gaussian_severe,0.0458487258
08f6838eb763,deer_horn,15,15,2,all,gaussian,severe,0,44,gaussian_severe,0.072964849
08f6838eb763,deer_horn,15,15,3,all,gaussian,severe,0,44,gaussian_severe,0.0647839249
08f6838eb763,deer_horn,15,15,4,all,gaussian,severe,0,44,gaussian_severe,0.0812422631
08f6838eb763,deer_horn,15,15,5,all,gaussian,severe,0,44,gaussian_severe,0.101009387
08f6838eb763,deer_horn,15,15,6,all,gaussian,severe,0,44,gaussian_severe,0.113033959
08f6838eb763,deer_horn,15,15,7,all,gaussian,severe,0,44,gaussian_severe,0.0635210817
08f6838eb763,deer_horn,15,15,8,all,gaussian,severe,0,44,gaussian_severe,0.100706
08f6838eb763,deer_horn,15,15,9,all,gaussian,severe,0,44,gaussian_severe,0.0715733451
08f6838eb763,deer_horn,15,15,10,all,gaussian,severe,0,44,gaussian_severe,0.0584636073
08f6838eb763,deer_horn,15,15,11,all,gaussian,severe,0,44,gaussian_severe,0.0462423461
08f6838eb763,deer_horn,15,15,12,all,gaussian,severe,0,44,gaussian_severe,0.0252224533
08f6838eb763,deer_horn,15,15,13,all,gaussian,severe,0,44,gaussian_severe,0.103624254
08f6838eb763,deer_horn,15,15,14,all,gaussian,severe,0,44,gaussian_severe,0.0535187928
08f6838eb763,deer_horn,15,15,15,all,gaussian,severe,0,44,gaussian_severe,0.0748500994
08f6838eb763,deer_horn,15,15,16,all,gaussian,severe,0,44,gaussian_severe,0.119660054
08f6838eb763,deer_horn,15,15,17,all,gaussian,severe,0,44,gaussian_severe,0.112943831
08f6838eb763,deer_horn,15,15,18,all,gaussian,severe,0,44,gaussian_severe,0.0657966156
08f6838eb763,deer_horn,15,15,19,all,gaussian,severe,0,44,gaussian_severe,0.191029547
08f6838eb763,deer_horn,15,15,20,all,gaussian,severe,0,44,gaussian_severe,0.14960356
08f6838eb763,deer_horn,16,16,0,all,gaussian,severe,0,44,gaussian_severe,0.0883712916
08f6838eb763,deer_horn,16,16,1,all,gaussian,severe,0,44,gaussian_severe,0.0762351746
08f6838eb763,deer_horn,16,16,2,all,gaussian,severe,0,44,gaussian_severe,0.0614984492
08f6838eb763,deer_horn,16,16,3,all,gaussian,severe,0,44,gaussian_severe,0.0851656832
08f6838eb763,deer_horn,16,16,4,all,gaussian,severe,0,44,gaussian_severe,0.111622722
08f6838eb763,deer_horn,16,16,5,all,gaussian,severe,0,44,gaussian_severe,0.0864612596
08f6838eb763,deer_horn,16,16,6,all,gaussian,severe,0,44,gaussian_severe,0.04702122
08f6838eb763,deer_horn,16,16,7,all,gaussian,severe,0,44,gaussian_severe,0.123410098
08f6838eb763,deer_horn,16,16,8,all,gaussian,severe,0,44,gaussian_severe,0.112919892
08f6838eb763,deer_horn,16,16,9,all,gaussian,severe,0,44,gaussian_severe,0.0770551497
08f6838eb763,deer_horn,16,16,10,all,gaussian,severe,0,44,gaussian_severe,0.107477425
08f6838eb763,deer_horn,16,16,11,all,gaussian,severe,0,44,gaussian_severe,0.0563188916
08f6838eb763,deer_horn,16,16,12,all,gaussian,severe,0,44,gaussian_severe,0.0581443142
08f6838eb763,deer_horn,16,16,13,all,gaussian,severe,0,44,gaussian_severe,0.1114486
08f6838eb763,deer_horn,16,16,14,all,gaussian,severe,0,44,gaussian_severe,0.0680555939
08f6838eb763,deer_horn,16,16,15,all,gaussian,severe,0,44,gaussian_severe,0.0702955907
08f6838eb763,deer_horn,16,16,16,all,gaussian,severe,0,44,gaussian_severe,0.104240693
08f6838eb763,deer_horn,16,16,17,all,gaussian,severe,0,44,gaussian_severe,0.0474749571
08f6838eb763,deer_horn,16,16,18,all,gaussian,severe,0,44,gaussian_severe,0.0511026995
08f6838eb763,deer_horn,16,16,19,all,gaussian,severe,0,44,gaussian_severe,0.0577618171
08f6838eb763,deer_horn,16,16,20,all,gaussian,severe,0,44,gaussian_severe,0.0602919372
08f6838eb763,deer_horn,17,17,0,all,gaussian,severe,0,44,gaussian_severe,0.0808821083
08f6838eb763,deer_horn,17,17,1,all,gaussian,severe,0,44,gaussian_severe,0.082145117
08f6838eb763,deer_horn,17,17,2,all,gaussian,severe,0,44,gaussian_severe,0.0964720456
08f6838eb763,deer_horn,17,17,3,all,gaussian,severe,0,44,gaussian_severe,0.0909824407
08f6838eb763,deer_horn,17,17,4,all,gaussian,severe,0,44,gaussian_severe,0.120024373
08f6838eb763,deer_horn,17,17,5,all,gaussian,severe,0,44,gaussian_severe,0.121912613
08f6838eb763,deer_horn,17,17,6,all,gaussian,severe,0,44,gaussian_severe,0.0569869139
08f6838eb763,deer_horn,17,17,7,all,gaussian,severe,0,44,gaussian_severe,0.106043636
08f6838eb763,deer_horn,17,17,8,all,gaussian,severe,0,44,gaussian_severe,0.0940282638
08f6838eb763,deer_horn,17,17,9,all,gaussian,severe,0,44,gaussian_severe,0.0147813063
08f6838eb763,deer_horn,17,17,10,all,gaussian,severe,0,44,gaussian_severe,0.128087234
08f6838eb763,deer_horn,17,17,11,all,gaussian,severe,0,44,gaussian_severe,0.0747198076
08f6838eb763,deer_horn,17,17,12,all,gaussian,severe,0,44,gaussian_severe,0.102705981
08f6838eb763,deer_horn,17,17,13,all,gaussian,severe,0,44,gaussian_severe,0.140301285
08f6838eb763,deer_horn,17,17,14,all,gaussian,severe,0,44,gaussian_severe,0.0382876121
08f6838eb763,deer_horn,17,17,15,all,gaussian,severe,0,44,gaussian_severe,0.155562013
08f6838eb763,deer_horn,17,17,16,all,gaussian,severe,0,44,gaussian_severe,0.0737483339
08f6838eb763,deer_horn,17,17,17,all,gaussian,severe,0,44,gaussian_severe,0.0444573234
08f6838eb763,deer_horn,17,17,18,all,gaussian,severe,0,44,gaussian_severe,0.0543114893
08f6838eb763,deer_horn,17,17,19,all,gaussian,severe,0,44,gaussian_severe,0.104567679
08f6838eb763,deer_horn,17,17,20,all,gaussian,severe,0,44,gaussian_severe,0.0721121623
08f6838eb763,deer_horn,18,18,0,all,gaussian,severe,0,44,gaussian_severe,0.0880378365
08f6838eb763,deer_horn,18,18,1,all,gaussian,severe,0,44,gaussian_severe,0.105229617
08f6838eb763,deer_horn,18,18,2,all,gaussian,severe,0,44,gaussian_severe,0.0644188772
08f6838eb763,deer_horn,18,18,3,all,gaussian,severe,0,44,gaussian_severe,0.105380471
08f6838eb763,deer_horn,18,18,4,all,gaussian,severe,0,44,gaussian_severe,0.103073771
08f6838eb763,deer_horn,18,18,5,all,gaussian,severe,0,44,gaussian_severe,0.0971835335
08f6838eb763,deer_horn,18,18,6,all,gaussian,severe,0,44,gaussian_severe,0.0386343612
08f6838eb763,deer_horn,18,18,7,all,gaussian,severe,0,44,gaussian_severe,0.152320044
08f6838eb763,deer_horn,18,18,8,all,gaussian,severe,0,44,gaussian_severe,0.0859772376
08f6838eb763,deer_horn,18,18,9,all,gaussian,severe,0,44,gaussian_severe,0.035191729
08f6838eb763,deer_horn,18,18,10,all,gaussian,severe,0,44,gaussian_severe,0.0482992945
08f6838eb763,deer_horn,18,18,11,all,gaussian,severe,0,44,gaussian_severe,0.105996707
08f6838eb763,deer_horn,18,18,12,all,gaussian,severe,0,44,gaussian_severe,0.121041624
08f6838eb763,deer_horn,18,18,13,all,gaussian,severe,0,44,gaussian_severe,0.0627579043
08f6838eb763,deer_horn,18,18,14,all,gaussian,severe,0,44,gaussian_severe,0.173506721
08f6838eb763,deer_horn,18,18,15,all,gaussian,severe,0,44,gaussian_severe,0.134477374
08f6838eb763,deer_horn,18,18,16,all,gaussian,severe,0,44,gaussian_severe,0.0998229016
08f6838eb763,deer_horn,18,18,17,all,gaussian,severe,0,44,gaussian_severe,0.0514456468
08f6838eb763,deer_horn,18,18,18,all,gaussian,severe,0,44,gaussian_severe,0.0615316856
08f6838eb763,deer_horn,18,18,19,all,gaussian,severe,0,44,gaussian_severe,0.0361408099
08f6838eb763,deer_horn,18,18,20,all,gaussian,severe,0,44,gaussian_severe,0.0856165002
08f6838eb763,deer_horn,19,19,0,all,gaussian,severe,0,44,gaussian_severe,0.030783154
08f6838eb763,deer_horn,19,19,1,all,gaussian,severe,0,44,gaussian_severe,0.117525602
08f6838eb763,deer_horn,19,19,2,all,gaussian,severe,0,44,gaussian_severe,0.0541261753
08f6838eb763,deer_horn,19,19,3,all,gaussian,severe,0,44,gaussian_severe,0.0496813169
08f6838eb763,deer_horn,19,19,4,all,gaussian,severe,0,44,gaussian_severe,0.0716571534
08f6838eb763,deer_horn,19,19,5,all,gaussian,severe,0,44,gaussian_severe,0.0769810876
08f6838eb763,deer_horn,19,19,6,all,gaussian,severe,0,44,gaussian_severe,0.119997513
08f6838eb763,deer_horn,19,19,7,all,gaussian,severe,0,44,gaussian_severe,0.0221920804
08f6838eb763,deer_horn,19,19,8,all,gaussian,severe,0,44,gaussian_severe,0.0531213948
08f6838eb763,deer_horn,19,19,9,all,gaussian,severe,0,44,gaussian_severe,0.04737132
08f6838eb763,deer_horn,19,19,10,all,gaussian,severe,0,44,gaussian_severe,0.0157238365
08f6838eb763,deer_horn,19,19,11,all,gaussian,severe,0,44,gaussian_severe,0.125067258
08f6838eb763,deer_horn,19,19,12,all,gaussian,severe,0,44,gaussian_severe,0.13122507
08f6838eb763,deer_horn,19,19,13,all,gaussian,severe,0,44,gaussian_severe,0.0830175635
08f6838eb763,deer_horn,19,19,14,all,gaussian,severe,0,44,gaussian_severe,0.0992259784
08f6838eb763,deer_horn,19,19,15,all,gaussian,severe,0,44,gaussian_severe,0.13138912
08f6838eb763,deer_horn,19,19,16,all,gaussian,severe,0,44,gaussian_severe,0.0961462116
08f6838eb763,deer_horn,19,19,17,all,gaussian,severe,0,44,gaussian_severe,0.0791459515
08f6838eb763,deer_horn,19,19,18,all,gaussian,severe,0,44,gaussian_severe,0.0562085195
08f6838eb763,deer_horn,19,19,19,all,gaussian,severe,0,44,gaussian_severe,0.0588943898
08f6838eb763,deer_horn,19,19,20,all,gaussian,severe,0,44,gaussian_severe,0.0830798315
08f6838eb763,deer_horn,20,20,0,all,gaussian,severe,0,44,gaussian_severe,0.0773527862
08f6838eb763,deer_horn,20,20,1,all,gaussian,severe,0,44,gaussian_severe,0.0655266228
08f6838eb763,deer_horn,20,20,2,all,gaussian,severe,0,44,gaussian_severe,0.187457958
08f6838eb763,deer_horn,20,20,3,all,gaussian,severe,0,44,gaussian_severe,0.0753577467
08f6838eb763,deer_horn,20,20,4,all,gaussian,severe,0,44,gaussian_severe,0.131395071
08f6838eb763,deer_horn,20,20,5,all,gaussian,severe,0,44,gaussian_severe,0.165369513
08f6838eb763,deer_horn,20,20,6,all,gaussian,severe,0,44,gaussian_severe,0.0849566759
08f6838eb763,deer_horn,20,20,7,all,gaussian,severe,0,44,gaussian_severe,0.117580167
08f6838eb763,deer_horn,20,20,8,all,gaussian,severe,0,44,gaussian_severe,0.0649939619
08f6838eb763,deer_horn,20,20,9,all,gaussian,severe,0,44,gaussian_severe,0.133557265
08f6838eb763,deer_horn,20,20,10,all,gaussian,severe,0,44,gaussian_severe,0.088000959
08f6838eb763,deer_horn,20,20,11,all,gaussian,severe,0,44,gaussian_severe,0.0674036125
08f6838eb763,deer_horn,20,20,12,all,gaussian,severe,0,44,gaussian_severe,0.0591452971
08f6838eb763,deer_horn,20,20,13,all,gaussian,severe,0,44,gaussian_severe,0.108366776
08f6838eb763,deer_horn,20,20,14,all,gaussian,severe,0,44,gaussian_severe,0.122397387
08f6838eb763,deer_horn,20,20,15,all,gaussian,severe,0,44,gaussian_severe,0.082533849
08f6838eb763,deer_horn,20,20,16,all,gaussian,severe,0,44,gaussian_severe,0.158836805
08f6838eb763,deer_horn,20,20,17,all,gaussian,severe,0,44,gaussian_severe,0.0805370005
08f6838eb763,deer_horn,20,20,18,all,gaussian,severe,0,44,gaussian_severe,0.0536797221
08f6838eb763,deer_horn,20,20,19,all,gaussian,severe,0,44,gaussian_severe,0.0649101541
08f6838eb763,deer_horn,20,20,20,all,gaussian,severe,0,44,gaussian_severe,0.157472645
08f6838eb763,deer_horn,21,21,0,all,gaussian,severe,0,44,gaussian_severe,0.14184259
08f6838eb763,deer_horn,21,21,1,all,gaussian,severe,0,44,gaussian_severe,0.0433627051
08f6838eb763,deer_horn,21,21,2,all,gaussian,severe,0,44,gaussian_severe,0.0910486435
08f6838eb763,deer_horn,21,21,3,all,gaussian,severe,0,44,gaussian_severe,0.202401122
08f6838eb763,deer_horn,21,21,4,all,gaussian,severe,0,44,gaussian_severe,0.0615334989
08f6838eb763,deer_horn,21,21,5,all,gaussian,severe,0,44,gaussian_severe,0.027484778
08f6838eb763,deer_horn,21,21,6,all,gaussian,severe,0,44,gaussian_severe,0.107172245
08f6838eb763,deer_horn,21,21,7,all,gaussian,severe,0,44,gaussian_severe,0.0586232524
08f6838eb763,deer_horn,21,21,8,all,gaussian,severe,0,44,gaussian_severe,0.13287095
08f6838eb763,deer_horn,21,21,9,all,gaussian,severe,0,44,gaussian_severe,0.0780066482
08f6838eb763,deer_horn,21,21,10,all,gaussian,severe,0,44,gaussian_severe,0.0817566365
08f6838eb763,deer_horn,21,21,11,all,gaussian,severe,0,44,gaussian_severe,0.15069906
08f6838eb763,deer_horn,21,21,12,all,gaussian,severe,0,44,gaussian_severe,0.0963581802
08f6838eb763,deer_horn,21,21,13,all,gaussian,severe,0,44,gaussian_severe,0.105530609
08f6838eb763,deer_horn,21,21,14,all,gaussian,severe,0,44,gaussian_severe,0.0972763371
08f6838eb763,deer_horn,21,21,15,all,gaussian,severe,0,44,gaussian_severe,0.100149113
08f6838eb763,deer_horn,21,21,16,all,gaussian,severe,0,44,gaussian_severe,0.0751896506
08f6838eb763,deer_horn,21,21,17,all,gaussian,severe,0,44,gaussian_severe,0.088357996
08f6838eb763,deer_horn,21,21,18,all,gaussian,severe,0,44,gaussian_severe,0.114546411
08f6838eb763,deer_horn,21,21,19,all,gaussian,severe,0,44,gaussian_severe,0.0617817069
08f6838eb763,deer_horn,21,21,20,all,gaussian,severe,0,44,gaussian_severe,0.0862811145
08f6838eb763,deer_horn,22,22,0,all,gaussian,severe,0,44,gaussian_severe,0.063280583
08f6838eb763,deer_horn,22,22,1,all,gaussian,severe,0,44,gaussian_severe,0.104223268
08f6838eb763,deer_horn,22,22,2,all,gaussian,severe,0,44,gaussian_severe,0.0727034555
08f6838eb763,deer_horn,22,22,3,all,gaussian,severe,0,44,gaussian_severe,0.116249782
08f6838eb763,deer_horn,22,22,4,all,gaussian,severe,0,44,gaussian_severe,0.0807078102
08f6838eb763,deer_horn,22,22,5,all,gaussian,severe,0,44,gaussian_severe,0.0678490473
08f6838eb763,deer_horn,22,22,6,all,gaussian,severe,0,44,gaussian_severe,0.140131406
08f6838eb763,deer_horn,22,22,7,all,gaussian,severe,0,44,gaussian_severe,0.107501285
08f6838eb763,deer_horn,22,22,8,all,gaussian,severe,0,44,gaussian_severe,0.0691630274
08f6838eb763,deer_horn,22,22,9,all,gaussian,severe,0,44,gaussian_severe,0.102325668
08f6838eb763,deer_horn,22,22,10,all,gaussian,severe,0,44,gaussian_severe,0.0353255199
08f6838eb763,deer_horn,22,22,11,all,gaussian,severe,0,44,gaussian_severe,0.129144937
08f6838eb763,deer_horn,22,22,12,all,gaussian,severe,0,44,gaussian_severe,0.0468490958
08f6838eb763,deer_horn,22,22,13,all,gaussian,severe,0,44,gaussian_severe,0.0710797437
08f6838eb763,deer_horn,22,22,14,all,gaussian,severe,0,44,gaussian_severe,0.0580134026
08f6838eb763,deer_horn,22,22,15,all,gaussian,severe,0,44,gaussian_severe,0.0822533349
08f6838eb763,deer_horn,22,22,16,all,gaussian,severe,0,44,gaussian_severe,0.02903519
08f6838eb763,deer_horn,22,22,17,all,gaussian,severe,0,44,gaussian_severe,0.0479993478
08f6838eb763,deer_horn,22,22,18,all,gaussian,severe,0,44,gaussian_severe,0.135978616
08f6838eb763,deer_horn,22,22,19,all,gaussian,severe,0,44,gaussian_severe,0.144092818
08f6838eb763,deer_horn,22,22,20,all,gaussian,severe,0,44,gaussian_severe,0.122784563
08f6838eb763,deer_horn,23,23,0,all,gaussian,severe,0,44,gaussian_severe,0.114930854
08f6838eb763,deer_horn,23,23,1,all,gaussian,severe,0,44,gaussian_severe,0.0263645698
08f6838eb763,deer_horn,23,23,2,all,gaussian,severe,0,44,gaussian_severe,0.022470002
08f6838eb763,deer_horn,23,23,3,all,gaussian,severe,0,44,gaussian_severe,0.0546997151
08f6838eb763,deer_horn,23,23,4,all,gaussian,severe,0,44,gaussian_severe,0.115708339
08f6838eb763,deer_horn,23,23,5,all,gaussian,severe,0,44,gaussian_severe,0.0680440314
08f6838eb763,deer_horn,23,23,6,all,gaussian,severe,0,44,gaussian_severe,0.108947752
08f6838eb763,deer_horn,23,23,7,all,gaussian,severe,0,44,gaussian_severe,0.134430783
08f6838eb763,deer_horn,23,23,8,all,gaussian,severe,0,44,gaussian_severe,0.151418475
08f6838eb763,deer_horn,23,23,9,all,gaussian,severe,0,44,gaussian_severe,0.110069147
08f6838eb763,deer_horn,23,23,10,all,gaussian,severe,0,44,gaussian_severe,0.076507563
08f6838eb763,deer_horn,23,23,11,all,gaussian,severe,0,44,gaussian_severe,0.117566553
08f6838eb763,deer_horn,23,23,12,all,gaussian,severe,0,44,gaussian_severe,0.10182138
08f6838eb763,deer_horn,23,23,13,all,gaussian,severe,0,44,gaussian_severe,0.0553684891
08f6838eb763,deer_horn,23,23,14,all,gaussian,severe,0,44,gaussian_severe,0.128633692
08f6838eb763,deer_horn,23,23,15,all,gaussian,severe,0,44,gaussian_severe,0.0876109377
08f6838eb763,deer_horn,23,23,16,all,gaussian,severe,0,44,gaussian_severe,0.162484174
08f6838eb763,deer_horn,23,23,17,all,gaussian,severe,0,44,gaussian_severe,0.100982427
08f6838eb763,deer_horn,23,23,18,all,gaussian,severe,0,44,gaussian_severe,0.16558883
08f6838eb763,deer_horn,23,23,19,all,gaussian,severe,0,44,gaussian_severe,0.110320969
08f6838eb763,deer_horn,23,23,20,all,gaussian,severe,0,44,gaussian_severe,0.110804471
08f6838eb763,deer_horn,24,24,0,all,gaussian,severe,0,44,gaussian_severe,0.0499173895
08f6838eb763,deer_horn,24,24,1,all,gaussian,severe,0,44,gaussian_severe,0.0923043923
08f6838eb763,deer_horn,24,24,2,all,gaussian,severe,0,44,gaussian_severe,0.12951257
08f6838eb763,deer_horn,24,24,3,all,gaussian,severe,0,44,gaussian_severe,0.142785685
08f6838eb763,deer_horn,24,24,4,all,gaussian,severe,0,44,gaussian_severe,0.106649673
08f6838eb763,deer_horn,24,24,5,all,gaussian,severe,0,44,gaussian_severe,0.236791114
08f6838eb763,deer_horn,24,24,6,all,gaussian,severe,0,44,gaussian_severe,0.038755963
08f6838eb763,deer_horn,24,24,7,all,gaussian,severe,0,44,gaussian_severe,0.061291875
08f6838eb763,deer_horn,24,24,8,all,gaussian,severe,0,44,gaussian_severe,0.0725896849
08f6838eb763,deer_horn,24,24,9,all,gaussian,severe,0,44,gaussian_severe,0.0942035084
08f6838eb763,deer_horn,24,24,10,all,gaussian,severe,0,44,gaussian_severe,0.0858534956
08f6838eb763,deer_horn,24,24,11,all,gaussian,severe,0,44,gaussian_severe,0.21535974
08f6838eb763,deer_horn,24,24,12,all,gaussian,severe,0,44,gaussian_severe,0.104507828
08f6838eb763,deer_horn,24,24,13,all,gaussian,severe,0,44,gaussian_severe,0.100942417
08f6838eb763,deer_horn,24,24,14,all,gaussian,severe,0,44,gaussian_severe,0.0822010796
08f6838eb763,deer_horn,24,24,15,all,gaussian,severe,0,44,gaussian_severe,0.10593673
08f6838eb763,deer_horn,24,24,16,all,gaussian,severe,0,44,gaussian_severe,0.0769175441
08f6838eb763,deer_horn,24,24,17,all,gaussian,severe,0,44,gaussian_severe,0.0799147369
08f6838eb763,deer_horn,24,24,18,all,gaussian,severe,0,44,gaussian_severe,0.0776550295
08f6838eb763,deer_horn,24,24,19,all,gaussian,severe,0,44,gaussian_severe,0.133191107
08f6838eb763,deer_horn,24,24,20,all,gaussian,severe,0,44,gaussian_severe,0.09356843
08f6838eb763,deer_horn,25,25,0,all,gaussian,severe,0,44,gaussian_severe,0.0798948929
08f6838eb763,deer_horn,25,25,1,all,gaussian,severe,0,44,gaussian_severe,0.0448764734
08f6838eb763,deer_horn,25,25,2,all,gaussian,severe,0,44,gaussian_severe,0.117955811
08f6838eb763,deer_horn,25,25,3,all,gaussian,severe,0,44,gaussian_severe,0.164029332
08f6838eb763,deer_horn,25,25,4,all,gaussian,severe,0,44,gaussian_severe,0.0698029611
08f6838eb763,deer_horn,25,25,5,all,gaussian,severe,0,44,gaussian_severe,0.0353440426
08f6838eb763,deer_horn,25,25,6,all,gaussian,severe,0,44,gaussian_severe,0.0519491916
08f6838eb763,deer_horn,25,25,7,all,gaussian,severe,0,44,gaussian_severe,0.101685319
08f6838eb763,deer_horn,25,25,8,all,gaussian,severe,0,44,gaussian_severe,0.0872775034
08f6838eb763,deer_horn,25,25,9,all,gaussian,severe,0,44,gaussian_severe,0.123227296
08f6838eb763,deer_horn,25,25,10,all,gaussian,severe,0,44,gaussian_severe,0.167920829
08f6838eb763,deer_horn,25,25,11,all,gaussian,severe,0,44,gaussian_severe,0.0697120542
08f6838eb763,deer_horn,25,25,12,all,gaussian,severe,0,44,gaussian_severe,0.114406729
08f6838eb763,deer_horn,25,25,13,all,gaussian,severe,0,44,gaussian_severe,0.124567118
08f6838eb763,deer_horn,25,25,14,all,gaussian,severe,0,44,gaussian_severe,0.0792363765
08f6838eb763,deer_horn,25,25,15,all,gaussian,severe,0,44,gaussian_severe,0.0972938617
08f6838eb763,deer_horn,25,25,16,all,gaussian,severe,0,44,gaussian_severe,0.0719068393
08f6838eb763,deer_horn,25,25,17,all,gaussian,severe,0,44,gaussian_severe,0.114898602
08f6838eb763,deer_horn,25,25,18,all,gaussian,severe,0,44,gaussian_severe,0.0808051961
08f6838eb763,deer_horn,25,25,19,all,gaussian,severe,0,44,gaussian_severe,0.0730360913
08f6838eb763,deer_horn,25,25,20,all,gaussian,severe,0,44,gaussian_severe,0.134451722
08f6838eb763,deer_horn,26,26,0,all,gaussian,severe,0,44,gaussian_severe,0.0754173629
08f6838eb763,deer_horn,26,26,1,all,gaussian,severe,0,44,gaussian_severe,0.0982516242
08f6838eb763,deer_horn,26,26,2,all,gaussian,severe,0,44,gaussian_severe,0.078930731
08f6838eb763,deer_horn,26,26,3,all,gaussian,severe,0,44,gaussian_severe,0.0613930359
08f6838eb763,deer_horn,26,26,4,all,gaussian,severe,0,44,gaussian_severe,0.076472334
08f6838eb763,deer_horn,26,26,5,all,gaussian,severe,0,44,gaussian_severe,0.0601885951
08f6838eb763,deer_horn,26,26,6,all,gaussian,severe,0,44,gaussian_severe,0.182379386
08f6838eb763,deer_horn,26,26,7,all,gaussian,severe,0,44,gaussian_severe,0.0716549161
08f6838eb763,deer_horn,26,26,8,all,gaussian,severe,0,44,gaussian_severe,0.125485271
08f6838eb763,deer_horn,26,26,9,all,gaussian,severe,0,44,gaussian_severe,0.041477852
08f6838eb763,deer_horn,26,26,10,all,gaussian,severe,0,44,gaussian_severe,0.139018458
08f6838eb763,deer_horn,26,26,11,all,gaussian,severe,0,44,gaussian_severe,0.0551493994
08f6838eb763,deer_horn,26,26,12,all,gaussian,severe,0,44,gaussian_severe,0.0258562326
08f6838eb763,deer_horn,26,26,13,all,gaussian,severe,0,44,gaussian_severe,0.143090265
08f6838eb763,deer_horn,26,26,14,all,gaussian,severe,0,44,gaussian_severe,0.0845206717
08f6838eb763,deer_horn,26,26,15,all,gaussian,severe,0,44,gaussian_severe,0.0497450091
08f6838eb763,deer_horn,26,26,16,all,gaussian,severe,0,44,gaussian_severe,0.102272445
08f6838eb763,deer_horn,26,26,17,all,gaussian,severe,0,44,gaussian_severe,0.116097124
08f6838eb763,deer_horn,26,26,18,all,gaussian,severe,0,44,gaussian_severe,0.036275316
08f6838eb763,deer_horn,26,26,19,all,gaussian,severe,0,44,gaussian_severe,0.0439181187
08f6838eb763,deer_horn,26,26,20,all,gaussian,severe,0,44,gaussian_severe,0.0883600458
08f6838eb763,deer_horn,27,27,0,all,gaussian,severe,0,44,gaussian_severe,0.0817602197
08f6838eb763,deer_horn,27,27,1,all,gaussian,severe,0,44,gaussian_severe,0.0388858074
08f6838eb763,deer_horn,27,27,2,all,gaussian,severe,0,44,gaussian_severe,0.108953157
08f6838eb763,deer_horn,27,27,3,all,gaussian,severe,0,44,gaussian_severe,0.105165718
08f6838eb763,deer_horn,27,27,4,all,gaussian,severe,0,44,gaussian_severe,0.21048465
08f6838eb763,deer_horn,27,27,5,all,gaussian,severe,0,44,gaussian_severe,0.163662521
08f6838eb763,deer_horn,27,27,6,all,gaussian,severe,0,44,gaussian_severe,0.0734594735
08f6838eb763,deer_horn,27,27,7,all,gaussian,severe,0,44,gaussian_severe,0.131458934
08f6838eb763,deer_horn,27,27,8,all,gaussian,severe,0,44,gaussian_severe,0.0678486907
08f6838eb763,deer_horn,27,27,9,all,gaussian,severe,0,44,gaussian_severe,0.12176344
08f6838eb763,deer_horn,27,27,10,all,gaussian,severe,0,44,gaussian_severe,0.0807165245
08f6838eb763,deer_horn,27,27,11,all,gaussian,severe,0,44,gaussian_severe,0.0599436777
08f6838eb763,deer_horn,27,27,12,all,gaussian,severe,0,44,gaussian_severe,0.0722095808
08f6838eb763,deer_horn,27,27,13,all,gaussian,severe,0,44,gaussian_severe,0.0563039984
08f6838eb763,deer_horn,27,27,14,all,gaussian,severe,0,44,gaussian_severe,0.0519526655
08f6838eb763,deer_horn,27,27,15,all,gaussian,severe,0,44,gaussian_severe,0.164973025
08f6838eb763,deer_horn,27,27,16,all,gaussian,severe,0,44,gaussian_severe,0.0433926469
08f6838eb763,deer_horn,27,27,17,all,gaussian,severe,0,44,gaussian_severe,0.0944526872
08f6838eb763,deer_horn,27,27,18,all,gaussian,severe,0,44,gaussian_severe,0.0935523717
08f6838eb763,deer_horn,27,27,19,all,gaussian,severe,0,44,gaussian_severe,0.133774318
08f6838eb763,deer_horn,27,27,20,all,gaussian,severe,0,44,gaussian_severe,0.145765861
08f6838eb763,deer_horn,28,28,0,all,gaussian,severe,0,44,gaussian_severe,0.0911032244
08f6838eb763,deer_horn,28,28,1,all,gaussian,severe,0,44,gaussian_severe,0.066187818
08f6838eb763,deer_horn,28,28,2,all,gaussian,severe,0,44,gaussian_severe,0.090550667
08f6838eb763,deer_horn,28,28,3,all,gaussian,severe,0,44,gaussian_severe,0.0996856679
08f6838eb763,deer_horn,28,28,4,all,gaussian,severe,0,44,gaussian_severe,0.0394277318
08f6838eb763,deer_horn,28,28,5,all,gaussian,severe,0,44,gaussian_severe,0.101437819
08f6838eb763,deer_horn,28,28,6,all,gaussian,severe,0,44,gaussian_severe,0.0872495819
08f6838eb763,deer_horn,28,28,7,all,gaussian,severe,0,44,gaussian_severe,0.0576825256
08f6838eb763,deer_horn,28,28,8,all,gaussian,severe,0,44,gaussian_severe,0.109682149
08f6838eb763,deer_horn,28,28,9,all,gaussian,severe,0,44,gaussian_severe,0.0316139082
08f6838eb763,deer_horn,28,28,10,all,gaussian,severe,0,44,gaussian_severe,0.0657559907
08f6838eb763,deer_horn,28,28,11,all,gaussian,severe,0,44,gaussian_severe,0.109687576
08f6838eb763,deer_horn,28,28,12,all,gaussian,severe,0,44,gaussian_severe,0.120059093
08f6838eb763,deer_horn,28,28,13,all,gaussian,severe,0,44,gaussian_severe,0.0687670572
08f6838eb763,deer_horn,28,28,14,all,gaussian,severe,0,44,gaussian_severe,0.109189233
08f6838eb763,deer_horn,28,28,15,all,gaussian,severe,0,44,gaussian_severe,0.178157162
08f6838eb763,deer_horn,28,28,16,all,gaussian,severe,0,44,gaussian_severe,0.138061469
08f6838eb763,deer_horn,28,28,17,all,gaussian,severe,0,44,gaussian_severe,0.10077817
08f6838eb763,deer_horn,28,28,18,all,gaussian,severe,0,44,gaussian_severe,0.0878599253
08f6838eb763,deer_horn,28,28,19,all,gaussian,severe,0,44,gaussian_severe,0.0687075918
08f6838eb763,deer_horn,28,28,20,all,gaussian,severe,0,44,gaussian_severe,0.0738707701
08f6838eb763,deer_horn,29,29,0,all,gaussian,severe,0,44,gaussian_severe,0.0968746125
08f6838eb763,deer_horn,29,29,1,all,gaussian,severe,0,44,gaussian_severe,0.105270723
08f6838eb763,deer_horn,29,29,2,all,gaussian,severe,0,44,gaussian_severe,0.0577110844
08f6838eb763,deer_horn,29,29,3,all,gaussian,severe,0,44,gaussian_severe,0.139738907
08f6838eb763,deer_horn,29,29,4,all,gaussian,severe,0,44,gaussian_severe,0.11254593
08f6838eb763,deer_horn,29,29,5,all,gaussian,severe,0,44,gaussian_severe,0.123707387
08f6838eb763,deer_horn,29,29,6,all,gaussian,severe,0,44,gaussian_severe,0.0408393534
08f6838eb763,deer_horn,29,29,7,all,gaussian,severe,0,44,gaussian_severe,0.158541682
08f6838eb763,deer_horn,29,29,8,all,gaussian,severe,0,44,gaussian_severe,0.136106443
08f6838eb763,deer_horn,29,29,9,all,gaussian,severe,0,44,gaussian_severe,0.193895297
08f6838eb763,deer_horn,29,29,10,all,gaussian,severe,0,44,gaussian_severe,0.125711509
08f6838eb763,deer_horn,29,29,11,all,gaussian,severe,0,44,gaussian_severe,0.0782960354
08f6838eb763,deer_horn,29,29,12,all,gaussian,severe,0,44,gaussian_severe,0.104228145
08f6838eb763,deer_horn,29,29,13,all,gaussian,severe,0,44,gaussian_severe,0.0719654951
08f6838eb763,deer_horn,29,29,14,all,gaussian,severe,0,44,gaussian_severe,0.110681541
08f6838eb763,deer_horn,29,29,15,all,gaussian,severe,0,44,gaussian_severe,0.0766849206
08f6838eb763,deer_horn,29,29,16,all,gaussian,severe,0,44,gaussian_severe,0.0285237517
08f6838eb763,deer_horn,29,29,17,all,gaussian,severe,0,44,gaussian_severe,0.055365464
08f6838eb763,deer_horn,29,29,18,all,gaussian,severe,0,44,gaussian_severe,0.0527782179
08f6838eb763,deer_horn,29,29,19,all,gaussian,severe,0,44,gaussian_severe,0.0854580292
08f6838eb763,deer_horn,29,29,20,all,gaussian,severe,0,44,gaussian_severe,0.114022888
08f6838eb763,deer_horn,30,30,0,all,gaussian,severe,0,44,gaussian_severe,0.129375357
08f6838eb763,deer_horn,30,30,1,all,gaussian,severe,0,44,gaussian_severe,0.0350617625
08f6838eb763,deer_horn,30,30,2,all,gaussian,severe,0,44,gaussian_severe,0.170352732
08f6838eb763,deer_horn,30,30,3,all,gaussian,severe,0,44,gaussian_severe,0.0846713278
08f6838eb763,deer_horn,30,30,4,all,gaussian,severe,0,44,gaussian_severe,0.0969610053
08f6838eb763,deer_horn,30,30,5,all,gaussian,severe,0,44,gaussian_severe,0.0590080746
08f6838eb763,deer_horn,30,30,6,all,gaussian,severe,0,44,gaussian_severe,0.0862034
08f6838eb763,deer_horn,30,30,7,all,gaussian,severe,0,44,gaussian_severe,0.167303743
08f6838eb763,deer_horn,30,30,8,all,gaussian,severe,0,44,gaussian_severe,0.058529554
08f6838eb763,deer_horn,30,30,9,all,gaussian,severe,0,44,gaussian_severe,0.0752390793
08f6838eb763,deer_horn,30,30,10,all,gaussian,severe,0,44,gaussian_severe,0.0627146511
08f6838eb763,deer_horn,30,30,11,all,gaussian,severe,0,44,gaussian_severe,0.0877729618
08f6838eb763,deer_horn,30,30,12,all,gaussian,severe,0,44,gaussian_severe,0.13682792
08f6838eb763,deer_horn,30,30,13,all,gaussian,severe,0,44,gaussian_severe,0.0622236574
08f6838eb763,deer_horn,30,30,14,all,gaussian,severe,0,44,gaussian_severe,0.0749662333
08f6838eb763,deer_horn,30,30,15,all,gaussian,severe,0,44,gaussian_severe,0.0562246938
08f6838eb763,deer_horn,30,30,16,all,gaussian,severe,0,44,gaussian_severe,0.086385015
08f6838eb763,deer_horn,30,30,17,all,gaussian,severe,0,44,gaussian_severe,0.0559827056
08f6838eb763,deer_horn,30,30,18,all,gaussian,severe,0,44,gaussian_severe,0.0518564716
08f6838eb763,deer_horn,30,30,19,all,gaussian,severe,0,44,gaussian_severe,0.132950213
08f6838eb763,deer_horn,30,30,20,all,gaussian,severe,0,44,gaussian_severe,0.0723750605
08f6838eb763,deer_horn,31,31,0,all,gaussian,severe,0,44,gaussian_severe,0.174279695
08f6838eb763,deer_horn,31,31,1,all,gaussian,severe,0,44,gaussian_severe,0.142258538
08f6838eb763,deer_horn,31,31,2,all,gaussian,severe,0,44,gaussian_severe,0.0992400611
08f6838eb763,deer_horn,31,31,3,all,gaussian,severe,0,44,gaussian_severe,0.136973788
08f6838eb763,deer_horn,31,31,4,all,gaussian,severe,0,44,gaussian_severe,0.103589871
08f6838eb763,deer_horn,31,31,5,all,gaussian,severe,0,44,gaussian_severe,0.0648543061
08f6838eb763,deer_horn,31,31,6,all,gaussian,severe,0,44,gaussian_severe,0.0698498673
08f6838eb763,deer_horn,31,31,7,all,gaussian,severe,0,44,gaussian_severe,0.0264568828
08f6838eb763,deer_horn,31,31,8,all,gaussian,severe,0,44,gaussian_severe,0.0769274413
08f6838eb763,deer_horn,31,31,9,all,gaussian,severe,0,44,gaussian_severe,0.0608872039
08f6838eb763,deer_horn,31,31,10,all,gaussian,severe,0,44,gaussian_severe,0.10681833
08f6838eb763,deer_horn,31,31,11,all,gaussian,severe,0,44,gaussian_severe,0.0123863874
08f6838eb763,deer_horn,31,31,12,all,gaussian,severe,0,44,gaussian_severe,0.0464034316
08f6838eb763,deer_horn,31,31,13,all,gaussian,severe,0,44,gaussian_severe,0.0634080465
08f6838eb763,deer_horn,31,31,14,all,gaussian,severe,0,44,gaussian_severe,0.141531937
08f6838eb763,deer_horn,31,31,15,all,gaussian,severe,0,44,gaussian_severe,0.0857777225
08f6838eb763,deer_horn,31,31,16,all,gaussian,severe,0,44,gaussian_severe,0.0562265931
08f6838eb763,deer_horn,31,31,17,all,gaussian,severe,0,44,gaussian_severe,0.0987814129
08f6838eb763,deer_horn,31,31,18,all,gaussian,severe,0,44,gaussian_severe,0.0741954814
08f6838eb763,deer_horn,31,31,19,all,gaussian,severe,0,44,gaussian_severe,0.107823962
08f6838eb763,deer_horn,31,31,20,all,gaussian,severe,0,44,gaussian_severe,0.106010507
08f6838eb763,deer_horn,32,32,0,all,gaussian,severe,0,44,gaussian_severe,0.11002405
08f6838eb763,deer_horn,32,32,1,all,gaussian,severe,0,44,gaussian_severe,0.0958568389
08f6838eb763,deer_horn,32,32,2,all,gaussian,severe,0,44,gaussian_severe,0.102135876
08f6838eb763,deer_horn,32,32,3,all,gaussian,severe,0,44,gaussian_severe,0.10407828
08f6838eb763,deer_horn,32,32,4,all,gaussian,severe,0,44,gaussian_severe,0.195642635
08f6838eb763,deer_horn,32,32,5,all,gaussian,severe,0,44,gaussian_severe,0.0337851747
08f6838eb763,deer_horn,32,32,6,all,gaussian,severe,0,44,gaussian_severe,0.0871517202
08f6838eb763,deer_horn,32,32,7,all,gaussian,severe,0,44,gaussian_severe,0.113553574
08f6838eb763,deer_horn,32,32,8,all,gaussian,severe,0,44,gaussian_severe,0.0863271183
08f6838eb763,deer_horn,32,32,9,all,gaussian,severe,0,44,gaussian_severe,0.070879528
08f6838eb763,deer_horn,32,32,10,all,gaussian,severe,0,44,gaussian_severe,0.0799494644
08f6838eb763,deer_horn,32,32,11,all,gaussian,severe,0,44,gaussian_severe,0.0867693314
08f6838eb763,deer_horn,32,32,12,all,gaussian,severe,0,44,gaussian_severe,0.115235844
08f6838eb763,deer_horn,32,32,13,all,gaussian,severe,0,44,gaussian_severe,0.061304228
08f6838eb763,deer_horn,32,32,14,all,gaussian,severe,0,44,gaussian_severe,0.0666200637
08f6838eb763,deer_horn,32,32,15,all,gaussian,severe,0,44,gaussian_severe,0.0680812246
08f6838eb763,deer_horn,32,32,16,all,gaussian,severe,0,44,gaussian_severe,0.106236023
08f6838eb763,deer_horn,32,32,17,all,gaussian,severe,0,44,gaussian_severe,0.0566797799
08f6838eb763,deer_horn,32,32,18,all,gaussian,severe,0,44,gaussian_severe,0.120618919
08f6838eb763,deer_horn,32,32,19,all,gaussian,severe,0,44,gaussian_severe,0.128932323
08f6838eb763,deer_horn,32,32,20,all,gaussian,severe,0,44,gaussian_severe,0.153259445
08f6838eb763,deer_horn,33,33,0,all,gaussian,severe,0,44,gaussian_severe,0.147471487
08f6838eb763,deer_horn,33,33,1,all,gaussian,severe,0,44,gaussian_severe,0.0505017408
08f6838eb763,deer_horn,33,33,2,all,gaussian,severe,0,44,gaussian_severe,0.0848307464
08f6838eb763,deer_horn,33,33,3,all,gaussian,severe,0,44,gaussian_severe,0.126184144
08f6838eb763,deer_horn,33,33,4,all,gaussian,severe,0,44,gaussian_severe,0.0971781712
08f6838eb763,deer_horn,33,33,5,all,gaussian,severe,0,44,gaussian_severe,0.0818642906
08f6838eb763,deer_horn,33,33,6,all,gaussian,severe,0,44,gaussian_severe,0.0874954251
08f6838eb763,deer_horn,33,33,7,all,gaussian,severe,0,44,gaussian_severe,0.179698493
08f6838eb763,deer_horn,33,33,8,all,gaussian,severe,0,44,gaussian_severe,0.0979148241
08f6838eb763,deer_horn,33,33,9,all,gaussian,severe,0,44,gaussian_severe,0.179259491
08f6838eb763,deer_horn,33,33,10,all,gaussian,severe,0,44,gaussian_severe,0.0430165063
08f6838eb763,deer_horn,33,33,11,all,gaussian,severe,0,44,gaussian_severe,0.102914819
08f6838eb763,deer_horn,33,33,12,all,gaussian,severe,0,44,gaussian_severe,0.188791141
08f6838eb763,deer_horn,33,33,13,all,gaussian,severe,0,44,gaussian_severe,0.11194338
08f6838eb763,deer_horn,33,33,14,all,gaussian,severe,0,44,gaussian_severe,0.0457461538
08f6838eb763,deer_horn,33,33,15,all,gaussian,severe,0,44,gaussian_severe,0.0631857322
08f6838eb763,deer_horn,33,33,16,all,gaussian,severe,0,44,gaussian_severe,0.0270309334
08f6838eb763,deer_horn,33,33,17,all,gaussian,severe,0,44,gaussian_severe,0.123032831
08f6838eb763,deer_horn,33,33,18,all,gaussian,severe,0,44,gaussian_severe,0.0634928828
08f6838eb763,deer_horn,33,33,19,all,gaussian,severe,0,44,gaussian_severe,0.141201885
08f6838eb763,deer_horn,33,33,20,all,gaussian,severe,0,44,gaussian_severe,0.148349603
08f6838eb763,deer_horn,34,34,0,all,gaussian,severe,0,44,gaussian_severe,0.102322542
08f6838eb763,deer_horn,34,34,1,all,gaussian,severe,0,44,gaussian_severe,0.0748293461
08f6838eb763,deer_horn,34,34,2,all,gaussian,severe,0,44,gaussian_severe,0.129319728
08f6838eb763,deer_horn,34,34,3,all,gaussian,severe,0,44,gaussian_severe,0.0841624823
08f6838eb763,deer_horn,34,34,4,all,gaussian,severe,0,44,gaussian_severe,0.0778149869
08f6838eb763,deer_horn,34,34,5,all,gaussian,severe,0,44,gaussian_severe,0.0794142314
08f6838eb763,deer_horn,34,34,6,all,gaussian,severe,0,44,gaussian_severe,0.0535646659
08f6838eb763,deer_horn,34,34,7,all,gaussian,severe,0,44,gaussian_severe,0.114004923
08f6838eb763,deer_horn,34,34,8,all,gaussian,severe,0,44,gaussian_severe,0.14043246
08f6838eb763,deer_horn,34,34,9,all,gaussian,severe,0,44,gaussian_severe,0.0516333934
08f6838eb763,deer_horn,34,34,10,all,gaussian,severe,0,44,gaussian_severe,0.0536279478
08f6838eb763,deer_horn,34,34,11,all,gaussian,severe,0,44,gaussian_severe,0.134953001
08f6838eb763,deer_horn,34,34,12,all,gaussian,severe,0,44,gaussian_severe,0.0737309807
08f6838eb763,deer_horn,34,34,13,all,gaussian,severe,0,44,gaussian_severe,0.212317398
08f6838eb763,deer_horn,34,34,14,all,gaussian,severe,0,44,gaussian_severe,0.0691291545
08f6838eb763,deer_horn,34,34,15,all,gaussian,severe,0,44,gaussian_severe,0.20008002
08f6838eb763,deer_horn,34,34,16,all,gaussian,severe,0,44,gaussian_severe,0.119115726
08f6838eb763,deer_horn,34,34,17,all,gaussian,severe,0,44,gaussian_severe,0.124376384
08f6838eb763,deer_horn,34,34,18,all,gaussian,severe,0,44,gaussian_severe,0.0700986557
08f6838eb763,deer_horn,34,34,19,all,gaussian,severe,0,44,gaussian_severe,0.143700409
08f6838eb763,deer_horn,34,34,20,all,gaussian,severe,0,44,gaussian_severe,0.196654855
08f6838eb763,deer_horn,35,35,0,all,gaussian,severe,0,44,gaussian_severe,0.0880932281
08f6838eb763,deer_horn,35,35,1,all,gaussian,severe,0,44,gaussian_severe,0.116292245
08f6838eb763,deer_horn,35,35,2,all,gaussian,severe,0,44,gaussian_severe,0.148416961
08f6838eb763,deer_horn,35,35,3,all,gaussian,severe,0,44,gaussian_severe,0.122431834
08f6838eb763,deer_horn,35,35,4,all,gaussian,severe,0,44,gaussian_severe,0.0801195767
08f6838eb763,deer_horn,35,35,5,all,gaussian,severe,0,44,gaussian_severe,0.0997794206
08f6838eb763,deer_horn,35,35,6,all,gaussian,severe,0,44,gaussian_severe,0.034810091
08f6838eb763,deer_horn,35,35,7,all,gaussian,severe,0,44,gaussian_severe,0.0654409273
08f6838eb763,deer_horn,35,35,8,all,gaussian,severe,0,44,gaussian_severe,0.157080118
08f6838eb763,deer_horn,35,35,9,all,gaussian,severe,0,44,gaussian_severe,0.150957289
08f6838eb763,deer_horn,35,35,10,all,gaussian,severe,0,44,gaussian_severe,0.0616163696
08f6838eb763,deer_horn,35,35,11,all,gaussian,severe,0,44,gaussian_severe,0.12893216
08f6838eb763,deer_horn,35,35,12,all,gaussian,severe,0,44,gaussian_severe,0.0805800811
08f6838eb763,deer_horn,35,35,13,all,gaussian,severe,0,44,gaussian_severe,0.0689522095
08f6838eb763,deer_horn,35,35,14,all,gaussian,severe,0,44,gaussian_severe,0.0366427714
08f6838eb763,deer_horn,35,35,15,all,gaussian,severe,0,44,gaussian_severe,0.0415104061
08f6838eb763,deer_horn,35,35,16,all,gaussian,severe,0,44,gaussian_severe,0.150897363
08f6838eb763,deer_horn,35,35,17,all,gaussian,severe,0,44,gaussian_severe,0.123164595
08f6838eb763,deer_horn,35,35,18,all,gaussian,severe,0,44,gaussian_severe,0.0406612709
08f6838eb763,deer_horn,35,35,19,all,gaussian,severe,0,44,gaussian_severe,0.138083297
08f6838eb763,deer_horn,35,35,20,all,gaussian,severe,0,44,gaussian_severe,0.0796395452
08f6838eb763,deer_horn,36,36,0,all,gaussian,severe,0,44,gaussian_severe,0.12318982
08f6838eb763,deer_horn,36,36,1,all,gaussian,severe,0,44,gaussian_severe,0.0858815984
08f6838eb763,deer_horn,36,36,2,all,gaussian,severe,0,44,gaussian_severe,0.0531945973
08f6838eb763,deer_horn,36,36,3,all,gaussian,severe,0,44,gaussian_severe,0.0385305509
08f6838eb763,deer_horn,36,36,4,all,gaussian,severe,0,44,gaussian_severe,0.0377647238
08f6838eb763,deer_horn,36,36,5,all,gaussian,severe,0,44,gaussian_severe,0.0251167659
08f6838eb763,deer_horn,36,36,6,all,gaussian,severe,0,44,gaussian_severe,0.111971711
08f6838eb763,deer_horn,36,36,7,all,gaussian,severe,0,44,gaussian_severe,0.0735593547
08f6838eb763,deer_horn,36,36,8,all,gaussian,severe,0,44,gaussian_severe,0.0373262985
08f6838eb763,deer_horn,36,36,9,all,gaussian,severe,0,44,gaussian_severe,0.142965753
08f6838eb763,deer_horn,36,36,10,all,gaussian,severe,0,44,gaussian_severe,0.0963951468
08f6838eb763,deer_horn,36,36,11,all,gaussian,severe,0,44,gaussian_severe,0.0253775018
08f6838eb763,deer_horn,36,36,12,all,gaussian,severe,0,44,gaussian_severe,0.00522520352
08f6838eb763,deer_horn,36,36,13,all,gaussian,severe,0,44,gaussian_severe,0.0787766354
08f6838eb763,deer_horn,36,36,14,all,gaussian,severe,0,44,gaussian_severe,0.133504237
08f6838eb763,deer_horn,36,36,15,all,gaussian,severe,0,44,gaussian_severe,0.086313428
08f6838eb763,deer_horn,36,36,16,all,gaussian,severe,0,44,gaussian_severe,0.126398498
08f6838eb763,deer_horn,36,36,17,all,gaussian,severe,0,44,gaussian_severe,0.170221758
08f6838eb763,deer_horn,36,36,18,all,gaussian,severe,0,44,gaussian_severe,0.119608607
08f6838eb763,deer_horn,36,36,19,all,gaussian,severe,0,44,gaussian_severe,0.120416285
08f6838eb763,deer_horn,36,36,20,all,gaussian,severe,0,44,gaussian_severe,0.107864843
08f6838eb763,deer_horn,37,37,0,all,gaussian,severe,0,44,gaussian_severe,0.0892122205
08f6838eb763,deer_horn,37,37,1,all,gaussian,severe,0,44,gaussian_severe,0.135846336
08f6838eb763,deer_horn,37,37,2,all,gaussian,severe,0,44,gaussian_severe,0.092426026
08f6838eb763,deer_horn,37,37,3,all,gaussian,severe,0,44,gaussian_severe,0.0212711335
08f6838eb763,deer_horn,37,37,4,all,gaussian,severe,0,44,gaussian_severe,0.0922698137
08f6838eb763,deer_horn,37,37,5,all,gaussian,severe,0,44,gaussian_severe,0.0619914989
08f6838eb763,deer_horn,37,37,6,all,gaussian,severe,0,44,gaussian_severe,0.089309888
08f6838eb763,deer_horn,37,37,7,all,gaussian,severe,0,44,gaussian_severe,0.0713932947
08f6838eb763,deer_horn,37,37,8,all,gaussian,severe,0,44,gaussian_severe,0.0861543946
08f6838eb763,deer_horn,37,37,9,all,gaussian,severe,0,44,gaussian_severe,0.22458526
08f6838eb763,deer_horn,37,37,10,all,gaussian,severe,0,44,gaussian_severe,0.0667708552
08f6838eb763,deer_horn,37,37,11,all,gaussian,severe,0,44,gaussian_severe,0.138465087
08f6838eb763,deer_horn,37,37,12,all,gaussian,severe,0,44,gaussian_severe,0.0890334742
08f6838eb763,deer_horn,37,37,13,all,gaussian,severe,0,44,gaussian_severe,0.106826772
08f6838eb763,deer_horn,37,37,14,all,gaussian,severe,0,44,gaussian_severe,0.0773664853
08f6838eb763,deer_horn,37,37,15,all,gaussian,severe,0,44,gaussian_severe,0.118564611
08f6838eb763,deer_horn,37,37,16,all,gaussian,severe,0,44,gaussian_severe,0.0938594689
08f6838eb763,deer_horn,37,37,17,all,gaussian,severe,0,44,gaussian_severe,0.0643776637
08f6838eb763,deer_horn,37,37,18,all,gaussian,severe,0,44,gaussian_severe,0.0784876448
08f6838eb763,deer_horn,37,37,19,all,gaussian,severe,0,44,gaussian_severe,0.164927765
08f6838eb763,deer_horn,37,37,20,all,gaussian,severe,0,44,gaussian_severe,0.10958162
0945e8accdd1,deer_horn,0,0,0,all,gaussian,mild,0,42,gaussian_mild,0.0131817921
0945e8accdd1,deer_horn,0,0,1,all,gaussian,mild,0,42,gaussian_mild,0.025272261
0945e8accdd1,deer_horn,0,0,2,all,gaussian,mild,0,42,gaussian_mild,0.00341518411
0945e8accdd1,deer_horn,0,0,3,all,gaussian,mild,0,42,gaussian_mild,0.0145120124
0945e8accdd1,deer_horn,0,0,4,all,gaussian,mild,0,42,gaussian_mild,0.0122212838
0945e8accdd1,deer_horn,0,0,5,all,gaussian,mild,0,42,gaussian_mild,0.0133933436
0945e8accdd1,deer_horn,0,0,6,all,gaussian,mild,0,42,gaussian_mild,0.00899078207
0945e8accdd1,deer_horn,0,0,7,all,gaussian,mild,0,42,gaussian_mild,0.014078891
0945e8accdd1,deer_horn,0,0,8,all,gaussian,mild,0,42,gaussian_mild,0.00768645451
0945e8accdd1,deer_horn,0,0,9,all,gaussian,mild,0,42,gaussian_mild,0.00699645846
0945e8accdd1,deer_horn,0,0,10,all,gaussian,mild,0,42,gaussian_mild,0.0223924546
0945e8accdd1,deer_horn,0,0,11,all,gaussian,mild,0,42,gaussian_mild,0.0152191824
0945e8accdd1,deer_horn,0,0,12,all,gaussian,mild,0,42,gaussian_mild,0.0118263105
0945e8accdd1,deer_horn,0,0,13,all,gaussian,mild,0,42,gaussian_mild,0.0112725964
0945e8accdd1,deer_horn,0,0,14,all,gaussian,mild,0,42,gaussian_mild,0.00714435181
0945e8accdd1,deer_horn,0,0,15,all,gaussian,mild,0,42,gaussian_mild,0.00925855165
0945e8accdd1,deer_horn,0,0,16,all,gaussian,mild,0,42,gaussian_mild,0.00740999719
0945e8accdd1,deer_horn,0,0,17,all,gaussian,mild,0,42,gaussian_mild,0.0161988197
0945e8accdd1,deer_horn,0,0,18,all,gaussian,mild,0,42,gaussian_mild,0.00839713402
0945e8accdd1,deer_horn,0,0,19,all,gaussian,mild,0,42,gaussian_mild,0.0198042319
0945e8accdd1,deer_horn,0,0,20,all,gaussian,mild,0,42,gaussian_mild,0.0172356816
0945e8accdd1,deer_horn,1,1,0,all,gaussian,mild,0,42,gaussian_mild,0.012161002
0945e8accdd1,deer_horn,1,1,1,all,gaussian,mild,0,42,gaussian_mild,0.0103513331
0945e8accdd1,deer_horn,1,1,2,all,gaussian,mild,0,42,gaussian_mild,0.0171706519
0945e8accdd1,deer_horn,1,1,3,all,gaussian,mild,0,42,gaussian_mild,0.0105491535
0945e8accdd1,deer_horn,1,1,4,all,gaussian,mild,0,42,gaussian_mild,0.00827314742
0945e8accdd1,deer_horn,1,1,5,all,gaussian,mild,0,42,gaussian_mild,0.00834087669
0945e8accdd1,deer_horn,1,1,6,all,gaussian,mild,0,42,gaussian_mild,0.00845977462
0945e8accdd1,deer_horn,1,1,7,all,gaussian,mild,0,42,gaussian_mild,0.0137386797
0945e8accdd1,deer_horn,1,1,8,all,gaussian,mild,0,42,gaussian_mild,0.00656249605
0945e8accdd1,deer_horn,1,1,9,all,gaussian,mild,0,42,gaussian_mild,0.00794744107
0945e8accdd1,deer_horn,1,1,10,all,gaussian,mild,0,42,gaussian_mild,0.022243172
0945e8accdd1,deer_horn,1,1,11,all,gaussian,mild,0,42,gaussian_mild,0.0170407011
0945e8accdd1,deer_horn,1,1,12,all,gaussian,mild,0,42,gaussian_mild,0.0162815644
0945e8accdd1,deer_horn,1,1,13,all,gaussian,mild,0,42,gaussian_mild,0.012419723
0945e8accdd1,deer_horn,1,1,14,all,gaussian,mild,0,42,gaussian_mild,0.0102941242
0945e8accdd1,deer_horn,1,1,15,all,gaussian,mild,0,42,gaussian_mild,0.0196938506
0945e8accdd1,deer_horn,1,1,16,all,gaussian,mild,0,42,gaussian_mild,0.0158133352
0945e8accdd1,deer_horn,1,1,17,all,gaussian,mild,0,42,gaussian_mild,0.00582840814
0945e8accdd1,deer_horn,1,1,18,all,gaussian,mild,0,42,gaussian_mild,0.0161971116
0945e8accdd1,deer_horn,1,1,19,all,gaussian,mild,0,42,gaussian_mild,0.0106211365
0945e8accdd1,deer_horn,1,1,20,all,gaussian,mild,0,42,gaussian_mild,0.0163467385
0945e8accdd1,deer_horn,2,2,0,all,gaussian,mild,0,42,gaussian_mild,0.0199090306
0945e8accdd1,deer_horn,2,2,1,all,gaussian,mild,0,42,gaussian_mild,0.0170462882
0945e8accdd1,deer_horn,2,2,2,all,gaussian,mild,0,42,gaussian_mild,0.0161742722
0945e8accdd1,deer_horn,2,2,3,all,gaussian,mild,0,42,gaussian_mild,0.013535686
0945e8accdd1,deer_horn,2,2,4,all,gaussian,mild,0,42,gaussian_mild,0.0355658037
0945e8accdd1,deer_horn,2,2,5,all,gaussian,mild,0,42,gaussian_mild,0.0236568731
0945e8accdd1,deer_horn,2,2,6,all,gaussian,mild,0,42,gaussian_mild,0.0109911663
0945e8accdd1,deer_horn,2,2,7,all,gaussian,mild,0,42,gaussian_mild,0.010866463
0945e8accdd1,deer_horn,2,2,8,all,gaussian,mild,0,42,gaussian_mild,0.0197542569
0945e8accdd1,deer_horn,2,2,9,all,gaussian,mild,0,42,gaussian_mild,0.0183438385
0945e8accdd1,deer_horn,2,2,10,all,gaussian,mild,0,42,gaussian_mild,0.01109975
0945e8accdd1,deer_horn,2,2,11,all,gaussian,mild,0,42,gaussian_mild,0.0169159538
0945e8accdd1,deer_horn,2,2,12,all,gaussian,mild,0,42,gaussian_mild,0.0243066321
0945e8accdd1,deer_horn,2,2,13,all,gaussian,mild,0,42,gaussian_mild,0.0135325275
0945e8accdd1,deer_horn,2,2,14,all,gaussian,mild,0,42,gaussian_mild,0.00674495323
0945e8accdd1,deer_horn,2,2,15,all,gaussian,mild,0,42,gaussian_mild,0.0138133988
0945e8accdd1,deer_horn,2,2,16,all,gaussian,mild,0,42,gaussian_mild,0.0203873496
0945e8accdd1,deer_horn,2,2,17,all,gaussian,mild,0,42,gaussian_mild,0.00348380469
0945e8accdd1,deer_horn,2,2,18,all,gaussian,mild,0,42,gaussian_mild,0.0138658949
0945e8accdd1,deer_horn,2,2,19,all,gaussian,mild,0,42,gaussian_mild,0.0194068371
0945e8accdd1,deer_horn,2,2,20,all,gaussian,mild,0,42,gaussian_mild,0.0184519887
0945e8accdd1,deer_horn,3,3,0,all,gaussian,mild,0,42,gaussian_mild,0.0239349404
0945e8accdd1,deer_horn,3,3,1,all,gaussian,mild,0,42,gaussian_mild,0.0187301951
0945e8accdd1,deer_horn,3,3,2,all,gaussian,mild,0,42,gaussian_mild,0.0117052083
0945e8accdd1,deer_horn,3,3,3,all,gaussian,mild,0,42,gaussian_mild,0.00375095175
0945e8accdd1,deer_horn,3,3,4,all,gaussian,mild,0,42,gaussian_mild,0.0155044122
0945e8accdd1,deer_horn,3,3,5,all,gaussian,mild,0,42,gaussian_mild,0.0221734445
0945e8accdd1,deer_horn,3,3,6,all,gaussian,mild,0,42,gaussian_mild,0.0153892668
0945e8accdd1,deer_horn,3,3,7,all,gaussian,mild,0,42,gaussian_mild,0.0161218281
0945e8accdd1,deer_horn,3,3,8,all,gaussian,mild,0,42,gaussian_mild,0.0116073811
0945e8accdd1,deer_horn,3,3,9,all,gaussian,mild,0,42,gaussian_mild,0.0144985307
0945e8accdd1,deer_horn,3,3,10,all,gaussian,mild,0,42,gaussian_mild,0.00770229565
0945e8accdd1,deer_horn,3,3,11,all,gaussian,mild,0,42,gaussian_mild,0.0110239015
0945e8accdd1,deer_horn,3,3,12,all,gaussian,mild,0,42,gaussian_mild,0.0314838203
0945e8accdd1,deer_horn,3,3,13,all,gaussian,mild,0,42,gaussian_mild,0.0171821882
0945e8accdd1,deer_horn,3,3,14,all,gaussian,mild,0,42,gaussian_mild,0.0137935646
0945e8accdd1,deer_horn,3,3,15,all,gaussian,mild,0,42,gaussian_mild,0.0236015275
0945e8accdd1,deer_horn,3,3,16,all,gaussian,mild,0,42,gaussian_mild,0.0119811965
0945e8accdd1,deer_horn,3,3,17,all,gaussian,mild,0,42,gaussian_mild,0.0196656537
0945e8accdd1,deer_horn,3,3,18,all,gaussian,mild,0,42,gaussian_mild,0.0288848956
0945e8accdd1,deer_horn,3,3,19,all,gaussian,mild,0,42,gaussian_mild,0.0360785326
0945e8accdd1,deer_horn,3,3,20,all,gaussian,mild,0,42,gaussian_mild,0.0127469049
0945e8accdd1,deer_horn,4,4,0,all,gaussian,mild,0,42,gaussian_mild,0.0200560307
0945e8accdd1,deer_horn,4,4,1,all,gaussian,mild,0,42,gaussian_mild,0.00966834338
0945e8accdd1,deer_horn,4,4,2,all,gaussian,mild,0,42,gaussian_mild,0.0140177523
0945e8accdd1,deer_horn,4,4,3,all,gaussian,mild,0,42,gaussian_mild,0.00658219927
0945e8accdd1,deer_horn,4,4,4,all,gaussian,mild,0,42,gaussian_mild,0.0112787419
0945e8accdd1,deer_horn,4,4,5,all,gaussian,mild,0,42,gaussian_mild,0.00355750009
0945e8accdd1,deer_horn,4,4,6,all,gaussian,mild,0,42,gaussian_mild,0.00793901314
0945e8accdd1,deer_horn,4,4,7,all,gaussian,mild,0,42,gaussian_mild,0.026468239
0945e8accdd1,deer_horn,4,4,8,all,gaussian,mild,0,42,gaussian_mild,0.017995936
0945e8accdd1,deer_horn,4,4,9,all,gaussian,mild,0,42,gaussian_mild,0.0182842968
0945e8accdd1,deer_horn,4,4,10,all,gaussian,mild,0,42,gaussian_mild,0.0151647495
0945e8accdd1,deer_horn,4,4,11,all,gaussian,mild,0,42,gaussian_mild,0.0054280307
0945e8accdd1,deer_horn,4,4,12,all,gaussian,mild,0,42,gaussian_mild,0.00399457661
0945e8accdd1,deer_horn,4,4,13,all,gaussian,mild,0,42,gaussian_mild,0.0296248198
0945e8accdd1,deer_horn,4,4,14,all,gaussian,mild,0,42,gaussian_mild,0.00418171167
0945e8accdd1,deer_horn,4,4,15,all,gaussian,mild,0,42,gaussian_mild,0.0182536925
0945e8accdd1,deer_horn,4,4,16,all,gaussian,mild,0,42,gaussian_mild,0.0246630663
0945e8accdd1,deer_horn,4,4,17,all,gaussian,mild,0,42,gaussian_mild,0.01104665
0945e8accdd1,deer_horn,4,4,18,all,gaussian,mild,0,42,gaussian_mild,0.0146337419
0945e8accdd1,deer_horn,4,4,19,all,gaussian,mild,0,42,gaussian_mild,0.0214009331
0945e8accdd1,deer_horn,4,4,20,all,gaussian,mild,0,42,gaussian_mild,0.019797947
0945e8accdd1,deer_horn,5,5,0,all,gaussian,mild,0,42,gaussian_mild,0.00760777671
0945e8accdd1,deer_horn,5,5,1,all,gaussian,mild,0,42,gaussian_mild,0.0172619462
0945e8accdd1,deer_horn,5,5,2,all,gaussian,mild,0,42,gaussian_mild,0.0140426914
0945e8accdd1,deer_horn,5,5,3,all,gaussian,mild,0,42,gaussian_mild,0.0251397984
0945e8accdd1,deer_horn,5,5,4,all,gaussian,mild,0,42,gaussian_mild,0.0128323715
0945e8accdd1,deer_horn,5,5,5,all,gaussian,mild,0,42,gaussian_mild,0.0178290899
0945e8accdd1,deer_horn,5,5,6,all,gaussian,mild,0,42,gaussian_mild,0.0158389272
0945e8accdd1,deer_horn,5,5,7,all,gaussian,mild,0,42,gaussian_mild,0.0137205141
0945e8accdd1,deer_horn,5,5,8,all,gaussian,mild,0,42,gaussian_mild,0.0239023791
0945e8accdd1,deer_horn,5,5,9,all,gaussian,mild,0,42,gaussian_mild,0.0166991848
0945e8accdd1,deer_horn,5,5,10,all,gaussian,mild,0,42,gaussian_mild,0.0222610101
0945e8accdd1,deer_horn,5,5,11,all,gaussian,mild,0,42,gaussian_mild,0.0219443684
0945e8accdd1,deer_horn,5,5,12,all,gaussian,mild,0,42,gaussian_mild,0.013057153
0945e8accdd1,deer_horn,5,5,13,all,gaussian,mild,0,42,gaussian_mild,0.0111839502
0945e8accdd1,deer_horn,5,5,14,all,gaussian,mild,0,42,gaussian_mild,0.00916632546
0945e8accdd1,deer_horn,5,5,15,all,gaussian,mild,0,42,gaussian_mild,0.0108162031
0945e8accdd1,deer_horn,5,5,16,all,gaussian,mild,0,42,gaussian_mild,0.0182505793
0945e8accdd1,deer_horn,5,5,17,all,gaussian,mild,0,42,gaussian_mild,0.0112691896
0945e8accdd1,deer_horn,5,5,18,all,gaussian,mild,0,42,gaussian_mild,0.0157456443
0945e8accdd1,deer_horn,5,5,19,all,gaussian,mild,0,42,gaussian_mild,0.0132280084
0945e8accdd1,deer_horn,5,5,20,all,gaussian,mild,0,42,gaussian_mild,0.0307801265
0945e8accdd1,deer_horn,6,6,0,all,gaussian,mild,0,42,gaussian_mild,0.0167175328
0945e8accdd1,deer_horn,6,6,1,all,gaussian,mild,0,42,gaussian_mild,0.0241842498
0945e8accdd1,deer_horn,6,6,2,all,gaussian,mild,0,42,gaussian_mild,0.0184065853
0945e8accdd1,deer_horn,6,6,3,all,gaussian,mild,0,42,gaussian_mild,0.015319947
0945e8accdd1,deer_horn,6,6,4,all,gaussian,mild,0,42,gaussian_mild,0.023584115
0945e8accdd1,deer_horn,6,6,5,all,gaussian,mild,0,42,gaussian_mild,0.00850226366
0945e8accdd1,deer_horn,6,6,6,all,gaussian,mild,0,42,gaussian_mild,0.00954624928
0945e8accdd1,deer_horn,6,6,7,all,gaussian,mild,0,42,gaussian_mild,0.00753356157
0945e8accdd1,deer_horn,6,6,8,all,gaussian,mild,0,42,gaussian_mild,0.0104876804
0945e8accdd1,deer_horn,6,6,9,all,gaussian,mild,0,42,gaussian_mild,0.00878970003
0945e8accdd1,deer_horn,6,6,10,all,gaussian,mild,0,42,gaussian_mild,0.028017858
0945e8accdd1,deer_horn,6,6,11,all,gaussian,mild,0,42,gaussian_mild,0.0254311974
0945e8accdd1,deer_horn,6,6,12,all,gaussian,mild,0,42,gaussian_mild,0.0114309868
0945e8accdd1,deer_horn,6,6,13,all,gaussian,mild,0,42,gaussian_mild,0.018972942
0945e8accdd1,deer_horn,6,6,14,all,gaussian,mild,0,42,gaussian_mild,0.0103103583
0945e8accdd1,deer_horn,6,6,15,all,gaussian,mild,0,42,gaussian_mild,0.0176322037
0945e8accdd1,deer_horn,6,6,16,all,gaussian,mild,0,42,gaussian_mild,0.0234887706
0945e8accdd1,deer_horn,6,6,17,all,gaussian,mild,0,42,gaussian_mild,0.0120929005
0945e8accdd1,deer_horn,6,6,18,all,gaussian,mild,0,42,gaussian_mild,0.0205697233
0945e8accdd1,deer_horn,6,6,19,all,gaussian,mild,0,42,gaussian_mild,0.0133994237
0945e8accdd1,deer_horn,6,6,20,all,gaussian,mild,0,42,gaussian_mild,0.00804357045
0945e8accdd1,deer_horn,7,7,0,all,gaussian,mild,0,42,gaussian_mild,0.0140824478
0945e8accdd1,deer_horn,7,7,1,all,gaussian,mild,0,42,gaussian_mild,0.0185406986
0945e8accdd1,deer_horn,7,7,2,all,gaussian,mild,0,42,gaussian_mild,0.0122440955
0945e8accdd1,deer_horn,7,7,3,all,gaussian,mild,0,42,gaussian_mild,0.0198627583
0945e8accdd1,deer_horn,7,7,4,all,gaussian,mild,0,42,gaussian_mild,0.0208430393
0945e8accdd1,deer_horn,7,7,5,all,gaussian,mild,0,42,gaussian_mild,0.0140867716
0945e8accdd1,deer_horn,7,7,6,all,gaussian,mild,0,42,gaussian_mild,0.00890904495
0945e8accdd1,deer_horn,7,7,7,all,gaussian,mild,0,42,gaussian_mild,0.0284122023
0945e8accdd1,deer_horn,7,7,8,all,gaussian,mild,0,42,gaussian_mild,0.0201226462
0945e8accdd1,deer_horn,7,7,9,all,gaussian,mild,0,42,gaussian_mild,0.0150656623
0945e8accdd1,deer_horn,7,7,10,all,gaussian,mild,0,42,gaussian_mild,0.00530019886
0945e8accdd1,deer_horn,7,7,11,all,gaussian,mild,0,42,gaussian_mild,0.0127681215
0945e8accdd1,deer_horn,7,7,12,all,gaussian,mild,0,42,gaussian_mild,0.0283759967
0945e8accdd1,deer_horn,7,7,13,all,gaussian,mild,0,42,gaussian_mild,0.0145335623
0945e8accdd1,deer_horn,7,7,14,all,gaussian,mild,0,42,gaussian_mild,0.0060791867
0945e8accdd1,deer_horn,7,7,15,all,gaussian,mild,0,42,gaussian_mild,0.0123201772
0945e8accdd1,deer_horn,7,7,16,all,gaussian,mild,0,42,gaussian_mild,0.0132483843
0945e8accdd1,deer_horn,7,7,17,all,gaussian,mild,0,42,gaussian_mild,0.00619113996
0945e8accdd1,deer_horn,7,7,18,all,gaussian,mild,0,42,gaussian_mild,0.0208372958
0945e8accdd1,deer_horn,7,7,19,all,gaussian,mild,0,42,gaussian_mild,0.0283877781
0945e8accdd1,deer_horn,7,7,20,all,gaussian,mild,0,42,gaussian_mild,0.0189117017
0945e8accdd1,deer_horn,8,8,0,all,gaussian,mild,0,42,gaussian_mild,0.0386551774
0945e8accdd1,deer_horn,8,8,1,all,gaussian,mild,0,42,gaussian_mild,0.00847670381
0945e8accdd1,deer_horn,8,8,2,all,gaussian,mild,0,42,gaussian_mild,0.0159213314
0945e8accdd1,deer_horn,8,8,3,all,gaussian,mild,0,42,gaussian_mild,0.00866930203
0945e8accdd1,deer_horn,8,8,4,all,gaussian,mild,0,42,gaussian_mild,0.0131399717
0945e8accdd1,deer_horn,8,8,5,all,gaussian,mild,0,42,gaussian_mild,0.0209347301
0945e8accdd1,deer_horn,8,8,6,all,gaussian,mild,0,42,gaussian_mild,0.0194721514
0945e8accdd1,deer_horn,8,8,7,all,gaussian,mild,0,42,gaussian_mild,0.0152652678
0945e8accdd1,deer_horn,8,8,8,all,gaussian,mild,0,42,gaussian_mild,0.0162662303
0945e8accdd1,deer_horn,8,8,9,all,gaussian,mild,0,42,gaussian_mild,0.0113645354
0945e8accdd1,deer_horn,8,8,10,all,gaussian,mild,0,42,gaussian_mild,0.0177432949
0945e8accdd1,deer_horn,8,8,11,all,gaussian,mild,0,42,gaussian_mild,0.0276923131
0945e8accdd1,deer_horn,8,8,12,all,gaussian,mild,0,42,gaussian_mild,0.0189424612
0945e8accdd1,deer_horn,8,8,13,all,gaussian,mild,0,42,gaussian_mild,0.00348801088
0945e8accdd1,deer_horn,8,8,14,all,gaussian,mild,0,42,gaussian_mild,0.0124825804
0945e8accdd1,deer_horn,8,8,15,all,gaussian,mild,0,42,gaussian_mild,0.00947158843
0945e8accdd1,deer_horn,8,8,16,all,gaussian,mild,0,42,gaussian_mild,0.0205839072
0945e8accdd1,deer_horn,8,8,17,all,gaussian,mild,0,42,gaussian_mild,0.0131440866
0945e8accdd1,deer_horn,8,8,18,all,gaussian,mild,0,42,gaussian_mild,0.0153090379
0945e8accdd1,deer_horn,8,8,19,all,gaussian,mild,0,42,gaussian_mild,0.00836906807
0945e8accdd1,deer_horn,8,8,20,all,gaussian,mild,0,42,gaussian_mild,0.0117581926
0945e8accdd1,deer_horn,9,9,0,all,gaussian,mild,0,42,gaussian_mild,0.00873159061
0945e8accdd1,deer_horn,9,9,1,all,gaussian,mild,0,42,gaussian_mild,0.0147321303
0945e8accdd1,deer_horn,9,9,2,all,gaussian,mild,0,42,gaussian_mild,0.017210461
0945e8accdd1,deer_horn,9,9,3,all,gaussian,mild,0,42,gaussian_mild,0.0184568076
0945e8accdd1,deer_horn,9,9,4,all,gaussian,mild,0,42,gaussian_mild,0.0269758463
0945e8accdd1,deer_horn,9,9,5,all,gaussian,mild,0,42,gaussian_mild,0.01321415
0945e8accdd1,deer_horn,9,9,6,all,gaussian,mild,0,42,gaussian_mild,0.0246474351
0945e8accdd1,deer_horn,9,9,7,all,gaussian,mild,0,42,gaussian_mild,0.0203600838
0945e8accdd1,deer_horn,9,9,8,all,gaussian,mild,0,42,gaussian_mild,0.0247132693
0945e8accdd1,deer_horn,9,9,9,all,gaussian,mild,0,42,gaussian_mild,0.0144623413
0945e8accdd1,deer_horn,9,9,10,all,gaussian,mild,0,42,gaussian_mild,0.0196703091
0945e8accdd1,deer_horn,9,9,11,all,gaussian,mild,0,42,gaussian_mild,0.0149111192
0945e8accdd1,deer_horn,9,9,12,all,gaussian,mild,0,42,gaussian_mild,0.0104497299
0945e8accdd1,deer_horn,9,9,13,all,gaussian,mild,0,42,gaussian_mild,0.019037038
0945e8accdd1,deer_horn,9,9,14,all,gaussian,mild,0,42,gaussian_mild,0.0118938179
0945e8accdd1,deer_horn,9,9,15,all,gaussian,mild,0,42,gaussian_mild,0.0169612057
0945e8accdd1,deer_horn,9,9,16,all,gaussian,mild,0,42,gaussian_mild,0.0148764341
0945e8accdd1,deer_horn,9,9,17,all,gaussian,mild,0,42,gaussian_mild,0.0163617301
0945e8accdd1,deer_horn,9,9,18,all,gaussian,mild,0,42,gaussian_mild,0.00676262682
0945e8accdd1,deer_horn,9,9,19,all,gaussian,mild,0,42,gaussian_mild,0.00822184238
0945e8accdd1,deer_horn,9,9,20,all,gaussian,mild,0,42,gaussian_mild,0.0295991946
0945e8accdd1,deer_horn,10,10,0,all,gaussian,mild,0,42,gaussian_mild,0.0304276752
0945e8accdd1,deer_horn,10,10,1,all,gaussian,mild,0,42,gaussian_mild,0.0198233838
0945e8accdd1,deer_horn,10,10,2,all,gaussian,mild,0,42,gaussian_mild,0.0126948616
0945e8accdd1,deer_horn,10,10,3,all,gaussian,mild,0,42,gaussian_mild,0.0173125163
0945e8accdd1,deer_horn,10,10,4,all,gaussian,mild,0,42,gaussian_mild,0.0208731269
0945e8accdd1,deer_horn,10,10,5,all,gaussian,mild,0,42,gaussian_mild,0.018422622
0945e8accdd1,deer_horn,10,10,6,all,gaussian,mild,0,42,gaussian_mild,0.0189576994
0945e8accdd1,deer_horn,10,10,7,all,gaussian,mild,0,42,gaussian_mild,0.0200759278
0945e8accdd1,deer_horn,10,10,8,all,gaussian,mild,0,42,gaussian_mild,0.0109641825
0945e8accdd1,deer_horn,10,10,9,all,gaussian,mild,0,42,gaussian_mild,0.0126748269
0945e8accdd1,deer_horn,10,10,10,all,gaussian,mild,0,42,gaussian_mild,0.0191765834
0945e8accdd1,deer_horn,10,10,11,all,gaussian,mild,0,42,gaussian_mild,0.0174158071
0945e8accdd1,deer_horn,10,10,12,all,gaussian,mild,0,42,gaussian_mild,0.0176521249
0945e8accdd1,deer_horn,10,10,13,all,gaussian,mild,0,42,gaussian_mild,0.026959375
0945e8accdd1,deer_horn,10,10,14,all,gaussian,mild,0,42,gaussian_mild,0.0171529412
0945e8accdd1,deer_horn,10,10,15,all,gaussian,mild,0,42,gaussian_mild,0.0244446271
0945e8accdd1,deer_horn,10,10,16,all,gaussian,mild,0,42,gaussian_mild,0.00919402783
0945e8accdd1,deer_horn,10,10,17,all,gaussian,mild,0,42,gaussian_mild,0.0149309229
0945e8accdd1,deer_horn,10,10,18,all,gaussian,mild,0,42,gaussian_mild,0.0102200141
0945e8accdd1,deer_horn,10,10,19,all,gaussian,mild,0,42,gaussian_mild,0.0162360503
0945e8accdd1,deer_horn,10,10,20,all,gaussian,mild,0,42,gaussian_mild,0.0103220607
0945e8accdd1,deer_horn,11,11,0,all,gaussian,mild,0,42,gaussian_mild,0.0252311663
0945e8accdd1,deer_horn,11,11,1,all,gaussian,mild,0,42,gaussian_mild,0.0267397864
0945e8accdd1,deer_horn,11,11,2,all,gaussian,mild,0,42,gaussian_mild,0.0115723415
0945e8accdd1,deer_horn,11,11,3,all,gaussian,mild,0,42,gaussian_mild,0.0147193275
0945e8accdd1,deer_horn,11,11,4,all,gaussian,mild,0,42,gaussian_mild,0.014469344
0945e8accdd1,deer_horn,11,11,5,all,gaussian,mild,0,42,gaussian_mild,0.00684471263
0945e8accdd1,deer_horn,11,11,6,all,gaussian,mild,0,42,gaussian_mild,0.0125054573
0945e8accdd1,deer_horn,11,11,7,all,gaussian,mild,0,42,gaussian_mild,0.0199179425
0945e8accdd1,deer_horn,11,11,8,all,gaussian,mild,0,42,gaussian_mild,0.012800298
0945e8accdd1,deer_horn,11,11,9,all,gaussian,mild,0,42,gaussian_mild,0.025462604
0945e8accdd1,deer_horn,11,11,10,all,gaussian,mild,0,42,gaussian_mild,0.0228619562
0945e8accdd1,deer_horn,11,11,11,all,gaussian,mild,0,42,gaussian_mild,0.0140306738
0945e8accdd1,deer_horn,11,11,12,all,gaussian,mild,0,42,gaussian_mild,0.0120718416
0945e8accdd1,deer_horn,11,11,13,all,gaussian,mild,0,42,gaussian_mild,0.0064319408
0945e8accdd1,deer_horn,11,11,14,all,gaussian,mild,0,42,gaussian_mild,0.0113189493
0945e8accdd1,deer_horn,11,11,15,all,gaussian,mild,0,42,gaussian_mild,0.0294579278
0945e8accdd1,deer_horn,11,11,16,all,gaussian,mild,0,42,gaussian_mild,0.024313268
0945e8accdd1,deer_horn,11,11,17,all,gaussian,mild,0,42,gaussian_mild,0.0202672489
0945e8accdd1,deer_horn,11,11,18,all,gaussian,mild,0,42,gaussian_mild,0.0109654858
0945e8accdd1,deer_horn,11,11,19,all,gaussian,mild,0,42,gaussian_mild,0.0105832573
0945e8accdd1,deer_horn,11,11,20,all,gaussian,mild,0,42,gaussian_mild,0.0294530687
0945e8accdd1,deer_horn,12,12,0,all,gaussian,mild,0,42,gaussian_mild,0.0141001611
0945e8accdd1,deer_horn,12,12,1,all,gaussian,mild,0,42,gaussian_mild,0.0147010421
0945e8accdd1,deer_horn,12,12,2,all,gaussian,mild,0,42,gaussian_mild,0.0103412256
0945e8accdd1,deer_horn,12,12,3,all,gaussian,mild,0,42,gaussian_mild,0.0187019
0945e8accdd1,deer_horn,12,12,4,all,gaussian,mild,0,42,gaussian_mild,0.0273055396
0945e8accdd1,deer_horn,12,12,5,all,gaussian,mild,0,42,gaussian_mild,0.0193308115
0945e8accdd1,deer_horn,12,12,6,all,gaussian,mild,0,42,gaussian_mild,0.0111218328
0945e8accdd1,deer_horn,12,12,7,all,gaussian,mild,0,42,gaussian_mild,0.0136314016
0945e8accdd1,deer_horn,12,12,8,all,gaussian,mild,0,42,gaussian_mild,0.0180005669
0945e8accdd1,deer_horn,12,12,9,all,gaussian,mild,0,42,gaussian_mild,0.00928247597
0945e8accdd1,deer_horn,12,12,10,all,gaussian,mild,0,42,gaussian_mild,0.0110216943
0945e8accdd1,deer_horn,12,12,11,all,gaussian,mild,0,42,gaussian_mild,0.0146381974
0945e8accdd1,deer_horn,12,12,12,all,gaussian,mild,0,42,gaussian_mild,0.0189914705
0945e8accdd1,deer_horn,12,12,13,all,gaussian,mild,0,42,gaussian_mild,0.0145891319
0945e8accdd1,deer_horn,12,12,14,all,gaussian,mild,0,42,gaussian_mild,0.0132964547
0945e8accdd1,deer_horn,12,12,15,all,gaussian,mild,0,42,gaussian_mild,0.0119875312
0945e8accdd1,deer_horn,12,12,16,all,gaussian,mild,0,42,gaussian_mild,0.0169842899
0945e8accdd1,deer_horn,12,12,17,all,gaussian,mild,0,42,gaussian_mild,0.0130271512
0945e8accdd1,deer_horn,12,12,18,all,gaussian,mild,0,42,gaussian_mild,0.00662382041
0945e8accdd1,deer_horn,12,12,19,all,gaussian,mild,0,42,gaussian_mild,0.00863390571
0945e8accdd1,deer_horn,12,12,20,all,gaussian,mild,0,42,gaussian_mild,0.00543898359
0945e8accdd1,deer_horn,13,13,0,all,gaussian,mild,0,42,gaussian_mild,0.0189660064
0945e8accdd1,deer_horn,13,13,1,all,gaussian,mild,0,42,gaussian_mild,0.0304911827
0945e8accdd1,deer_horn,13,13,2,all,gaussian,mild,0,42,gaussian_mild,0.00125042314
0945e8accdd1,deer_horn,13,13,3,all,gaussian,mild,0,42,gaussian_mild,0.0296227353
0945e8accdd1,deer_horn,13,13,4,all,gaussian,mild,0,42,gaussian_mild,0.0196321973
0945e8accdd1,deer_horn,13,13,5,all,gaussian,mild,0,42,gaussian_mild,0.0121373308
0945e8accdd1,deer_horn,13,13,6,all,gaussian,mild,0,42,gaussian_mild,0.023508635
0945e8accdd1,deer_horn,13,13,7,all,gaussian,mild,0,42,gaussian_mild,0.0258958536
0945e8accdd1,deer_horn,13,13,8,all,gaussian,mild,0,42,gaussian_mild,0.00399314891
0945e8accdd1,deer_horn,13,13,9,all,gaussian,mild,0,42,gaussian_mild,0.0336600965
0945e8accdd1,deer_horn,13,13,10,all,gaussian,mild,0,42,gaussian_mild,0.011444365
0945e8accdd1,deer_horn,13,13,11,all,gaussian,mild,0,42,gaussian_mild,0.0095085608
0945e8accdd1,deer_horn,13,13,12,all,gaussian,mild,0,42,gaussian_mild,0.00542291252
0945e8accdd1,deer_horn,13,13,13,all,gaussian,mild,0,42,gaussian_mild,0.0227167827
0945e8accdd1,deer_horn,13,13,14,all,gaussian,mild,0,42,gaussian_mild,0.0144592236
0945e8accdd1,deer_horn,13,13,15,all,gaussian,mild,0,42,gaussian_mild,0.0172423865
0945e8accdd1,deer_horn,13,13,16,all,gaussian,mild,0,42,gaussian_mild,0.00714038754
0945e8accdd1,deer_horn,13,13,17,all,gaussian,mild,0,42,gaussian_mild,0.0127208446
0945e8accdd1,deer_horn,13,13,18,all,gaussian,mild,0,42,gaussian_mild,0.0272387782
0945e8accdd1,deer_horn,13,13,19,all,gaussian,mild,0,42,gaussian_mild,0.00244282706
0945e8accdd1,deer_horn,13,13,20,all,gaussian,mild,0,42,gaussian_mild,0.00974525547
0945e8accdd1,deer_horn,14,14,0,all,gaussian,mild,0,42,gaussian_mild,0.0195023808
0945e8accdd1,deer_horn,14,14,1,all,gaussian,mild,0,42,gaussian_mild,0.0134885897
0945e8accdd1,deer_horn,14,14,2,all,gaussian,mild,0,42,gaussian_mild,0.031394337
0945e8accdd1,deer_horn,14,14,3,all,gaussian,mild,0,42,gaussian_mild,0.00692337552
0945e8accdd1,deer_horn,14,14,4,all,gaussian,mild,0,42,gaussian_mild,0.0128658416
0945e8accdd1,deer_horn,14,14,5,all,gaussian,mild,0,42,gaussian_mild,0.0182513304
0945e8accdd1,deer_horn,14,14,6,all,gaussian,mild,0,42,gaussian_mild,0.00429087484
0945e8accdd1,deer_horn,14,14,7,all,gaussian,mild,0,42,gaussian_mild,0.0267480684
0945e8accdd1,deer_horn,14,14,8,all,gaussian,mild,0,42,gaussian_mild,0.012986451
0945e8accdd1,deer_horn,14,14,9,all,gaussian,mild,0,42,gaussian_mild,0.0137152325
0945e8accdd1,deer_horn,14,14,10,all,gaussian,mild,0,42,gaussian_mild,0.0129256838
0945e8accdd1,deer_horn,14,14,11,all,gaussian,mild,0,42,gaussian_mild,0.0191913144
0945e8accdd1,deer_horn,14,14,12,all,gaussian,mild,0,42,gaussian_mild,0.0234465459
0945e8accdd1,deer_horn,14,14,13,all,gaussian,mild,0,42,gaussian_mild,0.0104521152
0945e8accdd1,deer_horn,14,14,14,all,gaussian,mild,0,42,gaussian_mild,0.0189710187
0945e8accdd1,deer_horn,14,14,15,all,gaussian,mild,0,42,gaussian_mild,0.00480526404
0945e8accdd1,deer_horn,14,14,16,all,gaussian,mild,0,42,gaussian_mild,0.0124858813
0945e8accdd1,deer_horn,14,14,17,all,gaussian,mild,0,42,gaussian_mild,0.0177688973
0945e8accdd1,deer_horn,14,14,18,all,gaussian,mild,0,42,gaussian_mild,0.01488743
0945e8accdd1,deer_horn,14,14,19,all,gaussian,mild,0,42,gaussian_mild,0.0125712951
0945e8accdd1,deer_horn,14,14,20,all,gaussian,mild,0,42,gaussian_mild,0.0132865187
0945e8accdd1,deer_horn,15,15,0,all,gaussian,mild,0,42,gaussian_mild,0.0297114356
0945e8accdd1,deer_horn,15,15,1,all,gaussian,mild,0,42,gaussian_mild,0.0405312765
0945e8accdd1,deer_horn,15,15,2,all,gaussian,mild,0,42,gaussian_mild,0.013354287
0945e8accdd1,deer_horn,15,15,3,all,gaussian,mild,0,42,gaussian_mild,0.0161856637
0945e8accdd1,deer_horn,15,15,4,all,gaussian,mild,0,42,gaussian_mild,0.0227973436
0945e8accdd1,deer_horn,15,15,5,all,gaussian,mild,0,42,gaussian_mild,0.0190686769
0945e8accdd1,deer_horn,15,15,6,all,gaussian,mild,0,42,gaussian_mild,0.0136960871
0945e8accdd1,deer_horn,15,15,7,all,gaussian,mild,0,42,gaussian_mild,0.0121273922
0945e8accdd1,deer_horn,15,15,8,all,gaussian,mild,0,42,gaussian_mild,0.00304049371
0945e8accdd1,deer_horn,15,15,9,all,gaussian,mild,0,42,gaussian_mild,0.0119568714
0945e8accdd1,deer_horn,15,15,10,all,gaussian,mild,0,42,gaussian_mild,0.0157329039
0945e8accdd1,deer_horn,15,15,11,all,gaussian,mild,0,42,gaussian_mild,0.0155535295
0945e8accdd1,deer_horn,15,15,12,all,gaussian,mild,0,42,gaussian_mild,0.0171371921
0945e8accdd1,deer_horn,15,15,13,all,gaussian,mild,0,42,gaussian_mild,0.0158478311
0945e8accdd1,deer_horn,15,15,14,all,gaussian,mild,0,42,gaussian_mild,0.00658978483
0945e8accdd1,deer_horn,15,15,15,all,gaussian,mild,0,42,gaussian_mild,0.0248311982
0945e8accdd1,deer_horn,15,15,16,all,gaussian,mild,0,42,gaussian_mild,0.0136571331
0945e8accdd1,deer_horn,15,15,17,all,gaussian,mild,0,42,gaussian_mild,0.00787274212
0945e8accdd1,deer_horn,15,15,18,all,gaussian,mild,0,42,gaussian_mild,0.0110179086
0945e8accdd1,deer_horn,15,15,19,all,gaussian,mild,0,42,gaussian_mild,0.0075738976
0945e8accdd1,deer_horn,15,15,20,all,gaussian,mild,0,42,gaussian_mild,0.00839794702
0945e8accdd1,deer_horn,16,16,0,all,gaussian,mild,0,42,gaussian_mild,0.0149672855
0945e8accdd1,deer_horn,16,16,1,all,gaussian,mild,0,42,gaussian_mild,0.0225173911
0945e8accdd1,deer_horn,16,16,2,all,gaussian,mild,0,42,gaussian_mild,0.0146197525
0945e8accdd1,deer_horn,16,16,3,all,gaussian,mild,0,42,gaussian_mild,0.00756624345
0945e8accdd1,deer_horn,16,16,4,all,gaussian,mild,0,42,gaussian_mild,0.00619161435
0945e8accdd1,deer_horn,16,16,5,all,gaussian,mild,0,42,gaussian_mild,0.0222618608
0945e8accdd1,deer_horn,16,16,6,all,gaussian,mild,0,42,gaussian_mild,0.0218051318
0945e8accdd1,deer_horn,16,16,7,all,gaussian,mild,0,42,gaussian_mild,0.0159522127
0945e8accdd1,deer_horn,16,16,8,all,gaussian,mild,0,42,gaussian_mild,0.00874322335
0945e8accdd1,deer_horn,16,16,9,all,gaussian,mild,0,42,gaussian_mild,0.0113294998
0945e8accdd1,deer_horn,16,16,10,all,gaussian,mild,0,42,gaussian_mild,0.0142113268
0945e8accdd1,deer_horn,16,16,11,all,gaussian,mild,0,42,gaussian_mild,0.0120285228
0945e8accdd1,deer_horn,16,16,12,all,gaussian,mild,0,42,gaussian_mild,0.0126824804
0945e8accdd1,deer_horn,16,16,13,all,gaussian,mild,0,42,gaussian_mild,0.011828124
0945e8accdd1,deer_horn,16,16,14,all,gaussian,mild,0,42,gaussian_mild,0.0126317988
0945e8accdd1,deer_horn,16,16,15,all,gaussian,mild,0,42,gaussian_mild,0.0316898828
0945e8accdd1,deer_horn,16,16,16,all,gaussian,mild,0,42,gaussian_mild,0.00453344597
0945e8accdd1,deer_horn,16,16,17,all,gaussian,mild,0,42,gaussian_mild,0.015282876
0945e8accdd1,deer_horn,16,16,18,all,gaussian,mild,0,42,gaussian_mild,0.0138040937
0945e8accdd1,deer_horn,16,16,19,all,gaussian,mild,0,42,gaussian_mild,0.011660963
0945e8accdd1,deer_horn,16,16,20,all,gaussian,mild,0,42,gaussian_mild,0.0146052627
0945e8accdd1,deer_horn,17,17,0,all,gaussian,mild,0,42,gaussian_mild,0.0195753407
0945e8accdd1,deer_horn,17,17,1,all,gaussian,mild,0,42,gaussian_mild,0.0162005369
0945e8accdd1,deer_horn,17,17,2,all,gaussian,mild,0,42,gaussian_mild,0.0320871224
0945e8accdd1,deer_horn,17,17,3,all,gaussian,mild,0,42,gaussian_mild,0.00519065585
0945e8accdd1,deer_horn,17,17,4,all,gaussian,mild,0,42,gaussian_mild,0.00427500689
0945e8accdd1,deer_horn,17,17,5,all,gaussian,mild,0,42,gaussian_mild,0.0218270893
0945e8accdd1,deer_horn,17,17,6,all,gaussian,mild,0,42,gaussian_mild,0.00657234556
0945e8accdd1,deer_horn,17,17,7,all,gaussian,mild,0,42,gaussian_mild,0.0104635392
0945e8accdd1,deer_horn,17,17,8,all,gaussian,mild,0,42,gaussian_mild,0.02059662
0945e8accdd1,deer_horn,17,17,9,all,gaussian,mild,0,42,gaussian_mild,0.0194103316
0945e8accdd1,deer_horn,17,17,10,all,gaussian,mild,0,42,gaussian_mild,0.010025887
0945e8accdd1,deer_horn,17,17,11,all,gaussian,mild,0,42,gaussian_mild,0.0187973254
0945e8accdd1,deer_horn,17,17,12,all,gaussian,mild,0,42,gaussian_mild,0.0174259579
0945e8accdd1,deer_horn,17,17,13,all,gaussian,mild,0,42,gaussian_mild,0.0190100974
0945e8accdd1,deer_horn,17,17,14,all,gaussian,mild,0,42,gaussian_mild,0.00272872953
0945e8accdd1,deer_horn,17,17,15,all,gaussian,mild,0,42,gaussian_mild,0.0124083682
0945e8accdd1,deer_horn,17,17,16,all,gaussian,mild,0,42,gaussian_mild,0.0108636042
0945e8accdd1,deer_horn,17,17,17,all,gaussian,mild,0,42,gaussian_mild,0.00807314211
0945e8accdd1,deer_horn,17,17,18,all,gaussian,mild,0,42,gaussian_mild,0.0179452646
0945e8accdd1,deer_horn,17,17,19,all,gaussian,mild,0,42,gaussian_mild,0.0229311854
0945e8accdd1,deer_horn,17,17,20,all,gaussian,mild,0,42,gaussian_mild,0.0156483782
0945e8accdd1,deer_horn,18,18,0,all,gaussian,mild,0,42,gaussian_mild,0.0130042321
0945e8accdd1,deer_horn,18,18,1,all,gaussian,mild,0,42,gaussian_mild,0.000963593922
0945e8accdd1,deer_horn,18,18,2,all,gaussian,mild,0,42,gaussian_mild,0.0351298101
0945e8accdd1,deer_horn,18,18,3,all,gaussian,mild,0,42,gaussian_mild,0.0087834488
0945e8accdd1,deer_horn,18,18,4,all,gaussian,mild,0,42,gaussian_mild,0.0118739482
0945e8accdd1,deer_horn,18,18,5,all,gaussian,mild,0,42,gaussian_mild,0.0142193159
0945e8accdd1,deer_horn,18,18,6,all,gaussian,mild,0,42,gaussian_mild,0.00936240872
0945e8accdd1,deer_horn,18,18,7,all,gaussian,mild,0,42,gaussian_mild,0.0147710165
0945e8accdd1,deer_horn,18,18,8,all,gaussian,mild,0,42,gaussian_mild,0.0307013661
0945e8accdd1,deer_horn,18,18,9,all,gaussian,mild,0,42,gaussian_mild,0.0157124607
0945e8accdd1,deer_horn,18,18,10,all,gaussian,mild,0,42,gaussian_mild,0.027839752
0945e8accdd1,deer_horn,18,18,11,all,gaussian,mild,0,42,gaussian_mild,0.0188361473
0945e8accdd1,deer_horn,18,18,12,all,gaussian,mild,0,42,gaussian_mild,0.0223053637
0945e8accdd1,deer_horn,18,18,13,all,gaussian,mild,0,42,gaussian_mild,0.0188774123
0945e8accdd1,deer_horn,18,18,14,all,gaussian,mild,0,42,gaussian_mild,0.00858373204
0945e8accdd1,deer_horn,18,18,15,all,gaussian,mild,0,42,gaussian_mild,0.016274095
0945e8accdd1,deer_horn,18,18,16,all,gaussian,mild,0,42,gaussian_mild,0.01020275
0945e8accdd1,deer_horn,18,18,17,all,gaussian,mild,0,42,gaussian_mild,0.0145873719
0945e8accdd1,deer_horn,18,18,18,all,gaussian,mild,0,42,gaussian_mild,0.0165588367
0945e8accdd1,deer_horn,18,18,19,all,gaussian,mild,0,42,gaussian_mild,0.0128204213
0945e8accdd1,deer_horn,18,18,20,all,gaussian,mild,0,42,gaussian_mild,0.0301513529
0945e8accdd1,deer_horn,19,19,0,all,gaussian,mild,0,42,gaussian_mild,0.0204533767
0945e8accdd1,deer_horn,19,19,1,all,gaussian,mild,0,42,gaussian_mild,0.014704048
0945e8accdd1,deer_horn,19,19,2,all,gaussian,mild,0,42,gaussian_mild,0.00942486368
0945e8accdd1,deer_horn,19,19,3,all,gaussian,mild,0,42,gaussian_mild,0.0254692165
0945e8accdd1,deer_horn,19,19,4,all,gaussian,mild,0,42,gaussian_mild,0.0105548625
0945e8accdd1,deer_horn,19,19,5,all,gaussian,mild,0,42,gaussian_mild,0.0275232561
0945e8accdd1,deer_horn,19,19,6,all,gaussian,mild,0,42,gaussian_mild,0.0319980884
0945e8accdd1,deer_horn,19,19,7,all,gaussian,mild,0,42,gaussian_mild,0.0178503927
0945e8accdd1,deer_horn,19,19,8,all,gaussian,mild,0,42,gaussian_mild,0.0156424417
0945e8accdd1,deer_horn,19,19,9,all,gaussian,mild,0,42,gaussian_mild,0.012716778
0945e8accdd1,deer_horn,19,19,10,all,gaussian,mild,0,42,gaussian_mild,0.00982942574
0945e8accdd1,deer_horn,19,19,11,all,gaussian,mild,0,42,gaussian_mild,0.0172185276
0945e8accdd1,deer_horn,19,19,12,all,gaussian,mild,0,42,gaussian_mild,0.00861693597
0945e8accdd1,deer_horn,19,19,13,all,gaussian,mild,0,42,gaussian_mild,0.00841652571
0945e8accdd1,deer_horn,19,19,14,all,gaussian,mild,0,42,gaussian_mild,0.0224534997
0945e8accdd1,deer_horn,19,19,15,all,gaussian,mild,0,42,gaussian_mild,0.0205137948
0945e8accdd1,deer_horn,19,19,16,all,gaussian,mild,0,42,gaussian_mild,0.0185533211
0945e8accdd1,deer_horn,19,19,17,all,gaussian,mild,0,42,gaussian_mild,0.0184303507
0945e8accdd1,deer_horn,19,19,18,all,gaussian,mild,0,42,gaussian_mild,0.017398027
0945e8accdd1,deer_horn,19,19,19,all,gaussian,mild,0,42,gaussian_mild,0.0123329962
0945e8accdd1,deer_horn,19,19,20,all,gaussian,mild,0,42,gaussian_mild,0.0180566018
0945e8accdd1,deer_horn,20,20,0,all,gaussian,mild,0,42,gaussian_mild,0.0128118114
0945e8accdd1,deer_horn,20,20,1,all,gaussian,mild,0,42,gaussian_mild,0.00464484704
0945e8accdd1,deer_horn,20,20,2,all,gaussian,mild,0,42,gaussian_mild,0.0124906654
0945e8accdd1,deer_horn,20,20,3,all,gaussian,mild,0,42,gaussian_mild,0.0219434978
0945e8accdd1,deer_horn,20,20,4,all,gaussian,mild,0,42,gaussian_mild,0.00817697604
0945e8accdd1,deer_horn,20,20,5,all,gaussian,mild,0,42,gaussian_mild,0.0172767841
0945e8accdd1,deer_horn,20,20,6,all,gaussian,mild,0,42,gaussian_mild,0.0126670373
0945e8accdd1,deer_horn,20,20,7,all,gaussian,mild,0,42,gaussian_mild,0.0306619303
0945e8accdd1,deer_horn,20,20,8,all,gaussian,mild,0,42,gaussian_mild,0.0135118704
0945e8accdd1,deer_horn,20,20,9,all,gaussian,mild,0,42,gaussian_mild,0.0216653982
0945e8accdd1,deer_horn,20,20,10,all,gaussian,mild,0,42,gaussian_mild,0.00614212002
0945e8accdd1,deer_horn,20,20,11,all,gaussian,mild,0,42,gaussian_mild,0.0230536416
0945e8accdd1,deer_horn,20,20,12,all,gaussian,mild,0,42,gaussian_mild,0.0206392174
0945e8accdd1,deer_horn,20,20,13,all,gaussian,mild,0,42,gaussian_mild,0.0229771529
0945e8accdd1,deer_horn,20,20,14,all,gaussian,mild,0,42,gaussian_mild,0.010043297
0945e8accdd1,deer_horn,20,20,15,all,gaussian,mild,0,42,gaussian_mild,0.0294394497
0945e8accdd1,deer_horn,20,20,16,all,gaussian,mild,0,42,gaussian_mild,0.0303816171
0945e8accdd1,deer_horn,20,20,17,all,gaussian,mild,0,42,gaussian_mild,0.0112529599
0945e8accdd1,deer_horn,20,20,18,all,gaussian,mild,0,42,gaussian_mild,0.0193200835
0945e8accdd1,deer_horn,20,20,19,all,gaussian,mild,0,42,gaussian_mild,0.0194007309
0945e8accdd1,deer_horn,20,20,20,all,gaussian,mild,0,42,gaussian_mild,0.00945152847
0945e8accdd1,deer_horn,21,21,0,all,gaussian,mild,0,42,gaussian_mild,0.0185227811
0945e8accdd1,deer_horn,21,21,1,all,gaussian,mild,0,42,gaussian_mild,0.0162041181
0945e8accdd1,deer_horn,21,21,2,all,gaussian,mild,0,42,gaussian_mild,0.022874813
0945e8accdd1,deer_horn,21,21,3,all,gaussian,mild,0,42,gaussian_mild,0.0100548536
0945e8accdd1,deer_horn,21,21,4,all,gaussian,mild,0,42,gaussian_mild,0.0202733305
0945e8accdd1,deer_horn,21,21,5,all,gaussian,mild,0,42,gaussian_mild,0.028338085
0945e8accdd1,deer_horn,21,21,6,all,gaussian,mild,0,42,gaussian_mild,0.0080817819
0945e8accdd1,deer_horn,21,21,7,all,gaussian,mild,0,42,gaussian_mild,0.025510883
0945e8accdd1,deer_horn,21,21,8,all,gaussian,mild,0,42,gaussian_mild,0.0117774482
0945e8accdd1,deer_horn,21,21,9,all,gaussian,mild,0,42,gaussian_mild,0.0143145367
0945e8accdd1,deer_horn,21,21,10,all,gaussian,mild,0,42,gaussian_mild,0.020002659
0945e8accdd1,deer_horn,21,21,11,all,gaussian,mild,0,42,gaussian_mild,0.0075304064
0945e8accdd1,deer_horn,21,21,12,all,gaussian,mild,0,42,gaussian_mild,0.0102316249
0945e8accdd1,deer_horn,21,21,13,all,gaussian,mild,0,42,gaussian_mild,0.0197261748
0945e8accdd1,deer_horn,21,21,14,all,gaussian,mild,0,42,gaussian_mild,0.0178254085
0945e8accdd1,deer_horn,21,21,15,all,gaussian,mild,0,42,gaussian_mild,0.0218332372
0945e8accdd1,deer_horn,21,21,16,all,gaussian,mild,0,42,gaussian_mild,0.018515521
0945e8accdd1,deer_horn,21,21,17,all,gaussian,mild,0,42,gaussian_mild,0.0066535364
0945e8accdd1,deer_horn,21,21,18,all,gaussian,mild,0,42,gaussian_mild,0.015125369
0945e8accdd1,deer_horn,21,21,19,all,gaussian,mild,0,42,gaussian_mild,0.03134315
0945e8accdd1,deer_horn,21,21,20,all,gaussian,mild,0,42,gaussian_mild,0.0176233647
0945e8accdd1,deer_horn,22,22,0,all,gaussian,mild,0,42,gaussian_mild,0.0168913921
0945e8accdd1,deer_horn,22,22,1,all,gaussian,mild,0,42,gaussian_mild,0.0186356925
0945e8accdd1,deer_horn,22,22,2,all,gaussian,mild,0,42,gaussian_mild,0.0200236525
0945e8accdd1,deer_horn,22,22,3,all,gaussian,mild,0,42,gaussian_mild,0.0196588984
0945e8accdd1,deer_horn,22,22,4,all,gaussian,mild,0,42,gaussian_mild,0.0192801026
0945e8accdd1,deer_horn,22,22,5,all,gaussian,mild,0,42,gaussian_mild,0.00623165905
0945e8accdd1,deer_horn,22,22,6,all,gaussian,mild,0,42,gaussian_mild,0.00940856857
0945e8accdd1,deer_horn,22,22,7,all,gaussian,mild,0,42,gaussian_mild,0.00829594499
0945e8accdd1,deer_horn,22,22,8,all,gaussian,mild,0,42,gaussian_mild,0.027578151
0945e8accdd1,deer_horn,22,22,9,all,gaussian,mild,0,42,gaussian_mild,0.0204629137
0945e8accdd1,deer_horn,22,22,10,all,gaussian,mild,0,42,gaussian_mild,0.0262750313
0945e8accdd1,deer_horn,22,22,11,all,gaussian,mild,0,42,gaussian_mild,0.00303025582
0945e8accdd1,deer_horn,22,22,12,all,gaussian,mild,0,42,gaussian_mild,0.0146584855
0945e8accdd1,deer_horn,22,22,13,all,gaussian,mild,0,42,gaussian_mild,0.0153588025
0945e8accdd1,deer_horn,22,22,14,all,gaussian,mild,0,42,gaussian_mild,0.0102846962
0945e8accdd1,deer_horn,22,22,15,all,gaussian,mild,0,42,gaussian_mild,0.020715986
0945e8accdd1,deer_horn,22,22,16,all,gaussian,mild,0,42,gaussian_mild,0.00506653258
0945e8accdd1,deer_horn,22,22,17,all,gaussian,mild,0,42,gaussian_mild,0.0339820059
0945e8accdd1,deer_horn,22,22,18,all,gaussian,mild,0,42,gaussian_mild,0.0158295927
0945e8accdd1,deer_horn,22,22,19,all,gaussian,mild,0,42,gaussian_mild,0.0147470026
0945e8accdd1,deer_horn,22,22,20,all,gaussian,mild,0,42,gaussian_mild,0.0279335367
0945e8accdd1,deer_horn,23,23,0,all,gaussian,mild,0,42,gaussian_mild,0.00847281515
0945e8accdd1,deer_horn,23,23,1,all,gaussian,mild,0,42,gaussian_mild,0.0152312536
0945e8accdd1,deer_horn,23,23,2,all,gaussian,mild,0,42,gaussian_mild,0.0230421095
0945e8accdd1,deer_horn,23,23,3,all,gaussian,mild,0,42,gaussian_mild,0.0205969221
0945e8accdd1,deer_horn,23,23,4,all,gaussian,mild,0,42,gaussian_mild,0.0121049393
0945e8accdd1,deer_horn,23,23,5,all,gaussian,mild,0,42,gaussian_mild,0.0162285733
0945e8accdd1,deer_horn,23,23,6,all,gaussian,mild,0,42,gaussian_mild,0.0264792543
0945e8accdd1,deer_horn,23,23,7,all,gaussian,mild,0,42,gaussian_mild,0.0113043835
0945e8accdd1,deer_horn,23,23,8,all,gaussian,mild,0,42,gaussian_mild,0.0227428405
0945e8accdd1,deer_horn,23,23,9,all,gaussian,mild,0,42,gaussian_mild,0.0258245826
0945e8accdd1,deer_horn,23,23,10,all,gaussian,mild,0,42,gaussian_mild,0.0185195451
0945e8accdd1,deer_horn,23,23,11,all,gaussian,mild,0,42,gaussian_mild,0.00852448775
0945e8accdd1,deer_horn,23,23,12,all,gaussian,mild,0,42,gaussian_mild,0.0181972313
0945e8accdd1,deer_horn,23,23,13,all,gaussian,mild,0,42,gaussian_mild,0.00720826628
0945e8accdd1,deer_horn,23,23,14,all,gaussian,mild,0,42,gaussian_mild,0.012396026
0945e8accdd1,deer_horn,23,23,15,all,gaussian,mild,0,42,gaussian_mild,0.0120334222
0945e8accdd1,deer_horn,23,23,16,all,gaussian,mild,0,42,gaussian_mild,0.017959679
0945e8accdd1,deer_horn,23,23,17,all,gaussian,mild,0,42,gaussian_mild,0.0157061555
0945e8accdd1,deer_horn,23,23,18,all,gaussian,mild,0,42,gaussian_mild,0.00634542144
0945e8accdd1,deer_horn,23,23,19,all,gaussian,mild,0,42,gaussian_mild,0.0290382213
0945e8accdd1,deer_horn,23,23,20,all,gaussian,mild,0,42,gaussian_mild,0.00567954679
0945e8accdd1,deer_horn,24,24,0,all,gaussian,mild,0,42,gaussian_mild,0.0276083399
0945e8accdd1,deer_horn,24,24,1,all,gaussian,mild,0,42,gaussian_mild,0.0150886753
0945e8accdd1,deer_horn,24,24,2,all,gaussian,mild,0,42,gaussian_mild,0.0233443855
0945e8accdd1,deer_horn,24,24,3,all,gaussian,mild,0,42,gaussian_mild,0.02766048
0945e8accdd1,deer_horn,24,24,4,all,gaussian,mild,0,42,gaussian_mild,0.0166751263
0945e8accdd1,deer_horn,24,24,5,all,gaussian,mild,0,42,gaussian_mild,0.0222867356
0945e8accdd1,deer_horn,24,24,6,all,gaussian,mild,0,42,gaussian_mild,0.0116938045
0945e8accdd1,deer_horn,24,24,7,all,gaussian,mild,0,42,gaussian_mild,0.0251245384
0945e8accdd1,deer_horn,24,24,8,all,gaussian,mild,0,42,gaussian_mild,0.0206733394
0945e8accdd1,deer_horn,24,24,9,all,gaussian,mild,0,42,gaussian_mild,0.017529725
0945e8accdd1,deer_horn,24,24,10,all,gaussian,mild,0,42,gaussian_mild,0.0138825494
0945e8accdd1,deer_horn,24,24,11,all,gaussian,mild,0,42,gaussian_mild,0.0196779833
0945e8accdd1,deer_horn,24,24,12,all,gaussian,mild,0,42,gaussian_mild,0.0170760397
0945e8accdd1,deer_horn,24,24,13,all,gaussian,mild,0,42,gaussian_mild,0.00998318505
0945e8accdd1,deer_horn,24,24,14,all,gaussian,mild,0,42,gaussian_mild,0.016789466
0945e8accdd1,deer_horn,24,24,15,all,gaussian,mild,0,42,gaussian_mild,0.0112747575
0945e8accdd1,deer_horn,24,24,16,all,gaussian,mild,0,42,gaussian_mild,0.00916552738
0945e8accdd1,deer_horn,24,24,17,all,gaussian,mild,0,42,gaussian_mild,0.0161314212
0945e8accdd1,deer_horn,24,24,18,all,gaussian,mild,0,42,gaussian_mild,0.0138290258
0945e8accdd1,deer_horn,24,24,19,all,gaussian,mild,0,42,gaussian_mild,0.0160246193
0945e8accdd1,deer_horn,24,24,20,all,gaussian,mild,0,42,gaussian_mild,0.0149323356
0945e8accdd1,deer_horn,25,25,0,all,gaussian,mild,0,42,gaussian_mild,0.0162876722
0945e8accdd1,deer_horn,25,25,1,all,gaussian,mild,0,42,gaussian_mild,0.0253719394
0945e8accdd1,deer_horn,25,25,2,all,gaussian,mild,0,42,gaussian_mild,0.00905784653
0945e8accdd1,deer_horn,25,25,3,all,gaussian,mild,0,42,gaussian_mild,0.0285263991
0945e8accdd1,deer_horn,25,25,4,all,gaussian,mild,0,42,gaussian_mild,0.0143754234
0945e8accdd1,deer_horn,25,25,5,all,gaussian,mild,0,42,gaussian_mild,0.0198505824
0945e8accdd1,deer_horn,25,25,6,all,gaussian,mild,0,42,gaussian_mild,0.00938049028
0945e8accdd1,deer_horn,25,25,7,all,gaussian,mild,0,42,gaussian_mild,0.0162764472
0945e8accdd1,deer_horn,25,25,8,all,gaussian,mild,0,42,gaussian_mild,0.0155748532
0945e8accdd1,deer_horn,25,25,9,all,gaussian,mild,0,42,gaussian_mild,0.0192822165
0945e8accdd1,deer_horn,25,25,10,all,gaussian,mild,0,42,gaussian_mild,0.0146313531
0945e8accdd1,deer_horn,25,25,11,all,gaussian,mild,0,42,gaussian_mild,0.00527029415
0945e8accdd1,deer_horn,25,25,12,all,gaussian,mild,0,42,gaussian_mild,0.00267737548
0945e8accdd1,deer_horn,25,25,13,all,gaussian,mild,0,42,gaussian_mild,0.0303904007
0945e8accdd1,deer_horn,25,25,14,all,gaussian,mild,0,42,gaussian_mild,0.019597333
0945e8accdd1,deer_horn,25,25,15,all,gaussian,mild,0,42,gaussian_mild,0.00957070547
0945e8accdd1,deer_horn,25,25,16,all,gaussian,mild,0,42,gaussian_mild,0.0164328451
0945e8accdd1,deer_horn,25,25,17,all,gaussian,mild,0,42,gaussian_mild,0.0285761137
0945e8accdd1,deer_horn,25,25,18,all,gaussian,mild,0,42,gaussian_mild,0.0182757263
0945e8accdd1,deer_horn,25,25,19,all,gaussian,mild,0,42,gaussian_mild,0.00318929617
0945e8accdd1,deer_horn,25,25,20,all,gaussian,mild,0,42,gaussian_mild,0.0228921373
0945e8accdd1,deer_horn,26,26,0,all,gaussian,mild,0,42,gaussian_mild,0.014851854
0945e8accdd1,deer_horn,26,26,1,all,gaussian,mild,0,42,gaussian_mild,0.0254978224
0945e8accdd1,deer_horn,26,26,2,all,gaussian,mild,0,42,gaussian_mild,0.0149781133
0945e8accdd1,deer_horn,26,26,3,all,gaussian,mild,0,42,gaussian_mild,0.0137170168
0945e8accdd1,deer_horn,26,26,4,all,gaussian,mild,0,42,gaussian_mild,0.0147122101
0945e8accdd1,deer_horn,26,26,5,all,gaussian,mild,0,42,gaussian_mild,0.016311534
0945e8accdd1,deer_horn,26,26,6,all,gaussian,mild,0,42,gaussian_mild,0.0195270619
0945e8accdd1,deer_horn,26,26,7,all,gaussian,mild,0,42,gaussian_mild,0.0263142179
0945e8accdd1,deer_horn,26,26,8,all,gaussian,mild,0,42,gaussian_mild,0.0215958038
0945e8accdd1,deer_horn,26,26,9,all,gaussian,mild,0,42,gaussian_mild,0.00731352601
0945e8accdd1,deer_horn,26,26,10,all,gaussian,mild,0,42,gaussian_mild,0.00758703893
0945e8accdd1,deer_horn,26,26,11,all,gaussian,mild,0,42,gaussian_mild,0.0166569756
0945e8accdd1,deer_horn,26,26,12,all,gaussian,mild,0,42,gaussian_mild,0.0190717178
0945e8accdd1,deer_horn,26,26,13,all,gaussian,mild,0,42,gaussian_mild,0.00859484169
0945e8accdd1,deer_horn,26,26,14,all,gaussian,mild,0,42,gaussian_mild,0.0189544602
0945e8accdd1,deer_horn,26,26,15,all,gaussian,mild,0,42,gaussian_mild,0.0152573124
0945e8accdd1,deer_horn,26,26,16,all,gaussian,mild,0,42,gaussian_mild,0.00609306996
0945e8accdd1,deer_horn,26,26,17,all,gaussian,mild,0,42,gaussian_mild,0.0187645839
0945e8accdd1,deer_horn,26,26,18,all,gaussian,mild,0,42,gaussian_mild,0.0193722162
0945e8accdd1,deer_horn,26,26,19,all,gaussian,mild,0,42,gaussian_mild,0.0245437775
0945e8accdd1,deer_horn,26,26,20,all,gaussian,mild,0,42,gaussian_mild,0.0208168117
0945e8accdd1,deer_horn,27,27,0,all,gaussian,mild,0,42,gaussian_mild,0.023813434
0945e8accdd1,deer_horn,27,27,1,all,gaussian,mild,0,42,gaussian_mild,0.0197046941
0945e8accdd1,deer_horn,27,27,2,all,gaussian,mild,0,42,gaussian_mild,0.0106997446
0945e8accdd1,deer_horn,27,27,3,all,gaussian,mild,0,42,gaussian_mild,0.0243461702
0945e8accdd1,deer_horn,27,27,4,all,gaussian,mild,0,42,gaussian_mild,0.010268215
0945e8accdd1,deer_horn,27,27,5,all,gaussian,mild,0,42,gaussian_mild,0.00993733315
0945e8accdd1,deer_horn,27,27,6,all,gaussian,mild,0,42,gaussian_mild,0.0220037801
0945e8accdd1,deer_horn,27,27,7,all,gaussian,mild,0,42,gaussian_mild,0.0232547285
0945e8accdd1,deer_horn,27,27,8,all,gaussian,mild,0,42,gaussian_mild,0.0108362946
0945e8accdd1,deer_horn,27,27,9,all,gaussian,mild,0,42,gaussian_mild,0.00122616437
0945e8accdd1,deer_horn,27,27,10,all,gaussian,mild,0,42,gaussian_mild,0.0145815294
0945e8accdd1,deer_horn,27,27,11,all,gaussian,mild,0,42,gaussian_mild,0.0172500993
0945e8accdd1,deer_horn,27,27,12,all,gaussian,mild,0,42,gaussian_mild,0.00848720634
0945e8accdd1,deer_horn,27,27,13,all,gaussian,mild,0,42,gaussian_mild,0.0160945776
0945e8accdd1,deer_horn,27,27,14,all,gaussian,mild,0,42,gaussian_mild,0.0166477028
0945e8accdd1,deer_horn,27,27,15,all,gaussian,mild,0,42,gaussian_mild,0.00820501502
0945e8accdd1,deer_horn,27,27,16,all,gaussian,mild,0,42,gaussian_mild,0.0133422344
0945e8accdd1,deer_horn,27,27,17,all,gaussian,mild,0,42,gaussian_mild,0.0139963996
0945e8accdd1,deer_horn,27,27,18,all,gaussian,mild,0,42,gaussian_mild,0.0290886633
0945e8accdd1,deer_horn,27,27,19,all,gaussian,mild,0,42,gaussian_mild,0.0156549789
0945e8accdd1,deer_horn,27,27,20,all,gaussian,mild,0,42,gaussian_mild,0.0145576488
0945e8accdd1,deer_horn,28,28,0,all,gaussian,mild,0,42,gaussian_mild,0.016148339
0945e8accdd1,deer_horn,28,28,1,all,gaussian,mild,0,42,gaussian_mild,0.0307329256
0945e8accdd1,deer_horn,28,28,2,all,gaussian,mild,0,42,gaussian_mild,0.0137362413
0945e8accdd1,deer_horn,28,28,3,all,gaussian,mild,0,42,gaussian_mild,0.0206208387
0945e8accdd1,deer_horn,28,28,4,all,gaussian,mild,0,42,gaussian_mild,0.0176518136
0945e8accdd1,deer_horn,28,28,5,all,gaussian,mild,0,42,gaussian_mild,0.0167403335
0945e8accdd1,deer_horn,28,28,6,all,gaussian,mild,0,42,gaussian_mild,0.027158882
0945e8accdd1,deer_horn,28,28,7,all,gaussian,mild,0,42,gaussian_mild,0.0228819796
0945e8accdd1,deer_horn,28,28,8,all,gaussian,mild,0,42,gaussian_mild,0.0196781142
0945e8accdd1,deer_horn,28,28,9,all,gaussian,mild,0,42,gaussian_mild,0.00406831016
0945e8accdd1,deer_horn,28,28,10,all,gaussian,mild,0,42,gaussian_mild,0.0190885087
0945e8accdd1,deer_horn,28,28,11,all,gaussian,mild,0,42,gaussian_mild,0.00731905221
0945e8accdd1,deer_horn,28,28,12,all,gaussian,mild,0,42,gaussian_mild,0.0053853349
0945e8accdd1,deer_horn,28,28,13,all,gaussian,mild,0,42,gaussian_mild,0.0196628063
0945e8accdd1,deer_horn,28,28,14,all,gaussian,mild,0,42,gaussian_mild,0.00478684035
0945e8accdd1,deer_horn,28,28,15,all,gaussian,mild,0,42,gaussian_mild,0.0293811488
0945e8accdd1,deer_horn,28,28,16,all,gaussian,mild,0,42,gaussian_mild,0.0032245835
0945e8accdd1,deer_horn,28,28,17,all,gaussian,mild,0,42,gaussian_mild,0.0123480462
0945e8accdd1,deer_horn,28,28,18,all,gaussian,mild,0,42,gaussian_mild,0.0217821599
0945e8accdd1,deer_horn,28,28,19,all,gaussian,mild,0,42,gaussian_mild,0.0158107584
0945e8accdd1,deer_horn,28,28,20,all,gaussian,mild,0,42,gaussian_mild,0.0140295441
0945e8accdd1,deer_horn,29,29,0,all,gaussian,mild,0,42,gaussian_mild,0.0180243124
0945e8accdd1,deer_horn,29,29,1,all,gaussian,mild,0,42,gaussian_mild,0.0134541161
0945e8accdd1,deer_horn,29,29,2,all,gaussian,mild,0,42,gaussian_mild,0.00717281968
0945e8accdd1,deer_horn,29,29,3,all,gaussian,mild,0,42,gaussian_mild,0.0151672506
0945e8accdd1,deer_horn,29,29,4,all,gaussian,mild,0,42,gaussian_mild,0.0107531985
0945e8accdd1,deer_horn,29,29,5,all,gaussian,mild,0,42,gaussian_mild,0.0217521589
0945e8accdd1,deer_horn,29,29,6,all,gaussian,mild,0,42,gaussian_mild,0.023246536
0945e8accdd1,deer_horn,29,29,7,all,gaussian,mild,0,42,gaussian_mild,0.00998437259
0945e8accdd1,deer_horn,29,29,8,all,gaussian,mild,0,42,gaussian_mild,0.00771253661
0945e8accdd1,deer_horn,29,29,9,all,gaussian,mild,0,42,gaussian_mild,0.00856132194
0945e8accdd1,deer_horn,29,29,10,all,gaussian,mild,0,42,gaussian_mild,0.0178763772
0945e8accdd1,deer_horn,29,29,11,all,gaussian,mild,0,42,gaussian_mild,0.0189773771
0945e8accdd1,deer_horn,29,29,12,all,gaussian,mild,0,42,gaussian_mild,0.0107588763
0945e8accdd1,deer_horn,29,29,13,all,gaussian,mild,0,42,gaussian_mild,0.00800977957
0945e8accdd1,deer_horn,29,29,14,all,gaussian,mild,0,42,gaussian_mild,0.0106366785
0945e8accdd1,deer_horn,29,29,15,all,gaussian,mild,0,42,gaussian_mild,0.0171444003
0945e8accdd1,deer_horn,29,29,16,all,gaussian,mild,0,42,gaussian_mild,0.0267354658
0945e8accdd1,deer_horn,29,29,17,all,gaussian,mild,0,42,gaussian_mild,0.0228059809
0945e8accdd1,deer_horn,29,29,18,all,gaussian,mild,0,42,gaussian_mild,0.0149711503
0945e8accdd1,deer_horn,29,29,19,all,gaussian,mild,0,42,gaussian_mild,0.0228778102
0945e8accdd1,deer_horn,29,29,20,all,gaussian,mild,0,42,gaussian_mild,0.0166490353
0945e8accdd1,deer_horn,30,30,0,all,gaussian,mild,0,42,gaussian_mild,0.0171918291
0945e8accdd1,deer_horn,30,30,1,all,gaussian,mild,0,42,gaussian_mild,0.0224892486
0945e8accdd1,deer_horn,30,30,2,all,gaussian,mild,0,42,gaussian_mild,0.0167730753
0945e8accdd1,deer_horn,30,30,3,all,gaussian,mild,0,42,gaussian_mild,0.0161630808
0945e8accdd1,deer_horn,30,30,4,all,gaussian,mild,0,42,gaussian_mild,0.00873916906
0945e8accdd1,deer_horn,30,30,5,all,gaussian,mild,0,42,gaussian_mild,0.0117067001
0945e8accdd1,deer_horn,30,30,6,all,gaussian,mild,0,42,gaussian_mild,0.0100967652
0945e8accdd1,deer_horn,30,30,7,all,gaussian,mild,0,42,gaussian_mild,0.0301235573
0945e8accdd1,deer_horn,30,30,8,all,gaussian,mild,0,42,gaussian_mild,0.0332932551
0945e8accdd1,deer_horn,30,30,9,all,gaussian,mild,0,42,gaussian_mild,0.0181706103
0945e8accdd1,deer_horn,30,30,10,all,gaussian,mild,0,42,gaussian_mild,0.0243782194
0945e8accdd1,deer_horn,30,30,11,all,gaussian,mild,0,42,gaussian_mild,0.016430045
0945e8accdd1,deer_horn,30,30,12,all,gaussian,mild,0,42,gaussian_mild,0.014577773
0945e8accdd1,deer_horn,30,30,13,all,gaussian,mild,0,42,gaussian_mild,0.0191176675
0945e8accdd1,deer_horn,30,30,14,all,gaussian,mild,0,42,gaussian_mild,0.0205937494
0945e8accdd1,deer_horn,30,30,15,all,gaussian,mild,0,42,gaussian_mild,0.0198109846
0945e8accdd1,deer_horn,30,30,16,all,gaussian,mild,0,42,gaussian_mild,0.0165104366
0945e8accdd1,deer_horn,30,30,17,all,gaussian,mild,0,42,gaussian_mild,0.0250414966
0945e8accdd1,deer_horn,30,30,18,all,gaussian,mild,0,42,gaussian_mild,0.0199002278
0945e8accdd1,deer_horn,30,30,19,all,gaussian,mild,0,42,gaussian_mild,0.0236417826
0945e8accdd1,deer_horn,30,30,20,all,gaussian,mild,0,42,gaussian_mild,0.0179415164
