classifier,feature_set,feature_set_base,pca_components,accuracy_mean,accuracy_std,macro_f1_mean,macro_f1_std,macro_precision_mean,macro_precision_std,macro_recall_mean,macro_recall_std,cohen_kappa_mean,cohen_kappa_std
svm,raw,raw,0,0.631250,0.150390,0.614484,0.155160,0.675556,0.174372,0.638889,0.159571,0.440129,0.228678
svm,raw_pca8,raw,8,0.756250,0.133902,0.726905,0.172874,0.793175,0.159833,0.747222,0.153634,0.623860,0.214069
svm,corrected,corrected,0,0.806250,0.108073,0.780754,0.128905,0.830000,0.132816,0.797222,0.116898,0.702487,0.167441
svm,optimized_action,optimized_action,0,0.850000,0.115920,0.828968,0.139004,0.869722,0.142524,0.838889,0.125339,0.767422,0.179919
svm,optimized_full,optimized_full,0,0.712500,0.185826,0.672341,0.207339,0.714365,0.210303,0.708333,0.189113,0.567505,0.275499
