repeat,shot,num_train,num_test,classifier,feature_set,accuracy,macro_f1,kappa
0,1,6,115,svm,raw,0.3565217391304348,0.2961668355285377,0.22290201808054055
0,1,6,115,knn,raw,0.3565217391304348,0.2961668355285377,0.22290201808054055
0,1,6,115,rf,raw,0.3217391304347826,0.2606613628626207,0.1815693430656934
0,1,6,115,mlp,raw,0.34782608695652173,0.2822590989257656,0.2122568271074985
0,1,6,115,svm,raw_pca17,0.4782608695652174,0.4728917126604481,0.37505660719137757
0,1,6,115,knn,raw_pca17,0.4782608695652174,0.4728917126604481,0.37505660719137757
0,1,6,115,rf,raw_pca17,0.4608695652173913,0.4330278240670606,0.3492744364333302
0,1,6,115,mlp,raw_pca17,0.391304347826087,0.35629929066479216,0.2704368316113829
0,1,6,115,svm,corrected,0.6260869565217392,0.6122920837831454,0.5516365944328588
0,1,6,115,knn,corrected,0.6260869565217392,0.6122920837831454,0.5516365944328588
0,1,6,115,rf,corrected,0.6434782608695652,0.6275931899770909,0.5719473445301861
0,1,6,115,mlp,corrected,0.5304347826086957,0.5311564978231644,0.4382124117966346
0,1,6,115,svm,optimized_action,0.6260869565217392,0.5964644102941975,0.551025966951153
0,1,6,115,knn,optimized_action,0.6260869565217392,0.5964644102941975,0.551025966951153
0,1,6,115,rf,optimized_action,0.6,0.5852712118315863,0.519003455173668
0,1,6,115,mlp,optimized_action,0.5826086956521739,0.5731701759943095,0.5013099647664648
0,1,6,115,svm,optimized_full,0.391304347826087,0.36777188848248854,0.27063513635951786
0,1,6,115,knn,optimized_full,0.3826086956521739,0.3618716125546124,0.26008155867693694
0,1,6,115,rf,optimized_full,0.3391304347826087,0.3373622317277425,0.20675258667634766
0,1,6,115,mlp,optimized_full,0.391304347826087,0.3831359457545416,0.2707012139880415
0,3,18,115,svm,raw,0.3565217391304348,0.34723280524922795,0.22268907563025198
0,3,18,115,knn,raw,0.3217391304347826,0.31448220093897256,0.1826134499726625
0,3,18,115,rf,raw,0.40869565217391307,0.4112486859545683,0.2904455131113328
0,3,18,115,mlp,raw,0.4260869565217391,0.41926038286332407,0.31025081788440567
0,3,18,115,svm,raw_pca17,0.6260869565217392,0.6280803305293393,0.550658791458428
0,3,18,115,knn,raw_pca17,0.6086956521739131,0.6086472307422209,0.5292458837442009
0,3,18,115,rf,raw_pca17,0.6956521739130435,0.7031739931782376,0.6352514725872225
0,3,18,115,mlp,raw_pca17,0.6695652173913044,0.6887999652705535,0.6043816766250225
0,3,18,115,svm,corrected,0.782608695652174,0.789004277834065,0.7385412877409967
0,3,18,115,knn,corrected,0.6869565217391305,0.6812048377513272,0.6242171189979123
0,3,18,115,rf,corrected,0.808695652173913,0.8114131482552535,0.7705839680812477
0,3,18,115,mlp,corrected,0.782608695652174,0.7827116210243146,0.7388974661701935
0,3,18,115,svm,optimized_action,0.7913043478260869,0.7987554187804501,0.749159320185404
0,3,18,115,knn,optimized_action,0.7043478260869566,0.6985544440697864,0.6453514739229025
0,3,18,115,rf,optimized_action,0.808695652173913,0.8132199946224336,0.7707087185064347
0,3,18,115,mlp,optimized_action,0.7478260869565218,0.7537994165901143,0.6975056689342403
0,3,18,115,svm,optimized_full,0.5304347826086957,0.5220700546498418,0.4351464435146444
0,3,18,115,knn,optimized_full,0.4,0.3724031427163732,0.2829387312488705
0,3,18,115,rf,optimized_full,0.45217391304347826,0.45828277317639016,0.3433931484502447
0,3,18,115,mlp,optimized_full,0.48695652173913045,0.4872987777012545,0.3849709934735315
0,5,30,115,svm,raw,0.4,0.3849878841283139,0.27613574165298305
0,5,30,115,knn,raw,0.41739130434782606,0.4071290716452007,0.29782192654697903
0,5,30,115,rf,raw,0.4956521739130435,0.4863362313864466,0.3919226912207129
0,5,30,115,mlp,raw,0.4608695652173913,0.4454940474049871,0.3511103021477976
0,5,30,115,svm,raw_pca17,0.7043478260869566,0.7023402523402523,0.6442220200181984
0,5,30,115,knn,raw_pca17,0.7304347826086957,0.7364027909759616,0.674963530269876
0,5,30,115,rf,raw_pca17,0.8347826086956521,0.834152009152009,0.8015260241620492
0,5,30,115,mlp,raw_pca17,0.7652173913043478,0.7643967519562734,0.7174190025482344
0,5,30,115,svm,corrected,0.8,0.805966969687245,0.7596328607778989
0,5,30,115,knn,corrected,0.7130434782608696,0.7163340117471545,0.6558447447175116
0,5,30,115,rf,corrected,0.8608695652173913,0.8610809470565567,0.833015700154279
0,5,30,115,mlp,corrected,0.8260869565217391,0.8202003888228075,0.7907569141193596
0,5,30,115,svm,optimized_action,0.8347826086956521,0.8399012678104749,0.8013455768706246
0,5,30,115,knn,optimized_action,0.7217391304347827,0.7293518942125754,0.6659404502541758
0,5,30,115,rf,optimized_action,0.8782608695652174,0.877386511532853,0.8539417581420666
0,5,30,115,mlp,optimized_action,0.8695652173913043,0.8684518763466132,0.8433384797021161
0,5,30,115,svm,optimized_full,0.6086956521739131,0.6239911513147794,0.5303566566839095
0,5,30,115,knn,optimized_full,0.5217391304347826,0.5166748392720932,0.42755000452529635
0,5,30,115,rf,optimized_full,0.6782608695652174,0.6794182317288865,0.6141989300933901
0,5,30,115,mlp,optimized_full,0.6086956521739131,0.6180105136222157,0.5315046170559479
0,10,60,115,svm,raw,0.5652173913043478,0.5580008606684393,0.47670185657080455
0,10,60,115,knn,raw,0.5043478260869565,0.4926011734522373,0.40419923650245415
0,10,60,115,rf,raw,0.6260869565217392,0.6412315832211584,0.5504954095082266
0,10,60,115,mlp,raw,0.5304347826086957,0.5211158759939248,0.4353518821603929
0,10,60,115,svm,raw_pca17,0.7913043478260869,0.7859097949054146,0.7490224606710921
0,10,60,115,knn,raw_pca17,0.782608695652174,0.7760158442067082,0.738469935413445
0,10,60,115,rf,raw_pca17,0.8956521739130435,0.8977623227623228,0.8747617751157092
0,10,60,115,mlp,raw_pca17,0.8434782608695652,0.8459875439537518,0.8117839607201309
0,10,60,115,svm,corrected,0.8260869565217391,0.8323368352780117,0.7910230783209159
0,10,60,115,knn,corrected,0.7739130434782608,0.7821920257464687,0.7281571051913811
0,10,60,115,rf,corrected,0.8521739130434782,0.8477865269963214,0.8223211851313278
0,10,60,115,mlp,corrected,0.8782608695652174,0.8801187661012442,0.8535964353914705
0,10,60,115,svm,optimized_action,0.8260869565217391,0.8313251563251564,0.7909850963286078
0,10,60,115,knn,optimized_action,0.7304347826086957,0.7413850825615532,0.6761151994185519
0,10,60,115,rf,optimized_action,0.8695652173913043,0.8681134927227201,0.8434095860566448
0,10,60,115,mlp,optimized_action,0.8695652173913043,0.8682013899405204,0.8432103253953827
0,10,60,115,svm,optimized_full,0.591304347826087,0.6153570966070966,0.5086363636363637
0,10,60,115,knn,optimized_full,0.5043478260869565,0.5009483167377904,0.40538824383164007
0,10,60,115,rf,optimized_full,0.7043478260869566,0.708185441080178,0.6453193033381712
0,10,60,115,mlp,optimized_full,0.6347826086956522,0.646006948436616,0.5614274039771179
1,1,6,115,svm,raw,0.2956521739130435,0.27254704301075267,0.14861530024677827
1,1,6,115,knn,raw,0.2956521739130435,0.27254704301075267,0.14861530024677827
1,1,6,115,rf,raw,0.26956521739130435,0.26274590460655456,0.11813036333759352
1,1,6,115,mlp,raw,0.2608695652173913,0.24122686524002313,0.10468950357208284
1,1,6,115,svm,raw_pca17,0.46956521739130436,0.40813616774518796,0.3568350600531769
1,1,6,115,knn,raw_pca17,0.46956521739130436,0.40813616774518796,0.3568350600531769
1,1,6,115,rf,raw_pca17,0.3565217391304348,0.2926773627440566,0.22332755316236186
1,1,6,115,mlp,raw_pca17,0.4434782608695652,0.38763882045683634,0.3307874158937989
1,1,6,115,svm,corrected,0.5739130434782609,0.5587706957230284,0.48786694537853303
1,1,6,115,knn,corrected,0.5739130434782609,0.5587706957230284,0.48786694537853303
1,1,6,115,rf,corrected,0.5826086956521739,0.5761599511599512,0.4976337823079723
1,1,6,115,mlp,corrected,0.5043478260869565,0.491812865497076,0.4068410098633608
1,1,6,115,svm,optimized_action,0.5043478260869565,0.48494265535120107,0.40381991814461127
1,1,6,115,knn,optimized_action,0.5043478260869565,0.48494265535120107,0.40381991814461127
1,1,6,115,rf,optimized_action,0.591304347826087,0.5940380551462205,0.5088596092685145
1,1,6,115,mlp,optimized_action,0.4782608695652174,0.4661148383739866,0.37590448625180906
1,1,6,115,svm,optimized_full,0.26956521739130435,0.2760645436518849,0.12595005428881645
1,1,6,115,knn,optimized_full,0.2956521739130435,0.29020144841378964,0.1571661237785016
1,1,6,115,rf,optimized_full,0.2956521739130435,0.3111715825760589,0.15716612377850148
1,1,6,115,mlp,optimized_full,0.34782608695652173,0.34558670011256215,0.21204092819294718
1,3,18,115,svm,raw,0.4260869565217391,0.43212378447313887,0.30974899963623126
1,3,18,115,knn,raw,0.3565217391304348,0.349771027345398,0.22339843037050555
1,3,18,115,rf,raw,0.4434782608695652,0.44893486143486144,0.3298124203241669
1,3,18,115,mlp,raw,0.41739130434782606,0.4170149167268982,0.2982695810564663
1,3,18,115,svm,raw_pca17,0.6,0.6046815231468932,0.5205727750589089
1,3,18,115,knn,raw_pca17,0.6086956521739131,0.6204729401914166,0.5303140315846796
1,3,18,115,rf,raw_pca17,0.6695652173913044,0.6863172003218633,0.6025466120964075
1,3,18,115,mlp,raw_pca17,0.6434782608695652,0.6429809772267017,0.5719862018881627
1,3,18,115,svm,corrected,0.7565217391304347,0.7676359460757135,0.7071928707829408
1,3,18,115,knn,corrected,0.7130434782608696,0.7169152880836495,0.6555636231620985
1,3,18,115,rf,corrected,0.8,0.8038972233910675,0.7596547024079964
1,3,18,115,mlp,corrected,0.7478260869565218,0.7593826679192532,0.697423335147886
1,3,18,115,svm,optimized_action,0.6869565217391305,0.6994564784101386,0.622159350187095
1,3,18,115,knn,optimized_action,0.6434782608695652,0.6403947791142913,0.5714025997636578
1,3,18,115,rf,optimized_action,0.808695652173913,0.813580879506274,0.770250635670178
1,3,18,115,mlp,optimized_action,0.7478260869565218,0.759907750491982,0.6972310485701316
1,3,18,115,svm,optimized_full,0.4,0.40717506102909057,0.2788985823336968
1,3,18,115,knn,optimized_full,0.3826086956521739,0.3723712377047281,0.2612196887441188
1,3,18,115,rf,optimized_full,0.5565217391304348,0.5624895572263994,0.46822014688548375
1,3,18,115,mlp,optimized_full,0.45217391304347826,0.44086003102011434,0.34273791163929956
1,5,30,115,svm,raw,0.4782608695652174,0.4930459773201708,0.3721565059144677
1,5,30,115,knn,raw,0.41739130434782606,0.41941020962155556,0.29653976079612887
1,5,30,115,rf,raw,0.5391304347826087,0.5544899581766787,0.4459090909090908
1,5,30,115,mlp,raw,0.5130434782608696,0.5265326374680964,0.4140127388535032
1,5,30,115,svm,raw_pca17,0.7391304347826086,0.7449883286647992,0.6859067734887109
1,5,30,115,knn,raw_pca17,0.6434782608695652,0.6421950628325767,0.568933991588956
1,5,30,115,rf,raw_pca17,0.7391304347826086,0.736582190529559,0.6857637307587212
1,5,30,115,mlp,raw_pca17,0.7217391304347827,0.715921115921116,0.6650282177316584
1,5,30,115,svm,corrected,0.8434782608695652,0.8478491230507359,0.8120061756425393
1,5,30,115,knn,corrected,0.808695652173913,0.8138803305306364,0.7703757487747322
1,5,30,115,rf,corrected,0.8521739130434782,0.8560984737934866,0.8223050354481003
1,5,30,115,mlp,corrected,0.8347826086956521,0.8403165143480781,0.8019218565859849
1,5,30,115,svm,optimized_action,0.8173913043478261,0.8225292137056842,0.7805343511450382
1,5,30,115,knn,optimized_action,0.7391304347826086,0.7413849987901395,0.6859353664087392
1,5,30,115,rf,optimized_action,0.8608695652173913,0.8634793345561373,0.8326359832635983
1,5,30,115,mlp,optimized_action,0.8347826086956521,0.8414664246977588,0.8018320333756576
1,5,30,115,svm,optimized_full,0.5130434782608696,0.5318107457301402,0.4130514035727306
1,5,30,115,knn,optimized_full,0.45217391304347826,0.4571527814487355,0.34172269671088495
1,5,30,115,rf,optimized_full,0.6956521739130435,0.6975052950662706,0.6351853530318137
1,5,30,115,mlp,optimized_full,0.6434782608695652,0.6494076099339258,0.5714415560807127
1,10,60,115,svm,raw,0.6434782608695652,0.6557034544581276,0.57042638483965
1,10,60,115,knn,raw,0.48695652173913045,0.4776223776223776,0.3811565122218167
1,10,60,115,rf,raw,0.6869565217391305,0.6947844417244662,0.623773173391494
1,10,60,115,mlp,raw,0.6695652173913044,0.6806507797494515,0.6020036429872496
1,10,60,115,svm,raw_pca17,0.9043478260869565,0.9057954932954934,0.8849686278075839
1,10,60,115,knn,raw_pca17,0.8,0.8036567796436218,0.7587999270472369
1,10,60,115,rf,raw_pca17,0.9043478260869565,0.9059053515935048,0.8849058320444
1,10,60,115,mlp,raw_pca17,0.8434782608695652,0.8439421281333046,0.8115269052171539
1,10,60,115,svm,corrected,0.9217391304347826,0.9229421941615668,0.9059090909090909
1,10,60,115,knn,corrected,0.8695652173913043,0.8707658588543444,0.8433384797021161
1,10,60,115,rf,corrected,0.8956521739130435,0.8955926620400305,0.8744998181156785
1,10,60,115,mlp,corrected,0.9217391304347826,0.923573502520871,0.9060201579950967
1,10,60,115,svm,optimized_action,0.9217391304347826,0.9214631129104812,0.9059347450695265
1,10,60,115,knn,optimized_action,0.8434782608695652,0.8448776613250297,0.8117668455033191
1,10,60,115,rf,optimized_action,0.9217391304347826,0.9219084943996219,0.9059432933478735
1,10,60,115,mlp,optimized_action,0.9130434782608695,0.9134511483348692,0.8955495004541326
1,10,60,115,svm,optimized_full,0.6434782608695652,0.6474282858612307,0.5706219834259175
1,10,60,115,knn,optimized_full,0.5652173913043478,0.5591423891423891,0.4770350159163256
1,10,60,115,rf,optimized_full,0.7130434782608696,0.7165078038917048,0.6554072459820213
1,10,60,115,mlp,optimized_full,0.6695652173913044,0.6787113644256503,0.602510460251046
2,1,6,115,svm,raw,0.3565217391304348,0.33550906783957624,0.22881739918441324
2,1,6,115,knn,raw,0.3565217391304348,0.33550906783957624,0.22881739918441324
2,1,6,115,rf,raw,0.30434782608695654,0.2888905752995325,0.16416825656400458
2,1,6,115,mlp,raw,0.3217391304347826,0.30158939626681563,0.18867583212735173
2,1,6,115,svm,raw_pca17,0.5826086956521739,0.5726276300355283,0.4983642311886587
2,1,6,115,knn,raw_pca17,0.5826086956521739,0.5726276300355283,0.4983642311886587
2,1,6,115,rf,raw_pca17,0.5478260869565217,0.5327009252659645,0.45462836297309606
2,1,6,115,mlp,raw_pca17,0.4782608695652174,0.4453359147324664,0.37431991294885736
2,1,6,115,svm,corrected,0.7217391304347827,0.7193900993014108,0.6659101225601453
2,1,6,115,knn,corrected,0.7217391304347827,0.7193900993014108,0.6659101225601453
2,1,6,115,rf,corrected,0.6695652173913044,0.6656051356051357,0.6020398870776796
2,1,6,115,mlp,corrected,0.6434782608695652,0.6397687317152881,0.5722191979677009
2,1,6,115,svm,optimized_action,0.6695652173913044,0.6725097768576029,0.6033762933381739
2,1,6,115,knn,optimized_action,0.6695652173913044,0.6725097768576029,0.6033762933381739
2,1,6,115,rf,optimized_action,0.6782608695652174,0.6803523297719897,0.6131818181818182
2,1,6,115,mlp,optimized_action,0.6782608695652174,0.6796679197994987,0.614233907524932
2,1,6,115,svm,optimized_full,0.30434782608695654,0.27778138206327324,0.16779737675260054
2,1,6,115,knn,optimized_full,0.30434782608695654,0.2801102609138912,0.16719471349687698
2,1,6,115,rf,optimized_full,0.25217391304347825,0.20315518955095516,0.10449112640347713
2,1,6,115,mlp,optimized_full,0.3652173913043478,0.345563301078007,0.2398587468308585
2,3,18,115,svm,raw,0.4260869565217391,0.3889519109908915,0.31368116466226603
2,3,18,115,knn,raw,0.3565217391304348,0.34057423924540425,0.2273470128926819
2,3,18,115,rf,raw,0.43478260869565216,0.41095544497992437,0.32444645277903295
2,3,18,115,mlp,raw,0.3739130434782609,0.3534830787364294,0.2507465387747716
2,3,18,115,svm,raw_pca17,0.7130434782608696,0.7105441671618142,0.6548744998181156
2,3,18,115,knn,raw_pca17,0.6086956521739131,0.607090259108043,0.5309525967551889
2,3,18,115,rf,raw_pca17,0.6260869565217392,0.6287762592895708,0.5515146018501722
2,3,18,115,mlp,raw_pca17,0.6260869565217392,0.6166155068594094,0.5526506242084314
2,3,18,115,svm,corrected,0.8521739130434782,0.8516543884964939,0.8224180216186756
2,3,18,115,knn,corrected,0.782608695652174,0.781475419773292,0.7394417255754939
2,3,18,115,rf,corrected,0.8,0.7964268309663046,0.7602211948146134
2,3,18,115,mlp,corrected,0.782608695652174,0.7785582529484968,0.7393236014144529
2,3,18,115,svm,optimized_action,0.808695652173913,0.8091257421604565,0.770500725689405
2,3,18,115,knn,optimized_action,0.7652173913043478,0.7624426117847172,0.7185715580531133
2,3,18,115,rf,optimized_action,0.782608695652174,0.7828548112493269,0.7393236014144527
2,3,18,115,mlp,optimized_action,0.782608695652174,0.7794734177712902,0.7392763217556906
2,3,18,115,svm,optimized_full,0.4608695652173913,0.46897570476001854,0.35399112077557293
2,3,18,115,knn,optimized_full,0.41739130434782606,0.365467058245516,0.30328239442987615
2,3,18,115,rf,optimized_full,0.5565217391304348,0.5418054014058453,0.4686055993476489
2,3,18,115,mlp,optimized_full,0.48695652173913045,0.4512759458441371,0.3861395096353931
2,5,30,115,svm,raw,0.6,0.5857319761380478,0.5211369602607043
2,5,30,115,knn,raw,0.5304347826086957,0.5162324347281768,0.4361209479705802
2,5,30,115,rf,raw,0.6347826086956522,0.6244569190675122,0.5629750271444083
2,5,30,115,mlp,raw,0.5391304347826087,0.5291165534726564,0.44801666364788983
2,5,30,115,svm,raw_pca17,0.8608695652173913,0.8666534181240064,0.8331671049052498
2,5,30,115,knn,raw_pca17,0.7565217391304347,0.7539042376251679,0.7075651621106166
2,5,30,115,rf,raw_pca17,0.8869565217391304,0.8867402506683636,0.8644605621033545
2,5,30,115,mlp,raw_pca17,0.8608695652173913,0.8624590273767813,0.8332578160398731
2,5,30,115,svm,corrected,0.8869565217391304,0.8907363290342013,0.8644728492430424
2,5,30,115,knn,corrected,0.7913043478260869,0.7922849760059062,0.7498413849361008
2,5,30,115,rf,corrected,0.9043478260869565,0.903666399686939,0.8852503628447025
2,5,30,115,mlp,corrected,0.8608695652173913,0.8611346258405083,0.8332427043683162
2,5,30,115,svm,optimized_action,0.8782608695652174,0.8816548434969488,0.8540344514959202
2,5,30,115,knn,optimized_action,0.8347826086956521,0.8329718433037606,0.8018859370749841
2,5,30,115,rf,optimized_action,0.9130434782608695,0.9136141636141636,0.8956916099773242
2,5,30,115,mlp,optimized_action,0.8695652173913043,0.869875344293949,0.8435657930534144
2,5,30,115,svm,optimized_full,0.6260869565217392,0.6315168197228531,0.5513925428649188
2,5,30,115,knn,optimized_full,0.5565217391304348,0.5489994474353149,0.4687499999999999
2,5,30,115,rf,optimized_full,0.6608695652173913,0.6462670212670213,0.5927909932812785
2,5,30,115,mlp,optimized_full,0.6521739130434783,0.6461562785092198,0.5831823124320406
2,10,60,115,svm,raw,0.6608695652173913,0.6563964429109069,0.5933448182065464
2,10,60,115,knn,raw,0.5826086956521739,0.5803363684932863,0.4995466908431552
2,10,60,115,rf,raw,0.7913043478260869,0.7898926227179505,0.749705268885463
2,10,60,115,mlp,raw,0.6434782608695652,0.6476233616143594,0.5714805053167318
2,10,60,115,svm,raw_pca17,0.9217391304347826,0.9193879585326954,0.9060457516339869
2,10,60,115,knn,raw_pca17,0.8869565217391304,0.890541071943511,0.8642883079157588
2,10,60,115,rf,raw_pca17,0.9304347826086956,0.930277588172325,0.9165078500771395
2,10,60,115,mlp,raw_pca17,0.9565217391304348,0.9580823541028933,0.9478268759640686
2,10,60,115,svm,corrected,0.9478260869565217,0.9478266645411552,0.9373126192423004
2,10,60,115,knn,corrected,0.8695652173913043,0.871981046981047,0.8434237995824635
2,10,60,115,rf,corrected,0.9391304347826087,0.9402547896733943,0.9269112039222808
2,10,60,115,mlp,corrected,0.9043478260869565,0.9038857828331514,0.8851878743873661
2,10,60,115,svm,optimized_action,0.9304347826086956,0.93095685537546,0.9164396003633061
2,10,60,115,knn,optimized_action,0.8695652173913043,0.8709647759145608,0.8433527061387578
2,10,60,115,rf,optimized_action,0.9565217391304348,0.957568036515405,0.9478126701760755
2,10,60,115,mlp,optimized_action,0.9043478260869565,0.9029957593029088,0.8851461775921554
2,10,60,115,svm,optimized_full,0.782608695652174,0.791893392754225,0.7390159767610748
2,10,60,115,knn,optimized_full,0.6869565217391305,0.6739230300323927,0.6246600181323663
2,10,60,115,rf,optimized_full,0.7565217391304347,0.7571358579314516,0.7079629965536006
2,10,60,115,mlp,optimized_full,0.8260869565217391,0.8281599503301534,0.7912696251928487
3,1,6,115,svm,raw,0.25217391304347825,0.23197956073669104,0.104653268151367
3,1,6,115,knn,raw,0.25217391304347825,0.23197956073669104,0.104653268151367
3,1,6,115,rf,raw,0.24347826086956523,0.22920974644625203,0.0950615050651229
3,1,6,115,mlp,raw,0.24347826086956523,0.21012749164172762,0.0933393747168102
3,1,6,115,svm,raw_pca17,0.3652173913043478,0.32869774776114963,0.23730353411465432
3,1,6,115,knn,raw_pca17,0.3652173913043478,0.32869774776114963,0.23730353411465432
3,1,6,115,rf,raw_pca17,0.3652173913043478,0.35896510105072843,0.23965220541617605
3,1,6,115,mlp,raw_pca17,0.28695652173913044,0.26360335481757774,0.14443839593540186
3,1,6,115,svm,corrected,0.28695652173913044,0.297118752894615,0.14868646745508718
3,1,6,115,knn,corrected,0.28695652173913044,0.297118752894615,0.14868646745508718
3,1,6,115,rf,corrected,0.34782608695652173,0.3394209696291997,0.22065600433721877
3,1,6,115,mlp,corrected,0.21739130434782608,0.23405771386066954,0.064533622559653
3,1,6,115,svm,optimized_action,0.3739130434782609,0.35980346096625165,0.25290986195073517
3,1,6,115,knn,optimized_action,0.3739130434782609,0.35980346096625165,0.25290986195073517
3,1,6,115,rf,optimized_action,0.3652173913043478,0.36295768509282245,0.24219173135945116
3,1,6,115,mlp,optimized_action,0.3391304347826087,0.34165033182397564,0.20919290626131015
3,1,6,115,svm,optimized_full,0.26956521739130435,0.2525696661098762,0.12839483894252457
3,1,6,115,knn,optimized_full,0.24347826086956523,0.23597237608126898,0.09628759822960886
3,1,6,115,rf,optimized_full,0.24347826086956523,0.22734076971365105,0.09489777456124471
3,1,6,115,mlp,optimized_full,0.2608695652173913,0.25291254494629395,0.11658382286488922
3,3,18,115,svm,raw,0.40869565217391307,0.3716271793256685,0.2853226101261195
3,3,18,115,knn,raw,0.3739130434782609,0.3509329459789035,0.24445661100465366
3,3,18,115,rf,raw,0.3130434782608696,0.3101803394751433,0.17544018878199297
3,3,18,115,mlp,raw,0.3826086956521739,0.3494366744366744,0.2558330295297121
3,3,18,115,svm,raw_pca17,0.5391304347826087,0.5135786170036497,0.4451524806554392
3,3,18,115,knn,raw_pca17,0.5130434782608696,0.49440702087286525,0.4139060793593011
3,3,18,115,rf,raw_pca17,0.5565217391304348,0.557469654528478,0.46540880503144655
3,3,18,115,mlp,raw_pca17,0.5565217391304348,0.5361040318701609,0.4651162790697674
3,3,18,115,svm,corrected,0.6434782608695652,0.6171255842308474,0.5684210526315789
3,3,18,115,knn,corrected,0.6086956521739131,0.6113122171945701,0.5306548158897152
3,3,18,115,rf,corrected,0.6434782608695652,0.6422188697618618,0.5723743878106293
3,3,18,115,mlp,corrected,0.6173913043478261,0.6097236097236097,0.5403760559542192
3,3,18,115,svm,optimized_action,0.6,0.581981062725607,0.5156564731734116
3,3,18,115,knn,optimized_action,0.6086956521739131,0.5930546033944837,0.5303992740471869
3,3,18,115,rf,optimized_action,0.6608695652173913,0.655015405015405,0.5933079434167572
3,3,18,115,mlp,optimized_action,0.6260869565217392,0.6196103429255334,0.5506996183899692
3,3,18,115,svm,optimized_full,0.4,0.4042179819490744,0.2777170944838887
3,3,18,115,knn,optimized_full,0.41739130434782606,0.4187348452431893,0.30119717032468707
3,3,18,115,rf,optimized_full,0.4260869565217391,0.3948045529325858,0.31012543173968377
3,3,18,115,mlp,optimized_full,0.4434782608695652,0.4188123764423959,0.3312738506269308
3,5,30,115,svm,raw,0.46956521739130436,0.4762088043603024,0.35924369747899165
3,5,30,115,knn,raw,0.41739130434782606,0.3989353598141219,0.2962827655493653
3,5,30,115,rf,raw,0.5130434782608696,0.49099749078136545,0.41411935953420675
3,5,30,115,mlp,raw,0.4956521739130435,0.49235534594985914,0.3916453848960233
3,5,30,115,svm,raw_pca17,0.6173913043478261,0.6206522311785468,0.5410014513788098
3,5,30,115,knn,raw_pca17,0.6347826086956522,0.610227950909617,0.5601092896174864
3,5,30,115,rf,raw_pca17,0.7217391304347827,0.7106777305820001,0.6650282177316584
3,5,30,115,mlp,raw_pca17,0.6608695652173913,0.6588311055416319,0.5923468460279949
3,5,30,115,svm,corrected,0.7391304347826086,0.7410277168233104,0.6869328493647913
3,5,30,115,knn,corrected,0.6956521739130435,0.6931715769311677,0.6341241705299518
3,5,30,115,rf,corrected,0.8173913043478261,0.8175180598555211,0.7808927599346761
3,5,30,115,mlp,corrected,0.7391304347826086,0.7475795600795602,0.6867338599836557
3,5,30,115,svm,optimized_action,0.7130434782608696,0.7254033887559571,0.6557198584777284
3,5,30,115,knn,optimized_action,0.6434782608695652,0.6342773316681427,0.5705828779599271
3,5,30,115,rf,optimized_action,0.8,0.801470658153434,0.7599164926931107
3,5,30,115,mlp,optimized_action,0.7043478260869566,0.7075701528320808,0.6453514739229025
3,5,30,115,svm,optimized_full,0.5130434782608696,0.5321478178621036,0.4157670325682663
3,5,30,115,knn,optimized_full,0.5130434782608696,0.5103565365025466,0.41465188147609533
3,5,30,115,rf,optimized_full,0.5391304347826087,0.537113346347942,0.44861588565225263
3,5,30,115,mlp,optimized_full,0.5739130434782609,0.5715755578974674,0.48874977318091084
3,10,60,115,svm,raw,0.6260869565217392,0.6384721038173723,0.5512704174228675
3,10,60,115,knn,raw,0.48695652173913045,0.47377485150063725,0.3842453943189037
3,10,60,115,rf,raw,0.6434782608695652,0.6392155037316328,0.5717140521391588
3,10,60,115,mlp,raw,0.6086956521739131,0.6022928848510245,0.5306122448979591
3,10,60,115,svm,raw_pca17,0.7739130434782608,0.776466003669186,0.7286012526096033
3,10,60,115,knn,raw_pca17,0.7652173913043478,0.7672995737344466,0.7176502682549786
3,10,60,115,rf,raw_pca17,0.808695652173913,0.8155505827332453,0.7701462705551013
3,10,60,115,mlp,raw_pca17,0.7565217391304347,0.7611065778140441,0.7076713572401271
3,10,60,115,svm,corrected,0.782608695652174,0.7874222973622823,0.7391343798203429
3,10,60,115,knn,corrected,0.7478260869565218,0.7573487924291727,0.6972035591065916
3,10,60,115,rf,corrected,0.8434782608695652,0.8516490850873001,0.8121085594989561
3,10,60,115,mlp,corrected,0.7739130434782608,0.7832541136112564,0.7286751361161524
3,10,60,115,svm,optimized_action,0.7652173913043478,0.7719773613237111,0.7183417997097243
3,10,60,115,knn,optimized_action,0.7304347826086957,0.7387259108064036,0.6762622593534326
3,10,60,115,rf,optimized_action,0.8608695652173913,0.8677824082858407,0.8330460030850195
3,10,60,115,mlp,optimized_action,0.782608695652174,0.7899637129566792,0.7391817109679761
3,10,60,115,svm,optimized_full,0.6695652173913044,0.6839170262699675,0.6037000090686497
3,10,60,115,knn,optimized_full,0.6,0.5944739328101826,0.5204423896292267
3,10,60,115,rf,optimized_full,0.7391304347826086,0.7384084116267163,0.6873584050747621
3,10,60,115,mlp,optimized_full,0.6869565217391305,0.6865901283857939,0.625
4,1,6,115,svm,raw,0.2956521739130435,0.26452439595007843,0.15279672578444747
4,1,6,115,knn,raw,0.2956521739130435,0.26452439595007843,0.15279672578444747
4,1,6,115,rf,raw,0.34782608695652173,0.3321149166737402,0.21110399707308158
4,1,6,115,mlp,raw,0.28695652173913044,0.25336123039006825,0.14311676510676963
4,1,6,115,svm,raw_pca17,0.6086956521739131,0.5960185223626084,0.528688524590164
4,1,6,115,knn,raw_pca17,0.6086956521739131,0.5960185223626084,0.528688524590164
4,1,6,115,rf,raw_pca17,0.46956521739130436,0.4601573450199985,0.3596531264262892
4,1,6,115,mlp,raw_pca17,0.5043478260869565,0.47064530241000835,0.4037114527426545
4,1,6,115,svm,corrected,0.5304347826086957,0.553022520953479,0.4336008755928493
4,1,6,115,knn,corrected,0.5304347826086957,0.553022520953479,0.4336008755928493
4,1,6,115,rf,corrected,0.5478260869565217,0.5598277970275225,0.45492662473794554
4,1,6,115,mlp,corrected,0.4434782608695652,0.44046221017765735,0.32858967341725975
4,1,6,115,svm,optimized_action,0.5478260869565217,0.5454911726841551,0.4554725915133856
4,1,6,115,knn,optimized_action,0.5478260869565217,0.5454911726841551,0.4554725915133856
4,1,6,115,rf,optimized_action,0.5478260869565217,0.5565098171522319,0.4557699308336367
4,1,6,115,mlp,optimized_action,0.5130434782608696,0.49298174986580784,0.41449222656605145
4,1,6,115,svm,optimized_full,0.4,0.3751590815537685,0.2818354602226445
4,1,6,115,knn,optimized_full,0.4,0.3751590815537685,0.2818354602226445
4,1,6,115,rf,optimized_full,0.391304347826087,0.37618543083275885,0.26891290527654177
4,1,6,115,mlp,optimized_full,0.40869565217391307,0.3905138905138905,0.29230769230769227
4,3,18,115,svm,raw,0.4260869565217391,0.4305947766703581,0.3123131285675457
4,3,18,115,knn,raw,0.3391304347826087,0.33455194231056296,0.20682457573282498
4,3,18,115,rf,raw,0.48695652173913045,0.4889006798035526,0.3842453943189037
4,3,18,115,mlp,raw,0.43478260869565216,0.44046845473628954,0.3232231779085559
4,3,18,115,svm,raw_pca17,0.6260869565217392,0.6332950349472773,0.5524481853561408
4,3,18,115,knn,raw_pca17,0.6260869565217392,0.6270436841247227,0.549963596650892
4,3,18,115,rf,raw_pca17,0.7391304347826086,0.7445439579340508,0.6870180531615713
4,3,18,115,mlp,raw_pca17,0.6347826086956522,0.6362234613376506,0.5615468409586056
4,3,18,115,svm,corrected,0.7652173913043478,0.7677137677137676,0.7192839707078926
4,3,18,115,knn,corrected,0.7391304347826086,0.7517594914982796,0.686847599164927
4,3,18,115,rf,corrected,0.8608695652173913,0.8634828942274385,0.8330914368650217
4,3,18,115,mlp,corrected,0.7739130434782608,0.7736326109391124,0.7293137787434365
4,3,18,115,svm,optimized_action,0.7652173913043478,0.7672838009000996,0.7192078133478026
4,3,18,115,knn,optimized_action,0.7217391304347827,0.7252429893558926,0.6652719665271967
4,3,18,115,rf,optimized_action,0.8347826086956521,0.8347889225202207,0.8018859370749841
4,3,18,115,mlp,optimized_action,0.7304347826086957,0.7168955394066393,0.6770833333333333
4,3,18,115,svm,optimized_full,0.4782608695652174,0.4860165433694845,0.3739793140990746
4,3,18,115,knn,optimized_full,0.40869565217391307,0.4124084085598864,0.29031672565568556
4,3,18,115,rf,optimized_full,0.5478260869565217,0.5362116957534194,0.45784224841341803
4,3,18,115,mlp,optimized_full,0.5391304347826087,0.5346832708553574,0.44691470054446447
4,5,30,115,svm,raw,0.6173913043478261,0.6211418185102396,0.5412927205149125
4,5,30,115,knn,raw,0.4434782608695652,0.4426946683148916,0.3332729413896187
4,5,30,115,rf,raw,0.6,0.6008138530451101,0.5197893972403775
4,5,30,115,mlp,raw,0.5739130434782609,0.567521600255875,0.4888888888888888
4,5,30,115,svm,raw_pca17,0.7304347826086957,0.7446567808409913,0.6769662921348314
4,5,30,115,knn,raw_pca17,0.7217391304347827,0.724265305877553,0.6658494506492327
4,5,30,115,rf,raw_pca17,0.7565217391304347,0.7553063688060853,0.7076713572401271
4,5,30,115,mlp,raw_pca17,0.7217391304347827,0.7175893663698542,0.6661525900390093
4,5,30,115,svm,corrected,0.8695652173913043,0.8769267941094568,0.8433811512620302
4,5,30,115,knn,corrected,0.8173913043478261,0.8236273824095122,0.7811508835523334
4,5,30,115,rf,corrected,0.9130434782608695,0.9123300873300875,0.8956063907044299
4,5,30,115,mlp,corrected,0.8521739130434782,0.8533685941580678,0.8227239753355096
4,5,30,115,svm,optimized_action,0.8869565217391304,0.890842513975929,0.8641896802325582
4,5,30,115,knn,optimized_action,0.8434782608695652,0.8456637700823748,0.8122278664731495
4,5,30,115,rf,optimized_action,0.9043478260869565,0.9037251921077338,0.8851774530271399
4,5,30,115,mlp,optimized_action,0.7739130434782608,0.7700358955449245,0.7288227825140576
4,5,30,115,svm,optimized_full,0.6260869565217392,0.609537398765041,0.5511889635142494
4,5,30,115,knn,optimized_full,0.5652173913043478,0.5616322497991445,0.47916666666666663
4,5,30,115,rf,optimized_full,0.6173913043478261,0.6096499641046349,0.5415005436752447
4,5,30,115,mlp,optimized_full,0.5826086956521739,0.5752040496622539,0.4993197278911564
4,10,60,115,svm,raw,0.6521739130434783,0.6508644443664963,0.5814376706096451
4,10,60,115,knn,raw,0.5217391304347826,0.5031518018500102,0.4245291602219998
4,10,60,115,rf,raw,0.7217391304347827,0.7253341729802308,0.6659101225601451
4,10,60,115,mlp,raw,0.6347826086956522,0.6402137308450078,0.5613875771885216
4,10,60,115,svm,raw_pca17,0.8173913043478261,0.8210648536735493,0.7810913705583756
4,10,60,115,knn,raw_pca17,0.7739130434782608,0.7814563710596544,0.7284040330638568
4,10,60,115,rf,raw_pca17,0.8521739130434782,0.8509597253783302,0.8227721874716707
4,10,60,115,mlp,raw_pca17,0.8260869565217391,0.8263638825759402,0.791250680704302
4,10,60,115,svm,corrected,0.9043478260869565,0.9055312016612326,0.8851461775921554
4,10,60,115,knn,corrected,0.8521739130434782,0.8535477711344207,0.8226596516690856
4,10,60,115,rf,corrected,0.9043478260869565,0.9041365970230539,0.885125317835089
4,10,60,115,mlp,corrected,0.9130434782608695,0.9122479329045676,0.895530523255814
4,10,60,115,svm,optimized_action,0.8956521739130435,0.8983135199853467,0.874408445576993
4,10,60,115,knn,optimized_action,0.808695652173913,0.8091488249382986,0.7707710428558485
4,10,60,115,rf,optimized_action,0.9217391304347826,0.9216203598556539,0.9060372219700409
4,10,60,115,mlp,optimized_action,0.8260869565217391,0.8267036435834388,0.7913642960812772
4,10,60,115,svm,optimized_full,0.7304347826086957,0.7387241689128482,0.6752596101293495
4,10,60,115,knn,optimized_full,0.6260869565217392,0.6177370465094251,0.551799148010514
4,10,60,115,rf,optimized_full,0.7739130434782608,0.7737708074290456,0.7289702683103698
4,10,60,115,mlp,optimized_full,0.7391304347826086,0.7408217591421287,0.6866485013623977
5,1,6,115,svm,raw,0.2956521739130435,0.2713337816516184,0.15047879616963067
5,1,6,115,knn,raw,0.2956521739130435,0.2713337816516184,0.15047879616963067
5,1,6,115,rf,raw,0.28695652173913044,0.2663321316767322,0.14132216354033889
5,1,6,115,mlp,raw,0.33043478260869563,0.30799119415398485,0.1923568040861
5,1,6,115,svm,raw_pca17,0.5217391304347826,0.5233429977332417,0.4265119231117961
5,1,6,115,knn,raw_pca17,0.5217391304347826,0.5233429977332417,0.4265119231117961
5,1,6,115,rf,raw_pca17,0.40869565217391307,0.3947388605135084,0.2885735080058225
5,1,6,115,mlp,raw_pca17,0.43478260869565216,0.4419687709064248,0.32014552069122326
5,1,6,115,svm,corrected,0.6260869565217392,0.6276546250684182,0.5509036418127327
5,1,6,115,knn,corrected,0.6260869565217392,0.6276546250684182,0.5509036418127327
5,1,6,115,rf,corrected,0.6521739130434783,0.6423025620504613,0.5826528760660497
5,1,6,115,mlp,corrected,0.6086956521739131,0.6144399173810938,0.5306548158897152
5,1,6,115,svm,optimized_action,0.6173913043478261,0.6219461343242288,0.5410847088699438
5,1,6,115,knn,optimized_action,0.6173913043478261,0.6219461343242288,0.5410847088699438
5,1,6,115,rf,optimized_action,0.5391304347826087,0.5150834757383037,0.44716553287981853
5,1,6,115,mlp,optimized_action,0.6173913043478261,0.6183563483873081,0.5413343002175489
5,1,6,115,svm,optimized_full,0.3130434782608696,0.3155467461652292,0.17356499590648589
5,1,6,115,knn,optimized_full,0.30434782608695654,0.30601535339822733,0.16279916279916273
5,1,6,115,rf,optimized_full,0.3565217391304348,0.3463343039458764,0.22643396054904097
5,1,6,115,mlp,optimized_full,0.2608695652173913,0.261565186525071,0.11209010809337827
5,3,18,115,svm,raw,0.3652173913043478,0.36146784015447614,0.2384796806966617
5,3,18,115,knn,raw,0.3217391304347826,0.291632179839727,0.1848418756815704
5,3,18,115,rf,raw,0.4,0.3909415096915097,0.28020682148040643
5,3,18,115,mlp,raw,0.391304347826087,0.38495010436186905,0.26944368817497055
5,3,18,115,svm,raw_pca17,0.5565217391304348,0.5542557301770324,0.470141837564369
5,3,18,115,knn,raw_pca17,0.4782608695652174,0.4819593355083199,0.37192790824685973
5,3,18,115,rf,raw_pca17,0.6260869565217392,0.6138165509495206,0.5526101510902017
5,3,18,115,mlp,raw_pca17,0.6695652173913044,0.6732417524024411,0.6037000090686496
5,3,18,115,svm,corrected,0.7565217391304347,0.7616894942889237,0.7078835162841332
5,3,18,115,knn,corrected,0.6608695652173913,0.6710324024840154,0.5927909932812784
5,3,18,115,rf,corrected,0.8608695652173913,0.858579663230826,0.8329550612800727
5,3,18,115,mlp,corrected,0.6782608695652174,0.6775241835320746,0.6140939597315436
5,3,18,115,svm,optimized_action,0.6695652173913044,0.6789415624474335,0.6030520483240984
5,3,18,115,knn,optimized_action,0.7043478260869566,0.7034184318150046,0.6454800979236559
5,3,18,115,rf,optimized_action,0.7913043478260869,0.7945195195195196,0.749614442529257
5,3,18,115,mlp,optimized_action,0.6347826086956522,0.6307386796037596,0.5614274039771179
5,3,18,115,svm,optimized_full,0.34782608695652173,0.3360011545439551,0.2187499999999999
5,3,18,115,knn,optimized_full,0.3652173913043478,0.3563200438200438,0.23868685952661628
5,3,18,115,rf,optimized_full,0.34782608695652173,0.3562126526029266,0.21690575631015074
5,3,18,115,mlp,optimized_full,0.43478260869565216,0.4289766005597011,0.32211843656479533
5,5,30,115,svm,raw,0.41739130434782606,0.40873885447667185,0.2993543693734656
5,5,30,115,knn,raw,0.3565217391304348,0.33795817038570664,0.22530723714155665
5,5,30,115,rf,raw,0.4956521739130435,0.4960694672929134,0.3945170660856935
5,5,30,115,mlp,raw,0.46956521739130436,0.4641178161503365,0.3628519527702089
5,5,30,115,svm,raw_pca17,0.6260869565217392,0.6401908276908277,0.5504954095082266
5,5,30,115,knn,raw_pca17,0.5565217391304348,0.5438888605374673,0.46609012289485663
5,5,30,115,rf,raw_pca17,0.8347826086956521,0.8372576740997794,0.8016881466690869
5,5,30,115,mlp,raw_pca17,0.6782608695652174,0.6825836825836826,0.6138488066067701
5,5,30,115,svm,corrected,0.8260869565217391,0.828643210880053,0.7909661001545033
5,5,30,115,knn,corrected,0.8260869565217391,0.8246394713349868,0.7909850963286078
5,5,30,115,rf,corrected,0.8782608695652174,0.8786563936888636,0.8539682539682539
5,5,30,115,mlp,corrected,0.808695652173913,0.8112552884165442,0.7703549060542797
5,5,30,115,svm,optimized_action,0.8347826086956521,0.8374162874162875,0.8015260241620492
5,5,30,115,knn,optimized_action,0.8,0.8045100732600732,0.759523593053914
5,5,30,115,rf,optimized_action,0.8434782608695652,0.84487087517934,0.812176753470647
5,5,30,115,mlp,optimized_action,0.782608695652174,0.7850801760685483,0.7387551113130395
5,5,30,115,svm,optimized_full,0.5043478260869565,0.48407990218335045,0.4056578112249525
5,5,30,115,knn,optimized_full,0.3826086956521739,0.3692943086325439,0.2612865285442867
5,5,30,115,rf,optimized_full,0.45217391304347826,0.4616996359947487,0.3408243107997453
5,5,30,115,mlp,optimized_full,0.5130434782608696,0.49996264238550986,0.4156079854809436
5,10,60,115,svm,raw,0.6695652173913044,0.6726965415045911,0.6034842573269213
5,10,60,115,knn,raw,0.5478260869565217,0.5448151970339793,0.4572517698311853
5,10,60,115,rf,raw,0.7130434782608696,0.7220803494178107,0.6556261343012704
5,10,60,115,mlp,raw,0.6434782608695652,0.6565245009074411,0.572141560798548
5,10,60,115,svm,raw_pca17,0.8608695652173913,0.8667100452046023,0.8330308529945554
5,10,60,115,knn,raw_pca17,0.8,0.8071544154147409,0.7600036294347156
5,10,60,115,rf,raw_pca17,0.8869565217391304,0.8867813157286842,0.8644482727355154
5,10,60,115,mlp,raw_pca17,0.8695652173913043,0.8701117109011847,0.8435657930534144
5,10,60,115,svm,corrected,0.8956521739130435,0.8990141623268558,0.8744884038199181
5,10,60,115,knn,corrected,0.8956521739130435,0.8918491715003344,0.8747276688453159
5,10,60,115,rf,corrected,0.9130434782608695,0.9134746886993357,0.8956348125964244
5,10,60,115,mlp,corrected,0.8956521739130435,0.8966767289938021,0.8747617751157093
5,10,60,115,svm,optimized_action,0.8869565217391304,0.8880918539255559,0.8639796196888363
5,10,60,115,knn,optimized_action,0.8869565217391304,0.885490189437558,0.8641773416916507
5,10,60,115,rf,optimized_action,0.8956521739130435,0.8955788205788205,0.8747276688453159
5,10,60,115,mlp,optimized_action,0.8695652173913043,0.8715888119048895,0.8433669299918278
5,10,60,115,svm,optimized_full,0.6608695652173913,0.659981933152665,0.5931234691100427
5,10,60,115,knn,optimized_full,0.6173913043478261,0.6110744624474602,0.5420814479638009
5,10,60,115,rf,optimized_full,0.6782608695652174,0.6685120601502271,0.6143038433647571
5,10,60,115,mlp,optimized_full,0.6521739130434783,0.6523143437230124,0.5831445400996829
6,1,6,115,svm,raw,0.3652173913043478,0.34382995925549115,0.23424245188360848
6,1,6,115,knn,raw,0.3652173913043478,0.34382995925549115,0.23424245188360848
6,1,6,115,rf,raw,0.3565217391304348,0.327663208969924,0.22033898305084743
6,1,6,115,mlp,raw,0.34782608695652173,0.3372998468393205,0.21383647798742134
6,1,6,115,svm,raw_pca17,0.45217391304347826,0.4480943967114663,0.3404042243262928
6,1,6,115,knn,raw_pca17,0.45217391304347826,0.4480943967114663,0.3404042243262928
6,1,6,115,rf,raw_pca17,0.4956521739130435,0.469198717948718,0.3898646176362972
6,1,6,115,mlp,raw_pca17,0.3826086956521739,0.3511829260769383,0.2557651991614255
6,1,6,115,svm,corrected,0.6347826086956522,0.6372257473607235,0.5625792428907807
6,1,6,115,knn,corrected,0.6347826086956522,0.6372257473607235,0.5625792428907807
6,1,6,115,rf,corrected,0.6869565217391305,0.6870407506436917,0.6238415409776485
6,1,6,115,mlp,corrected,0.6,0.5926706202511997,0.5183903860160234
6,1,6,115,svm,optimized_action,0.6173913043478261,0.6199863851427457,0.5414174370128693
6,1,6,115,knn,optimized_action,0.6173913043478261,0.6199863851427457,0.5414174370128693
6,1,6,115,rf,optimized_action,0.5739130434782609,0.5566278654936307,0.48786694537853315
6,1,6,115,mlp,optimized_action,0.4434782608695652,0.4438855062454383,0.3279766252739227
6,1,6,115,svm,optimized_full,0.3391304347826087,0.2975912975912976,0.20429715950473415
6,1,6,115,knn,optimized_full,0.3130434782608696,0.2740203642075451,0.17251115766463232
6,1,6,115,rf,optimized_full,0.2782608695652174,0.2411854214310523,0.12743395191516593
6,1,6,115,mlp,optimized_full,0.30434782608695654,0.27707287410362696,0.16356032366578788
6,3,18,115,svm,raw,0.46956521739130436,0.453815349501624,0.3622147467951632
6,3,18,115,knn,raw,0.43478260869565216,0.41944799539260064,0.318223276176578
6,3,18,115,rf,raw,0.4956521739130435,0.48450687140342313,0.3931950509461427
6,3,18,115,mlp,raw,0.5217391304347826,0.5045430102598887,0.4245291602219998
6,3,18,115,svm,raw_pca17,0.6956521739130435,0.7254649081854964,0.6340243680669213
6,3,18,115,knn,raw_pca17,0.6608695652173913,0.6790472020073538,0.590036563071298
6,3,18,115,rf,raw_pca17,0.7130434782608696,0.7146082494075846,0.6551567469332122
6,3,18,115,mlp,raw_pca17,0.6521739130434783,0.669469785230933,0.5826528760660497
6,3,18,115,svm,corrected,0.7130434782608696,0.7286696454153759,0.6556261343012704
6,3,18,115,knn,corrected,0.7304347826086957,0.7312064347404276,0.6759974552394802
6,3,18,115,rf,corrected,0.808695652173913,0.808858137572262,0.77
6,3,18,115,mlp,corrected,0.7304347826086957,0.7277412085830655,0.676056338028169
6,3,18,115,svm,optimized_action,0.6782608695652174,0.6962427174879036,0.613953910361096
6,3,18,115,knn,optimized_action,0.7217391304347827,0.725038714672861,0.6660010891268833
6,3,18,115,rf,optimized_action,0.7652173913043478,0.7660288182027314,0.7179067865903517
6,3,18,115,mlp,optimized_action,0.7130434782608696,0.7068450288314465,0.6552194058326519
6,3,18,115,svm,optimized_full,0.4782608695652174,0.49433001708543506,0.3740928882438318
6,3,18,115,knn,optimized_full,0.43478260869565216,0.4382946856631067,0.32242567077592477
6,3,18,115,rf,optimized_full,0.5739130434782609,0.5872117779482743,0.48782039629158336
6,3,18,115,mlp,optimized_full,0.5304347826086957,0.5364092949458803,0.4373471051916281
6,5,30,115,svm,raw,0.4608695652173913,0.4647806792968083,0.3555093555093556
6,5,30,115,knn,raw,0.4608695652173913,0.4611117616139424,0.3527596223674655
6,5,30,115,rf,raw,0.5652173913043478,0.5632810777868544,0.47784235379585904
6,5,30,115,mlp,raw,0.5043478260869565,0.5043123543123543,0.40528034839412075
6,5,30,115,svm,raw_pca17,0.6521739130434783,0.6529896667827703,0.5831823124320406
6,5,30,115,knn,raw_pca17,0.6521739130434783,0.6732100338717987,0.5827285921625543
6,5,30,115,rf,raw_pca17,0.7913043478260869,0.7953014040223342,0.7495917256396298
6,5,30,115,mlp,raw_pca17,0.6521739130434783,0.6597447775129553,0.5832578365645951
6,5,30,115,svm,corrected,0.782608695652174,0.7905951023880112,0.7390870314910609
6,5,30,115,knn,corrected,0.7565217391304347,0.7635302985912742,0.7080953676003989
6,5,30,115,rf,corrected,0.7739130434782608,0.7753345782757547,0.7289702683103698
6,5,30,115,mlp,corrected,0.7565217391304347,0.7592657988465822,0.7078039927404718
6,5,30,115,svm,optimized_action,0.782608695652174,0.7896618903971846,0.7390396659707725
6,5,30,115,knn,optimized_action,0.782608695652174,0.7883393226695516,0.7392526754942862
6,5,30,115,rf,optimized_action,0.7913043478260869,0.7860998254871103,0.750067916327085
6,5,30,115,mlp,optimized_action,0.7913043478260869,0.7913488253337607,0.7494325919201089
6,5,30,115,svm,optimized_full,0.4956521739130435,0.4901614358013087,0.3956691129836005
6,5,30,115,knn,optimized_full,0.5130434782608696,0.5150143577200598,0.41745816372682043
6,5,30,115,rf,optimized_full,0.6521739130434783,0.6501606340917675,0.5830311820159536
6,5,30,115,mlp,optimized_full,0.6260869565217392,0.6265697265697265,0.5519615837637039
6,10,60,115,svm,raw,0.6434782608695652,0.6459296937654319,0.5724519405150525
6,10,60,115,knn,raw,0.5565217391304348,0.5568203690667354,0.4675925925925928
6,10,60,115,rf,raw,0.6869565217391305,0.6856259816588134,0.6243194192377495
6,10,60,115,mlp,raw,0.6347826086956522,0.6349425428372796,0.561865021770682
6,10,60,115,svm,raw_pca17,0.8173913043478261,0.8240141519232359,0.7806937885942609
6,10,60,115,knn,raw_pca17,0.7391304347826086,0.7408489822990507,0.6865915697674418
6,10,60,115,rf,raw_pca17,0.8695652173913043,0.8694890712862472,0.8432673087406869
6,10,60,115,mlp,raw_pca17,0.8347826086956521,0.8359523309666782,0.8014538845979101
6,10,60,115,svm,corrected,0.8173913043478261,0.8215012691293526,0.7806340267054228
6,10,60,115,knn,corrected,0.8347826086956521,0.834423108461371,0.8014719244048701
6,10,60,115,rf,corrected,0.8782608695652174,0.8767547954854455,0.8538224078445614
6,10,60,115,mlp,corrected,0.8260869565217391,0.8281854245056174,0.7911938266000907
6,10,60,115,svm,optimized_action,0.8173913043478261,0.824359828821172,0.7807535179300953
6,10,60,115,knn,optimized_action,0.8173913043478261,0.817194118647607,0.7806340267054228
6,10,60,115,rf,optimized_action,0.8608695652173913,0.8583001222169084,0.8332729249728162
6,10,60,115,mlp,optimized_action,0.8782608695652174,0.8772749397749399,0.8539152526993921
6,10,60,115,svm,optimized_full,0.6521739130434783,0.6616295004119902,0.5826528760660497
6,10,60,115,knn,optimized_full,0.5826086956521739,0.5838138523632747,0.5
6,10,60,115,rf,optimized_full,0.6869565217391305,0.6870263908593429,0.6243535069412938
6,10,60,115,mlp,optimized_full,0.6782608695652174,0.6787186577089322,0.6137787056367432
7,1,6,115,svm,raw,0.19130434782608696,0.14836284649537662,0.017003676470588425
7,1,6,115,knn,raw,0.19130434782608696,0.14836284649537662,0.017003676470588425
7,1,6,115,rf,raw,0.2608695652173913,0.21594137427043023,0.10032213529682477
7,1,6,115,mlp,raw,0.2,0.17562666092077858,0.03317189070638771
7,1,6,115,svm,raw_pca17,0.2956521739130435,0.25272865959364815,0.14993611972987786
7,1,6,115,knn,raw_pca17,0.2956521739130435,0.25272865959364815,0.14993611972987786
7,1,6,115,rf,raw_pca17,0.33043478260869563,0.2866779119055029,0.18969619326500742
7,1,6,115,mlp,raw_pca17,0.3130434782608696,0.2616353037827735,0.16948532772648328
7,1,6,115,svm,corrected,0.40869565217391307,0.43113887439974813,0.2861706983112735
7,1,6,115,knn,corrected,0.40869565217391307,0.43113887439974813,0.2861706983112735
7,1,6,115,rf,corrected,0.3565217391304348,0.33753449527959334,0.22403574359441958
7,1,6,115,mlp,corrected,0.3826086956521739,0.38931288032454364,0.25474625775830595
7,1,6,115,svm,optimized_action,0.4608695652173913,0.4629014790652721,0.34700979943218235
7,1,6,115,knn,optimized_action,0.4608695652173913,0.4629014790652721,0.34700979943218235
7,1,6,115,rf,optimized_action,0.4434782608695652,0.4242598666940773,0.3291404612159331
7,1,6,115,mlp,optimized_action,0.40869565217391307,0.39046897736966235,0.2837516028576663
7,1,6,115,svm,optimized_full,0.22608695652173913,0.17567568877835468,0.05919661733615211
7,1,6,115,knn,optimized_full,0.22608695652173913,0.17567568877835468,0.05919661733615211
7,1,6,115,rf,optimized_full,0.2782608695652174,0.23016074235586428,0.12342731196620438
7,1,6,115,mlp,optimized_full,0.24347826086956523,0.1988436400201106,0.08042279411764697
7,3,18,115,svm,raw,0.3826086956521739,0.35607085634242064,0.2588726513569938
7,3,18,115,knn,raw,0.30434782608695654,0.29552703455142476,0.16409231328366347
7,3,18,115,rf,raw,0.3826086956521739,0.34788318988084826,0.2577272727272728
7,3,18,115,mlp,raw,0.3652173913043478,0.3470286830321574,0.23647112323783537
7,3,18,115,svm,raw_pca17,0.6695652173913044,0.6709885594294197,0.6035202322627472
7,3,18,115,knn,raw_pca17,0.6347826086956522,0.6344272844272844,0.5601894008377346
7,3,18,115,rf,raw_pca17,0.7652173913043478,0.7667884889736847,0.7180348710497639
7,3,18,115,mlp,raw_pca17,0.6782608695652174,0.6788876650867864,0.6131818181818183
7,3,18,115,svm,corrected,0.6695652173913044,0.6616958444929724,0.6029077691958201
7,3,18,115,knn,corrected,0.6434782608695652,0.6222307104660046,0.5717918445191172
7,3,18,115,rf,corrected,0.808695652173913,0.8048477719209427,0.7703757487747322
7,3,18,115,mlp,corrected,0.6521739130434783,0.629469696969697,0.5812852721645732
7,3,18,115,svm,optimized_action,0.7043478260869566,0.6957499150738684,0.644027676620539
7,3,18,115,knn,optimized_action,0.6521739130434783,0.6431780208095997,0.5825771324863884
7,3,18,115,rf,optimized_action,0.8,0.8040145963603567,0.7597638510445051
7,3,18,115,mlp,optimized_action,0.7043478260869566,0.7057191628720338,0.6439304252800292
7,3,18,115,svm,optimized_full,0.3826086956521739,0.37467595757069444,0.25064243759177685
7,3,18,115,knn,optimized_full,0.3652173913043478,0.35472088821649433,0.23080447132123882
7,3,18,115,rf,optimized_full,0.4434782608695652,0.42074635909651265,0.329140461215933
7,3,18,115,mlp,optimized_full,0.34782608695652173,0.3188285291943828,0.2071881606765329
7,5,30,115,svm,raw,0.4260869565217391,0.4193689341515428,0.31131476272570546
7,5,30,115,knn,raw,0.3652173913043478,0.3555940038233425,0.2384796806966618
7,5,30,115,rf,raw,0.4956521739130435,0.4834123757904245,0.39473684210526316
7,5,30,115,mlp,raw,0.4260869565217391,0.4117701533728814,0.30956062949149454
7,5,30,115,svm,raw_pca17,0.7391304347826086,0.7382191807191808,0.6871032105931434
7,5,30,115,knn,raw_pca17,0.6260869565217392,0.6197901489884735,0.5513518417710035
7,5,30,115,rf,raw_pca17,0.8347826086956521,0.8366075981219913,0.8013636363636364
7,5,30,115,mlp,raw_pca17,0.7739130434782608,0.7713189588189588,0.7285026786525015
7,5,30,115,svm,corrected,0.8173913043478261,0.8215445545166907,0.7806738715829625
7,5,30,115,knn,corrected,0.7565217391304347,0.7554887904982782,0.7073791348600509
7,5,30,115,rf,corrected,0.9217391304347826,0.9223516107341525,0.906054279749478
7,5,30,115,mlp,corrected,0.7913043478260869,0.7950578832931775,0.7492504769692014
7,5,30,115,svm,optimized_action,0.808695652173913,0.8149479026936007,0.7701671511627907
7,5,30,115,knn,optimized_action,0.7565217391304347,0.7630272307150968,0.707219494453537
7,5,30,115,rf,optimized_action,0.9217391304347826,0.9237452605873658,0.906054279749478
7,5,30,115,mlp,optimized_action,0.8260869565217391,0.8301369956055451,0.7910040890504316
7,5,30,115,svm,optimized_full,0.5391304347826087,0.5498635012785956,0.4445963185711681
7,5,30,115,knn,optimized_full,0.391304347826087,0.3880198787178409,0.26731591881314287
7,5,30,115,rf,optimized_full,0.48695652173913045,0.5008351773311205,0.3822270782117819
7,5,30,115,mlp,optimized_full,0.45217391304347826,0.45905739516287186,0.33853738701725566
7,10,60,115,svm,raw,0.5391304347826087,0.5414006956331203,0.4467138707334787
7,10,60,115,knn,raw,0.4434782608695652,0.44513690709342885,0.3328498912255259
7,10,60,115,rf,raw,0.6869565217391305,0.6859584859584861,0.6242853253471277
7,10,60,115,mlp,raw,0.4956521739130435,0.49687600175405056,0.3933606184629378
7,10,60,115,svm,raw_pca17,0.8434782608695652,0.8484570173594563,0.8123300090661831
7,10,60,115,knn,raw_pca17,0.7391304347826086,0.7419329573934837,0.6869328493647913
7,10,60,115,rf,raw_pca17,0.9217391304347826,0.9224107726347368,0.9059347450695265
7,10,60,115,mlp,raw_pca17,0.808695652173913,0.7960391917835533,0.7701880279771096
7,10,60,115,svm,corrected,0.8782608695652174,0.880235568533441,0.8536762701081524
7,10,60,115,knn,corrected,0.8695652173913043,0.8723835333591432,0.8432673087406869
7,10,60,115,rf,corrected,0.8956521739130435,0.8969878835090647,0.8747958628198149
7,10,60,115,mlp,corrected,0.8521739130434782,0.8544941480379071,0.822385754519851
7,10,60,115,svm,optimized_action,0.8608695652173913,0.85882970084422,0.8327272727272728
7,10,60,115,knn,optimized_action,0.8260869565217391,0.8334042838397048,0.7911179729361548
7,10,60,115,rf,optimized_action,0.9217391304347826,0.9228000267473951,0.9061224489795918
7,10,60,115,mlp,optimized_action,0.8782608695652174,0.8778876941184387,0.8537427325581395
7,10,60,115,svm,optimized_full,0.6173913043478261,0.6220680561287771,0.541334300217549
7,10,60,115,knn,optimized_full,0.5304347826086957,0.5302031521875957,0.4372451291345718
7,10,60,115,rf,optimized_full,0.6347826086956522,0.6409215351150835,0.5621033544877607
7,10,60,115,mlp,optimized_full,0.6173913043478261,0.6236747003670005,0.5396233281776
8,1,6,115,svm,raw,0.24347826086956523,0.1748965721040189,0.09440622737146986
8,1,6,115,knn,raw,0.24347826086956523,0.1748965721040189,0.09440622737146986
8,1,6,115,rf,raw,0.3217391304347826,0.23660125972227786,0.18830875033933592
8,1,6,115,mlp,raw,0.26956521739130435,0.22113379985743484,0.12658227848101267
8,1,6,115,svm,raw_pca17,0.2782608695652174,0.2707500571287947,0.1337689445503223
8,1,6,115,knn,raw_pca17,0.2782608695652174,0.2707500571287947,0.1337689445503223
8,1,6,115,rf,raw_pca17,0.3565217391304348,0.3106890106890107,0.22860768672951426
8,1,6,115,mlp,raw_pca17,0.3565217391304348,0.33218323843323844,0.22664485641584886
8,1,6,115,svm,corrected,0.591304347826087,0.5774712527338183,0.5099283706591713
8,1,6,115,knn,corrected,0.591304347826087,0.5774712527338183,0.5099283706591713
8,1,6,115,rf,corrected,0.4782608695652174,0.4208868518789742,0.37539603512265773
8,1,6,115,mlp,corrected,0.6086956521739131,0.5908728107952914,0.5312924553935332
8,1,6,115,svm,optimized_action,0.5391304347826087,0.516312881613428,0.447265802122064
8,1,6,115,knn,optimized_action,0.5391304347826087,0.516312881613428,0.447265802122064
8,1,6,115,rf,optimized_action,0.5652173913043478,0.5256105006105006,0.4787889775199421
8,1,6,115,mlp,optimized_action,0.5739130434782609,0.5777349918683857,0.48814606231265323
8,1,6,115,svm,optimized_full,0.2956521739130435,0.2655065524333177,0.15333575713506642
8,1,6,115,knn,optimized_full,0.2956521739130435,0.2655065524333177,0.15333575713506642
8,1,6,115,rf,optimized_full,0.26956521739130435,0.24321099379922914,0.1222969289478465
8,1,6,115,mlp,optimized_full,0.25217391304347825,0.22016563417425486,0.10441003350538802
8,3,18,115,svm,raw,0.3652173913043478,0.3481407971029144,0.23619324902192695
8,3,18,115,knn,raw,0.3739130434782609,0.36310264199464765,0.24624487938097406
8,3,18,115,rf,raw,0.4260869565217391,0.40094666129809714,0.3084282460136675
8,3,18,115,mlp,raw,0.3739130434782609,0.37613530549577057,0.24610762086861526
8,3,18,115,svm,raw_pca17,0.6347826086956522,0.6339629524222549,0.5621827411167513
8,3,18,115,knn,raw_pca17,0.6173913043478261,0.6005104996557412,0.5412511332728922
8,3,18,115,rf,raw_pca17,0.6695652173913044,0.666746570423041,0.6039514228747509
8,3,18,115,mlp,raw_pca17,0.6869565217391305,0.6616565545136973,0.6253732693873858
8,3,18,115,svm,corrected,0.7739130434782608,0.7790018317352212,0.7284780239738466
8,3,18,115,knn,corrected,0.591304347826087,0.5571482599678088,0.5102392171076477
8,3,18,115,rf,corrected,0.8260869565217391,0.8258830179561887,0.7915344874467507
8,3,18,115,mlp,corrected,0.808695652173913,0.8073573954192331,0.7706879361914257
8,3,18,115,svm,optimized_action,0.6956521739130435,0.6955962521853994,0.6341241705299518
8,3,18,115,knn,optimized_action,0.6173913043478261,0.5797261083114474,0.5415005436752447
8,3,18,115,rf,optimized_action,0.8347826086956521,0.8353205789738297,0.8017601161313737
8,3,18,115,mlp,optimized_action,0.7913043478260869,0.7854174026988782,0.7497733454215775
8,3,18,115,svm,optimized_full,0.5217391304347826,0.5007833436404865,0.42671984047856437
8,3,18,115,knn,optimized_full,0.4956521739130435,0.5008882428940569,0.3942421215148487
8,3,18,115,rf,optimized_full,0.5652173913043478,0.5465754943668847,0.4779371708734339
8,3,18,115,mlp,optimized_full,0.4956521739130435,0.48826638016396445,0.39391185824625174
8,5,30,115,svm,raw,0.48695652173913045,0.48403697219486697,0.3849709934735316
8,5,30,115,knn,raw,0.3826086956521739,0.3420936037215107,0.25927605914905205
8,5,30,115,rf,raw,0.4782608695652174,0.4660133227206398,0.37375204211290625
8,5,30,115,mlp,raw,0.4956521739130435,0.4875575393681492,0.3944071182131833
8,5,30,115,svm,raw_pca17,0.5652173913043478,0.5837775801907796,0.47996744143981196
8,5,30,115,knn,raw_pca17,0.6,0.5710932412581589,0.5213102886616596
8,5,30,115,rf,raw_pca17,0.7217391304347827,0.7217049019214516,0.6667270422024996
8,5,30,115,mlp,raw_pca17,0.6521739130434783,0.6407237594737595,0.583559659605287
8,5,30,115,svm,corrected,0.7652173913043478,0.7767283852744451,0.7185715580531133
8,5,30,115,knn,corrected,0.7043478260869566,0.7024122128486455,0.6463138851198553
8,5,30,115,rf,corrected,0.8260869565217391,0.8271687729004803,0.7915155910079767
8,5,30,115,mlp,corrected,0.808695652173913,0.8066761045259119,0.7709163346613546
8,5,30,115,svm,optimized_action,0.7217391304347827,0.7270665918756735,0.6666666666666667
8,5,30,115,knn,optimized_action,0.6521739130434783,0.6586810130288391,0.583559659605287
8,5,30,115,rf,optimized_action,0.8347826086956521,0.8335914911653037,0.8020474723681826
8,5,30,115,mlp,optimized_action,0.7739130434782608,0.7720837412787876,0.729191196449597
8,5,30,115,svm,optimized_full,0.46956521739130436,0.44557727198479924,0.3655028943560058
8,5,30,115,knn,optimized_full,0.4956521739130435,0.507061607270208,0.3952307552815305
8,5,30,115,rf,optimized_full,0.5043478260869565,0.501477933830875,0.4056578112249525
8,5,30,115,mlp,optimized_full,0.4956521739130435,0.49372598026208797,0.395121066473202
8,10,60,115,svm,raw,0.5478260869565217,0.5415114654452222,0.4562153314540329
8,10,60,115,knn,raw,0.4956521739130435,0.49339990095804054,0.39473684210526305
8,10,60,115,rf,raw,0.7217391304347827,0.7275397710180318,0.6656976744186047
8,10,60,115,mlp,raw,0.5391304347826087,0.5371277928490977,0.4466134011258398
8,10,60,115,svm,raw_pca17,0.8695652173913043,0.8741917177354767,0.843024843024843
8,10,60,115,knn,raw_pca17,0.8260869565217391,0.8336577985514749,0.791250680704302
8,10,60,115,rf,raw_pca17,0.9391304347826087,0.941520484438441,0.9268048736133843
8,10,60,115,mlp,raw_pca17,0.9130434782608695,0.9131515875701922,0.8956348125964244
8,10,60,115,svm,corrected,0.9478260869565217,0.9482873851294905,0.9373240076301208
8,10,60,115,knn,corrected,0.8869565217391304,0.8920824388909495,0.8642883079157588
8,10,60,115,rf,corrected,0.9565217391304348,0.958467048283982,0.9477510222626079
8,10,60,115,mlp,corrected,0.9217391304347826,0.9245571658615136,0.9059432933478735
8,10,60,115,svm,optimized_action,0.8956521739130435,0.8953869593575478,0.8745454545454545
8,10,60,115,knn,optimized_action,0.8347826086956521,0.8387549121530814,0.8016521423384169
8,10,60,115,rf,optimized_action,0.9043478260869565,0.9050387572446397,0.8849895445040459
8,10,60,115,mlp,optimized_action,0.9130434782608695,0.9148697319429027,0.8955684707591718
8,10,60,115,svm,optimized_full,0.6,0.5949477743765291,0.5209201231660932
8,10,60,115,knn,optimized_full,0.4956521739130435,0.5031858348718955,0.39501133786848064
8,10,60,115,rf,optimized_full,0.7130434782608696,0.7082698082698083,0.6555636231620985
8,10,60,115,mlp,optimized_full,0.6173913043478261,0.6166710046283217,0.5407098121085595
9,1,6,115,svm,raw,0.21739130434782608,0.21318929199113532,0.06317885590152073
9,1,6,115,knn,raw,0.21739130434782608,0.21318929199113532,0.06317885590152073
9,1,6,115,rf,raw,0.22608695652173913,0.20476628836198016,0.07417458163726831
9,1,6,115,mlp,raw,0.21739130434782608,0.20185923097832803,0.061309631779430385
9,1,6,115,svm,raw_pca17,0.33043478260869563,0.281069470652804,0.20088439671509783
9,1,6,115,knn,raw_pca17,0.33043478260869563,0.281069470652804,0.20088439671509783
9,1,6,115,rf,raw_pca17,0.3652173913043478,0.3349717412217412,0.23965220541617593
9,1,6,115,mlp,raw_pca17,0.3652173913043478,0.346155786519098,0.24437443744374432
9,1,6,115,svm,corrected,0.5652173913043478,0.5337385566849703,0.47954380883417824
9,1,6,115,knn,corrected,0.5652173913043478,0.5337385566849703,0.47954380883417824
9,1,6,115,rf,corrected,0.6,0.5622066529961267,0.5209635062935797
9,1,6,115,mlp,corrected,0.6434782608695652,0.627970428945928,0.5738045738045738
9,1,6,115,svm,optimized_action,0.5826086956521739,0.527063467671987,0.5012198427758201
9,1,6,115,knn,optimized_action,0.5826086956521739,0.527063467671987,0.5012198427758201
9,1,6,115,rf,optimized_action,0.5043478260869565,0.46973240707283265,0.4071628832413855
9,1,6,115,mlp,optimized_action,0.6086956521739131,0.589378442010021,0.5323936026023313
9,1,6,115,svm,optimized_full,0.2608695652173913,0.25888220605292217,0.11690306260728156
9,1,6,115,knn,optimized_full,0.25217391304347825,0.25448172564044774,0.10627146213627336
9,1,6,115,rf,optimized_full,0.2782608695652174,0.28163100989187945,0.1367459527900876
9,1,6,115,mlp,optimized_full,0.23478260869565218,0.22698412199690973,0.084742696934069
9,3,18,115,svm,raw,0.33043478260869563,0.3300689190933094,0.1954388515355262
9,3,18,115,knn,raw,0.30434782608695654,0.30305542364365895,0.16772209155056994
9,3,18,115,rf,raw,0.43478260869565216,0.4231900543531805,0.32076328941390275
9,3,18,115,mlp,raw,0.3652173913043478,0.36170055997642203,0.2386868595266164
9,3,18,115,svm,raw_pca17,0.5652173913043478,0.5727727406752174,0.4760820045558086
9,3,18,115,knn,raw_pca17,0.5826086956521739,0.5733597528655668,0.4993197278911564
9,3,18,115,rf,raw_pca17,0.7739130434782608,0.7745049216321447,0.7286997550131566
9,3,18,115,mlp,raw_pca17,0.6521739130434783,0.6460126177432872,0.5815899581589957
9,3,18,115,svm,corrected,0.6956521739130435,0.692155756241343,0.634090909090909
9,3,18,115,knn,corrected,0.6086956521739131,0.5796852329531151,0.5318436764971955
9,3,18,115,rf,corrected,0.7391304347826086,0.7432150529069657,0.6868760210564531
9,3,18,115,mlp,corrected,0.7304347826086957,0.720104739716406,0.6772879514800398
9,3,18,115,svm,optimized_action,0.7130434782608696,0.7119997538089193,0.6554072459820213
9,3,18,115,knn,optimized_action,0.5652173913043478,0.5609778436297065,0.4790250973996557
9,3,18,115,rf,optimized_action,0.7391304347826086,0.7439522889773204,0.6864206507907653
9,3,18,115,mlp,optimized_action,0.7304347826086957,0.7283718991036064,0.6767319550235763
9,3,18,115,svm,optimized_full,0.3739130434782609,0.3902017170959407,0.24904770542354449
9,3,18,115,knn,optimized_full,0.3652173913043478,0.3678481733766286,0.23944555173038606
9,3,18,115,rf,optimized_full,0.34782608695652173,0.3483878895556824,0.21797080424335846
9,3,18,115,mlp,optimized_full,0.3565217391304348,0.37245071561156307,0.22874750770346208
9,5,30,115,svm,raw,0.4608695652173913,0.44250349053646826,0.3515234197362437
9,5,30,115,knn,raw,0.34782608695652173,0.34339892614787426,0.21903295907279963
9,5,30,115,rf,raw,0.5826086956521739,0.5771220795598485,0.49986409350366945
9,5,30,115,mlp,raw,0.4434782608695652,0.43324890890108275,0.3315775133956951
9,5,30,115,svm,raw_pca17,0.6608695652173913,0.6674878080122149,0.5933079434167573
9,5,30,115,knn,raw_pca17,0.591304347826087,0.57835989101233,0.5112577990776743
9,5,30,115,rf,raw_pca17,0.7565217391304347,0.7575784592473536,0.7079365079365079
9,5,30,115,mlp,raw_pca17,0.6869565217391305,0.6747510378485232,0.624898070127752
9,5,30,115,svm,corrected,0.7739130434782608,0.7869887110873829,0.7289211242067091
9,5,30,115,knn,corrected,0.6956521739130435,0.6887770868815407,0.6356806661839247
9,5,30,115,rf,corrected,0.8434782608695652,0.8461463086463086,0.8120915032679739
9,5,30,115,mlp,corrected,0.8,0.8013518013518014,0.7602863875294543
9,5,30,115,svm,optimized_action,0.7739130434782608,0.7823133880681369,0.7288473746259182
9,5,30,115,knn,optimized_action,0.6782608695652174,0.6710684801143664,0.6142688786148127
9,5,30,115,rf,optimized_action,0.8260869565217391,0.8273948081393524,0.7912696251928487
9,5,30,115,mlp,optimized_action,0.8173913043478261,0.8199627625975509,0.7807933194154488
9,5,30,115,svm,optimized_full,0.45217391304347826,0.4624904143577568,0.34160305343511443
9,5,30,115,knn,optimized_full,0.3739130434782609,0.38100016817821963,0.2504752421471893
9,5,30,115,rf,optimized_full,0.46956521739130436,0.48492400141392716,0.3644682007610074
9,5,30,115,mlp,optimized_full,0.5043478260869565,0.518254269265959,0.40528034839412086
9,10,60,115,svm,raw,0.5478260869565217,0.5517051264950424,0.4576455650281154
9,10,60,115,knn,raw,0.40869565217391307,0.41099588569795054,0.2904455131113328
9,10,60,115,rf,raw,0.6869565217391305,0.6887152686291854,0.6245579033281945
9,10,60,115,mlp,raw,0.6,0.6001907231844289,0.5198329853862214
9,10,60,115,svm,raw_pca17,0.7217391304347827,0.7349509173038585,0.6653937079468994
9,10,60,115,knn,raw_pca17,0.7304347826086957,0.7261694284190039,0.6767612657539215
9,10,60,115,rf,raw_pca17,0.8869565217391304,0.8899595750113988,0.8643867924528302
9,10,60,115,mlp,raw_pca17,0.7913043478260869,0.7933977039240198,0.7492732558139535
9,10,60,115,svm,corrected,0.8782608695652174,0.8850815447454102,0.8539417581420666
9,10,60,115,knn,corrected,0.8434782608695652,0.8480655802033135,0.8121597096188747
9,10,60,115,rf,corrected,0.9130434782608695,0.913757951993246,0.895511539160458
9,10,60,115,mlp,corrected,0.8956521739130435,0.8985999679570131,0.8746821649110061
9,10,60,115,svm,optimized_action,0.8521739130434782,0.8586609508668333,0.8224502769957316
9,10,60,115,knn,optimized_action,0.782608695652174,0.7843744093744095,0.7393708639289276
9,10,60,115,rf,optimized_action,0.9043478260869565,0.9042618160205741,0.8850418029807343
9,10,60,115,mlp,optimized_action,0.8782608695652174,0.8799565771588727,0.8537427325581396
9,10,60,115,svm,optimized_full,0.6086956521739131,0.6296653851183038,0.5286455961380817
9,10,60,115,knn,optimized_full,0.5652173913043478,0.5679133951445164,0.4794966959355481
9,10,60,115,rf,optimized_full,0.7304347826086957,0.7306397306397306,0.6762916553164442
9,10,60,115,mlp,optimized_full,0.6695652173913044,0.6884428690205765,0.6025827573663151
10,1,6,115,svm,raw,0.19130434782608696,0.17454083575748056,0.02382256297918961
10,1,6,115,knn,raw,0.19130434782608696,0.17454083575748056,0.02382256297918961
10,1,6,115,rf,raw,0.26956521739130435,0.23687518192162157,0.12029869775066038
10,1,6,115,mlp,raw,0.22608695652173913,0.20028822181296388,0.06700091157702848
10,1,6,115,svm,raw_pca17,0.4,0.37706930415263745,0.2814452594403696
10,1,6,115,knn,raw_pca17,0.4,0.37706930415263745,0.2814452594403696
10,1,6,115,rf,raw_pca17,0.3130434782608696,0.2925032702924417,0.1750658312902934
10,1,6,115,mlp,raw_pca17,0.4,0.3657988623126039,0.28111976807392647
10,1,6,115,svm,corrected,0.41739130434782606,0.4052354634011246,0.298525127458121
10,1,6,115,knn,corrected,0.41739130434782606,0.4052354634011246,0.298525127458121
10,1,6,115,rf,corrected,0.5391304347826087,0.5085680053919619,0.4432773109243697
10,1,6,115,mlp,corrected,0.4,0.380465856324808,0.28157537347215933
10,1,6,115,svm,optimized_action,0.4434782608695652,0.4340122255798871,0.3295682273638185
10,1,6,115,knn,optimized_action,0.4434782608695652,0.4340122255798871,0.3295682273638185
10,1,6,115,rf,optimized_action,0.4956521739130435,0.45521924371166117,0.39086757990867593
10,1,6,115,mlp,optimized_action,0.3652173913043478,0.3645347419341227,0.2398587468308585
10,1,6,115,svm,optimized_full,0.2,0.17804733954801763,0.035463579177682614
10,1,6,115,knn,optimized_full,0.2,0.17804733954801763,0.035463579177682614
10,1,6,115,rf,optimized_full,0.20869565217391303,0.18968446639626432,0.04612159329140464
10,1,6,115,mlp,optimized_full,0.20869565217391303,0.1963207089768196,0.04725054624908975
10,3,18,115,svm,raw,0.3391304347826087,0.2941863834667433,0.20718432510885343
10,3,18,115,knn,raw,0.30434782608695654,0.28329032169810137,0.1642441860465116
10,3,18,115,rf,raw,0.43478260869565216,0.39836860670194,0.321810923607331
10,3,18,115,mlp,raw,0.3217391304347826,0.2838272725133027,0.18558198656255664
10,3,18,115,svm,raw_pca17,0.6086956521739131,0.6096275398636893,0.530399274047187
10,3,18,115,knn,raw_pca17,0.591304347826087,0.577393373045547,0.5079654073736913
10,3,18,115,rf,raw_pca17,0.5826086956521739,0.5759710930442637,0.4988196840384964
10,3,18,115,mlp,raw_pca17,0.6260869565217392,0.6157265057504269,0.5500045500045501
10,3,18,115,svm,corrected,0.7304347826086957,0.7258620431964188,0.6762034514078111
10,3,18,115,knn,corrected,0.6434782608695652,0.6445530606099712,0.5720638954438192
10,3,18,115,rf,corrected,0.7130434782608696,0.7189617161554948,0.6555636231620983
10,3,18,115,mlp,corrected,0.7130434782608696,0.7126509233431104,0.655250726744186
10,3,18,115,svm,optimized_action,0.7391304347826086,0.7411154225178617,0.686620038150604
10,3,18,115,knn,optimized_action,0.6782608695652174,0.6724247637543895,0.6131818181818182
10,3,18,115,rf,optimized_action,0.7478260869565218,0.7501770396507239,0.6973409565296307
10,3,18,115,mlp,optimized_action,0.7652173913043478,0.7658257611987885,0.7179324127906976
10,3,18,115,svm,optimized_full,0.4434782608695652,0.45086462509199476,0.33411743418076556
10,3,18,115,knn,optimized_full,0.3565217391304348,0.35970355382120095,0.22944585295182918
10,3,18,115,rf,optimized_full,0.5217391304347826,0.5226047178892447,0.4273945319572696
10,3,18,115,mlp,optimized_full,0.43478260869565216,0.4349935195523431,0.3245075004518344
10,5,30,115,svm,raw,0.40869565217391307,0.3653056819723486,0.2905742538328949
10,5,30,115,knn,raw,0.43478260869565216,0.41290305781628783,0.3185340505059714
10,5,30,115,rf,raw,0.4608695652173913,0.4413807494725716,0.35270086246028154
10,5,30,115,mlp,raw,0.41739130434782606,0.38256389539528457,0.3001816530426884
10,5,30,115,svm,raw_pca17,0.7043478260869566,0.6961105727038065,0.6455122393472348
10,5,30,115,knn,raw_pca17,0.6260869565217392,0.6225025206269845,0.5484842951059168
10,5,30,115,rf,raw_pca17,0.808695652173913,0.7972553298640256,0.7700836059614686
10,5,30,115,mlp,raw_pca17,0.6695652173913044,0.6516709985748205,0.6033042846768337
10,5,30,115,svm,corrected,0.8347826086956521,0.8238271909003617,0.8016521423384169
10,5,30,115,knn,corrected,0.8260869565217391,0.8229613408792975,0.791080025433736
10,5,30,115,rf,corrected,0.8695652173913043,0.8667517996465365,0.8433669299918278
10,5,30,115,mlp,corrected,0.8434782608695652,0.8407356775777829,0.8119549418604651
10,5,30,115,svm,optimized_action,0.808695652173913,0.8008329275670252,0.7703549060542798
10,5,30,115,knn,optimized_action,0.8,0.7912320592803357,0.7595673120625398
10,5,30,115,rf,optimized_action,0.8521739130434782,0.8493282877731705,0.8225147526100772
10,5,30,115,mlp,optimized_action,0.808695652173913,0.8020873698623059,0.7701462705551012
10,5,30,115,svm,optimized_full,0.6,0.5829407972265116,0.5193094048159927
10,5,30,115,knn,optimized_full,0.5130434782608696,0.5006574099173721,0.41433248453983273
10,5,30,115,rf,optimized_full,0.7391304347826086,0.7280444327873948,0.6865061335756475
10,5,30,115,mlp,optimized_full,0.591304347826087,0.5759511880103956,0.5086363636363637
10,10,60,115,svm,raw,0.5739130434782609,0.573721340388007,0.48833197130663764
10,10,60,115,knn,raw,0.46956521739130436,0.4394107991007216,0.3622147467951632
10,10,60,115,rf,raw,0.6260869565217392,0.6184987851654519,0.5514332365747461
10,10,60,115,mlp,raw,0.6173913043478261,0.6135880646502204,0.5407931754242672
10,10,60,115,svm,raw_pca17,0.808695652173913,0.8112065547503137,0.7705423544349719
10,10,60,115,knn,raw_pca17,0.7652173913043478,0.765375634570681,0.7173160961398397
10,10,60,115,rf,raw_pca17,0.8695652173913043,0.8717131724484665,0.8431675606873352
10,10,60,115,mlp,raw_pca17,0.8608695652173913,0.8667396432728097,0.8327120647331576
10,10,60,115,svm,corrected,0.9043478260869565,0.9036312085809933,0.8852295409181636
10,10,60,115,knn,corrected,0.8695652173913043,0.86988381988382,0.8434380105282265
10,10,60,115,rf,corrected,0.9217391304347826,0.9216101408014117,0.9060883767353235
10,10,60,115,mlp,corrected,0.8695652173913043,0.8715490984236737,0.843395369950068
10,10,60,115,svm,optimized_action,0.8869565217391304,0.8879699248120301,0.8643498775065783
10,10,60,115,knn,optimized_action,0.8,0.7984171823091112,0.7600036294347156
10,10,60,115,rf,optimized_action,0.8869565217391304,0.8890265347261496,0.8643129424577963
10,10,60,115,mlp,optimized_action,0.8869565217391304,0.8875970046701754,0.8641773416916507
10,10,60,115,svm,optimized_full,0.6782608695652174,0.6882928558153205,0.6142339075249319
10,10,60,115,knn,optimized_full,0.5304347826086957,0.5352017294325894,0.4361209479705802
10,10,60,115,rf,optimized_full,0.7304347826086957,0.7159199172029965,0.6762916553164442
10,10,60,115,mlp,optimized_full,0.6086956521739131,0.6085460620344342,0.5303140315846796
11,1,6,115,svm,raw,0.28695652173913044,0.24530384309920913,0.14443839593540186
11,1,6,115,knn,raw,0.28695652173913044,0.24530384309920913,0.14443839593540186
11,1,6,115,rf,raw,0.33043478260869563,0.25923786181139125,0.19791666666666663
11,1,6,115,mlp,raw,0.26956521739130435,0.26290886382305,0.12563359884141934
11,1,6,115,svm,raw_pca17,0.33043478260869563,0.3038369335081444,0.20030705319245012
11,1,6,115,knn,raw_pca17,0.33043478260869563,0.3038369335081444,0.20030705319245012
11,1,6,115,rf,raw_pca17,0.34782608695652173,0.2914516517964794,0.22002170374389574
11,1,6,115,mlp,raw_pca17,0.2,0.19987053311828662,0.04598737601442726
11,1,6,115,svm,corrected,0.591304347826087,0.5740656578160173,0.5115669618651726
11,1,6,115,knn,corrected,0.591304347826087,0.5740656578160173,0.5115669618651726
11,1,6,115,rf,corrected,0.5043478260869565,0.461287309182046,0.40667994207096303
11,1,6,115,mlp,corrected,0.6,0.5795844418137922,0.5220023493268275
11,1,6,115,svm,optimized_action,0.5478260869565217,0.5037457173315587,0.4598012646793135
11,1,6,115,knn,optimized_action,0.5478260869565217,0.5037457173315587,0.4598012646793135
11,1,6,115,rf,optimized_action,0.4956521739130435,0.44433475127023514,0.39643471179078826
11,1,6,115,mlp,optimized_action,0.5652173913043478,0.5064504209241051,0.4809532406571584
11,1,6,115,svm,optimized_full,0.28695652173913044,0.25506579266269186,0.14868646745508718
11,1,6,115,knn,optimized_full,0.2782608695652174,0.24904192209156747,0.13830459510697835
11,1,6,115,rf,optimized_full,0.33043478260869563,0.30235170427288655,0.20081227436823113
11,1,6,115,mlp,optimized_full,0.3217391304347826,0.28415361481723034,0.18852903926180586
11,3,18,115,svm,raw,0.391304347826087,0.3728822334645403,0.2702384190009971
11,3,18,115,knn,raw,0.26956521739130435,0.2541480156612432,0.12181818181818183
11,3,18,115,rf,raw,0.40869565217391307,0.40558823529411764,0.29294755877034373
11,3,18,115,mlp,raw,0.391304347826087,0.38035958035958034,0.270436831611383
11,3,18,115,svm,raw_pca17,0.6869565217391305,0.7082097114280318,0.6248300860897147
11,3,18,115,knn,raw_pca17,0.6086956521739131,0.6117343304843305,0.5304418836766174
11,3,18,115,rf,raw_pca17,0.7130434782608696,0.721580275928102,0.6562811339552577
11,3,18,115,mlp,raw_pca17,0.7043478260869566,0.7167732804765129,0.6453514739229025
11,3,18,115,svm,corrected,0.782608695652174,0.7835053565736083,0.7387076251931292
11,3,18,115,knn,corrected,0.7391304347826086,0.7439368350469633,0.6870464441219157
11,3,18,115,rf,corrected,0.7913043478260869,0.7938284625591128,0.7498413849361008
11,3,18,115,mlp,corrected,0.782608695652174,0.7805596069326047,0.7394653375623017
11,3,18,115,svm,optimized_action,0.782608695652174,0.7848611128228091,0.7386363636363638
11,3,18,115,knn,optimized_action,0.7217391304347827,0.7213909907768357,0.6664854087366323
11,3,18,115,rf,optimized_action,0.8,0.8027257421580267,0.7601777133012966
11,3,18,115,mlp,optimized_action,0.782608695652174,0.7842809769527862,0.7394181093084383
11,3,18,115,svm,optimized_full,0.5217391304347826,0.5203957318327638,0.42505226797563855
11,3,18,115,knn,optimized_full,0.5217391304347826,0.5102020793426031,0.4245815138282387
11,3,18,115,rf,optimized_full,0.5565217391304348,0.552754341998528,0.4676409185803758
11,3,18,115,mlp,optimized_full,0.5652173913043478,0.5610649842073991,0.47765261627906985
11,5,30,115,svm,raw,0.40869565217391307,0.3897638229775963,0.29371387283237005
11,5,30,115,knn,raw,0.3391304347826087,0.3200405681025836,0.2071124013426473
11,5,30,115,rf,raw,0.5565217391304348,0.5312755820002196,0.4703810727830955
11,5,30,115,mlp,raw,0.4608695652173913,0.4409669641172617,0.35562584726615454
11,5,30,115,svm,raw_pca17,0.6434782608695652,0.659778383662765,0.5733417790245227
11,5,30,115,knn,raw_pca17,0.6608695652173913,0.6584763895108723,0.5935659265971908
11,5,30,115,rf,raw_pca17,0.7304347826086957,0.7247726415067163,0.6776381227959128
11,5,30,115,mlp,raw_pca17,0.7217391304347827,0.7238231649996356,0.666273691847284
11,5,30,115,svm,corrected,0.7739130434782608,0.7681554055891278,0.7297297297297298
11,5,30,115,knn,corrected,0.7304347826086957,0.7263777569521408,0.6773171614771905
11,5,30,115,rf,corrected,0.8173913043478261,0.8177490887765205,0.7813886122929302
11,5,30,115,mlp,corrected,0.7043478260869566,0.6914943852443852,0.6463138851198553
11,5,30,115,svm,optimized_action,0.8173913043478261,0.8250875415489077,0.7812103641964124
11,5,30,115,knn,optimized_action,0.7130434782608696,0.714476702594133,0.6558447447175115
11,5,30,115,rf,optimized_action,0.8173913043478261,0.8189812207783967,0.7811310494834149
11,5,30,115,mlp,optimized_action,0.7565217391304347,0.756214840934705,0.7083333333333333
11,5,30,115,svm,optimized_full,0.6260869565217392,0.6332671421343369,0.5511482254697286
11,5,30,115,knn,optimized_full,0.5565217391304348,0.5440254725969011,0.4669635553939836
11,5,30,115,rf,optimized_full,0.7043478260869566,0.7084426626033512,0.6449650413148098
11,5,30,115,mlp,optimized_full,0.6260869565217392,0.6172868520694608,0.5509036418127327
11,10,60,115,svm,raw,0.6086956521739131,0.6046034513776449,0.5315470263419934
11,10,60,115,knn,raw,0.43478260869565216,0.41822195822195835,0.3216878402903812
11,10,60,115,rf,raw,0.6956521739130435,0.6872534872534873,0.6357136392433704
11,10,60,115,mlp,raw,0.6173913043478261,0.6158465956507572,0.5413758723828515
11,10,60,115,svm,raw_pca17,0.782608695652174,0.7976233625824333,0.7392999637286906
11,10,60,115,knn,raw_pca17,0.782608695652174,0.7899597478544846,0.7389211768979296
11,10,60,115,rf,raw_pca17,0.9043478260869565,0.9053177763383154,0.8852919840406239
11,10,60,115,mlp,raw_pca17,0.8260869565217391,0.8277642953509449,0.7915155910079767
11,10,60,115,svm,corrected,0.8608695652173913,0.86519082308556,0.8331671049052498
11,10,60,115,knn,corrected,0.7739130434782608,0.7715250308921485,0.7281571051913811
11,10,60,115,rf,corrected,0.9217391304347826,0.9238545027697788,0.9061139332365747
11,10,60,115,mlp,corrected,0.8521739130434782,0.8516142252596263,0.8225791814139214
11,10,60,115,svm,optimized_action,0.8521739130434782,0.8563061400270703,0.8227239753355096
11,10,60,115,knn,optimized_action,0.8173913043478261,0.8191875490385102,0.7806140988372093
11,10,60,115,rf,optimized_action,0.8956521739130435,0.8973721067374317,0.8748639825897715
11,10,60,115,mlp,optimized_action,0.8260869565217391,0.8241294492408288,0.7913453687743808
11,10,60,115,svm,optimized_full,0.6782608695652174,0.6746405496405498,0.6135682499318863
11,10,60,115,knn,optimized_full,0.6086956521739131,0.5996843434343434,0.5305696661828737
11,10,60,115,rf,optimized_full,0.8434782608695652,0.8423064691036449,0.8121937942297224
11,10,60,115,mlp,optimized_full,0.7043478260869566,0.6979885810127745,0.644997276193935
12,1,6,115,svm,raw,0.21739130434782608,0.19652415570903692,0.0606280631693592
12,1,6,115,knn,raw,0.21739130434782608,0.19652415570903692,0.0606280631693592
12,1,6,115,rf,raw,0.2782608695652174,0.24043039616810105,0.13486812290401518
12,1,6,115,mlp,raw,0.1826086956521739,0.16879888455168116,0.019323233239590065
12,1,6,115,svm,raw_pca17,0.3130434782608696,0.2810668921656713,0.17753032772044175
12,1,6,115,knn,raw_pca17,0.3130434782608696,0.2810668921656713,0.17753032772044175
12,1,6,115,rf,raw_pca17,0.26956521739130435,0.23593249860330603,0.12133891213389147
12,1,6,115,mlp,raw_pca17,0.1826086956521739,0.1511930903235251,0.0188781993102195
12,1,6,115,svm,corrected,0.4,0.41313174377283546,0.2809894889452701
12,1,6,115,knn,corrected,0.4,0.41313174377283546,0.2809894889452701
12,1,6,115,rf,corrected,0.5043478260869565,0.4982422261834026,0.4068410098633608
12,1,6,115,mlp,corrected,0.46956521739130436,0.4823240419638379,0.36302551530009985
12,1,6,115,svm,optimized_action,0.391304347826087,0.39584492888064315,0.27116342236306024
12,1,6,115,knn,optimized_action,0.391304347826087,0.39584492888064315,0.27116342236306024
12,1,6,115,rf,optimized_action,0.4782608695652174,0.45702512889213653,0.37522636725823977
12,1,6,115,mlp,optimized_action,0.4260869565217391,0.41636107593862787,0.31200145032632354
12,1,6,115,svm,optimized_full,0.23478260869565218,0.2314062851450688,0.08191962260727581
12,1,6,115,knn,optimized_full,0.24347826086956523,0.24320700951906626,0.09111555232558133
12,1,6,115,rf,optimized_full,0.20869565217391303,0.1794755897581337,0.051653828726778483
12,1,6,115,mlp,optimized_full,0.1826086956521739,0.1773092691182753,0.018254472799927535
12,3,18,115,svm,raw,0.3739130434782609,0.3636900918829416,0.2512885432679265
12,3,18,115,knn,raw,0.3217391304347826,0.31052259741567306,0.18823529411764706
12,3,18,115,rf,raw,0.43478260869565216,0.4267228029423152,0.323161897863093
12,3,18,115,mlp,raw,0.40869565217391307,0.3909283615165968,0.2926917510853835
12,3,18,115,svm,raw_pca17,0.4782608695652174,0.47024269827241544,0.37804218496484576
12,3,18,115,knn,raw_pca17,0.4608695652173913,0.46773102965053437,0.35334663522582976
12,3,18,115,rf,raw_pca17,0.591304347826087,0.568072054669478,0.5112577990776743
12,3,18,115,mlp,raw_pca17,0.4956521739130435,0.4844003668576051,0.39627081824764665
12,3,18,115,svm,corrected,0.6608695652173913,0.663256156027841,0.5952531359985561
12,3,18,115,knn,corrected,0.591304347826087,0.5694215378007956,0.5120079451065367
12,3,18,115,rf,corrected,0.6695652173913044,0.6612197542324584,0.6054888507718696
12,3,18,115,mlp,corrected,0.591304347826087,0.5840270484044553,0.5122721530409673
12,3,18,115,svm,optimized_action,0.6173913043478261,0.5961129397393838,0.5438564860722979
12,3,18,115,knn,optimized_action,0.6,0.5698638059736458,0.5225200830399856
12,3,18,115,rf,optimized_action,0.6869565217391305,0.6783374294204706,0.6262525954680871
12,3,18,115,mlp,optimized_action,0.5826086956521739,0.554857202418178,0.5020297699594046
12,3,18,115,svm,optimized_full,0.46956521739130436,0.47016326073894216,0.3620987542056924
12,3,18,115,knn,optimized_full,0.43478260869565216,0.4201941629339838,0.3257261410788381
12,3,18,115,rf,optimized_full,0.4608695652173913,0.44746818480121525,0.3575997837643031
12,3,18,115,mlp,optimized_full,0.4260869565217391,0.39299017997607183,0.31504376861294114
12,5,30,115,svm,raw,0.3826086956521739,0.3893040098922451,0.25927605914905205
12,5,30,115,knn,raw,0.4434782608695652,0.42983624683768157,0.3326079071454481
12,5,30,115,rf,raw,0.4956521739130435,0.4883502032052756,0.3953952139231326
12,5,30,115,mlp,raw,0.43478260869565216,0.4219643562631367,0.32242567077592454
12,5,30,115,svm,raw_pca17,0.5565217391304348,0.5737159455731562,0.4683165624150123
12,5,30,115,knn,raw_pca17,0.5826086956521739,0.5804355725741833,0.4998187749184486
12,5,30,115,rf,raw_pca17,0.6521739130434783,0.6492005742005742,0.5832200779197245
12,5,30,115,mlp,raw_pca17,0.6260869565217392,0.6243594726566862,0.5510667271901952
12,5,30,115,svm,corrected,0.7478260869565218,0.7482329646803332,0.6982173558953941
12,5,30,115,knn,corrected,0.7043478260869566,0.6885108591783817,0.6467612250429127
12,5,30,115,rf,corrected,0.8434782608695652,0.842254684327855,0.8125
12,5,30,115,mlp,corrected,0.7478260869565218,0.7388159538535478,0.6986536550103912
12,5,30,115,svm,optimized_action,0.7391304347826086,0.7361842105263158,0.6874433774234463
12,5,30,115,knn,optimized_action,0.6521739130434783,0.6285897939406712,0.5845000451630386
12,5,30,115,rf,optimized_action,0.8695652173913043,0.869752343436554,0.8436366932559827
12,5,30,115,mlp,optimized_action,0.7304347826086957,0.7226343101343101,0.677433948606587
12,5,30,115,svm,optimized_full,0.5304347826086957,0.53863772708287,0.4358648255813953
12,5,30,115,knn,optimized_full,0.4782608695652174,0.46538118340608436,0.37720010831302475
12,5,30,115,rf,optimized_full,0.5478260869565217,0.535826405222957,0.45882352941176474
12,5,30,115,mlp,optimized_full,0.5130434782608696,0.5069142878766592,0.4163494652891063
12,10,60,115,svm,raw,0.6086956521739131,0.617762029994852,0.5306122448979591
12,10,60,115,knn,raw,0.5739130434782609,0.5648803352189103,0.4893520616221114
12,10,60,115,rf,raw,0.7478260869565218,0.7590562332010151,0.6971210607574244
12,10,60,115,mlp,raw,0.6434782608695652,0.6408446524235999,0.5722968069666183
12,10,60,115,svm,raw_pca17,0.7913043478260869,0.8093915888033535,0.7495690046275292
12,10,60,115,knn,raw_pca17,0.808695652173913,0.8076843680468851,0.770500725689405
12,10,60,115,rf,raw_pca17,0.9043478260869565,0.9059290998315387,0.8852087114337568
12,10,60,115,mlp,raw_pca17,0.8260869565217391,0.8282555597071727,0.7911369415183437
12,10,60,115,svm,corrected,0.8695652173913043,0.8707314457314458,0.8435799782372144
12,10,60,115,knn,corrected,0.8260869565217391,0.8252940042413727,0.791402140395429
12,10,60,115,rf,corrected,0.9391304347826087,0.9399988478935847,0.9269443688174971
12,10,60,115,mlp,corrected,0.8869565217391304,0.8873902044633754,0.8643744897033476
12,10,60,115,svm,optimized_action,0.8434782608695652,0.846802596802597,0.812312993018406
12,10,60,115,knn,optimized_action,0.7652173913043478,0.759420402067461,0.7188264058679708
12,10,60,115,rf,optimized_action,0.9478260869565217,0.9489905318852686,0.9373752042112906
12,10,60,115,mlp,optimized_action,0.8521739130434782,0.8526037965062355,0.8225469728601253
12,10,60,115,svm,optimized_full,0.6521739130434783,0.6505832610095282,0.5824255628177196
12,10,60,115,knn,optimized_full,0.5391304347826087,0.5362180013616402,0.448665762098598
12,10,60,115,rf,optimized_full,0.7565217391304347,0.7537696491752078,0.707936507936508
12,10,60,115,mlp,optimized_full,0.6260869565217392,0.622744485948491,0.5521239018204872
13,1,6,115,svm,raw,0.19130434782608696,0.16181635968252756,0.028345598255655635
13,1,6,115,knn,raw,0.19130434782608696,0.16181635968252756,0.028345598255655635
13,1,6,115,rf,raw,0.20869565217391303,0.1783555797247481,0.054822976878612706
13,1,6,115,mlp,raw,0.14782608695652175,0.1345284177521547,-0.021203334541500585
13,1,6,115,svm,raw_pca17,0.4956521739130435,0.4478199612115661,0.3939118582462515
13,1,6,115,knn,raw_pca17,0.4956521739130435,0.4478199612115661,0.3939118582462515
13,1,6,115,rf,raw_pca17,0.3652173913043478,0.31511932003922855,0.2364016736401673
13,1,6,115,mlp,raw_pca17,0.4782608695652174,0.4354620693539257,0.37403610632314244
13,1,6,115,svm,corrected,0.3739130434782609,0.30978510178017565,0.24952415480830237
13,1,6,115,knn,corrected,0.3739130434782609,0.30978510178017565,0.24952415480830237
13,1,6,115,rf,corrected,0.43478260869565216,0.3904784515895627,0.32493452542219825
13,1,6,115,mlp,corrected,0.4434782608695652,0.4011151368760064,0.3353201481080107
13,1,6,115,svm,optimized_action,0.4,0.33736955476085906,0.2826794431386729
13,1,6,115,knn,optimized_action,0.4,0.33736955476085906,0.2826794431386729
13,1,6,115,rf,optimized_action,0.41739130434782606,0.3572341313305169,0.3039118258198573
13,1,6,115,mlp,optimized_action,0.41739130434782606,0.39092410660071947,0.3022729330797791
13,1,6,115,svm,optimized_full,0.3130434782608696,0.23646658152405278,0.18049792531120323
13,1,6,115,knn,optimized_full,0.30434782608695654,0.23270110315212764,0.16989984661192825
13,1,6,115,rf,optimized_full,0.30434782608695654,0.2514645678811464,0.16847433116413613
13,1,6,115,mlp,optimized_full,0.3217391304347826,0.23808836996336993,0.19006772009029338
13,3,18,115,svm,raw,0.3739130434782609,0.3612762706965605,0.24603897286468768
13,3,18,115,knn,raw,0.3826086956521739,0.37414410208527854,0.2550182481751826
13,3,18,115,rf,raw,0.4608695652173913,0.45686960102890434,0.34933382004015323
13,3,18,115,mlp,raw,0.3739130434782609,0.36435293101959765,0.24638208792208982
13,3,18,115,svm,raw_pca17,0.6956521739130435,0.6970764208326786,0.6343236122467522
13,3,18,115,knn,raw_pca17,0.6521739130434783,0.6646065124788528,0.5815899581589957
13,3,18,115,rf,raw_pca17,0.6956521739130435,0.7028760863319686,0.6333576243395882
13,3,18,115,mlp,raw_pca17,0.6608695652173913,0.6527376625077773,0.5909712722298222
13,3,18,115,svm,corrected,0.7739130434782608,0.7727167432370181,0.7283793604651163
13,3,18,115,knn,corrected,0.6434782608695652,0.6384408602150539,0.5730326903921037
13,3,18,115,rf,corrected,0.7652173913043478,0.7678475935828878,0.7181372549019608
13,3,18,115,mlp,corrected,0.7043478260869566,0.7082209087468555,0.6450617283950617
13,3,18,115,svm,optimized_action,0.7565217391304347,0.7565225329901826,0.7075386012715713
13,3,18,115,knn,optimized_action,0.6695652173913044,0.6573078769702404,0.6035202322627472
13,3,18,115,rf,optimized_action,0.7913043478260869,0.7843158600731378,0.7493643298220123
13,3,18,115,mlp,optimized_action,0.7478260869565218,0.7498200886704004,0.6970660368789172
13,3,18,115,svm,optimized_full,0.4260869565217391,0.41697489390662684,0.3084282460136675
13,3,18,115,knn,optimized_full,0.4260869565217391,0.40357569503080337,0.3096862210095498
13,3,18,115,rf,optimized_full,0.43478260869565216,0.43133534895439657,0.3201455206912234
13,3,18,115,mlp,optimized_full,0.4782608695652174,0.4520438072324864,0.3712411153635867
13,5,30,115,svm,raw,0.41739130434782606,0.4000588175756068,0.30075324439604323
13,5,30,115,knn,raw,0.4260869565217391,0.41715980719317763,0.31062670299727513
13,5,30,115,rf,raw,0.5565217391304348,0.547236057569573,0.46647866824342765
13,5,30,115,mlp,raw,0.43478260869565216,0.4204289269506661,0.3222413636775774
13,5,30,115,svm,raw_pca17,0.782608695652174,0.7882337180666744,0.739394488759971
13,5,30,115,knn,raw_pca17,0.6869565217391305,0.6892615304380011,0.6239098837209303
13,5,30,115,rf,raw_pca17,0.808695652173913,0.8129565105174862,0.7703757487747322
13,5,30,115,mlp,raw_pca17,0.6956521739130435,0.7002391237990615,0.6349206349206349
13,5,30,115,svm,corrected,0.8173913043478261,0.8208142906285322,0.7807734204793029
13,5,30,115,knn,corrected,0.7043478260869566,0.691138712797699,0.6459616081130026
13,5,30,115,rf,corrected,0.8347826086956521,0.8369032436822968,0.8016521423384169
13,5,30,115,mlp,corrected,0.8173913043478261,0.8179566876614374,0.7810119695321001
13,5,30,115,svm,optimized_action,0.8173913043478261,0.8190293458265216,0.780952380952381
13,5,30,115,knn,optimized_action,0.6956521739130435,0.6811136187660578,0.6356476871548837
13,5,30,115,rf,optimized_action,0.7913043478260869,0.7934357858470467,0.749705268885463
13,5,30,115,mlp,optimized_action,0.8173913043478261,0.8179563166405273,0.7810913705583756
13,5,30,115,svm,optimized_full,0.46956521739130436,0.4793837535014005,0.36533067945354203
13,5,30,115,knn,optimized_full,0.41739130434782606,0.42716133768765346,0.3029672516736024
13,5,30,115,rf,optimized_full,0.5826086956521739,0.595162030045751,0.498956158663883
13,5,30,115,mlp,optimized_full,0.4608695652173913,0.47269737269737266,0.3542836442673428
13,10,60,115,svm,raw,0.6608695652173913,0.662030231931633,0.5934185477291272
13,10,60,115,knn,raw,0.4956521739130435,0.48711985893339155,0.3944071182131831
13,10,60,115,rf,raw,0.7304347826086957,0.7275776752554634,0.6767905711695377
13,10,60,115,mlp,raw,0.5826086956521739,0.5802254559480631,0.5001810938065918
13,10,60,115,svm,raw_pca17,0.8695652173913043,0.868747236616001,0.8434380105282265
13,10,60,115,knn,raw_pca17,0.8,0.7993610505881139,0.7601777133012966
13,10,60,115,rf,raw_pca17,0.8869565217391304,0.8942357192357192,0.8640414696253182
13,10,60,115,mlp,raw_pca17,0.8260869565217391,0.8288295338658935,0.7911369415183436
13,10,60,115,svm,corrected,0.8869565217391304,0.8889940714154122,0.8645342515404132
13,10,60,115,knn,corrected,0.7652173913043478,0.7483533699434357,0.7190807925450104
13,10,60,115,rf,corrected,0.9304347826086956,0.9327258577258578,0.9164851125635439
13,10,60,115,mlp,corrected,0.8608695652173913,0.8605502623474383,0.8331973529145137
13,10,60,115,svm,optimized_action,0.8782608695652174,0.8781788220812611,0.8541270272719036
13,10,60,115,knn,optimized_action,0.782608695652174,0.774128540305011,0.7398190045248869
13,10,60,115,rf,optimized_action,0.8956521739130435,0.8977796477796477,0.8748412842372574
13,10,60,115,mlp,optimized_action,0.8521739130434782,0.8512387564019054,0.8228203733913358
13,10,60,115,svm,optimized_full,0.6608695652173913,0.6571548035723822,0.5941543751696681
13,10,60,115,knn,optimized_full,0.5304347826086957,0.522482174688057,0.4384664074509449
13,10,60,115,rf,optimized_full,0.7391304347826086,0.7388119827144218,0.6874150584397933
13,10,60,115,mlp,optimized_full,0.6173913043478261,0.6168617807565111,0.5412927205149125
14,1,6,115,svm,raw,0.21739130434782608,0.14973108192620388,0.06520953757225445
14,1,6,115,knn,raw,0.21739130434782608,0.14973108192620388,0.06520953757225445
14,1,6,115,rf,raw,0.26956521739130435,0.2237878030681629,0.12737127371273704
14,1,6,115,mlp,raw,0.25217391304347825,0.20173491296679702,0.10723957393031225
14,1,6,115,svm,raw_pca17,0.30434782608695654,0.2613115279781946,0.1675714802750634
14,1,6,115,knn,raw_pca17,0.30434782608695654,0.2613115279781946,0.1675714802750634
14,1,6,115,rf,raw_pca17,0.26956521739130435,0.24915520584891784,0.1258709619039
14,1,6,115,mlp,raw_pca17,0.3652173913043478,0.32322693270969133,0.24013396089790018
14,1,6,115,svm,corrected,0.3826086956521739,0.36194048353414227,0.2634854771784232
14,1,6,115,knn,corrected,0.3826086956521739,0.36194048353414227,0.2634854771784232
14,1,6,115,rf,corrected,0.4434782608695652,0.40446743080494096,0.33507995302195315
14,1,6,115,mlp,corrected,0.3739130434782609,0.3643493647524463,0.25311203319502074
14,1,6,115,svm,optimized_action,0.45217391304347826,0.4382081905005773,0.34635510645976175
14,1,6,115,knn,optimized_action,0.45217391304347826,0.4382081905005773,0.34635510645976175
14,1,6,115,rf,optimized_action,0.46956521739130436,0.42609134160858303,0.3659616775126536
14,1,6,115,mlp,optimized_action,0.3826086956521739,0.3651257774064791,0.26361832611832603
14,1,6,115,svm,optimized_full,0.2,0.15337628112305474,0.0459013436739113
14,1,6,115,knn,optimized_full,0.2,0.15337628112305474,0.0459013436739113
14,1,6,115,rf,optimized_full,0.2,0.16955643390426,0.04684684684684681
14,1,6,115,mlp,optimized_full,0.24347826086956523,0.21012916521537214,0.09636921965317913
14,3,18,115,svm,raw,0.40869565217391307,0.4083498858890849,0.29153832215981157
14,3,18,115,knn,raw,0.40869565217391307,0.39409098802747566,0.2921795800144822
14,3,18,115,rf,raw,0.4782608695652174,0.4690402047737055,0.3732970027247956
14,3,18,115,mlp,raw,0.45217391304347826,0.42134089320247314,0.34315503173164097
14,3,18,115,svm,raw_pca17,0.6521739130434783,0.6682187660010239,0.5812471552116523
14,3,18,115,knn,raw_pca17,0.3826086956521739,0.3506224784859661,0.2613533562511309
14,3,18,115,rf,raw_pca17,0.6608695652173913,0.6670508732116347,0.5940809122997557
14,3,18,115,mlp,raw_pca17,0.591304347826087,0.599215078797656,0.5106382978723405
14,3,18,115,svm,corrected,0.7565217391304347,0.7621279717560784,0.7070863276630583
14,3,18,115,knn,corrected,0.6782608695652174,0.6872978407203427,0.6147578089633319
14,3,18,115,rf,corrected,0.7217391304347827,0.7313364621875259,0.6664249456127628
14,3,18,115,mlp,corrected,0.6869565217391305,0.6909740681670505,0.6244897959183673
14,3,18,115,svm,optimized_action,0.7304347826086957,0.7391469038208168,0.6757322175732217
14,3,18,115,knn,optimized_action,0.6869565217391305,0.6814912258877777,0.6253732693873858
14,3,18,115,rf,optimized_action,0.7130434782608696,0.719752035824475,0.6556261343012704
14,3,18,115,mlp,optimized_action,0.7043478260869566,0.7099472537553032,0.6459295481300371
14,3,18,115,svm,optimized_full,0.4782608695652174,0.44677803677803674,0.37635574837310193
14,3,18,115,knn,optimized_full,0.33043478260869563,0.31409342677146274,0.20196467195385714
14,3,18,115,rf,optimized_full,0.5478260869565217,0.5312480194097841,0.46004514672686225
14,3,18,115,mlp,optimized_full,0.5130434782608696,0.5012210968732708,0.41808981657179
14,5,30,115,svm,raw,0.4260869565217391,0.4237732095490716,0.31168948943502306
14,5,30,115,knn,raw,0.4260869565217391,0.4212962962962963,0.3123754303315819
14,5,30,115,rf,raw,0.45217391304347826,0.4381373746079628,0.34190208011626855
14,5,30,115,mlp,raw,0.4434782608695652,0.43095691976836514,0.3305439330543932
14,5,30,115,svm,raw_pca17,0.7739130434782608,0.7828719004470884,0.7280582082764893
14,5,30,115,knn,raw_pca17,0.6434782608695652,0.6344114888158535,0.5736118647133297
14,5,30,115,rf,raw_pca17,0.7217391304347827,0.7196925089081952,0.6665760623357797
14,5,30,115,mlp,raw_pca17,0.7130434782608696,0.7253601705934364,0.6557823129251701
14,5,30,115,svm,corrected,0.7913043478260869,0.7957630819472925,0.749705268885463
14,5,30,115,knn,corrected,0.7130434782608696,0.7209155594324556,0.6555948815682003
14,5,30,115,rf,corrected,0.7913043478260869,0.7989441390591324,0.7495917256396298
14,5,30,115,mlp,corrected,0.7217391304347827,0.7262153700750192,0.6661828737300435
14,5,30,115,svm,optimized_action,0.782608695652174,0.7871158221596269,0.7389922832501135
14,5,30,115,knn,optimized_action,0.7391304347826086,0.7432535037577055,0.6870464441219157
14,5,30,115,rf,optimized_action,0.8521739130434782,0.8562302062302063,0.8226596516690856
14,5,30,115,mlp,optimized_action,0.7130434782608696,0.7193121693121692,0.6560942455822384
14,5,30,115,svm,optimized_full,0.45217391304347826,0.44772537750732483,0.3440470801267542
14,5,30,115,knn,optimized_full,0.46956521739130436,0.45772209378127715,0.365445499773858
14,5,30,115,rf,optimized_full,0.591304347826087,0.5719929027783927,0.5116110960513238
14,5,30,115,mlp,optimized_full,0.48695652173913045,0.4915020555184795,0.3860284137182155
14,10,60,115,svm,raw,0.5826086956521739,0.5882147124082608,0.49913800925505847
14,10,60,115,knn,raw,0.4956521739130435,0.48585843169176496,0.39435212930173436
14,10,60,115,rf,raw,0.6521739130434783,0.657592652346871,0.5823876532001816
14,10,60,115,mlp,raw,0.6260869565217392,0.634422916886884,0.5506996183899691
14,10,60,115,svm,raw_pca17,0.8434782608695652,0.8524024577216068,0.8120744439400818
14,10,60,115,knn,raw_pca17,0.808695652173913,0.8097880697280547,0.7707294970548255
14,10,60,115,rf,raw_pca17,0.8956521739130435,0.8963575399621911,0.8747731397459165
14,10,60,115,mlp,raw_pca17,0.8,0.8005041478124809,0.7595891656062534
14,10,60,115,svm,corrected,0.8173913043478261,0.8223849021524544,0.7805542935029532
14,10,60,115,knn,corrected,0.8173913043478261,0.8198380566801621,0.7809921102747801
14,10,60,115,rf,corrected,0.8695652173913043,0.8692294089352912,0.8432388222464559
14,10,60,115,mlp,corrected,0.7391304347826086,0.7483939421320825,0.6863921461685302
14,10,60,115,svm,optimized_action,0.8,0.8061328585128895,0.7595673120625398
14,10,60,115,knn,optimized_action,0.8260869565217391,0.8301956441491326,0.7913264380330248
14,10,60,115,rf,optimized_action,0.8956521739130435,0.8968634904072493,0.8746366279069767
14,10,60,115,mlp,optimized_action,0.7478260869565218,0.7496555293581587,0.6969283896764813
14,10,60,115,svm,optimized_full,0.6,0.5922273497667346,0.519658585308272
14,10,60,115,knn,optimized_full,0.4956521739130435,0.4942164934424997,0.3962161672852357
14,10,60,115,rf,optimized_full,0.6869565217391305,0.6759698951951463,0.625169760072431
14,10,60,115,mlp,optimized_full,0.6,0.5968285776702292,0.5195713377531559
15,1,6,115,svm,raw,0.2956521739130435,0.26789094425649046,0.15217984891235103
15,1,6,115,knn,raw,0.2956521739130435,0.26789094425649046,0.15217984891235103
15,1,6,115,rf,raw,0.3217391304347826,0.29716623118078883,0.18164401058297597
15,1,6,115,mlp,raw,0.26956521739130435,0.25087654883621563,0.12093912093912074
15,1,6,115,svm,raw_pca17,0.4782608695652174,0.436721294108435,0.37414965986394566
15,1,6,115,knn,raw_pca17,0.4782608695652174,0.436721294108435,0.37414965986394566
15,1,6,115,rf,raw_pca17,0.45217391304347826,0.4306755943558209,0.3413636363636363
15,1,6,115,mlp,raw_pca17,0.391304347826087,0.3688037510897481,0.27142727848674086
15,1,6,115,svm,corrected,0.5217391304347826,0.5210684368579106,0.42713522325876274
15,1,6,115,knn,corrected,0.5217391304347826,0.5210684368579106,0.42713522325876274
15,1,6,115,rf,corrected,0.5652173913043478,0.5335146278563144,0.47855264351138116
15,1,6,115,mlp,corrected,0.5652173913043478,0.5691027027687645,0.47916666666666663
15,1,6,115,svm,optimized_action,0.5478260869565217,0.5350500876816666,0.45882352941176463
15,1,6,115,knn,optimized_action,0.5478260869565217,0.5350500876816666,0.45882352941176463
15,1,6,115,rf,optimized_action,0.5478260869565217,0.5194781371668163,0.45833333333333337
15,1,6,115,mlp,optimized_action,0.5304347826086957,0.5130196531724546,0.4378055404671374
15,1,6,115,svm,optimized_full,0.2956521739130435,0.2827014896867838,0.15990259740259727
15,1,6,115,knn,optimized_full,0.28695652173913044,0.28179485744140914,0.14953102453102463
15,1,6,115,rf,optimized_full,0.2956521739130435,0.2619843528229258,0.15617356644623626
15,1,6,115,mlp,optimized_full,0.2956521739130435,0.31049533075395147,0.15846056554340948
15,3,18,115,svm,raw,0.3739130434782609,0.37776364667257245,0.24966017217942915
15,3,18,115,knn,raw,0.3130434782608696,0.2946042400040246,0.17371532514779453
15,3,18,115,rf,raw,0.34782608695652173,0.35013970620272433,0.2166923985105803
15,3,18,115,mlp,raw,0.3565217391304348,0.34889627675530394,0.22692587209302328
15,3,18,115,svm,raw_pca17,0.6086956521739131,0.6170860891677975,0.5309100797679478
15,3,18,115,knn,raw_pca17,0.6,0.5959558821674139,0.5181710538300393
15,3,18,115,rf,raw_pca17,0.5652173913043478,0.5734572234572234,0.478316095082562
15,3,18,115,mlp,raw_pca17,0.6347826086956522,0.6357269141846865,0.5616264294790343
15,3,18,115,svm,corrected,0.7217391304347827,0.7236115930881941,0.6675700090334238
15,3,18,115,knn,corrected,0.7217391304347827,0.7341010282186753,0.6661525900390094
15,3,18,115,rf,corrected,0.7304347826086957,0.7299281401335317,0.6770248233375611
15,3,18,115,mlp,corrected,0.7304347826086957,0.7275517967184933,0.6774047597502488
15,3,18,115,svm,optimized_action,0.7043478260869566,0.7051671418434219,0.6466654617748058
15,3,18,115,knn,optimized_action,0.6956521739130435,0.7005216640085061,0.6348212665577935
15,3,18,115,rf,optimized_action,0.7217391304347827,0.7200845252342551,0.6668477276842295
15,3,18,115,mlp,optimized_action,0.6782608695652174,0.6781930426667269,0.6145484192408732
15,3,18,115,svm,optimized_full,0.3652173913043478,0.36304137039431156,0.24109564274091488
15,3,18,115,knn,optimized_full,0.40869565217391307,0.3879056957724371,0.2905098893122846
15,3,18,115,rf,optimized_full,0.41739130434782606,0.40987666796261885,0.30315637152934793
15,3,18,115,mlp,optimized_full,0.3652173913043478,0.363709071975201,0.24020273327902986
15,5,30,115,svm,raw,0.4608695652173913,0.455173690365328,0.353756911084927
15,5,30,115,knn,raw,0.34782608695652173,0.33755411880411873,0.21476693372177702
15,5,30,115,rf,raw,0.4956521739130435,0.5020430489883264,0.3932502501591921
15,5,30,115,mlp,raw,0.391304347826087,0.376717248383915,0.26944368817497044
15,5,30,115,svm,raw_pca17,0.6521739130434783,0.6413631004735739,0.5835973567484385
15,5,30,115,knn,raw_pca17,0.6260869565217392,0.6213309597883783,0.5484018264840183
15,5,30,115,rf,raw_pca17,0.7652173913043478,0.7647490923797751,0.7178555202180827
15,5,30,115,mlp,raw_pca17,0.6869565217391305,0.6801790524885528,0.6237389802781059
15,5,30,115,svm,corrected,0.8434782608695652,0.8449128558884657,0.8121937942297224
15,5,30,115,knn,corrected,0.8,0.8112247162667331,0.760047174090538
15,5,30,115,rf,corrected,0.8782608695652174,0.8797103581895547,0.8539814982768003
15,5,30,115,mlp,corrected,0.8608695652173913,0.8608930863744727,0.8330308529945554
15,5,30,115,svm,optimized_action,0.8347826086956521,0.8374667147314039,0.8019757114373753
15,5,30,115,knn,optimized_action,0.7913043478260869,0.7955516485554033,0.7490452809601746
15,5,30,115,rf,optimized_action,0.8347826086956521,0.8377969496390549,0.8019936565473493
15,5,30,115,mlp,optimized_action,0.8260869565217391,0.827983048714756,0.7912885662431942
15,5,30,115,svm,optimized_full,0.5217391304347826,0.5210125025593285,0.4261997641295473
15,5,30,115,knn,optimized_full,0.46956521739130436,0.46063130995907414,0.36458333333333326
15,5,30,115,rf,optimized_full,0.6,0.6025442028247078,0.5207899266237885
15,5,30,115,mlp,optimized_full,0.4782608695652174,0.46613339148973054,0.37539603512265785
15,10,60,115,svm,raw,0.5565217391304348,0.5543086139363418,0.46802721088435373
15,10,60,115,knn,raw,0.41739130434782606,0.41515301350916634,0.29999091487235385
15,10,60,115,rf,raw,0.6173913043478261,0.6204272583779226,0.5398745112303356
15,10,60,115,mlp,raw,0.5043478260869565,0.5068340720514634,0.4039825422804145
15,10,60,115,svm,raw_pca17,0.8695652173913043,0.8716418098771038,0.8434664246823956
15,10,60,115,knn,raw_pca17,0.7652173913043478,0.7662706643142713,0.7177272727272728
15,10,60,115,rf,raw_pca17,0.8434782608695652,0.8428940568475453,0.8118352877011181
15,10,60,115,mlp,raw_pca17,0.8,0.8056703121219252,0.7596765400690533
15,10,60,115,svm,corrected,0.8608695652173913,0.8638794638794639,0.832833651312801
15,10,60,115,knn,corrected,0.8434782608695652,0.8452531981943747,0.8120232473665093
15,10,60,115,rf,corrected,0.9304347826086956,0.929582415355329,0.9164547766073374
15,10,60,115,mlp,corrected,0.8695652173913043,0.8704954954954957,0.843281548105751
15,10,60,115,svm,optimized_action,0.8521739130434782,0.8553945193480077,0.8224180216186756
15,10,60,115,knn,optimized_action,0.8608695652173913,0.8613821926321927,0.8328943783489238
15,10,60,115,rf,optimized_action,0.9130434782608695,0.9131355013707955,0.8955874341746868
15,10,60,115,mlp,optimized_action,0.8695652173913043,0.869930644930645,0.8432957848837209
15,10,60,115,svm,optimized_full,0.6347826086956522,0.638922308277147,0.5615468409586056
15,10,60,115,knn,optimized_full,0.591304347826087,0.5848739331297471,0.5109482446615996
15,10,60,115,rf,optimized_full,0.7130434782608696,0.7106993682731808,0.6559071538670777
15,10,60,115,mlp,optimized_full,0.6782608695652174,0.6753444794420899,0.6135331516802907
16,1,6,115,svm,raw,0.3391304347826087,0.31923992715966626,0.20531005637388633
16,1,6,115,knn,raw,0.3391304347826087,0.31923992715966626,0.20531005637388633
16,1,6,115,rf,raw,0.2956521739130435,0.27679581172519074,0.15594418267488208
16,1,6,115,mlp,raw,0.3826086956521739,0.36760644630372713,0.2597461468721669
16,1,6,115,svm,raw_pca17,0.41739130434782606,0.40470597355577415,0.30246242983885563
16,1,6,115,knn,raw_pca17,0.40869565217391307,0.3894843773906072,0.29198732458125853
16,1,6,115,rf,raw_pca17,0.41739130434782606,0.4127709961043295,0.3010069853941759
16,1,6,115,mlp,raw_pca17,0.4608695652173913,0.40796569372656327,0.34903679357253725
16,1,6,115,svm,corrected,0.6173913043478261,0.6182550707168704,0.540542994642695
16,1,6,115,knn,corrected,0.6173913043478261,0.6182550707168704,0.540542994642695
16,1,6,115,rf,corrected,0.5652173913043478,0.5587834798361114,0.47831609508256223
16,1,6,115,mlp,corrected,0.5652173913043478,0.5695215790333211,0.4773677513179422
16,1,6,115,svm,optimized_action,0.6173913043478261,0.6151412202140638,0.5396233281775998
16,1,6,115,knn,optimized_action,0.6173913043478261,0.6151412202140638,0.5396233281775998
16,1,6,115,rf,optimized_action,0.5652173913043478,0.5433275358971953,0.4786472028289057
16,1,6,115,mlp,optimized_action,0.591304347826087,0.6008706218065824,0.5090826521344232
16,1,6,115,svm,optimized_full,0.40869565217391307,0.4107719811111652,0.29377765736476114
16,1,6,115,knn,optimized_full,0.391304347826087,0.3971693326996481,0.2730064119931366
16,1,6,115,rf,optimized_full,0.3565217391304348,0.35148159699883835,0.22965510998461136
16,1,6,115,mlp,optimized_full,0.391304347826087,0.4012873836403248,0.26944368817497055
16,3,18,115,svm,raw,0.4,0.3896832316187155,0.2795532958053387
16,3,18,115,knn,raw,0.3739130434782609,0.35979529713384634,0.2449389020609155
16,3,18,115,rf,raw,0.391304347826087,0.37575864423839717,0.2686472244935042
16,3,18,115,mlp,raw,0.4260869565217391,0.41899739076190845,0.3109396277802995
16,3,18,115,svm,raw_pca17,0.6869565217391305,0.6993315599863079,0.6262525954680871
16,3,18,115,knn,raw_pca17,0.6695652173913044,0.6646532445340787,0.6017497493848538
16,3,18,115,rf,raw_pca17,0.7217391304347827,0.7215607952450057,0.6656065424806907
16,3,18,115,mlp,raw_pca17,0.6782608695652174,0.6703119158830514,0.6129707112970711
16,3,18,115,svm,corrected,0.808695652173913,0.8061952137690264,0.7704382542419018
16,3,18,115,knn,corrected,0.7304347826086957,0.7332615973218557,0.6759974552394802
16,3,18,115,rf,corrected,0.8347826086956521,0.8313498392445761,0.801598111322982
16,3,18,115,mlp,corrected,0.7913043478260869,0.7917718375035449,0.7497733454215776
16,3,18,115,svm,optimized_action,0.808695652173913,0.8030610155610155,0.7705631631450077
16,3,18,115,knn,optimized_action,0.7043478260869566,0.707121952834468,0.6447069513857338
16,3,18,115,rf,optimized_action,0.8260869565217391,0.822277244877864,0.7910990009082652
16,3,18,115,mlp,optimized_action,0.7652173913043478,0.7671823790244843,0.7184439608269859
16,3,18,115,svm,optimized_full,0.4956521739130435,0.49672423054214226,0.39594276399203043
16,3,18,115,knn,optimized_full,0.43478260869565216,0.4261408942410226,0.32199546485260777
16,3,18,115,rf,optimized_full,0.5130434782608696,0.5072641246658927,0.4151834362513621
16,3,18,115,mlp,optimized_full,0.48695652173913045,0.46223994503380267,0.3845246734397678
16,5,30,115,svm,raw,0.4782608695652174,0.4754068300935828,0.37477346864806105
16,5,30,115,knn,raw,0.45217391304347826,0.44761833773461673,0.34172269671088495
16,5,30,115,rf,raw,0.5304347826086957,0.5260066885066884,0.43653026041194076
16,5,30,115,mlp,raw,0.46956521739130436,0.46636621600648126,0.3646984241985147
16,5,30,115,svm,raw_pca17,0.7043478260869566,0.7114960725592646,0.6466335291459557
16,5,30,115,knn,raw_pca17,0.7391304347826086,0.7434899496349517,0.6865346174813738
16,5,30,115,rf,raw_pca17,0.7913043478260869,0.7930778475304852,0.7495690046275292
16,5,30,115,mlp,raw_pca17,0.782608695652174,0.7832357629533496,0.7392526754942862
16,5,30,115,svm,corrected,0.8,0.8039861558658551,0.760438366090028
16,5,30,115,knn,corrected,0.8260869565217391,0.827559156506525,0.7911369415183436
16,5,30,115,rf,corrected,0.8782608695652174,0.8757395589892004,0.8538622129436326
16,5,30,115,mlp,corrected,0.8260869565217391,0.8248564498564499,0.791496691143142
16,5,30,115,svm,optimized_action,0.7913043478260869,0.7949226699226699,0.7499320467518348
16,5,30,115,knn,optimized_action,0.8,0.7984495234495235,0.7598074827460952
16,5,30,115,rf,optimized_action,0.8695652173913043,0.8565166187973206,0.8431675606873352
16,5,30,115,mlp,optimized_action,0.7913043478260869,0.7911953106045114,0.749727965179543
16,5,30,115,svm,optimized_full,0.5478260869565217,0.550900099232949,0.45705465770837117
16,5,30,115,knn,optimized_full,0.5130434782608696,0.5042118124500065,0.41449222656605145
16,5,30,115,rf,optimized_full,0.591304347826087,0.5818107351981932,0.5096171293776084
16,5,30,115,mlp,optimized_full,0.5652173913043478,0.569827321707021,0.4769874476987448
16,10,60,115,svm,raw,0.6,0.6052614109016549,0.5196149654921903
16,10,60,115,knn,raw,0.4608695652173913,0.45824962805484093,0.3527596223674655
16,10,60,115,rf,raw,0.6521739130434783,0.6552840678011677,0.5834088027531246
16,10,60,115,mlp,raw,0.5826086956521739,0.588677811550152,0.49891067538126366
16,10,60,115,svm,raw_pca17,0.8173913043478261,0.8269485681250388,0.7813094267861993
16,10,60,115,knn,raw_pca17,0.8347826086956521,0.8385249918626041,0.8017960812772134
16,10,60,115,rf,raw_pca17,0.8869565217391304,0.887681811366022,0.8644728492430424
16,10,60,115,mlp,raw_pca17,0.8347826086956521,0.8379381405697194,0.8016701461377871
16,10,60,115,svm,corrected,0.8260869565217391,0.828590236198932,0.7910610465116279
16,10,60,115,knn,corrected,0.8347826086956521,0.8358354602257041,0.8017241379310345
16,10,60,115,rf,corrected,0.8695652173913043,0.8692021981495666,0.8433811512620302
16,10,60,115,mlp,corrected,0.8173913043478261,0.8194546194546195,0.780952380952381
16,10,60,115,svm,optimized_action,0.808695652173913,0.816819645391074,0.7699372556151678
16,10,60,115,knn,optimized_action,0.7913043478260869,0.7972954520033362,0.7494098420192482
16,10,60,115,rf,optimized_action,0.8434782608695652,0.8391529141405636,0.8120915032679739
16,10,60,115,mlp,optimized_action,0.8260869565217391,0.8281520723381189,0.7913453687743808
16,10,60,115,svm,optimized_full,0.5739130434782609,0.5680271336903183,0.49036809261101577
16,10,60,115,knn,optimized_full,0.5565217391304348,0.5463998998270724,0.46836475707034075
16,10,60,115,rf,optimized_full,0.6782608695652174,0.6702800361336947,0.6144086995922066
16,10,60,115,mlp,optimized_full,0.6347826086956522,0.628593441574828,0.5628563670920446
17,1,6,115,svm,raw,0.34782608695652173,0.3499314349314349,0.21476693372177713
17,1,6,115,knn,raw,0.34782608695652173,0.3499314349314349,0.21476693372177713
17,1,6,115,rf,raw,0.3565217391304348,0.3562959787490001,0.22537775350446032
17,1,6,115,mlp,raw,0.391304347826087,0.37874576353839023,0.26744926744926734
17,1,6,115,svm,raw_pca17,0.5304347826086957,0.5028840757084523,0.4390243902439024
17,1,6,115,knn,raw_pca17,0.5304347826086957,0.5028840757084523,0.4390243902439024
17,1,6,115,rf,raw_pca17,0.43478260869565216,0.40682402601699796,0.324202151704186
17,1,6,115,mlp,raw_pca17,0.46956521739130436,0.45983215875688993,0.36464088397790073
17,1,6,115,svm,corrected,0.6695652173913044,0.6671548343173058,0.6040590740237384
17,1,6,115,knn,corrected,0.6695652173913044,0.6671548343173058,0.6040590740237384
17,1,6,115,rf,corrected,0.5739130434782609,0.5566502463054188,0.4898143956541421
17,1,6,115,mlp,corrected,0.5826086956521739,0.5782430629443853,0.4993197278911563
17,1,6,115,svm,optimized_action,0.6869565217391305,0.6811997685836695,0.6251018744906276
17,1,6,115,knn,optimized_action,0.6869565217391305,0.6811997685836695,0.6251018744906276
17,1,6,115,rf,optimized_action,0.6,0.5741198340280527,0.5213102886616596
17,1,6,115,mlp,optimized_action,0.5565217391304348,0.5421693121693122,0.46802721088435373
17,1,6,115,svm,optimized_full,0.3130434782608696,0.31287936607704053,0.17588896952104494
17,1,6,115,knn,optimized_full,0.30434782608695654,0.3054103016059538,0.1645477660733745
17,1,6,115,rf,optimized_full,0.3217391304347826,0.3175717411949296,0.18874920864610645
17,1,6,115,mlp,optimized_full,0.3130434782608696,0.3048884670147129,0.17461615335695468
17,3,18,115,svm,raw,0.34782608695652173,0.3607103354336139,0.21662125340599458
17,3,18,115,knn,raw,0.4260869565217391,0.4197479266424144,0.30999999999999994
17,3,18,115,rf,raw,0.4782608695652174,0.471832465950113,0.3730692349627476
17,3,18,115,mlp,raw,0.40869565217391307,0.3997221266702052,0.2890262751159197
17,3,18,115,svm,raw_pca17,0.5478260869565217,0.5660242269437672,0.45715323166303556
17,3,18,115,knn,raw_pca17,0.6347826086956522,0.6298850394760903,0.5617457580981762
17,3,18,115,rf,raw_pca17,0.6,0.5903241495346759,0.5204423896292267
17,3,18,115,mlp,raw_pca17,0.6782608695652174,0.675902595158977,0.6125830829463716
17,3,18,115,svm,corrected,0.782608695652174,0.7887412329272793,0.7392763217556906
17,3,18,115,knn,corrected,0.7130434782608696,0.6931773999859105,0.65493726132024
17,3,18,115,rf,corrected,0.782608695652174,0.7862518931627672,0.7390870314910609
17,3,18,115,mlp,corrected,0.7739130434782608,0.774873080136238,0.7283793604651163
17,3,18,115,svm,optimized_action,0.782608695652174,0.7835529799278089,0.7388974661701935
17,3,18,115,knn,optimized_action,0.7304347826086957,0.7180392819927702,0.6761446220930233
17,3,18,115,rf,optimized_action,0.7217391304347827,0.7204798857730026,0.6660617059891107
17,3,18,115,mlp,optimized_action,0.7565217391304347,0.756423764511056,0.7073525402163046
17,3,18,115,svm,optimized_full,0.5043478260869565,0.5109621526288193,0.40300546448087426
17,3,18,115,knn,optimized_full,0.46956521739130436,0.4601450513326006,0.36383422508388497
17,3,18,115,rf,optimized_full,0.4956521739130435,0.4900503482025221,0.39347094662180604
17,3,18,115,mlp,optimized_full,0.5565217391304348,0.5502229931143413,0.46506749361546884
17,5,30,115,svm,raw,0.5826086956521739,0.5778672069743677,0.498318640370808
17,5,30,115,knn,raw,0.5043478260869565,0.4933115617326144,0.4033315128345166
17,5,30,115,rf,raw,0.5739130434782609,0.5663030532244456,0.4880530571454529
17,5,30,115,mlp,raw,0.5739130434782609,0.5634479469618788,0.48814606231265334
17,5,30,115,svm,raw_pca17,0.7478260869565218,0.7456670614083786,0.6963489028498588
17,5,30,115,knn,raw_pca17,0.7043478260869566,0.7038821275636692,0.6439304252800291
17,5,30,115,rf,raw_pca17,0.7565217391304347,0.7565546218487395,0.7070063694267517
17,5,30,115,mlp,raw_pca17,0.7478260869565218,0.7391846299741037,0.6964041875284479
17,5,30,115,svm,corrected,0.8347826086956521,0.8342781521484092,0.8016161249319048
17,5,30,115,knn,corrected,0.8347826086956521,0.8298780104382821,0.8014358415121774
17,5,30,115,rf,corrected,0.8608695652173913,0.8606359456166902,0.8329095532146749
17,5,30,115,mlp,corrected,0.8173913043478261,0.817023617023617,0.7805542935029532
17,5,30,115,svm,optimized_action,0.8,0.8000524464272756,0.759785668876578
17,5,30,115,knn,optimized_action,0.8260869565217391,0.8203660024542877,0.7910420641410012
17,5,30,115,rf,optimized_action,0.808695652173913,0.8081488543414636,0.7700209071902555
17,5,30,115,mlp,optimized_action,0.8,0.7924805656167947,0.7594361073215098
17,5,30,115,svm,optimized_full,0.5652173913043478,0.5620707192133677,0.47627288459786865
17,5,30,115,knn,optimized_full,0.5043478260869565,0.49892563085840397,0.4043616537937301
17,5,30,115,rf,optimized_full,0.591304347826087,0.5882737933828576,0.5076516669703043
17,5,30,115,mlp,optimized_full,0.6086956521739131,0.5987458447239976,0.5286455961380818
17,10,60,115,svm,raw,0.6695652173913044,0.6641442878284983,0.6029438488097402
17,10,60,115,knn,raw,0.46956521739130436,0.450978259367601,0.3625624716038164
17,10,60,115,rf,raw,0.6608695652173913,0.662086717259131,0.5927540179787523
17,10,60,115,mlp,raw,0.6782608695652174,0.6768120759215112,0.6137787056367432
17,10,60,115,svm,raw_pca17,0.8,0.80120596995597,0.75928285402257
17,10,60,115,knn,raw_pca17,0.7217391304347827,0.7228741974207332,0.6639269406392694
17,10,60,115,rf,raw_pca17,0.9217391304347826,0.9220654698126539,0.9059005364124011
17,10,60,115,mlp,raw_pca17,0.8434782608695652,0.8458097801751053,0.811578372474058
17,10,60,115,svm,corrected,0.8782608695652174,0.8803100092573777,0.8539019963702359
17,10,60,115,knn,corrected,0.8608695652173913,0.8544319519929275,0.8328032712403454
17,10,60,115,rf,corrected,0.8869565217391304,0.8874946374946376,0.8643006263048016
17,10,60,115,mlp,corrected,0.8782608695652174,0.8781628518470624,0.8537825810553084
17,10,60,115,svm,optimized_action,0.8434782608695652,0.8464893464893466,0.8119891008174387
17,10,60,115,knn,optimized_action,0.8260869565217391,0.819040469040469,0.7906997906997907
17,10,60,115,rf,optimized_action,0.8782608695652174,0.8785758029944079,0.8538224078445614
17,10,60,115,mlp,optimized_action,0.8,0.7961630266141544,0.7593923405803693
17,10,60,115,svm,optimized_full,0.6521739130434783,0.6517431863102492,0.5813995813995814
17,10,60,115,knn,optimized_full,0.6173913043478261,0.6005490444514834,0.5404178019981835
17,10,60,115,rf,optimized_full,0.7043478260869566,0.6987383414784837,0.6445131375579598
17,10,60,115,mlp,optimized_full,0.6695652173913044,0.6611030764562061,0.6026550281869432
18,1,6,115,svm,raw,0.24347826086956523,0.22812576312576313,0.09333937471681031
18,1,6,115,knn,raw,0.24347826086956523,0.22812576312576313,0.09333937471681031
18,1,6,115,rf,raw,0.23478260869565218,0.21851333278452023,0.08150299509892911
18,1,6,115,mlp,raw,0.21739130434782608,0.21791254972591134,0.06139475832048602
18,1,6,115,svm,raw_pca17,0.3652173913043478,0.34173458502663867,0.2373035341146542
18,1,6,115,knn,raw_pca17,0.3652173913043478,0.34173458502663867,0.2373035341146542
18,1,6,115,rf,raw_pca17,0.45217391304347826,0.4080233449041499,0.3405843269318284
18,1,6,115,mlp,raw_pca17,0.2956521739130435,0.2917025089605734,0.15171660140242238
18,1,6,115,svm,corrected,0.6260869565217392,0.6050422715003442,0.5511074800290486
18,1,6,115,knn,corrected,0.6260869565217392,0.6050422715003442,0.5511074800290486
18,1,6,115,rf,corrected,0.6173913043478261,0.5803230298513317,0.5417911799329893
18,1,6,115,mlp,corrected,0.6173913043478261,0.6262298311078799,0.5407931754242672
18,1,6,115,svm,optimized_action,0.6173913043478261,0.5952679247252891,0.5407514975494645
18,1,6,115,knn,optimized_action,0.6173913043478261,0.5952679247252891,0.5407514975494645
18,1,6,115,rf,optimized_action,0.6347826086956522,0.588266359175249,0.5624603677869373
18,1,6,115,mlp,optimized_action,0.5391304347826087,0.5483104227724027,0.44731592310482404
18,1,6,115,svm,optimized_full,0.34782608695652173,0.32001734853483316,0.21419460641399424
18,1,6,115,knn,optimized_full,0.34782608695652173,0.32001734853483316,0.21419460641399424
18,1,6,115,rf,optimized_full,0.34782608695652173,0.3142956204341579,0.21354974012947925
18,1,6,115,mlp,optimized_full,0.33043478260869563,0.29254875994006424,0.18991858018479568
18,3,18,115,svm,raw,0.3652173913043478,0.34912354803190465,0.23424245188360848
18,3,18,115,knn,raw,0.3217391304347826,0.31909011527369224,0.1831345050541845
18,3,18,115,rf,raw,0.3130434782608696,0.30805178218971324,0.17183226982680033
18,3,18,115,mlp,raw,0.3217391304347826,0.31425113952390993,0.18306010928961758
18,3,18,115,svm,raw_pca17,0.5826086956521739,0.5983014637074704,0.498318640370808
18,3,18,115,knn,raw_pca17,0.591304347826087,0.5923054763345145,0.5067980655169266
18,3,18,115,rf,raw_pca17,0.6869565217391305,0.6839179018966165,0.6237047809489185
18,3,18,115,mlp,raw_pca17,0.5826086956521739,0.5789666949599174,0.4977252047315741
18,3,18,115,svm,corrected,0.782608695652174,0.7941316316316316,0.7390870314910609
18,3,18,115,knn,corrected,0.7565217391304347,0.758782495624601,0.7074588897974017
18,3,18,115,rf,corrected,0.7652173913043478,0.7747242555012336,0.7181116659101225
18,3,18,115,mlp,corrected,0.7739130434782608,0.7796612121815129,0.7283546833833016
18,3,18,115,svm,optimized_action,0.7304347826086957,0.7378306878306878,0.6758796254204928
18,3,18,115,knn,optimized_action,0.7304347826086957,0.7298127798127797,0.676056338028169
18,3,18,115,rf,optimized_action,0.7391304347826086,0.7477621389386094,0.686847599164927
18,3,18,115,mlp,optimized_action,0.7565217391304347,0.7604164186010225,0.7076182693180786
18,3,18,115,svm,optimized_full,0.4956521739130435,0.5153963548528766,0.3963800904977375
18,3,18,115,knn,optimized_full,0.4956521739130435,0.497128673377117,0.3964893231994209
18,3,18,115,rf,optimized_full,0.4956521739130435,0.5155463872219191,0.394572025052192
18,3,18,115,mlp,optimized_full,0.5130434782608696,0.5224422201312958,0.41634946528910644
18,5,30,115,svm,raw,0.46956521739130436,0.4576557180280585,0.36204074208803205
18,5,30,115,knn,raw,0.4260869565217391,0.4256673881673882,0.30697589481373266
18,5,30,115,rf,raw,0.5217391304347826,0.5077201043587598,0.424738517507958
18,5,30,115,mlp,raw,0.48695652173913045,0.47802723592197277,0.38121295029639746
18,5,30,115,svm,raw_pca17,0.7043478260869566,0.7111341966180676,0.6454800979236559
18,5,30,115,knn,raw_pca17,0.7043478260869566,0.7186674833733658,0.6436708283969743
18,5,30,115,rf,raw_pca17,0.8260869565217391,0.8341099331811407,0.7906997906997907
18,5,30,115,mlp,raw_pca17,0.7739130434782608,0.7724303334144952,0.7284287011807448
18,5,30,115,svm,corrected,0.8521739130434782,0.8607157891987613,0.822595281306715
18,5,30,115,knn,corrected,0.8347826086956521,0.8357346357346359,0.8016341352700862
18,5,30,115,rf,corrected,0.8782608695652174,0.8810971262474382,0.8538091346590393
18,5,30,115,mlp,corrected,0.8608695652173913,0.8629114518328479,0.833015700154279
18,5,30,115,svm,optimized_action,0.8521739130434782,0.8587734302020015,0.822595281306715
18,5,30,115,knn,optimized_action,0.8260869565217391,0.8274766516875557,0.7909280974456867
18,5,30,115,rf,optimized_action,0.8782608695652174,0.8792500499817574,0.8537427325581395
18,5,30,115,mlp,optimized_action,0.8347826086956521,0.8374608608241472,0.8017241379310345
18,5,30,115,svm,optimized_full,0.5565217391304348,0.5692861364403917,0.46822014688548375
18,5,30,115,knn,optimized_full,0.5391304347826087,0.5416613906820541,0.44676409185803756
18,5,30,115,rf,optimized_full,0.6956521739130435,0.6993698151592889,0.6350861287398006
18,5,30,115,mlp,optimized_full,0.6173913043478261,0.6201925129279816,0.5402507723060149
18,10,60,115,svm,raw,0.591304347826087,0.596430611556662,0.5081892629663332
18,10,60,115,knn,raw,0.5043478260869565,0.5034019436544409,0.4047402833272793
18,10,60,115,rf,raw,0.6956521739130435,0.6841718801341674,0.6340243680669213
18,10,60,115,mlp,raw,0.6,0.5972303443794672,0.5181271634177447
18,10,60,115,svm,raw_pca17,0.8,0.8068402999158195,0.7597638510445051
18,10,60,115,knn,raw_pca17,0.7913043478260869,0.7970193141817855,0.7491821155943293
18,10,60,115,rf,raw_pca17,0.8869565217391304,0.8897915147915149,0.8642390119869233
18,10,60,115,mlp,raw_pca17,0.8434782608695652,0.8445743850778175,0.8119891008174387
18,10,60,115,svm,corrected,0.8695652173913043,0.8734157764195313,0.8434806278922058
18,10,60,115,knn,corrected,0.9043478260869565,0.9045340624287993,0.8850626930765038
18,10,60,115,rf,corrected,0.9304347826086956,0.9312915097707064,0.9164168256564005
18,10,60,115,mlp,corrected,0.8869565217391304,0.8875901079631352,0.8642513393262508
18,10,60,115,svm,optimized_action,0.8608695652173913,0.8645069928373351,0.8329398946794988
18,10,60,115,knn,optimized_action,0.8956521739130435,0.8988792602479694,0.8746707837616928
18,10,60,115,rf,optimized_action,0.9391304347826087,0.9397642978946572,0.9268846503178928
18,10,60,115,mlp,optimized_action,0.8608695652173913,0.8633815516168458,0.8327576804217415
18,10,60,115,svm,optimized_full,0.6521739130434783,0.6614060258249642,0.5827664399092971
18,10,60,115,knn,optimized_full,0.6173913043478261,0.6186868686868687,0.5415005436752447
18,10,60,115,rf,optimized_full,0.7565217391304347,0.7584272192400746,0.707591718125681
18,10,60,115,mlp,optimized_full,0.6782608695652174,0.6812201154306416,0.6142688786148127
19,1,6,115,svm,raw,0.28695652173913044,0.27866224737910844,0.14575595615544878
19,1,6,115,knn,raw,0.28695652173913044,0.27866224737910844,0.14575595615544878
19,1,6,115,rf,raw,0.25217391304347825,0.24620448995448996,0.10424780364097463
19,1,6,115,mlp,raw,0.2782608695652174,0.26456672038931384,0.135729808040565
19,1,6,115,svm,raw_pca17,0.3739130434782609,0.36049611559926703,0.2511531156733291
19,1,6,115,knn,raw_pca17,0.3739130434782609,0.36049611559926703,0.2511531156733291
19,1,6,115,rf,raw_pca17,0.4,0.3766685415648871,0.28092433167195296
19,1,6,115,mlp,raw_pca17,0.3217391304347826,0.3015886287625418,0.18543407192154016
19,1,6,115,svm,corrected,0.5043478260869565,0.48657129468641397,0.4066262333665249
19,1,6,115,knn,corrected,0.5043478260869565,0.48657129468641397,0.4066262333665249
19,1,6,115,rf,corrected,0.5217391304347826,0.49947232178414974,0.42630385487528344
19,1,6,115,mlp,corrected,0.5304347826086957,0.5103781484216267,0.4370410660864835
19,1,6,115,svm,optimized_action,0.4434782608695652,0.41008628468305885,0.3329708174732646
19,1,6,115,knn,optimized_action,0.4434782608695652,0.41008628468305885,0.3329708174732646
19,1,6,115,rf,optimized_action,0.4782608695652174,0.45665122219995996,0.3746601413811854
19,1,6,115,mlp,optimized_action,0.4956521739130435,0.4540795503788426,0.3935812346576961
19,1,6,115,svm,optimized_full,0.30434782608695654,0.30425886130470176,0.16862461594071942
19,1,6,115,knn,optimized_full,0.30434782608695654,0.30425886130470176,0.16862461594071942
19,1,6,115,rf,optimized_full,0.34782608695652173,0.29916820789657284,0.2193157132512673
19,1,6,115,mlp,optimized_full,0.2956521739130435,0.28001762753847,0.15640282557507712
19,3,18,115,svm,raw,0.3652173913043478,0.3632532757919755,0.23445194236731737
19,3,18,115,knn,raw,0.30434782608695654,0.28659128705148035,0.16553287981859421
19,3,18,115,rf,raw,0.4,0.3970928292806955,0.28007621121393567
19,3,18,115,mlp,raw,0.4,0.38886127100412815,0.28027210884353726
19,3,18,115,svm,raw_pca17,0.5652173913043478,0.582117502457987,0.47507759722475806
19,3,18,115,knn,raw_pca17,0.5304347826086957,0.495476634914985,0.43800904977375565
19,3,18,115,rf,raw_pca17,0.7217391304347827,0.7242982299302699,0.666092006170039
19,3,18,115,mlp,raw_pca17,0.6434782608695652,0.6327763474234511,0.571246703646449
19,3,18,115,svm,corrected,0.7913043478260869,0.7957255492139214,0.7495690046275292
19,3,18,115,knn,corrected,0.7304347826086957,0.7270010232385076,0.6769955603877865
19,3,18,115,rf,corrected,0.7652173913043478,0.7648796016896146,0.7184694895276089
19,3,18,115,mlp,corrected,0.8,0.7992607992607993,0.7603515448038416
19,3,18,115,svm,optimized_action,0.7391304347826086,0.7532956869727383,0.6871315861068286
19,3,18,115,knn,optimized_action,0.6521739130434783,0.6481221459086935,0.5824634655532359
19,3,18,115,rf,optimized_action,0.7913043478260869,0.7873322898032201,0.7496371552975327
19,3,18,115,mlp,optimized_action,0.7478260869565218,0.7475930992057437,0.6970385174418605
19,3,18,115,svm,optimized_full,0.3652173913043478,0.39644260920959323,0.24191800614050918
19,3,18,115,knn,optimized_full,0.3565217391304348,0.3560209942562884,0.22986425339366523
19,3,18,115,rf,optimized_full,0.40869565217391307,0.40368747972002045,0.2919873245812584
19,3,18,115,mlp,optimized_full,0.3217391304347826,0.33074725849034503,0.18845562290780782
19,5,30,115,svm,raw,0.43478260869565216,0.4303819528132682,0.3192787542118204
19,5,30,115,knn,raw,0.3652173913043478,0.346123368923275,0.23751135331516804
19,5,30,115,rf,raw,0.43478260869565216,0.4109055630385851,0.321133412042503
19,5,30,115,mlp,raw,0.4260869565217391,0.39385367968325546,0.3096862210095499
19,5,30,115,svm,raw_pca17,0.7739130434782608,0.7732133940301836,0.7286751361161525
19,5,30,115,knn,raw_pca17,0.6086956521739131,0.599468461596608,0.5304418836766174
19,5,30,115,rf,raw_pca17,0.7478260869565218,0.7582489826392266,0.6969008452240297
19,5,30,115,mlp,raw_pca17,0.7391304347826086,0.7438684441743978,0.6867338599836557
19,5,30,115,svm,corrected,0.8,0.8118504218504219,0.7593704512372634
19,5,30,115,knn,corrected,0.7739130434782608,0.7776644868141869,0.7289702683103698
19,5,30,115,rf,corrected,0.8782608695652174,0.8794906404662503,0.8539285066231174
19,5,30,115,mlp,corrected,0.8,0.8021260126523284,0.7602211948146134
19,5,30,115,svm,optimized_action,0.7565217391304347,0.7740348162977989,0.7068196303377947
19,5,30,115,knn,optimized_action,0.7217391304347827,0.7279511612320424,0.6660010891268833
19,5,30,115,rf,optimized_action,0.8347826086956521,0.837344808442747,0.8015260241620492
19,5,30,115,mlp,optimized_action,0.7304347826086957,0.7330709885991679,0.6761151994185519
19,5,30,115,svm,optimized_full,0.391304347826087,0.42414146984039464,0.270436831611383
19,5,30,115,knn,optimized_full,0.3739130434782609,0.38756684491978605,0.24979614025550423
19,5,30,115,rf,optimized_full,0.46956521739130436,0.46135890253537304,0.3626782956300536
19,5,30,115,mlp,optimized_full,0.3739130434782609,0.3826996857160963,0.24754634678298792
19,10,60,115,svm,raw,0.5043478260869565,0.4957967581057563,0.40484837479571456
19,10,60,115,knn,raw,0.40869565217391307,0.3861169183120403,0.289801107982926
19,10,60,115,rf,raw,0.5826086956521739,0.5788495059428483,0.4991834512792598
19,10,60,115,mlp,raw,0.46956521739130436,0.4570993359061973,0.36169244767970876
19,10,60,115,svm,raw_pca17,0.8347826086956521,0.8367520926970239,0.8015079941860465
19,10,60,115,knn,raw_pca17,0.7130434782608696,0.7143762534215411,0.655375953505267
19,10,60,115,rf,raw_pca17,0.8521739130434782,0.856933368775474,0.8224341507720254
19,10,60,115,mlp,raw_pca17,0.8260869565217391,0.8311098340915569,0.7909850963286078
19,10,60,115,svm,corrected,0.8782608695652174,0.8804285867638084,0.8536629703690238
19,10,60,115,knn,corrected,0.8434782608695652,0.8470047609582494,0.8123640319071791
19,10,60,115,rf,corrected,0.9043478260869565,0.9053141632089,0.8850940139885548
19,10,60,115,mlp,corrected,0.8608695652173913,0.8641981125020566,0.8327576804217415
19,10,60,115,svm,optimized_action,0.8695652173913043,0.8688101615346198,0.843039126478617
19,10,60,115,knn,optimized_action,0.8260869565217391,0.8302334123711456,0.7910040890504316
19,10,60,115,rf,optimized_action,0.9130434782608695,0.9156814177622011,0.8955874341746868
19,10,60,115,mlp,optimized_action,0.8347826086956521,0.836015561015561,0.8011828935395814
19,10,60,115,svm,optimized_full,0.591304347826087,0.5909809652436694,0.5085916901536502
19,10,60,115,knn,optimized_full,0.48695652173913045,0.4985261331316632,0.38519391083725985
19,10,60,115,rf,optimized_full,0.6,0.5948101450153435,0.5182588106729806
19,10,60,115,mlp,optimized_full,0.5217391304347826,0.4996919447390706,0.42321721685208824
20,1,6,115,svm,raw,0.4,0.4075502216234481,0.27948787796240804
20,1,6,115,knn,raw,0.4,0.4075502216234481,0.27948787796240804
20,1,6,115,rf,raw,0.3739130434782609,0.33300592722058464,0.24829777576032686
20,1,6,115,mlp,raw,0.34782608695652173,0.34676769886104136,0.21612287557938747
20,1,6,115,svm,raw_pca17,0.3739130434782609,0.3934620003056373,0.2533140950491479
20,1,6,115,knn,raw_pca17,0.3739130434782609,0.3934620003056373,0.2533140950491479
20,1,6,115,rf,raw_pca17,0.43478260869565216,0.4163785072265685,0.32371301908983996
20,1,6,115,mlp,raw_pca17,0.25217391304347825,0.22810422422825524,0.10973084886128359
20,1,6,115,svm,corrected,0.5739130434782609,0.5711336972206537,0.4898605830164764
20,1,6,115,knn,corrected,0.5739130434782609,0.5711336972206537,0.4898605830164764
20,1,6,115,rf,corrected,0.5217391304347826,0.49616414177964335,0.4284294234592446
20,1,6,115,mlp,corrected,0.48695652173913045,0.4776477971385973,0.3873035940039733
20,1,6,115,svm,optimized_action,0.591304347826087,0.5869144751758316,0.5106382978723403
20,1,6,115,knn,optimized_action,0.591304347826087,0.5869144751758316,0.5106382978723403
20,1,6,115,rf,optimized_action,0.5304347826086957,0.5191291334050429,0.4382124117966347
20,1,6,115,mlp,optimized_action,0.4956521739130435,0.5011489705038091,0.3974706413730804
20,1,6,115,svm,optimized_full,0.3565217391304348,0.3618420713885482,0.22720668361787133
20,1,6,115,knn,optimized_full,0.33043478260869563,0.32740409516210445,0.1954388515355261
20,1,6,115,rf,optimized_full,0.3739130434782609,0.3574699698742045,0.2487751769188894
20,1,6,115,mlp,optimized_full,0.30434782608695654,0.2951402625315669,0.1637884021087076
20,3,18,115,svm,raw,0.41739130434782606,0.4141228926112647,0.30309334298118673
20,3,18,115,knn,raw,0.2956521739130435,0.2649081195965648,0.15823242363997836
20,3,18,115,rf,raw,0.4608695652173913,0.4354602321409044,0.3561495394618024
20,3,18,115,mlp,raw,0.3652173913043478,0.36145569031366703,0.23792665214233832
20,3,18,115,svm,raw_pca17,0.6086956521739131,0.6190475805745318,0.5319706972958307
20,3,18,115,knn,raw_pca17,0.4956521739130435,0.4491578666519372,0.39752506548640587
20,3,18,115,rf,raw_pca17,0.6608695652173913,0.6452115427033261,0.5946678716674199
20,3,18,115,mlp,raw_pca17,0.6173913043478261,0.6042487152963952,0.5422057359992762
20,3,18,115,svm,corrected,0.6695652173913044,0.6800441628264209,0.6040590740237384
20,3,18,115,knn,corrected,0.6869565217391305,0.6868364908687489,0.6254071661237786
20,3,18,115,rf,corrected,0.7565217391304347,0.751556038220459,0.7086236539679667
20,3,18,115,mlp,corrected,0.7130434782608696,0.7176910423393799,0.6565610859728507
20,3,18,115,svm,optimized_action,0.7478260869565218,0.7562262281824524,0.6976153776407653
20,3,18,115,knn,optimized_action,0.6956521739130435,0.7020805118844334,0.6357466063348416
20,3,18,115,rf,optimized_action,0.782608695652174,0.7841068605774488,0.7395597427303198
20,3,18,115,mlp,optimized_action,0.6782608695652174,0.6918321922241827,0.6148275549923057
20,3,18,115,svm,optimized_full,0.4260869565217391,0.4372761558958432,0.31262452454265544
20,3,18,115,knn,optimized_full,0.4,0.40096159947132487,0.28111976807392647
20,3,18,115,rf,optimized_full,0.5739130434782609,0.5672915118356914,0.4900452488687782
20,3,18,115,mlp,optimized_full,0.4434782608695652,0.4388893079009757,0.33369545536845924
20,5,30,115,svm,raw,0.391304347826087,0.3940797575068675,0.27017225747960094
20,5,30,115,knn,raw,0.3217391304347826,0.3062699312699313,0.18742639731859767
20,5,30,115,rf,raw,0.5217391304347826,0.5174930091848464,0.42599146928033405
20,5,30,115,mlp,raw,0.391304347826087,0.3930889352583833,0.2693110647181628
20,5,30,115,svm,raw_pca17,0.6608695652173913,0.678333739663445,0.5934554024655547
20,5,30,115,knn,raw_pca17,0.6347826086956522,0.6169865753009659,0.5627772245858604
20,5,30,115,rf,raw_pca17,0.7217391304347827,0.7217429300776536,0.6658797893589976
20,5,30,115,mlp,raw_pca17,0.6608695652173913,0.6551798585046666,0.5941176470588234
20,5,30,115,svm,corrected,0.782608695652174,0.7860758750293634,0.7388737511353315
20,5,30,115,knn,corrected,0.7130434782608696,0.7197018527189304,0.6563122622713277
20,5,30,115,rf,corrected,0.8,0.804009094152566,0.7598946986201889
20,5,30,115,mlp,corrected,0.808695652173913,0.8092656519535836,0.7704174228675136
20,5,30,115,svm,optimized_action,0.8,0.8059832316461243,0.7597202034883721
20,5,30,115,knn,optimized_action,0.7217391304347827,0.730939515272813,0.6662131519274377
20,5,30,115,rf,optimized_action,0.808695652173913,0.8153934300993124,0.7703757487747322
20,5,30,115,mlp,optimized_action,0.808695652173913,0.8087475452970431,0.7704174228675136
20,5,30,115,svm,optimized_full,0.5043478260869565,0.49924940650747107,0.40581943437273393
20,5,30,115,knn,optimized_full,0.4434782608695652,0.4294422211442585,0.33242630385487537
20,5,30,115,rf,optimized_full,0.5391304347826087,0.5315888947467896,0.4475163161711385
20,5,30,115,mlp,optimized_full,0.48695652173913045,0.46765797674963583,0.38497099347353136
20,10,60,115,svm,raw,0.5130434782608696,0.5137566137566137,0.41698352344740175
20,10,60,115,knn,raw,0.4956521739130435,0.4798427084611296,0.3953952139231327
20,10,60,115,rf,raw,0.6434782608695652,0.6390895539502351,0.5728005798677177
20,10,60,115,mlp,raw,0.5565217391304348,0.5538264833930469,0.4678824169842134
20,10,60,115,svm,raw_pca17,0.808695652173913,0.8126033536303487,0.7707918101105273
20,10,60,115,knn,raw_pca17,0.7478260869565218,0.7391380998557718,0.6972585330428467
20,10,60,115,rf,raw_pca17,0.8869565217391304,0.8856275303643725,0.8645096972992569
20,10,60,115,mlp,raw_pca17,0.8,0.7991980963253194,0.7602429296591733
20,10,60,115,svm,corrected,0.9043478260869565,0.9059708206333278,0.8851878743873661
20,10,60,115,knn,corrected,0.8173913043478261,0.8183086841830476,0.7811508835523334
20,10,60,115,rf,corrected,0.9043478260869565,0.9078672078672079,0.8852295409181636
20,10,60,115,mlp,corrected,0.8608695652173913,0.8623854657514389,0.8331217123163432
20,10,60,115,svm,optimized_action,0.8782608695652174,0.8824865174609421,0.8539019963702359
20,10,60,115,knn,optimized_action,0.8260869565217391,0.8270523489854639,0.7914399709829525
20,10,60,115,rf,optimized_action,0.9043478260869565,0.9085500335500335,0.8852399528259094
20,10,60,115,mlp,optimized_action,0.8782608695652174,0.8812620983352691,0.8538622129436326
20,10,60,115,svm,optimized_full,0.6956521739130435,0.7027855327855329,0.6356147021546262
20,10,60,115,knn,optimized_full,0.6173913043478261,0.6127798712027648,0.5407514975494645
20,10,60,115,rf,optimized_full,0.6608695652173913,0.6614985060107011,0.5932341737710866
20,10,60,115,mlp,optimized_full,0.7043478260869566,0.707006077284715,0.6452871269164475
21,1,6,115,svm,raw,0.24347826086956523,0.2157983193277311,0.08638480504063561
21,1,6,115,knn,raw,0.24347826086956523,0.2157983193277311,0.08638480504063561
21,1,6,115,rf,raw,0.2782608695652174,0.2268017281408354,0.12246023719775678
21,1,6,115,mlp,raw,0.20869565217391303,0.18105245702411102,0.0439429928741093
21,1,6,115,svm,raw_pca17,0.45217391304347826,0.446685984897367,0.34100418410041844
21,1,6,115,knn,raw_pca17,0.45217391304347826,0.446685984897367,0.34100418410041844
21,1,6,115,rf,raw_pca17,0.3739130434782609,0.3436448855803695,0.24154987633965375
21,1,6,115,mlp,raw_pca17,0.4,0.3785097223294826,0.2781770217411079
21,1,6,115,svm,corrected,0.6347826086956522,0.6336685636160898,0.5615468409586055
21,1,6,115,knn,corrected,0.6347826086956522,0.6336685636160898,0.5615468409586055
21,1,6,115,rf,corrected,0.6521739130434783,0.6503267973856209,0.5815138282387191
21,1,6,115,mlp,corrected,0.6608695652173913,0.6578851151931633,0.5938971387178558
21,1,6,115,svm,optimized_action,0.6086956521739131,0.6080539403721562,0.5299727520435966
21,1,6,115,knn,optimized_action,0.6086956521739131,0.6080539403721562,0.5299727520435966
21,1,6,115,rf,optimized_action,0.6,0.5993652458943594,0.519658585308272
21,1,6,115,mlp,optimized_action,0.6,0.5852644019310685,0.5216565693100641
21,1,6,115,svm,optimized_full,0.33043478260869563,0.31019586458692944,0.19820717131474097
21,1,6,115,knn,optimized_full,0.33043478260869563,0.31019586458692944,0.19820717131474097
21,1,6,115,rf,optimized_full,0.30434782608695654,0.2949066965369918,0.1668176055062487
21,1,6,115,mlp,optimized_full,0.3565217391304348,0.3380522745892692,0.22986425339366534
21,3,18,115,svm,raw,0.33043478260869563,0.32652994310754707,0.19711669235651486
21,3,18,115,knn,raw,0.33043478260869563,0.33188405797101445,0.19426751592356695
21,3,18,115,rf,raw,0.3130434782608696,0.31672216672216674,0.17581420665880443
21,3,18,115,mlp,raw,0.30434782608695654,0.3075487632123788,0.16515426497277674
21,3,18,115,svm,raw_pca17,0.4782608695652174,0.4714204960125264,0.37703141928494033
21,3,18,115,knn,raw_pca17,0.45217391304347826,0.47292119845095376,0.34285714285714286
21,3,18,115,rf,raw_pca17,0.5652173913043478,0.5673060453548259,0.47996744143981196
21,3,18,115,mlp,raw_pca17,0.46956521739130436,0.45459829838711824,0.3646408839779005
21,3,18,115,svm,corrected,0.7130434782608696,0.7246484266153819,0.6561565642837728
21,3,18,115,knn,corrected,0.6956521739130435,0.698343820879774,0.6340576416037822
21,3,18,115,rf,corrected,0.6608695652173913,0.657550856498963,0.5930865541643984
21,3,18,115,mlp,corrected,0.7130434782608696,0.7190706739231026,0.6561877151657909
21,3,18,115,svm,optimized_action,0.6695652173913044,0.682489504726631,0.6042742008512181
21,3,18,115,knn,optimized_action,0.6782608695652174,0.687013716538489,0.6131818181818183
21,3,18,115,rf,optimized_action,0.7130434782608696,0.7098659782150314,0.6560942455822383
21,3,18,115,mlp,optimized_action,0.6695652173913044,0.6782107685111439,0.6041666666666666
21,3,18,115,svm,optimized_full,0.4,0.4037728092686408,0.2770590379008746
21,3,18,115,knn,optimized_full,0.391304347826087,0.3950392797166991,0.26591282144811246
21,3,18,115,rf,optimized_full,0.48695652173913045,0.44617807627351636,0.38160772876412696
21,3,18,115,mlp,optimized_full,0.4434782608695652,0.4365969637899462,0.330117411486302
21,5,30,115,svm,raw,0.3652173913043478,0.36049356172863933,0.23930772018847413
21,5,30,115,knn,raw,0.34782608695652173,0.34505120182484644,0.21719005264113267
21,5,30,115,rf,raw,0.41739130434782606,0.41393473055707103,0.3009435674106332
21,5,30,115,mlp,raw,0.4,0.39364132469535607,0.28144525944036947
21,5,30,115,svm,raw_pca17,0.6,0.608025344185727,0.522563176895307
21,5,30,115,knn,raw_pca17,0.5043478260869565,0.5045778295778296,0.40446988280185336
21,5,30,115,rf,raw_pca17,0.7217391304347827,0.7182030932030932,0.666303953572724
21,5,30,115,mlp,raw_pca17,0.6260869565217392,0.6135740583206362,0.5523671585045713
21,5,30,115,svm,corrected,0.7478260869565218,0.754038078999716,0.6977524016675729
21,5,30,115,knn,corrected,0.7565217391304347,0.7543349363083709,0.7070063694267517
21,5,30,115,rf,corrected,0.782608695652174,0.7875098129248569,0.7390396659707725
21,5,30,115,mlp,corrected,0.7391304347826086,0.7442802968009269,0.6874433774234463
21,5,30,115,svm,optimized_action,0.7304347826086957,0.7406632741072969,0.6769662921348314
21,5,30,115,knn,optimized_action,0.7043478260869566,0.7117424242424243,0.6442867540029111
21,5,30,115,rf,optimized_action,0.7913043478260869,0.7936760469655207,0.749727965179543
21,5,30,115,mlp,optimized_action,0.7391304347826086,0.7497212574247457,0.6874716912763837
21,5,30,115,svm,optimized_full,0.48695652173913045,0.4982142857142857,0.38177676537585414
21,5,30,115,knn,optimized_full,0.4,0.40253488394281356,0.27765134274010017
21,5,30,115,rf,optimized_full,0.5565217391304348,0.5402882371847889,0.46609012289485674
21,5,30,115,mlp,optimized_full,0.48695652173913045,0.4883538447368235,0.3826205641492266
21,10,60,115,svm,raw,0.48695652173913045,0.4909626219269134,0.38346206269877325
21,10,60,115,knn,raw,0.41739130434782606,0.413139369101075,0.30043580897040134
21,10,60,115,rf,raw,0.5565217391304348,0.5534032731763449,0.4668666484865013
21,10,60,115,mlp,raw,0.5130434782608696,0.5111133478780538,0.41395941395941405
21,10,60,115,svm,raw_pca17,0.7739130434782608,0.7693725489291992,0.7285766158315178
21,10,60,115,knn,raw_pca17,0.7391304347826086,0.7418599918599919,0.6870748299319728
21,10,60,115,rf,raw_pca17,0.808695652173913,0.8012681085851817,0.7701462705551013
21,10,60,115,mlp,raw_pca17,0.8,0.8020833333333334,0.7600254037379786
21,10,60,115,svm,corrected,0.8347826086956521,0.8399028707299383,0.8017061439332063
21,10,60,115,knn,corrected,0.8260869565217391,0.8269608458632849,0.7911179729361548
21,10,60,115,rf,corrected,0.8173913043478261,0.816915492212606,0.7809325108853411
21,10,60,115,mlp,corrected,0.8173913043478261,0.8206265852177331,0.7810913705583756
21,10,60,115,svm,optimized_action,0.8434782608695652,0.8455303771961883,0.8122108318969428
21,10,60,115,knn,optimized_action,0.7652173913043478,0.7700598464317977,0.7181884189508078
21,10,60,115,rf,optimized_action,0.8608695652173913,0.8578582557080633,0.8330308529945554
21,10,60,115,mlp,optimized_action,0.808695652173913,0.8096921596921597,0.7706255666364461
21,10,60,115,svm,optimized_full,0.5739130434782609,0.5842166621827638,0.48576382551560504
21,10,60,115,knn,optimized_full,0.4260869565217391,0.44057710307710307,0.3097489996362315
21,10,60,115,rf,optimized_full,0.6521739130434783,0.6512476326839821,0.5817421349336243
21,10,60,115,mlp,optimized_full,0.5652173913043478,0.5719531352680781,0.477320243614217
22,1,6,115,svm,raw,0.2,0.17564607063540963,0.0449539628091713
22,1,6,115,knn,raw,0.2,0.17564607063540963,0.0449539628091713
22,1,6,115,rf,raw,0.16521739130434782,0.15087945087945087,0.0030702546505329
22,1,6,115,mlp,raw,0.21739130434782608,0.19362175764614786,0.06723143475126181
22,1,6,115,svm,raw_pca17,0.3391304347826087,0.2796523304281925,0.20804639362087718
22,1,6,115,knn,raw_pca17,0.3391304347826087,0.2796523304281925,0.20804639362087718
22,1,6,115,rf,raw_pca17,0.4,0.36533007016877983,0.2829387312488705
22,1,6,115,mlp,raw_pca17,0.34782608695652173,0.2951908739464002,0.21726109447318265
22,1,6,115,svm,corrected,0.45217391304347826,0.41042632531994233,0.343512142080464
22,1,6,115,knn,corrected,0.45217391304347826,0.41042632531994233,0.343512142080464
22,1,6,115,rf,corrected,0.4608695652173913,0.42410336039355395,0.3527008624602813
22,1,6,115,mlp,corrected,0.4,0.3601718313599282,0.2826145918090589
22,1,6,115,svm,optimized_action,0.45217391304347826,0.41819053455977534,0.3436310925892373
22,1,6,115,knn,optimized_action,0.45217391304347826,0.41819053455977534,0.3436310925892373
22,1,6,115,rf,optimized_action,0.4434782608695652,0.4205074988638085,0.3336954553684591
22,1,6,115,mlp,optimized_action,0.3739130434782609,0.3363974877132772,0.25182976416373004
22,1,6,115,svm,optimized_full,0.3130434782608696,0.3000386534638921,0.17685965389145575
22,1,6,115,knn,optimized_full,0.3130434782608696,0.2968264067733845,0.1767104666968735
22,1,6,115,rf,optimized_full,0.2956521739130435,0.25959098372891476,0.15602065778744212
22,1,6,115,mlp,optimized_full,0.28695652173913044,0.27509715893862235,0.14296101063346367
22,3,18,115,svm,raw,0.34782608695652173,0.34579948298988544,0.2193157132512673
22,3,18,115,knn,raw,0.33043478260869563,0.3165995115995116,0.2000180684795373
22,3,18,115,rf,raw,0.3826086956521739,0.3569717592796892,0.26195426195426197
22,3,18,115,mlp,raw,0.34782608695652173,0.31683501683501686,0.2212892741061756
22,3,18,115,svm,raw_pca17,0.6695652173913044,0.6761254619037976,0.6041308089500862
22,3,18,115,knn,raw_pca17,0.6086956521739131,0.5964616683608918,0.5320130222463375
22,3,18,115,rf,raw_pca17,0.6608695652173913,0.6564888127100109,0.5945945945945946
22,3,18,115,mlp,raw_pca17,0.5565217391304348,0.5457766907682018,0.46942283336348833
22,3,18,115,svm,corrected,0.7913043478260869,0.8037956787956788,0.749727965179543
22,3,18,115,knn,corrected,0.7130434782608696,0.7124976165429692,0.6553133514986377
22,3,18,115,rf,corrected,0.782608695652174,0.7772181243453474,0.73885003179217
22,3,18,115,mlp,corrected,0.782608695652174,0.7964886964886966,0.7394653375623017
22,3,18,115,svm,optimized_action,0.7652173913043478,0.7740693645879405,0.7186225645672859
22,3,18,115,knn,optimized_action,0.7130434782608696,0.7105398723312676,0.6559071538670778
22,3,18,115,rf,optimized_action,0.7478260869565218,0.7411414865036132,0.6974507847228522
22,3,18,115,mlp,optimized_action,0.7304347826086957,0.7420383106238971,0.6769955603877864
22,3,18,115,svm,optimized_full,0.41739130434782606,0.4135050319260846,0.30202011051725697
22,3,18,115,knn,optimized_full,0.34782608695652173,0.3247012367600603,0.21938636980722237
22,3,18,115,rf,optimized_full,0.46956521739130436,0.45767277370538245,0.3655028943560057
22,3,18,115,mlp,optimized_full,0.40869565217391307,0.3928199194131549,0.2931392931392932
22,5,30,115,svm,raw,0.5652173913043478,0.5680245845048842,0.4794966959355482
22,5,30,115,knn,raw,0.43478260869565216,0.42210459854782706,0.3246295627032889
22,5,30,115,rf,raw,0.5478260869565217,0.5454116804186931,0.4562647754137116
22,5,30,115,mlp,raw,0.5391304347826087,0.5336716524710664,0.44811662441144506
22,5,30,115,svm,raw_pca17,0.7304347826086957,0.7471395850309513,0.6771710585891515
22,5,30,115,knn,raw_pca17,0.7652173913043478,0.7683797916356054,0.7184439608269859
22,5,30,115,rf,raw_pca17,0.8173913043478261,0.8147545238649972,0.781349026708918
22,5,30,115,mlp,raw_pca17,0.7304347826086957,0.726647154588331,0.6769370185772541
22,5,30,115,svm,corrected,0.8608695652173913,0.8695155095531035,0.8330005445634416
22,5,30,115,knn,corrected,0.8695652173913043,0.8704724493877253,0.8434806278922058
22,5,30,115,rf,corrected,0.8608695652173913,0.8616663656137341,0.8330308529945554
22,5,30,115,mlp,corrected,0.8608695652173913,0.8650718144904191,0.8328792007266121
22,5,30,115,svm,optimized_action,0.8347826086956521,0.8411143269174737,0.8017601161313737
22,5,30,115,knn,optimized_action,0.8434782608695652,0.8448750887775277,0.8122789516640971
22,5,30,115,rf,optimized_action,0.8695652173913043,0.8688746438746439,0.8432673087406869
22,5,30,115,mlp,optimized_action,0.8173913043478261,0.8231666857226768,0.780952380952381
22,5,30,115,svm,optimized_full,0.5826086956521739,0.5933479602539612,0.49927431059506533
22,5,30,115,knn,optimized_full,0.46956521739130436,0.4585069310541528,0.3652158175730704
22,5,30,115,rf,optimized_full,0.6434782608695652,0.6341195827924665,0.5729166666666667
22,5,30,115,mlp,optimized_full,0.591304347826087,0.5890338610926847,0.5104610089665791
22,10,60,115,svm,raw,0.6347826086956522,0.644994318445068,0.5624603677869372
22,10,60,115,knn,raw,0.5043478260869565,0.5063300533888769,0.40576556975795475
22,10,60,115,rf,raw,0.7217391304347827,0.7288389419836916,0.6661525900390094
22,10,60,115,mlp,raw,0.5391304347826087,0.5468615026655823,0.447866654588278
22,10,60,115,svm,raw_pca17,0.8695652173913043,0.8750595326333452,0.8435232220609579
22,10,60,115,knn,raw_pca17,0.8260869565217391,0.8228652696737804,0.7917609778180172
22,10,60,115,rf,raw_pca17,0.8608695652173913,0.8595725424672792,0.8332578160398731
22,10,60,115,mlp,raw_pca17,0.8260869565217391,0.8233954985502973,0.7915533804603951
22,10,60,115,svm,corrected,0.9391304347826087,0.9377519049345676,0.9268780089018076
22,10,60,115,knn,corrected,0.9391304347826087,0.9393511624701776,0.9268846503178928
22,10,60,115,rf,corrected,0.9391304347826087,0.9381701803528429,0.9268647224493505
22,10,60,115,mlp,corrected,0.9130434782608695,0.9138440511842046,0.8954830500772517
22,10,60,115,svm,optimized_action,0.8695652173913043,0.8727614154642506,0.8431247726445981
22,10,60,115,knn,optimized_action,0.8869565217391304,0.8879976051802677,0.8641773416916507
22,10,60,115,rf,optimized_action,0.9565217391304348,0.9573309573309574,0.9477605160352502
22,10,60,115,mlp,optimized_action,0.8869565217391304,0.8903145478132878,0.8642020165319284
22,10,60,115,svm,optimized_full,0.6347826086956522,0.6446010736333316,0.5618252744261998
22,10,60,115,knn,optimized_full,0.5478260869565217,0.5453672488556209,0.45794053662073964
22,10,60,115,rf,optimized_full,0.7391304347826086,0.7447345741463388,0.6871883216973433
22,10,60,115,mlp,optimized_full,0.6434782608695652,0.6499546964663244,0.5716362314890524
23,1,6,115,svm,raw,0.22608695652173913,0.17433296172426607,0.06315789473684197
23,1,6,115,knn,raw,0.22608695652173913,0.17433296172426607,0.06315789473684197
23,1,6,115,rf,raw,0.22608695652173913,0.20437549689715673,0.0648698035632711
23,1,6,115,mlp,raw,0.23478260869565218,0.18123815376318156,0.07596785975164355
23,1,6,115,svm,raw_pca17,0.3652173913043478,0.3190644237083866,0.23841059602649006
23,1,6,115,knn,raw_pca17,0.3652173913043478,0.3190644237083866,0.23841059602649006
23,1,6,115,rf,raw_pca17,0.3826086956521739,0.3168683835350502,0.2550182481751826
23,1,6,115,mlp,raw_pca17,0.33043478260869563,0.27832558029628135,0.19250410359292358
23,1,6,115,svm,corrected,0.46956521739130436,0.470439145020859,0.36198271941791726
23,1,6,115,knn,corrected,0.46956521739130436,0.470439145020859,0.36198271941791726
23,1,6,115,rf,corrected,0.5217391304347826,0.5204047049441787,0.42604355716878406
23,1,6,115,mlp,corrected,0.4434782608695652,0.4085018456106564,0.33411743418076534
23,1,6,115,svm,optimized_action,0.4434782608695652,0.44649849329652286,0.3286509167198759
23,1,6,115,knn,optimized_action,0.4434782608695652,0.44649849329652286,0.3286509167198759
23,1,6,115,rf,optimized_action,0.5739130434782609,0.5489571630224988,0.48874977318091095
23,1,6,115,mlp,optimized_action,0.5043478260869565,0.47275316939563766,0.40560391730141454
23,1,6,115,svm,optimized_full,0.3130434782608696,0.3133169028186356,0.17318893338187114
23,1,6,115,knn,optimized_full,0.3130434782608696,0.3180607358357135,0.17296313154301324
23,1,6,115,rf,optimized_full,0.23478260869565218,0.2225408691503987,0.08083560399636691
23,1,6,115,mlp,optimized_full,0.3217391304347826,0.3246301740732071,0.18499000545157185
23,3,18,115,svm,raw,0.4,0.3858667398782932,0.2763997811417107
23,3,18,115,knn,raw,0.34782608695652173,0.32677093059446,0.21462393006738312
23,3,18,115,rf,raw,0.3826086956521739,0.363848184631074,0.2570518653321202
23,3,18,115,mlp,raw,0.391304347826087,0.37453934334464584,0.2668488160291441
23,3,18,115,svm,raw_pca17,0.6173913043478261,0.640260901295384,0.5401254203399073
23,3,18,115,knn,raw_pca17,0.6086956521739131,0.588473279148103,0.5275698375022824
23,3,18,115,rf,raw_pca17,0.7130434782608696,0.7028218121331492,0.6546546546546548
23,3,18,115,mlp,raw_pca17,0.6434782608695652,0.6449806243363412,0.5700346525624658
23,3,18,115,svm,corrected,0.8173913043478261,0.8240782644968788,0.7806937885942609
23,3,18,115,knn,corrected,0.7913043478260869,0.7954287042285144,0.7488854517332363
23,3,18,115,rf,corrected,0.8347826086956521,0.8359294026080691,0.8015079941860466
23,3,18,115,mlp,corrected,0.782608695652174,0.7866868545571116,0.7387076251931292
23,3,18,115,svm,optimized_action,0.7913043478260869,0.7966063348416289,0.7491365206326123
23,3,18,115,knn,optimized_action,0.782608695652174,0.7881747225675119,0.7384461426491995
23,3,18,115,rf,optimized_action,0.8347826086956521,0.8340067340067341,0.8015260241620492
23,3,18,115,mlp,optimized_action,0.7304347826086957,0.7363036189123147,0.6758501545735588
23,3,18,115,svm,optimized_full,0.48695652173913045,0.4987533382032037,0.3848594741613781
23,3,18,115,knn,optimized_full,0.4782608695652174,0.4786837615373285,0.3736951983298539
23,3,18,115,rf,optimized_full,0.5565217391304348,0.5575187479589805,0.4685574483508518
23,3,18,115,mlp,optimized_full,0.48695652173913045,0.4803494053494053,0.3853053089327776
23,5,30,115,svm,raw,0.5130434782608696,0.5280589031292428,0.4153957879448076
23,5,30,115,knn,raw,0.4782608695652174,0.46828869032051407,0.3730692349627476
23,5,30,115,rf,raw,0.6173913043478261,0.6155609475822724,0.5406681190994916
23,5,30,115,mlp,raw,0.5304347826086957,0.5350133275999771,0.43668359941944845
23,5,30,115,svm,raw_pca17,0.6956521739130435,0.7216178553830993,0.6353506069940207
23,5,30,115,knn,raw_pca17,0.7391304347826086,0.7320225651236103,0.6860211139424828
23,5,30,115,rf,raw_pca17,0.8347826086956521,0.8338100614315449,0.8016341352700863
23,5,30,115,mlp,raw_pca17,0.7739130434782608,0.7714750347729072,0.7281323877068557
23,5,30,115,svm,corrected,0.8521739130434782,0.8581727458008293,0.8223050354481003
23,5,30,115,knn,corrected,0.782608695652174,0.7948193747783351,0.7388974661701935
23,5,30,115,rf,corrected,0.8695652173913043,0.8668936168936169,0.8433527061387577
23,5,30,115,mlp,corrected,0.8260869565217391,0.8285675476874593,0.7910990009082652
23,5,30,115,svm,optimized_action,0.8260869565217391,0.8271798226020238,0.7910040890504316
23,5,30,115,knn,optimized_action,0.808695652173913,0.8193607992261603,0.7700627101699536
23,5,30,115,rf,optimized_action,0.8956521739130435,0.8951072274205689,0.8747162959600545
23,5,30,115,mlp,optimized_action,0.8434782608695652,0.8456079376811084,0.8119720228903624
23,5,30,115,svm,optimized_full,0.6,0.6124999999999999,0.5217862954257819
23,5,30,115,knn,optimized_full,0.5217391304347826,0.5189574794378757,0.4258872651356994
23,5,30,115,rf,optimized_full,0.7043478260869566,0.7007998637309604,0.6449650413148098
23,5,30,115,mlp,optimized_full,0.6086956521739131,0.6068403367183856,0.5306548158897153
23,10,60,115,svm,raw,0.6956521739130435,0.7015225730078859,0.6338245997088792
23,10,60,115,knn,raw,0.5826086956521739,0.5769553971994523,0.4977252047315742
23,10,60,115,rf,raw,0.7652173913043478,0.7653419571906374,0.7175989085948158
23,10,60,115,mlp,raw,0.6260869565217392,0.6233942636217505,0.550658791458428
23,10,60,115,svm,raw_pca17,0.8173913043478261,0.8271421326449789,0.7806140988372093
23,10,60,115,knn,raw_pca17,0.7739130434782608,0.7801717704721459,0.72823123068533
23,10,60,115,rf,raw_pca17,0.8956521739130435,0.8971966051762316,0.8744541484716157
23,10,60,115,mlp,raw_pca17,0.8608695652173913,0.8585836448443548,0.8329247253246164
23,10,60,115,svm,corrected,0.8260869565217391,0.8315018894240906,0.7906616910894694
23,10,60,115,knn,corrected,0.808695652173913,0.8158219385315101,0.7698744769874477
23,10,60,115,rf,corrected,0.9130434782608695,0.9132865461491906,0.8956537519281372
23,10,60,115,mlp,corrected,0.8260869565217391,0.8351987786770395,0.7910420641410012
23,10,60,115,svm,optimized_action,0.8347826086956521,0.8393613494574637,0.8013636363636364
23,10,60,115,knn,optimized_action,0.8434782608695652,0.8514814814814815,0.8116812227074236
23,10,60,115,rf,optimized_action,0.9217391304347826,0.9233218180586601,0.906071331336782
23,10,60,115,mlp,optimized_action,0.8260869565217391,0.8304757581658587,0.7911179729361548
23,10,60,115,svm,optimized_full,0.6260869565217392,0.6360003444647767,0.552205016752694
23,10,60,115,knn,optimized_full,0.5565217391304348,0.5529405271608699,0.46797895500725695
23,10,60,115,rf,optimized_full,0.7043478260869566,0.7020493214652394,0.6453836386722294
23,10,60,115,mlp,optimized_full,0.6608695652173913,0.6628342628342628,0.5930865541643986
24,1,6,115,svm,raw,0.3217391304347826,0.2975931424038016,0.18617310832879708
24,1,6,115,knn,raw,0.3217391304347826,0.2975931424038016,0.18617310832879708
24,1,6,115,rf,raw,0.24347826086956523,0.22637560932957349,0.08521532412910315
24,1,6,115,mlp,raw,0.3217391304347826,0.30851716867857093,0.1837291837291838
24,1,6,115,svm,raw_pca17,0.3565217391304348,0.30372968417727897,0.22937607534184534
24,1,6,115,knn,raw_pca17,0.3565217391304348,0.30372968417727897,0.22937607534184534
24,1,6,115,rf,raw_pca17,0.4260869565217391,0.414026587563173,0.3107519070105339
24,1,6,115,mlp,raw_pca17,0.3652173913043478,0.3534686097424025,0.24013396089790007
24,1,6,115,svm,corrected,0.6086956521739131,0.5573174388963863,0.5303140315846797
24,1,6,115,knn,corrected,0.6086956521739131,0.5573174388963863,0.5303140315846797
24,1,6,115,rf,corrected,0.5391304347826087,0.48963383132874666,0.4478666545882779
24,1,6,115,mlp,corrected,0.6,0.5611594202898551,0.5207030896076833
24,1,6,115,svm,optimized_action,0.5652173913043478,0.5223546758634477,0.4781267017607552
24,1,6,115,knn,optimized_action,0.5652173913043478,0.5223546758634477,0.4781267017607552
24,1,6,115,rf,optimized_action,0.5304347826086957,0.5057860544384516,0.4359673024523161
24,1,6,115,mlp,optimized_action,0.5478260869565217,0.5177234922922672,0.45882352941176463
24,1,6,115,svm,optimized_full,0.30434782608695654,0.2996614575893495,0.16142557651991618
24,1,6,115,knn,optimized_full,0.30434782608695654,0.2996614575893495,0.16142557651991618
24,1,6,115,rf,optimized_full,0.30434782608695654,0.29700569260363835,0.16203661535658986
24,1,6,115,mlp,optimized_full,0.3391304347826087,0.3250145732835826,0.20407977415535938
24,3,18,115,svm,raw,0.45217391304347826,0.42593577270996624,0.3432741116751269
24,3,18,115,knn,raw,0.3652173913043478,0.3383599838884392,0.23923878568192114
24,3,18,115,rf,raw,0.4434782608695652,0.4248711192576469,0.3325473836945678
24,3,18,115,mlp,raw,0.4782608695652174,0.4720011120240711,0.3742064211862869
24,3,18,115,svm,raw_pca17,0.6869565217391305,0.6949708243825891,0.6214337966349671
24,3,18,115,knn,raw_pca17,0.6434782608695652,0.6129014665776186,0.5720250521920669
24,3,18,115,rf,raw_pca17,0.7217391304347827,0.7215075969340509,0.6659707724425887
24,3,18,115,mlp,raw_pca17,0.7565217391304347,0.7516828245994912,0.7066593787009201
24,3,18,115,svm,corrected,0.8434782608695652,0.846473640735594,0.8120232473665092
24,3,18,115,knn,corrected,0.808695652173913,0.8068601717709475,0.7705631631450077
24,3,18,115,rf,corrected,0.8173913043478261,0.8161286465805834,0.7813094267861994
24,3,18,115,mlp,corrected,0.8434782608695652,0.8437273879134345,0.8119549418604651
24,3,18,115,svm,optimized_action,0.808695652173913,0.8157813726234778,0.7698116640888
24,3,18,115,knn,optimized_action,0.7913043478260869,0.7868423047546632,0.7496598639455783
24,3,18,115,rf,optimized_action,0.808695652173913,0.8082700773933879,0.7708955899664947
24,3,18,115,mlp,optimized_action,0.808695652173913,0.8068324387963246,0.7700627101699536
24,3,18,115,svm,optimized_full,0.5739130434782609,0.5927629516102001,0.4850118808261743
24,3,18,115,knn,optimized_full,0.46956521739130436,0.4940565366343464,0.36070354506516
24,3,18,115,rf,optimized_full,0.5565217391304348,0.5649282767868078,0.46589563792004374
24,3,18,115,mlp,optimized_full,0.5391304347826087,0.56144028812627,0.44383611643398113
24,5,30,115,svm,raw,0.5739130434782609,0.5406110321960995,0.4900913944439418
24,5,30,115,knn,raw,0.5043478260869565,0.4765141476381786,0.407055630936228
24,5,30,115,rf,raw,0.5652173913043478,0.5568683433222963,0.478788977519942
24,5,30,115,mlp,raw,0.5478260869565217,0.5315757832706985,0.45813700616165287
24,5,30,115,svm,raw_pca17,0.782608695652174,0.7880529213423951,0.7393236014144529
24,5,30,115,knn,raw_pca17,0.7565217391304347,0.7503123415832017,0.7081218274111676
24,5,30,115,rf,raw_pca17,0.7739130434782608,0.7750421618842672,0.7291421324395326
24,5,30,115,mlp,raw_pca17,0.7913043478260869,0.7933684050093586,0.7493415675233857
24,5,30,115,svm,corrected,0.8956521739130435,0.8975199147025773,0.8748185776487664
24,5,30,115,knn,corrected,0.8347826086956521,0.833077941969871,0.8018679724338048
24,5,30,115,rf,corrected,0.8782608695652174,0.8775234025234026,0.8541270272719036
24,5,30,115,mlp,corrected,0.8608695652173913,0.8623420123420124,0.8329702251270878
24,5,30,115,svm,optimized_action,0.8695652173913043,0.8720273588694641,0.8432957848837209
24,5,30,115,knn,optimized_action,0.808695652173913,0.803257348182604,0.7705215419501134
24,5,30,115,rf,optimized_action,0.8608695652173913,0.8590336134453782,0.8333635211012498
24,5,30,115,mlp,optimized_action,0.8521739130434782,0.8550594531980925,0.8223696165727785
24,5,30,115,svm,optimized_full,0.5652173913043478,0.5816930011187476,0.4774152503862583
24,5,30,115,knn,optimized_full,0.5391304347826087,0.5483787818404848,0.44434314887409987
24,5,30,115,rf,optimized_full,0.5739130434782609,0.5989947311623035,0.4860921112631099
24,5,30,115,mlp,optimized_full,0.5130434782608696,0.5288132775632776,0.41395941395941394
24,10,60,115,svm,raw,0.6782608695652174,0.6726058330906174,0.6143038433647571
24,10,60,115,knn,raw,0.5739130434782609,0.5709561602418746,0.4893983327292497
24,10,60,115,rf,raw,0.6608695652173913,0.6662851679374103,0.592938827373389
24,10,60,115,mlp,raw,0.591304347826087,0.5943603738116616,0.5099283706591713
24,10,60,115,svm,raw_pca17,0.8260869565217391,0.8355585934533303,0.7906235776058261
24,10,60,115,knn,raw_pca17,0.7739130434782608,0.7625370661084947,0.7296808606816744
24,10,60,115,rf,raw_pca17,0.8869565217391304,0.887121804194975,0.8642883079157588
24,10,60,115,mlp,raw_pca17,0.8608695652173913,0.865387266895611,0.833015700154279
24,10,60,115,svm,corrected,0.8869565217391304,0.889241952445154,0.8642636644270928
24,10,60,115,knn,corrected,0.9391304347826087,0.940160723759255,0.9269045673295196
24,10,60,115,rf,corrected,0.9217391304347826,0.9227199095299223,0.9060798548094374
24,10,60,115,mlp,corrected,0.8869565217391304,0.8886736231035721,0.8642266824085005
24,10,60,115,svm,optimized_action,0.9130434782608695,0.9143020269559258,0.8955684707591718
24,10,60,115,knn,optimized_action,0.8695652173913043,0.8728757478436554,0.8435516052965717
24,10,60,115,rf,optimized_action,0.9217391304347826,0.9225391496251573,0.9061309631779431
24,10,60,115,mlp,optimized_action,0.9043478260869565,0.9057629057629057,0.8851774530271399
24,10,60,115,svm,optimized_full,0.7217391304347827,0.7369292744292745,0.6646008020415604
24,10,60,115,knn,optimized_full,0.5652173913043478,0.5724746156163575,0.4773202436142169
24,10,60,115,rf,optimized_full,0.7652173913043478,0.7714144625909332,0.7179580343355436
24,10,60,115,mlp,optimized_full,0.6782608695652174,0.6819528506835009,0.6134278186608522
25,1,6,115,svm,raw,0.24347826086956523,0.24772970085470084,0.09276387377584339
25,1,6,115,knn,raw,0.24347826086956523,0.24772970085470084,0.09276387377584339
25,1,6,115,rf,raw,0.24347826086956523,0.22229048189316328,0.09276387377584339
25,1,6,115,mlp,raw,0.2608695652173913,0.24978672761458198,0.10599963416864833
25,1,6,115,svm,raw_pca17,0.45217391304347826,0.4217256472810152,0.3445811470960739
25,1,6,115,knn,raw_pca17,0.45217391304347826,0.4217256472810152,0.3445811470960739
25,1,6,115,rf,raw_pca17,0.3565217391304348,0.36930037247874065,0.2300732832715101
25,1,6,115,mlp,raw_pca17,0.4434782608695652,0.4206018518518519,0.33266841962099925
25,1,6,115,svm,corrected,0.4608695652173913,0.45217632650238554,0.3542836442673428
25,1,6,115,knn,corrected,0.4608695652173913,0.45217632650238554,0.3542836442673428
25,1,6,115,rf,corrected,0.5130434782608696,0.4995538954737741,0.41724730793593334
25,1,6,115,mlp,corrected,0.43478260869565216,0.42619332751662803,0.32267125770206595
25,1,6,115,svm,optimized_action,0.4608695652173913,0.449785479290102,0.3546927323739705
25,1,6,115,knn,optimized_action,0.4608695652173913,0.449785479290102,0.3546927323739705
25,1,6,115,rf,optimized_action,0.45217391304347826,0.43899066294995986,0.3450551437353101
25,1,6,115,mlp,optimized_action,0.3739130434782609,0.35935713466673214,0.24877517691888962
25,1,6,115,svm,optimized_full,0.22608695652173913,0.18653016590882765,0.0749276934201013
25,1,6,115,knn,optimized_full,0.22608695652173913,0.18653016590882765,0.0749276934201013
25,1,6,115,rf,optimized_full,0.1826086956521739,0.14612694067714596,0.023045639403524776
25,1,6,115,mlp,optimized_full,0.23478260869565218,0.19345086145845158,0.08457711442786064
25,3,18,115,svm,raw,0.4608695652173913,0.45778421700635014,0.35317064320058045
25,3,18,115,knn,raw,0.3565217391304348,0.36076661444780456,0.2271364998637726
25,3,18,115,rf,raw,0.3652173913043478,0.36484859527495184,0.23688755567675668
25,3,18,115,mlp,raw,0.3565217391304348,0.3486733074452735,0.22523670793882022
25,3,18,115,svm,raw_pca17,0.5739130434782609,0.5817925277976786,0.48902792890823366
25,3,18,115,knn,raw_pca17,0.391304347826087,0.41853142340947214,0.2692447349310094
25,3,18,115,rf,raw_pca17,0.6086956521739131,0.6085335215769998,0.5309100797679478
25,3,18,115,mlp,raw_pca17,0.5391304347826087,0.5310082306986332,0.44826649769168114
25,3,18,115,svm,corrected,0.6173913043478261,0.6386093005935467,0.5410847088699438
25,3,18,115,knn,corrected,0.6782608695652174,0.6789477560752952,0.614303843364757
25,3,18,115,rf,corrected,0.6521739130434783,0.6590388319111723,0.5840867992766727
25,3,18,115,mlp,corrected,0.6086956521739131,0.6112457924957925,0.530782482546015
25,3,18,115,svm,optimized_action,0.6,0.6160968319883048,0.5207030896076832
25,3,18,115,knn,optimized_action,0.5304347826086957,0.5273804497875706,0.4379073135409123
25,3,18,115,rf,optimized_action,0.6,0.6222642354691037,0.5214402026415778
25,3,18,115,mlp,optimized_action,0.5652173913043478,0.5632649169347773,0.47907229570574383
25,3,18,115,svm,optimized_full,0.33043478260869563,0.32793332844180306,0.19565809791988376
25,3,18,115,knn,optimized_full,0.3130434782608696,0.3013148574589253,0.17923931701147344
25,3,18,115,rf,optimized_full,0.34782608695652173,0.3574582059544465,0.21910366681756466
25,3,18,115,mlp,optimized_full,0.3391304347826087,0.3467561058342817,0.20595984373580456
25,5,30,115,svm,raw,0.5304347826086957,0.539166649644405,0.43647912885662443
25,5,30,115,knn,raw,0.48695652173913045,0.4852989365740246,0.3826205641492265
25,5,30,115,rf,raw,0.6086956521739131,0.6110983102918587,0.5295454545454545
25,5,30,115,mlp,raw,0.5217391304347826,0.5087615038318367,0.42536567638775324
25,5,30,115,svm,raw_pca17,0.7217391304347827,0.733239723799555,0.6668778853987507
25,5,30,115,knn,raw_pca17,0.6869565217391305,0.7004469380291276,0.6239098837209303
25,5,30,115,rf,raw_pca17,0.7739130434782608,0.7694103911649152,0.7287243694429323
25,5,30,115,mlp,raw_pca17,0.7739130434782608,0.7712088945721809,0.7290439510647938
25,5,30,115,svm,corrected,0.8,0.7992710837634025,0.7605034407823252
25,5,30,115,knn,corrected,0.8260869565217391,0.8279292665685478,0.791402140395429
25,5,30,115,rf,corrected,0.8434782608695652,0.845783315192445,0.8122108318969428
25,5,30,115,mlp,corrected,0.8347826086956521,0.8341742599392538,0.8019218565859849
25,5,30,115,svm,optimized_action,0.808695652173913,0.8104890024798492,0.7709578127829079
25,5,30,115,knn,optimized_action,0.808695652173913,0.8091636427242975,0.7703340595497459
25,5,30,115,rf,optimized_action,0.8434782608695652,0.8429152062278997,0.8125
25,5,30,115,mlp,optimized_action,0.7652173913043478,0.7622645372645374,0.7187245221487453
25,5,30,115,svm,optimized_full,0.48695652173913045,0.4882739882739883,0.3859728506787331
25,5,30,115,knn,optimized_full,0.45217391304347826,0.4516050232802151,0.34434389140271493
25,5,30,115,rf,optimized_full,0.6,0.5858856395698501,0.5205727750589088
25,5,30,115,mlp,optimized_full,0.5304347826086957,0.5321849473827338,0.4379581862612
25,10,60,115,svm,raw,0.5739130434782609,0.5832343250821512,0.4880995639534884
25,10,60,115,knn,raw,0.5391304347826087,0.5393669089959814,0.44611050527081053
25,10,60,115,rf,raw,0.7565217391304347,0.7552742302742302,0.7082804855952165
25,10,60,115,mlp,raw,0.6434782608695652,0.642341258672528,0.5717529518619437
25,10,60,115,svm,raw_pca17,0.8347826086956521,0.8352551679586564,0.8017601161313737
25,10,60,115,knn,raw_pca17,0.8,0.8057494729119443,0.7596110151776788
25,10,60,115,rf,raw_pca17,0.8956521739130435,0.8951949972757807,0.8747390396659708
25,10,60,115,mlp,raw_pca17,0.8608695652173913,0.8609922968282101,0.8329247253246164
25,10,60,115,svm,corrected,0.8434782608695652,0.8458919522943913,0.8121426626735638
25,10,60,115,knn,corrected,0.8434782608695652,0.8459816959816959,0.812176753470647
25,10,60,115,rf,corrected,0.8956521739130435,0.897205742867602,0.8747731397459165
25,10,60,115,mlp,corrected,0.8695652173913043,0.8719506158530548,0.8434664246823956
25,10,60,115,svm,optimized_action,0.8608695652173913,0.8635587401512579,0.8329247253246164
25,10,60,115,knn,optimized_action,0.8521739130434782,0.8554802694337579,0.8224825206574049
25,10,60,115,rf,optimized_action,0.9043478260869565,0.904465145598241,0.8852295409181636
25,10,60,115,mlp,optimized_action,0.8521739130434782,0.8514736124492223,0.8226757369614512
25,10,60,115,svm,optimized_full,0.5826086956521739,0.5901609389275423,0.5000452857531021
25,10,60,115,knn,optimized_full,0.4956521739130435,0.5000380886727472,0.39545001359557697
25,10,60,115,rf,optimized_full,0.6521739130434783,0.6521196283391405,0.5830689748935014
25,10,60,115,mlp,optimized_full,0.6086956521739131,0.6138658033592875,0.530697379160243
26,1,6,115,svm,raw,0.23478260869565218,0.20160531292606762,0.07824027689224888
26,1,6,115,knn,raw,0.23478260869565218,0.20160531292606762,0.07824027689224888
26,1,6,115,rf,raw,0.25217391304347825,0.25727637313003165,0.10229645093945716
26,1,6,115,mlp,raw,0.22608695652173913,0.20884435023953682,0.07055938975662923
26,1,6,115,svm,raw_pca17,0.46956521739130436,0.4615343155241287,0.36302551530009997
26,1,6,115,knn,raw_pca17,0.46956521739130436,0.4615343155241287,0.36302551530009997
26,1,6,115,rf,raw_pca17,0.5043478260869565,0.5005607719734527,0.4051184317996188
26,1,6,115,mlp,raw_pca17,0.48695652173913045,0.46999852120600566,0.3832939465551717
26,1,6,115,svm,corrected,0.5478260869565217,0.540783765128688,0.4584804853753509
26,1,6,115,knn,corrected,0.5478260869565217,0.540783765128688,0.4584804853753509
26,1,6,115,rf,corrected,0.6086956521739131,0.6142798642798643,0.5311225876596901
26,1,6,115,mlp,corrected,0.5130434782608696,0.5001651751013635,0.41534271448025417
26,1,6,115,svm,optimized_action,0.5043478260869565,0.48691694593427376,0.4072700967537751
26,1,6,115,knn,optimized_action,0.5043478260869565,0.48691694593427376,0.4072700967537751
26,1,6,115,rf,optimized_action,0.5478260869565217,0.5385040885040885,0.45872556118754526
26,1,6,115,mlp,optimized_action,0.43478260869565216,0.44050986597739533,0.32322317790855604
26,1,6,115,svm,optimized_full,0.2608695652173913,0.28048646054639353,0.11746117732033223
26,1,6,115,knn,optimized_full,0.2608695652173913,0.28048646054639353,0.11746117732033223
26,1,6,115,rf,optimized_full,0.30434782608695654,0.31265877159867456,0.16704391127206875
26,1,6,115,mlp,optimized_full,0.2,0.2078140050227939,0.045557059088858765
26,3,18,115,svm,raw,0.4782608695652174,0.45440204821018765,0.3747168101495244
26,3,18,115,knn,raw,0.41739130434782606,0.3894432765400507,0.30183037332366813
26,3,18,115,rf,raw,0.4608695652173913,0.4491590414720134,0.3506966578635825
26,3,18,115,mlp,raw,0.41739130434782606,0.4109926113534774,0.29941807601382064
26,3,18,115,svm,raw_pca17,0.7913043478260869,0.7927085810169477,0.7490680970997363
26,3,18,115,knn,raw_pca17,0.6260869565217392,0.6320947570947572,0.5513518417710035
26,3,18,115,rf,raw_pca17,0.6869565217391305,0.6908474804837194,0.6240464947330185
26,3,18,115,mlp,raw_pca17,0.808695652173913,0.8133553580922003,0.7693289569657185
26,3,18,115,svm,corrected,0.7739130434782608,0.7777010092799568,0.7289456984860847
26,3,18,115,knn,corrected,0.6347826086956522,0.6431256431256432,0.5619842205495602
26,3,18,115,rf,corrected,0.8,0.8000920237762345,0.7601994560290117
26,3,18,115,mlp,corrected,0.7304347826086957,0.7345138772543492,0.6763798111837328
26,3,18,115,svm,optimized_action,0.7304347826086957,0.7386549049109089,0.6761151994185519
26,3,18,115,knn,optimized_action,0.6347826086956522,0.6451596404241614,0.5619444948304009
26,3,18,115,rf,optimized_action,0.7565217391304347,0.7554993086962165,0.7078570132462348
26,3,18,115,mlp,optimized_action,0.6347826086956522,0.6291978744359696,0.5605895196506551
26,3,18,115,svm,optimized_full,0.48695652173913045,0.47233552718717114,0.3831818181818182
26,3,18,115,knn,optimized_full,0.4,0.38777236595294046,0.28092433167195285
26,3,18,115,rf,optimized_full,0.45217391304347826,0.4379399195575666,0.3402240233129953
26,3,18,115,mlp,optimized_full,0.45217391304347826,0.443032521439982,0.3409442372418813
26,5,30,115,svm,raw,0.4608695652173913,0.44889230250706486,0.35199491047896025
26,5,30,115,knn,raw,0.3826086956521739,0.34846230158730157,0.259746146872167
26,5,30,115,rf,raw,0.5217391304347826,0.5116336895997914,0.4261477045908183
26,5,30,115,mlp,raw,0.40869565217391307,0.3995256073631359,0.2897366030881018
26,5,30,115,svm,raw_pca17,0.8260869565217391,0.8298234013133144,0.7913264380330249
26,5,30,115,knn,raw_pca17,0.7478260869565218,0.7545881656756269,0.697423335147886
26,5,30,115,rf,raw_pca17,0.8782608695652174,0.8764892514892515,0.8537560178036152
26,5,30,115,mlp,raw_pca17,0.8260869565217391,0.8306528071233954,0.790528233151184
26,5,30,115,svm,corrected,0.8173913043478261,0.8224418799244201,0.7810516772438804
26,5,30,115,knn,corrected,0.7478260869565218,0.7545540896934085,0.697423335147886
26,5,30,115,rf,corrected,0.8782608695652174,0.8783555823029507,0.8539417581420666
26,5,30,115,mlp,corrected,0.7913043478260869,0.7966331071076169,0.7494098420192482
26,5,30,115,svm,optimized_action,0.8521739130434782,0.8557424689777632,0.8224664002905921
26,5,30,115,knn,optimized_action,0.7130434782608696,0.7166149257877784,0.655375953505267
26,5,30,115,rf,optimized_action,0.8608695652173913,0.8605705184652552,0.8331217123163432
26,5,30,115,mlp,optimized_action,0.8347826086956521,0.8396770740035896,0.8016161249319048
26,5,30,115,svm,optimized_full,0.5826086956521739,0.5661690629941799,0.4979536152796725
26,5,30,115,knn,optimized_full,0.4782608695652174,0.4611016331946564,0.3740928882438317
26,5,30,115,rf,optimized_full,0.591304347826087,0.5586584912671869,0.5084129149613461
26,5,30,115,mlp,optimized_full,0.5565217391304348,0.5423728353784397,0.4669635553939835
26,10,60,115,svm,raw,0.5565217391304348,0.5543363216157334,0.46913468501086175
26,10,60,115,knn,raw,0.4782608695652174,0.46319060627236724,0.3753394894079305
26,10,60,115,rf,raw,0.6782608695652174,0.6778462669098064,0.6144086995922066
26,10,60,115,mlp,raw,0.5565217391304348,0.5460978787962315,0.46937483036279737
26,10,60,115,svm,raw_pca17,0.8608695652173913,0.8623083609925716,0.8331368459236419
26,10,60,115,knn,raw_pca17,0.8347826086956521,0.8378079035973772,0.80147192440487
26,10,60,115,rf,raw_pca17,0.9043478260869565,0.9067040774357847,0.8852815815725039
26,10,60,115,mlp,raw_pca17,0.8695652173913043,0.8734744071953374,0.8435799782372143
26,10,60,115,svm,corrected,0.8,0.801736879082417,0.760438366090028
26,10,60,115,knn,corrected,0.8347826086956521,0.8400574376184132,0.8016701461377871
26,10,60,115,rf,corrected,0.9304347826086956,0.9309431382602114,0.9165154264972777
26,10,60,115,mlp,corrected,0.8521739130434782,0.8534337981706402,0.8227078987938696
26,10,60,115,svm,optimized_action,0.808695652173913,0.8115504644916408,0.7707087185064346
26,10,60,115,knn,optimized_action,0.782608695652174,0.7904349049671108,0.7390159767610748
26,10,60,115,rf,optimized_action,0.9217391304347826,0.9224428303375672,0.9060713313367819
26,10,60,115,mlp,optimized_action,0.8260869565217391,0.8267722150905721,0.7913642960812772
26,10,60,115,svm,optimized_full,0.6347826086956522,0.6326052513552513,0.5619444948304009
26,10,60,115,knn,optimized_full,0.4782608695652174,0.47568943815345227,0.37443336355394385
26,10,60,115,rf,optimized_full,0.6434782608695652,0.639208993025225,0.5709736123748863
26,10,60,115,mlp,optimized_full,0.6173913043478261,0.6117145894235677,0.5402925411102026
27,1,6,115,svm,raw,0.3652173913043478,0.36816326809335903,0.23480083857442358
27,1,6,115,knn,raw,0.3652173913043478,0.36816326809335903,0.23480083857442358
27,1,6,115,rf,raw,0.30434782608695654,0.3054294760177113,0.16287534121929037
27,1,6,115,mlp,raw,0.3130434782608696,0.31922760591998783,0.17084968513279164
27,1,6,115,svm,raw_pca17,0.41739130434782606,0.4236099237908478,0.3003722872968311
27,1,6,115,knn,raw_pca17,0.41739130434782606,0.4236099237908478,0.3003722872968311
27,1,6,115,rf,raw_pca17,0.40869565217391307,0.4028572286166667,0.28960755813953476
27,1,6,115,mlp,raw_pca17,0.33043478260869563,0.2941358024691358,0.19842491174074417
27,1,6,115,svm,corrected,0.6521739130434783,0.6466275399048508,0.5824634655532359
27,1,6,115,knn,corrected,0.6521739130434783,0.6466275399048508,0.5824634655532359
27,1,6,115,rf,corrected,0.6173913043478261,0.6009159922203401,0.5412511332728922
27,1,6,115,mlp,corrected,0.5826086956521739,0.5752469373183406,0.497907949790795
27,1,6,115,svm,optimized_action,0.5826086956521739,0.5597115600332723,0.499455930359086
27,1,6,115,knn,optimized_action,0.5826086956521739,0.5597115600332723,0.499455930359086
27,1,6,115,rf,optimized_action,0.5391304347826087,0.5126834432246242,0.4478666545882779
27,1,6,115,mlp,optimized_action,0.5739130434782609,0.5576413784618119,0.48786694537853315
27,1,6,115,svm,optimized_full,0.34782608695652173,0.3443824040743168,0.21754513290392807
27,1,6,115,knn,optimized_full,0.34782608695652173,0.3451513422630239,0.21740313946102896
27,1,6,115,rf,optimized_full,0.2782608695652174,0.26680027222580416,0.13179916317991613
27,1,6,115,mlp,optimized_full,0.34782608695652173,0.33487533534740455,0.21405139420448338
27,3,18,115,svm,raw,0.3826086956521739,0.3902231709510818,0.2577272727272728
27,3,18,115,knn,raw,0.4,0.40515009440800825,0.27994555353902006
27,3,18,115,rf,raw,0.4608695652173913,0.4703681453681454,0.3525245187068652
27,3,18,115,mlp,raw,0.4,0.40073146311381236,0.27929155313351495
27,3,18,115,svm,raw_pca17,0.5565217391304348,0.5779717494771258,0.464628023733455
27,3,18,115,knn,raw_pca17,0.7130434782608696,0.7091411936488337,0.6560630777596519
27,3,18,115,rf,raw_pca17,0.7304347826086957,0.7309625711422888,0.6767319550235763
27,3,18,115,mlp,raw_pca17,0.6521739130434783,0.6599586288416076,0.5818561948913735
27,3,18,115,svm,corrected,0.6869565217391305,0.7083464837547923,0.6232939035486806
27,3,18,115,knn,corrected,0.6869565217391305,0.6942804420618822,0.6247280638143582
27,3,18,115,rf,corrected,0.7043478260869566,0.7039345467916897,0.6457049655672346
27,3,18,115,mlp,corrected,0.7130434782608696,0.7185268687420768,0.6555010893246187
27,3,18,115,svm,optimized_action,0.6608695652173913,0.6769105078464684,0.5919759825327511
27,3,18,115,knn,optimized_action,0.7043478260869566,0.712153059421967,0.6451905626134302
27,3,18,115,rf,optimized_action,0.7043478260869566,0.7044072951967689,0.6453514739229025
27,3,18,115,mlp,optimized_action,0.7043478260869566,0.7073369399107525,0.6453193033381712
27,3,18,115,svm,optimized_full,0.3652173913043478,0.3946896062986444,0.2398587468308584
27,3,18,115,knn,optimized_full,0.41739130434782606,0.41704340962973446,0.30037228729683085
27,3,18,115,rf,optimized_full,0.2956521739130435,0.32126970534694865,0.15556159912972534
27,3,18,115,mlp,optimized_full,0.4,0.41451141335739927,0.278570779161742
27,5,30,115,svm,raw,0.3652173913043478,0.38093859545472447,0.23875589408777653
27,5,30,115,knn,raw,0.4260869565217391,0.4167999108475298,0.31193908077236876
27,5,30,115,rf,raw,0.4434782608695652,0.45072751322751325,0.3323657474600872
27,5,30,115,mlp,raw,0.391304347826087,0.39218890062879835,0.2693110647181628
27,5,30,115,svm,raw_pca17,0.6521739130434783,0.6553692984152493,0.5829933822862841
27,5,30,115,knn,raw_pca17,0.7130434782608696,0.718048738659944,0.6556261343012704
27,5,30,115,rf,raw_pca17,0.6782608695652174,0.6798347233520531,0.6140939597315436
27,5,30,115,mlp,raw_pca17,0.7130434782608696,0.7121883024935801,0.6558135316524578
27,5,30,115,svm,corrected,0.7304347826086957,0.7389147993969919,0.6759090909090909
27,5,30,115,knn,corrected,0.6347826086956522,0.6470071545879246,0.5621033544877607
27,5,30,115,rf,corrected,0.7565217391304347,0.7550871176851021,0.7083069118579581
27,5,30,115,mlp,corrected,0.7565217391304347,0.7582676598318168,0.7078039927404719
27,5,30,115,svm,optimized_action,0.7043478260869566,0.7110533402687204,0.6449650413148098
27,5,30,115,knn,optimized_action,0.6782608695652174,0.6935172717735743,0.6135331516802907
27,5,30,115,rf,optimized_action,0.7652173913043478,0.7644686552581289,0.7185970636215335
27,5,30,115,mlp,optimized_action,0.7391304347826086,0.7392242009209463,0.6871315861068287
27,5,30,115,svm,optimized_full,0.3739130434782609,0.40092429985197797,0.24925197207362404
27,5,30,115,knn,optimized_full,0.40869565217391307,0.4076292003794106,0.29102447869446957
27,5,30,115,rf,optimized_full,0.391304347826087,0.4150938782987655,0.271427278486741
27,5,30,115,mlp,optimized_full,0.4260869565217391,0.4324182644634081,0.3111897631364008
27,10,60,115,svm,raw,0.4434782608695652,0.4382957236615774,0.33236574746008707
27,10,60,115,knn,raw,0.45217391304347826,0.4365769073847409,0.3414833666606071
27,10,60,115,rf,raw,0.7130434782608696,0.7090587832788627,0.655375953505267
27,10,60,115,mlp,raw,0.4956521739130435,0.49396228219454835,0.39363636363636356
27,10,60,115,svm,raw_pca17,0.782608695652174,0.787971531873971,0.7393236014144529
27,10,60,115,knn,raw_pca17,0.7478260869565218,0.7500197514903396,0.697423335147886
27,10,60,115,rf,raw_pca17,0.8956521739130435,0.8963956116395141,0.8747276688453159
27,10,60,115,mlp,raw_pca17,0.8260869565217391,0.8259921033518843,0.7911179729361548
27,10,60,115,svm,corrected,0.8869565217391304,0.8909103641456583,0.8639672429481347
27,10,60,115,knn,corrected,0.808695652173913,0.8110805209511152,0.7703965877121336
27,10,60,115,rf,corrected,0.8869565217391304,0.8878852536747274,0.8644236873129592
27,10,60,115,mlp,corrected,0.8695652173913043,0.8724093710935815,0.8432957848837209
27,10,60,115,svm,optimized_action,0.8695652173913043,0.8703748958109423,0.843081961248067
27,10,60,115,knn,optimized_action,0.7217391304347827,0.7296465617204313,0.6659707724425887
27,10,60,115,rf,optimized_action,0.8695652173913043,0.870104314841157,0.8435657930534144
27,10,60,115,mlp,optimized_action,0.8608695652173913,0.8633327923575602,0.8329550612800727
27,10,60,115,svm,optimized_full,0.591304347826087,0.5994083869473771,0.5097505668934241
27,10,60,115,knn,optimized_full,0.5391304347826087,0.5386653390825407,0.44716553287981864
27,10,60,115,rf,optimized_full,0.6695652173913044,0.6720674294203706,0.6036281179138323
27,10,60,115,mlp,optimized_full,0.591304347826087,0.5979030169659181,0.509661616619795
28,1,6,115,svm,raw,0.30434782608695654,0.28412619988706944,0.16674214292183676
28,1,6,115,knn,raw,0.30434782608695654,0.28412619988706944,0.16674214292183676
28,1,6,115,rf,raw,0.3130434782608696,0.2943871278234124,0.17753032772044175
28,1,6,115,mlp,raw,0.34782608695652173,0.3363365148291198,0.21860844355861586
28,1,6,115,svm,raw_pca17,0.43478260869565216,0.4114571118396088,0.3218724485167377
28,1,6,115,knn,raw_pca17,0.43478260869565216,0.4114571118396088,0.3218724485167377
28,1,6,115,rf,raw_pca17,0.4260869565217391,0.4143753227956264,0.3127490039840637
28,1,6,115,mlp,raw_pca17,0.3565217391304348,0.32081108796795066,0.22832789263692432
28,1,6,115,svm,corrected,0.4956521739130435,0.4863945954954727,0.3894177956792384
28,1,6,115,knn,corrected,0.4956521739130435,0.4863945954954727,0.3894177956792384
28,1,6,115,rf,corrected,0.6347826086956522,0.6285194523638616,0.5623017671046668
28,1,6,115,mlp,corrected,0.5478260869565217,0.537583526676664,0.4551252847380408
28,1,6,115,svm,optimized_action,0.5652173913043478,0.5628713878713878,0.4750296722359172
28,1,6,115,knn,optimized_action,0.5652173913043478,0.5628713878713878,0.4750296722359172
28,1,6,115,rf,optimized_action,0.6173913043478261,0.6156987998451413,0.5414174370128694
28,1,6,115,mlp,optimized_action,0.5217391304347826,0.5107366321218313,0.42211055276381915
28,1,6,115,svm,optimized_full,0.2608695652173913,0.22993293170017307,0.11706259597145707
28,1,6,115,knn,optimized_full,0.2608695652173913,0.22993293170017307,0.11706259597145707
28,1,6,115,rf,optimized_full,0.28695652173913044,0.2975949225949226,0.1449038810301052
28,1,6,115,mlp,optimized_full,0.30434782608695654,0.2795175038582746,0.1680983814088074
28,3,18,115,svm,raw,0.48695652173913045,0.4796919935823647,0.38188940511979597
28,3,18,115,knn,raw,0.3652173913043478,0.3563153662719006,0.24013396089790018
28,3,18,115,rf,raw,0.40869565217391307,0.40425633818690926,0.29160250022646983
28,3,18,115,mlp,raw,0.4782608695652174,0.47248677248677245,0.3747168101495244
28,3,18,115,svm,raw_pca17,0.6434782608695652,0.6373693328635188,0.5699562203575338
28,3,18,115,knn,raw_pca17,0.6608695652173913,0.6651973701206438,0.5924950027257859
28,3,18,115,rf,raw_pca17,0.6695652173913044,0.6758115322217112,0.6025466120964074
28,3,18,115,mlp,raw_pca17,0.6869565217391305,0.6912848733731586,0.6232596232596233
28,3,18,115,svm,corrected,0.7130434782608696,0.7230635462126335,0.6555010893246187
28,3,18,115,knn,corrected,0.6608695652173913,0.672485974116409,0.592346846027995
28,3,18,115,rf,corrected,0.7130434782608696,0.712789748176628,0.6556573813628528
28,3,18,115,mlp,corrected,0.7043478260869566,0.7077456396358835,0.6441572624681471
28,3,18,115,svm,optimized_action,0.7217391304347827,0.7289823064532367,0.6656369253134653
28,3,18,115,knn,optimized_action,0.6782608695652174,0.6936487571162493,0.6140939597315436
28,3,18,115,rf,optimized_action,0.7304347826086957,0.7370519343097849,0.6767026389770563
28,3,18,115,mlp,optimized_action,0.7043478260869566,0.7079385579072689,0.6445131375579598
28,3,18,115,svm,optimized_full,0.5478260869565217,0.554785060635252,0.4547775346462436
28,3,18,115,knn,optimized_full,0.4782608695652174,0.46932221086632847,0.3755656108597285
28,3,18,115,rf,optimized_full,0.5739130434782609,0.5637240758837855,0.48833197130663764
28,3,18,115,mlp,optimized_full,0.5304347826086957,0.5263067578857052,0.437856431610392
28,5,30,115,svm,raw,0.48695652173913045,0.48325857576600484,0.38177676537585437
28,5,30,115,knn,raw,0.4,0.3946027044522256,0.2818354602226446
28,5,30,115,rf,raw,0.5478260869565217,0.5401928024763021,0.45680806612771374
28,5,30,115,mlp,raw,0.5043478260869565,0.49608475713126876,0.40571169537624663
28,5,30,115,svm,raw_pca17,0.7913043478260869,0.7992208841887919,0.7487482931269913
28,5,30,115,knn,raw_pca17,0.7217391304347827,0.7301858926159038,0.6662434246326864
28,5,30,115,rf,raw_pca17,0.8434782608695652,0.8432642726760374,0.8120915032679739
28,5,30,115,mlp,raw_pca17,0.7739130434782608,0.7781747303486434,0.7285273288541856
28,5,30,115,svm,corrected,0.808695652173913,0.8113592805543269,0.7702297702297702
28,5,30,115,knn,corrected,0.8,0.8017933525889464,0.7597856688765781
28,5,30,115,rf,corrected,0.8173913043478261,0.8139607493232663,0.7810715257002991
28,5,30,115,mlp,corrected,0.8173913043478261,0.8158356732432818,0.7803746817024373
28,5,30,115,svm,optimized_action,0.8173913043478261,0.8187912087912088,0.7806738715829625
28,5,30,115,knn,optimized_action,0.7217391304347827,0.7274889507447648,0.6664854087366323
28,5,30,115,rf,optimized_action,0.8260869565217391,0.8228810707836755,0.7912127814088599
28,5,30,115,mlp,optimized_action,0.8,0.8001944333446508,0.7596328607778989
28,5,30,115,svm,optimized_full,0.5565217391304348,0.5600180909255067,0.46793069037467117
28,5,30,115,knn,optimized_full,0.4608695652173913,0.44986457045280576,0.3546927323739705
28,5,30,115,rf,optimized_full,0.6086956521739131,0.5894403087951475,0.5323936026023313
28,5,30,115,mlp,optimized_full,0.5217391304347826,0.5202427158948898,0.4270314340067035
28,10,60,115,svm,raw,0.6086956521739131,0.6138583638583639,0.5308250226654578
28,10,60,115,knn,raw,0.5217391304347826,0.5218707718707719,0.4262518142235123
28,10,60,115,rf,raw,0.6608695652173913,0.6625901031253288,0.5919759825327511
28,10,60,115,mlp,raw,0.5739130434782609,0.5716721980762417,0.4882390336935791
28,10,60,115,svm,raw_pca17,0.8434782608695652,0.8469176969176969,0.812312993018406
28,10,60,115,knn,raw_pca17,0.7913043478260869,0.797817819774044,0.749204906860518
28,10,60,115,rf,raw_pca17,0.9391304347826087,0.9409649330381038,0.926950998185118
28,10,60,115,mlp,raw_pca17,0.8695652173913043,0.8730819937224287,0.8433527061387577
28,10,60,115,svm,corrected,0.8521739130434782,0.8561917638882051,0.8221919054115507
28,10,60,115,knn,corrected,0.8173913043478261,0.8163995856466695,0.7804745023179711
28,10,60,115,rf,corrected,0.9217391304347826,0.922967028384985,0.9059774709302326
28,10,60,115,mlp,corrected,0.9043478260869565,0.9039837771336824,0.8848534498452576
28,10,60,115,svm,optimized_action,0.8521739130434782,0.8587775530604883,0.8222404073467904
28,10,60,115,knn,optimized_action,0.8,0.8002285720370828,0.7595454545454545
28,10,60,115,rf,optimized_action,0.9304347826086956,0.9322990317176365,0.9164471891744619
28,10,60,115,mlp,optimized_action,0.8782608695652174,0.8816080831412497,0.8536097472267685
28,10,60,115,svm,optimized_full,0.6956521739130435,0.7004751639868845,0.633924511141428
28,10,60,115,knn,optimized_full,0.5652173913043478,0.5643840784757593,0.4781267017607552
28,10,60,115,rf,optimized_full,0.7391304347826086,0.7418173812910656,0.686847599164927
28,10,60,115,mlp,optimized_full,0.6608695652173913,0.6600496714240153,0.5925690406976745
29,1,6,115,svm,raw,0.2608695652173913,0.2599087601948014,0.10755044280105908
29,1,6,115,knn,raw,0.2608695652173913,0.2599087601948014,0.10755044280105908
29,1,6,115,rf,raw,0.2608695652173913,0.2547348894564725,0.1104741104741106
29,1,6,115,mlp,raw,0.2956521739130435,0.26567096639560406,0.15402779039142678
29,1,6,115,svm,raw_pca17,0.3826086956521739,0.36666583173304385,0.25406541202265664
29,1,6,115,knn,raw_pca17,0.3826086956521739,0.36666583173304385,0.25406541202265664
29,1,6,115,rf,raw_pca17,0.3130434782608696,0.29206505600752086,0.17348981077147008
29,1,6,115,mlp,raw_pca17,0.26956521739130435,0.25710205390732777,0.11965734074546619
29,1,6,115,svm,corrected,0.43478260869565216,0.4546660623891745,0.32346818716625936
29,1,6,115,knn,corrected,0.43478260869565216,0.4546660623891745,0.32346818716625936
29,1,6,115,rf,corrected,0.5478260869565217,0.5550151361785987,0.4585785423268447
29,1,6,115,mlp,corrected,0.3826086956521739,0.3983150585973167,0.2618875429397939
29,1,6,115,svm,optimized_action,0.5217391304347826,0.5235753235753235,0.42755000452529646
29,1,6,115,knn,optimized_action,0.5217391304347826,0.5235753235753235,0.42755000452529646
29,1,6,115,rf,optimized_action,0.5043478260869565,0.4951113738347781,0.4079660404624277
29,1,6,115,mlp,optimized_action,0.3652173913043478,0.35058079175726237,0.2419180061405093
29,1,6,115,svm,optimized_full,0.30434782608695654,0.31554453418740297,0.16644015583944916
29,1,6,115,knn,optimized_full,0.28695652173913044,0.29739152278101827,0.14513643368688234
29,1,6,115,rf,optimized_full,0.20869565217391303,0.2157903326111905,0.05396854095100334
29,1,6,115,mlp,optimized_full,0.24347826086956523,0.24141615976803035,0.09661399548532745
29,3,18,115,svm,raw,0.3826086956521739,0.37049572958212473,0.2585361423901199
29,3,18,115,knn,raw,0.41739130434782606,0.39164374599157203,0.3007532443960431
29,3,18,115,rf,raw,0.48695652173913045,0.4680303900892136,0.38474791439971
29,3,18,115,mlp,raw,0.3652173913043478,0.347812667740204,0.23702626556393702
29,3,18,115,svm,raw_pca17,0.6347826086956522,0.6602213393331814,0.5635279233688776
29,3,18,115,knn,raw_pca17,0.6434782608695652,0.6120131388521549,0.5705437653702523
29,3,18,115,rf,raw_pca17,0.7478260869565218,0.7310851654882463,0.6970385174418605
29,3,18,115,mlp,raw_pca17,0.6434782608695652,0.6515526372621753,0.5692883895131087
29,3,18,115,svm,corrected,0.6695652173913044,0.6520926583437049,0.6020398870776796
29,3,18,115,knn,corrected,0.6695652173913044,0.6773157921589125,0.6031962226459638
29,3,18,115,rf,corrected,0.7304347826086957,0.7334396179275884,0.676321045941529
29,3,18,115,mlp,corrected,0.6695652173913044,0.6712203511120632,0.6032682705401724
29,3,18,115,svm,optimized_action,0.6782608695652174,0.6653494273267792,0.6129002911208152
29,3,18,115,knn,optimized_action,0.6260869565217392,0.6313257134170654,0.5511074800290485
29,3,18,115,rf,optimized_action,0.7391304347826086,0.7370880895590197,0.6864206507907653
29,3,18,115,mlp,optimized_action,0.6347826086956522,0.6359763788556357,0.5609090909090909
29,3,18,115,svm,optimized_full,0.4,0.3474168267259923,0.27981484842984206
29,3,18,115,knn,optimized_full,0.3739130434782609,0.3419602211504171,0.250882113453361
29,3,18,115,rf,optimized_full,0.46956521739130436,0.45984834271419645,0.3628519527702089
29,3,18,115,mlp,optimized_full,0.4260869565217391,0.42001044446696617,0.31000000000000005
29,5,30,115,svm,raw,0.41739130434782606,0.4002035734794355,0.30068978035941196
29,5,30,115,knn,raw,0.391304347826087,0.37393871560538233,0.26997370091593376
29,5,30,115,rf,raw,0.4608695652173913,0.44820788530465944,0.35451747238819487
29,5,30,115,mlp,raw,0.41739130434782606,0.40923298136786984,0.30284111473036557
29,5,30,115,svm,raw_pca17,0.7043478260869566,0.7223622782446312,0.6464418120987431
29,5,30,115,knn,raw_pca17,0.7043478260869566,0.7209950960818734,0.6439628482972136
29,5,30,115,rf,raw_pca17,0.782608695652174,0.7907675951154212,0.7387313704107598
29,5,30,115,mlp,raw_pca17,0.7304347826086957,0.7425710451716644,0.675614194722475
29,5,30,115,svm,corrected,0.6956521739130435,0.7114479673769322,0.6351853530318137
29,5,30,115,knn,corrected,0.7130434782608696,0.717213876257999,0.6555948815682004
29,5,30,115,rf,corrected,0.7304347826086957,0.7359035673169161,0.6768784555424635
29,5,30,115,mlp,corrected,0.6956521739130435,0.7059927823607715,0.6346886912325286
29,5,30,115,svm,optimized_action,0.6869565217391305,0.6998662039648756,0.6247960848287113
29,5,30,115,knn,optimized_action,0.6608695652173913,0.6674951427679284,0.5931972789115647
29,5,30,115,rf,optimized_action,0.7565217391304347,0.7636123479776731,0.7080953676003989
29,5,30,115,mlp,optimized_action,0.6869565217391305,0.6953331659434655,0.6241147630288724
29,5,30,115,svm,optimized_full,0.5304347826086957,0.5249608050808351,0.43856794141578526
29,5,30,115,knn,optimized_full,0.41739130434782606,0.38764538764538764,0.30290418890798887
29,5,30,115,rf,optimized_full,0.5739130434782609,0.5797385937716928,0.4883319713066375
29,5,30,115,mlp,optimized_full,0.4956521739130435,0.4796979827467633,0.39555958314454
29,10,60,115,svm,raw,0.5826086956521739,0.5815384245616804,0.5000905633037495
29,10,60,115,knn,raw,0.4956521739130435,0.49928574781962043,0.39435212930173436
29,10,60,115,rf,raw,0.6869565217391305,0.6896432666249739,0.6245238527117721
29,10,60,115,mlp,raw,0.6434782608695652,0.6414529914529915,0.5735347322720694
29,10,60,115,svm,raw_pca17,0.8434782608695652,0.8518501358749039,0.8125
29,10,60,115,knn,raw_pca17,0.8,0.8079865361077111,0.7597420292487964
29,10,60,115,rf,raw_pca17,0.9043478260869565,0.9074266863740549,0.8851982938560669
29,10,60,115,mlp,raw_pca17,0.8695652173913043,0.8756228504142087,0.8432245751158776
29,10,60,115,svm,corrected,0.7913043478260869,0.8006939147385372,0.749727965179543
29,10,60,115,knn,corrected,0.8173913043478261,0.8181770637310993,0.7806340267054228
29,10,60,115,rf,corrected,0.8347826086956521,0.8365323029796715,0.8015800944424265
29,10,60,115,mlp,corrected,0.7652173913043478,0.7713640469738031,0.7182395644283122
29,10,60,115,svm,optimized_action,0.7652173913043478,0.7748931623931625,0.7184950135992747
29,10,60,115,knn,optimized_action,0.8173913043478261,0.8234153823823838,0.7806340267054228
29,10,60,115,rf,optimized_action,0.8347826086956521,0.8353717776318396,0.8015079941860466
29,10,60,115,mlp,optimized_action,0.808695652173913,0.8116867324184397,0.7703965877121335
29,10,60,115,svm,optimized_full,0.6260869565217392,0.6254173364296484,0.5513111332909899
29,10,60,115,knn,optimized_full,0.5043478260869565,0.4934532664045273,0.4071628832413856
29,10,60,115,rf,optimized_full,0.6869565217391305,0.6802292693948457,0.6237047809489185
29,10,60,115,mlp,optimized_full,0.591304347826087,0.5924174100040595,0.5097950299292581
30,1,6,115,svm,raw,0.28695652173913044,0.26420071156913266,0.14937759336099576
30,1,6,115,knn,raw,0.28695652173913044,0.26420071156913266,0.14937759336099576
30,1,6,115,rf,raw,0.2782608695652174,0.2544467891509615,0.1369801084990957
30,1,6,115,mlp,raw,0.20869565217391303,0.1834496509780008,0.05371190885251831
30,1,6,115,svm,raw_pca17,0.3652173913043478,0.35984701164579214,0.23903190717911527
30,1,6,115,knn,raw_pca17,0.3652173913043478,0.35984701164579214,0.23903190717911527
30,1,6,115,rf,raw_pca17,0.34782608695652173,0.3372540541895381,0.21917436175991323
30,1,6,115,mlp,raw_pca17,0.2956521739130435,0.29572180711461843,0.1544885177453026
30,1,6,115,svm,corrected,0.5391304347826087,0.5002044406408976,0.44976076555023925
30,1,6,115,knn,corrected,0.5391304347826087,0.5002044406408976,0.44976076555023925
30,1,6,115,rf,corrected,0.5130434782608696,0.47283284415637356,0.41830006322825397
30,1,6,115,mlp,corrected,0.46956521739130436,0.4035922449428462,0.3676762213809265
30,1,6,115,svm,optimized_action,0.5217391304347826,0.49083900592188395,0.42863595302619695
30,1,6,115,knn,optimized_action,0.5217391304347826,0.49083900592188395,0.42863595302619695
30,1,6,115,rf,optimized_action,0.48695652173913045,0.45395499562166225,0.38674981923355023
30,1,6,115,mlp,optimized_action,0.46956521739130436,0.42319521885716,0.3671628326567433
30,1,6,115,svm,optimized_full,0.3130434782608696,0.3075179691105279,0.17871994214427778
30,1,6,115,knn,optimized_full,0.3130434782608696,0.3075179691105279,0.17871994214427778
30,1,6,115,rf,optimized_full,0.23478260869565218,0.2436813186813187,0.08374830239927578
30,1,6,115,mlp,optimized_full,0.2782608695652174,0.2742543870130077,0.1359645152530098
30,3,18,115,svm,raw,0.28695652173913044,0.2528592806629692,0.14513643368688245
30,3,18,115,knn,raw,0.33043478260869563,0.32708524359679686,0.196023243145088
30,3,18,115,rf,raw,0.2608695652173913,0.24081185640325428,0.11490402028250646
30,3,18,115,mlp,raw,0.2608695652173913,0.250522026593018,0.11289590706960706
30,3,18,115,svm,raw_pca17,0.5043478260869565,0.5227049666020254,0.4078055831601771
30,3,18,115,knn,raw_pca17,0.5130434782608696,0.524897887563554,0.41592599310720124
30,3,18,115,rf,raw_pca17,0.5739130434782609,0.5762291559301788,0.48851774530271397
30,3,18,115,mlp,raw_pca17,0.45217391304347826,0.4463820344912817,0.3423799582463465
30,3,18,115,svm,corrected,0.7391304347826086,0.7411250655628824,0.6869612557844116
30,3,18,115,knn,corrected,0.6608695652173913,0.6705510495833077,0.5923468460279948
30,3,18,115,rf,corrected,0.7130434782608696,0.7149748440071021,0.655375953505267
30,3,18,115,mlp,corrected,0.7130434782608696,0.7129196102817098,0.6555010893246187
30,3,18,115,svm,optimized_action,0.7130434782608696,0.7292392832715414,0.6550940652549305
30,3,18,115,knn,optimized_action,0.6608695652173913,0.6716183982116318,0.5926430517711172
30,3,18,115,rf,optimized_action,0.7217391304347827,0.7289306533424181,0.6657887566978475
30,3,18,115,mlp,optimized_action,0.6521739130434783,0.6535611818630687,0.5823497366987471
30,3,18,115,svm,optimized_full,0.4434782608695652,0.47802123974594785,0.33121308496138124
30,3,18,115,knn,optimized_full,0.40869565217391307,0.4247662729092971,0.29205142132898787
30,3,18,115,rf,optimized_full,0.4608695652173913,0.4688304616471692,0.35317064320058067
30,3,18,115,mlp,optimized_full,0.41739130434782606,0.43914017627252927,0.3013239027928909
30,5,30,115,svm,raw,0.391304347826087,0.36462413304011765,0.27129537430976747
30,5,30,115,knn,raw,0.4260869565217391,0.42253381200749623,0.3120638085742772
30,5,30,115,rf,raw,0.4956521739130435,0.4849308838140951,0.39632545931758534
30,5,30,115,mlp,raw,0.4608695652173913,0.4346452590698115,0.35234807884458175
30,5,30,115,svm,raw_pca17,0.5130434782608696,0.5250925450607412,0.41803723115850355
30,5,30,115,knn,raw_pca17,0.6,0.6028293928293929,0.5200072588694311
30,5,30,115,rf,raw_pca17,0.7391304347826086,0.738589529379003,0.6870748299319729
30,5,30,115,mlp,raw_pca17,0.6086956521739131,0.6073953823953824,0.5312075369145757
30,5,30,115,svm,corrected,0.7130434782608696,0.7268252121863051,0.6550627158698419
30,5,30,115,knn,corrected,0.6869565217391305,0.6954756245078825,0.6245238527117721
30,5,30,115,rf,corrected,0.808695652173913,0.8108918431871391,0.7703965877121337
30,5,30,115,mlp,corrected,0.7565217391304347,0.7576980367302948,0.7074854651162791
30,5,30,115,svm,optimized_action,0.7130434782608696,0.7275508106806664,0.6552820419656644
30,5,30,115,knn,optimized_action,0.6434782608695652,0.6503071043393625,0.5720638954438193
30,5,30,115,rf,optimized_action,0.808695652173913,0.8116511516887456,0.7704174228675136
30,5,30,115,mlp,optimized_action,0.6869565217391305,0.6989247109523732,0.6241830065359477
30,5,30,115,svm,optimized_full,0.4956521739130435,0.5177732263753768,0.395066207146744
30,5,30,115,knn,optimized_full,0.48695652173913045,0.4934101668052759,0.38536099284355463
30,5,30,115,rf,optimized_full,0.5304347826086957,0.5394123750235805,0.4370410660864835
30,5,30,115,mlp,optimized_full,0.45217391304347826,0.4646270204775284,0.3422008353005266
30,10,60,115,svm,raw,0.6173913043478261,0.6129230837121046,0.5409598113036379
30,10,60,115,knn,raw,0.5391304347826087,0.5266035707212178,0.4476665156320796
30,10,60,115,rf,raw,0.7043478260869566,0.7056798500315832,0.6451905626134301
30,10,60,115,mlp,raw,0.6434782608695652,0.6436192226617935,0.5712856883069649
30,10,60,115,svm,raw_pca17,0.7043478260869566,0.7217741502731361,0.6462818889089922
30,10,60,115,knn,raw_pca17,0.7913043478260869,0.7891308038366862,0.7495235502314184
30,10,60,115,rf,raw_pca17,0.8434782608695652,0.8416441765459027,0.8117839607201309
30,10,60,115,mlp,raw_pca17,0.8260869565217391,0.8259630938639506,0.791402140395429
30,10,60,115,svm,corrected,0.8869565217391304,0.8847543137865719,0.8641650009085953
30,10,60,115,knn,corrected,0.8782608695652174,0.8797179239039705,0.8538091346590393
30,10,60,115,rf,corrected,0.9478260869565217,0.9479163861516803,0.9373240076301208
30,10,60,115,mlp,corrected,0.8434782608695652,0.8454696922782028,0.8118352877011181
30,10,60,115,svm,optimized_action,0.8695652173913043,0.8711569476275359,0.8432388222464559
30,10,60,115,knn,optimized_action,0.8695652173913043,0.8689167468579234,0.8433384797021161
30,10,60,115,rf,optimized_action,0.9391304347826087,0.9388301020653963,0.9268780089018076
30,10,60,115,mlp,optimized_action,0.8347826086956521,0.8317831862474718,0.8012733060482038
30,10,60,115,svm,optimized_full,0.6260869565217392,0.6284667402314462,0.5509036418127327
30,10,60,115,knn,optimized_full,0.5304347826086957,0.5305702095175779,0.43683685499229163
30,10,60,115,rf,optimized_full,0.6695652173913044,0.6761716082095518,0.603448275862069
30,10,60,115,mlp,optimized_full,0.6347826086956522,0.6358031017284963,0.5618650217706822
31,1,6,115,svm,raw,0.3565217391304348,0.33159850237855354,0.23035181333092158
31,1,6,115,knn,raw,0.3565217391304348,0.33159850237855354,0.23035181333092158
31,1,6,115,rf,raw,0.3652173913043478,0.36465777569748997,0.2404089757509953
31,1,6,115,mlp,raw,0.33043478260869563,0.3072787005889431,0.1967525399129173
31,1,6,115,svm,raw_pca17,0.4260869565217391,0.3979265296338468,0.3117519042437433
31,1,6,115,knn,raw_pca17,0.4260869565217391,0.3979265296338468,0.3117519042437433
31,1,6,115,rf,raw_pca17,0.4260869565217391,0.4264631825501391,0.3115021770682149
31,1,6,115,mlp,raw_pca17,0.391304347826087,0.36556956115779643,0.2702384190009972
31,1,6,115,svm,corrected,0.6782608695652174,0.6799229707578166,0.6139188821341076
31,1,6,115,knn,corrected,0.6782608695652174,0.6799229707578166,0.6139188821341076
31,1,6,115,rf,corrected,0.5565217391304348,0.5559201237045039,0.4694708276797829
31,1,6,115,mlp,corrected,0.5826086956521739,0.591166909603976,0.5000905633037493
31,1,6,115,svm,optimized_action,0.6,0.5998868652663399,0.5202684320304707
31,1,6,115,knn,optimized_action,0.6,0.5998868652663399,0.5202684320304707
31,1,6,115,rf,optimized_action,0.5130434782608696,0.5115047420279978,0.4154488517745304
31,1,6,115,mlp,optimized_action,0.5130434782608696,0.5054198575786891,0.41777416146822166
31,1,6,115,svm,optimized_full,0.41739130434782606,0.42497303677684983,0.3023361101050345
31,1,6,115,knn,optimized_full,0.41739130434782606,0.42497303677684983,0.3023361101050345
31,1,6,115,rf,optimized_full,0.3652173913043478,0.35367965367965376,0.24034024070219895
31,1,6,115,mlp,optimized_full,0.3739130434782609,0.37637559808612436,0.24795640326975488
31,3,18,115,svm,raw,0.4608695652173913,0.4617175994671458,0.3501640539555231
31,3,18,115,knn,raw,0.3739130434782609,0.34668428933134815,0.24925197207362404
31,3,18,115,rf,raw,0.41739130434782606,0.40340762351335596,0.29743776784900156
31,3,18,115,mlp,raw,0.34782608695652173,0.35317532527209944,0.21583780343667613
31,3,18,115,svm,raw_pca17,0.6,0.60587923168286,0.5178197064989518
31,3,18,115,knn,raw_pca17,0.6086956521739131,0.5713937621832358,0.5279146141215106
31,3,18,115,rf,raw_pca17,0.6086956521739131,0.615027615027615,0.5270517272893438
31,3,18,115,mlp,raw_pca17,0.5217391304347826,0.495529116103467,0.4219521111314203
31,3,18,115,svm,corrected,0.6521739130434783,0.663029193029193,0.5791014731448441
31,3,18,115,knn,corrected,0.6956521739130435,0.6949063792771043,0.6344232515894641
31,3,18,115,rf,corrected,0.7739130434782608,0.7780281809693576,0.7283546833833016
31,3,18,115,mlp,corrected,0.6695652173913044,0.6666935570900208,0.6023657870791629
31,3,18,115,svm,optimized_action,0.591304347826087,0.5961217948717948,0.504855258336387
31,3,18,115,knn,optimized_action,0.5826086956521739,0.5635443803455521,0.4988196840384964
31,3,18,115,rf,optimized_action,0.7217391304347827,0.7240412519824284,0.6656369253134655
31,3,18,115,mlp,optimized_action,0.6,0.6024551262980435,0.518915969443434
31,3,18,115,svm,optimized_full,0.3739130434782609,0.3777218068437356,0.24891146589259794
31,3,18,115,knn,optimized_full,0.40869565217391307,0.41411477324439755,0.291088749886683
31,3,18,115,rf,optimized_full,0.5217391304347826,0.5163064098084618,0.42599146928033393
31,3,18,115,mlp,optimized_full,0.4608695652173913,0.45542034578574236,0.35063752276867033
31,5,30,115,svm,raw,0.4608695652173913,0.4568299541306788,0.35122838944494994
31,5,30,115,knn,raw,0.4434782608695652,0.4150209926525716,0.33291035982960226
31,5,30,115,rf,raw,0.4956521739130435,0.4880502589561823,0.39473684210526305
31,5,30,115,mlp,raw,0.4260869565217391,0.41747258948542026,0.31112724632419675
31,5,30,115,svm,raw_pca17,0.6434782608695652,0.6485838756553495,0.5700738579374487
31,5,30,115,knn,raw_pca17,0.6434782608695652,0.6261671432460665,0.5709345709345709
31,5,30,115,rf,raw_pca17,0.7913043478260869,0.7899505167452588,0.7491365206326124
31,5,30,115,mlp,raw_pca17,0.6869565217391305,0.6802082961001367,0.6225727048956149
31,5,30,115,svm,corrected,0.7913043478260869,0.7983370986911505,0.7493415675233857
31,5,30,115,knn,corrected,0.6956521739130435,0.68237727940541,0.6346555323590815
31,5,30,115,rf,corrected,0.7739130434782608,0.7770083503716366,0.7286997550131566
31,5,30,115,mlp,corrected,0.7043478260869566,0.7042338865784972,0.644900553991463
31,5,30,115,svm,optimized_action,0.7217391304347827,0.7300426523830779,0.6653937079468994
31,5,30,115,knn,optimized_action,0.6695652173913044,0.6459037817528382,0.6035562006713235
31,5,30,115,rf,optimized_action,0.782608695652174,0.7874809044898905,0.7392053701015965
31,5,30,115,mlp,optimized_action,0.7043478260869566,0.7041562394008561,0.6450295052201543
31,5,30,115,svm,optimized_full,0.4782608695652174,0.4829766980297337,0.37443336355394374
31,5,30,115,knn,optimized_full,0.4260869565217391,0.4208071708071708,0.3128112267994567
31,5,30,115,rf,optimized_full,0.6434782608695652,0.6427742739097049,0.5727618702428416
31,5,30,115,mlp,optimized_full,0.5217391304347826,0.5187945849955394,0.42713522325876274
31,10,60,115,svm,raw,0.5652173913043478,0.5566352346840151,0.4775576958022896
31,10,60,115,knn,raw,0.4608695652173913,0.43801702499181494,0.35193601163424837
31,10,60,115,rf,raw,0.6869565217391305,0.6725339680766037,0.623807360290777
31,10,60,115,mlp,raw,0.5826086956521739,0.576220492111965,0.4980905619203492
31,10,60,115,svm,raw_pca17,0.8260869565217391,0.8145309316041023,0.7910040890504316
31,10,60,115,knn,raw_pca17,0.7565217391304347,0.7590748200655321,0.7071928707829409
31,10,60,115,rf,raw_pca17,0.782608695652174,0.778221486116223,0.7388025801762514
31,10,60,115,mlp,raw_pca17,0.8,0.7973284029819716,0.7596765400690533
31,10,60,115,svm,corrected,0.8173913043478261,0.817478955710827,0.7805343511450382
31,10,60,115,knn,corrected,0.7652173913043478,0.7552174895260002,0.7180604739852902
31,10,60,115,rf,corrected,0.9043478260869565,0.9043580866430673,0.8851670297748729
31,10,60,115,mlp,corrected,0.782608695652174,0.7846635346635348,0.7390633508803776
31,10,60,115,svm,optimized_action,0.8260869565217391,0.8274970963995355,0.791080025433736
31,10,60,115,knn,optimized_action,0.7478260869565218,0.745962438120972,0.6970935513169846
31,10,60,115,rf,optimized_action,0.8956521739130435,0.895595326083131,0.8747162959600545
31,10,60,115,mlp,optimized_action,0.8,0.8022326093168258,0.759829292654136
31,10,60,115,svm,optimized_full,0.6347826086956522,0.639361624958656,0.5607493634048746
31,10,60,115,knn,optimized_full,0.5652173913043478,0.5580862146753619,0.47831609508256223
31,10,60,115,rf,optimized_full,0.6608695652173913,0.6656685044059506,0.5926800472255017
31,10,60,115,mlp,optimized_full,0.6347826086956522,0.6408572513755441,0.5611484644739233
32,1,6,115,svm,raw,0.22608695652173913,0.18275743265318245,0.06640518106357773
32,1,6,115,knn,raw,0.22608695652173913,0.18275743265318245,0.06640518106357773
32,1,6,115,rf,raw,0.26956521739130435,0.22726739042528513,0.11643647672185142
32,1,6,115,mlp,raw,0.21739130434782608,0.18499802994483847,0.05703352769679304
32,1,6,115,svm,raw_pca17,0.43478260869565216,0.43707625402061795,0.3199599708879185
32,1,6,115,knn,raw_pca17,0.43478260869565216,0.43707625402061795,0.3199599708879185
32,1,6,115,rf,raw_pca17,0.43478260869565216,0.412141953203166,0.31753857390669227
32,1,6,115,mlp,raw_pca17,0.4,0.39745787169515984,0.2767295597484276
32,1,6,115,svm,corrected,0.5652173913043478,0.5352711256884808,0.47841074020319296
32,1,6,115,knn,corrected,0.5652173913043478,0.5352711256884808,0.47841074020319296
32,1,6,115,rf,corrected,0.5391304347826087,0.5150889171568255,0.44666364049024054
32,1,6,115,mlp,corrected,0.45217391304347826,0.41104640102219037,0.34285714285714286
32,1,6,115,svm,optimized_action,0.46956521739130436,0.43920925235580405,0.36279407757289506
32,1,6,115,knn,optimized_action,0.46956521739130436,0.43920925235580405,0.36279407757289506
32,1,6,115,rf,optimized_action,0.48695652173913045,0.4647447868036103,0.38306964902709584
32,1,6,115,mlp,optimized_action,0.43478260869565216,0.42900096874271915,0.32008368200836823
32,1,6,115,svm,optimized_full,0.24347826086956523,0.2413082607048124,0.0950615050651229
32,1,6,115,knn,optimized_full,0.24347826086956523,0.2413082607048124,0.0950615050651229
32,1,6,115,rf,optimized_full,0.3130434782608696,0.30804361607933034,0.173414611955236
32,1,6,115,mlp,optimized_full,0.22608695652173913,0.2255042333829591,0.068783550177418
32,3,18,115,svm,raw,0.40869565217391307,0.38516698934242344,0.2929475587703436
32,3,18,115,knn,raw,0.4,0.37182954715849453,0.2801415222716138
32,3,18,115,rf,raw,0.45217391304347826,0.45206766618941246,0.34160305343511443
32,3,18,115,mlp,raw,0.3739130434782609,0.3482570806100218,0.24986410581627105
32,3,18,115,svm,raw_pca17,0.6521739130434783,0.6464822758282066,0.5835219556360344
32,3,18,115,knn,raw_pca17,0.6956521739130435,0.6740314226397439,0.6333576243395882
32,3,18,115,rf,raw_pca17,0.6956521739130435,0.7015819355621514,0.6349206349206349
32,3,18,115,mlp,raw_pca17,0.6608695652173913,0.6384015352632547,0.5923838953012814
32,3,18,115,svm,corrected,0.6434782608695652,0.6531102531102532,0.5729940228219526
32,3,18,115,knn,corrected,0.6434782608695652,0.6271598552300307,0.5733417790245227
32,3,18,115,rf,corrected,0.6434782608695652,0.635616397096473,0.5738816086760055
32,3,18,115,mlp,corrected,0.6434782608695652,0.6308632496132497,0.5727231536021749
32,3,18,115,svm,optimized_action,0.6086956521739131,0.6330855074757514,0.5314622000905387
32,3,18,115,knn,optimized_action,0.6260869565217392,0.6011456112064631,0.5521644629596087
32,3,18,115,rf,optimized_action,0.6869565217391305,0.6683977846958835,0.6253054575074667
32,3,18,115,mlp,optimized_action,0.6,0.587706211317267,0.5214834916327453
32,3,18,115,svm,optimized_full,0.45217391304347826,0.44943134771358073,0.34546932875598524
32,3,18,115,knn,optimized_full,0.45217391304347826,0.418478193262676,0.3452918850533164
32,3,18,115,rf,optimized_full,0.48695652173913045,0.47688445099780696,0.38674981923355023
32,3,18,115,mlp,optimized_full,0.46956521739130436,0.4567971914636191,0.3648709823449524
32,5,30,115,svm,raw,0.48695652173913045,0.4831128531483249,0.3854723304048545
32,5,30,115,knn,raw,0.46956521739130436,0.4398353223430622,0.36366110304789545
32,5,30,115,rf,raw,0.5565217391304348,0.5527116402116402,0.4678824169842134
32,5,30,115,mlp,raw,0.45217391304347826,0.44041801278643383,0.3429763308243402
32,5,30,115,svm,raw_pca17,0.7304347826086957,0.7442160363434137,0.6772002897500906
32,5,30,115,knn,raw_pca17,0.7391304347826086,0.7218029598914454,0.6871032105931434
32,5,30,115,rf,raw_pca17,0.782608695652174,0.7773476302888067,0.7391107078039927
32,5,30,115,mlp,raw_pca17,0.6782608695652174,0.6670278680781306,0.6142688786148128
32,5,30,115,svm,corrected,0.8434782608695652,0.8505108262030024,0.8120915032679739
32,5,30,115,knn,corrected,0.7217391304347827,0.7121416816619672,0.6663644605621033
32,5,30,115,rf,corrected,0.8521739130434782,0.8539944947839686,0.8227078987938696
32,5,30,115,mlp,corrected,0.8,0.8009849650932522,0.7598729005901044
32,5,30,115,svm,optimized_action,0.782608695652174,0.7991097120189794,0.7390159767610748
32,5,30,115,knn,optimized_action,0.7217391304347827,0.7174933862433862,0.6661828737300436
32,5,30,115,rf,optimized_action,0.8782608695652174,0.879036265878371,0.8539947401831868
32,5,30,115,mlp,optimized_action,0.7652173913043478,0.7697979567061347,0.7182139940103458
32,5,30,115,svm,optimized_full,0.48695652173913045,0.5133166630402929,0.3862505653550429
32,5,30,115,knn,optimized_full,0.4782608695652174,0.4698159902725311,0.3768063583815029
32,5,30,115,rf,optimized_full,0.5217391304347826,0.5146743351851711,0.4277571699990952
32,5,30,115,mlp,optimized_full,0.5652173913043478,0.5720975941564177,0.48010849909584086
32,10,60,115,svm,raw,0.5652173913043478,0.5658595408595408,0.4789306751246035
32,10,60,115,knn,raw,0.46956521739130436,0.4591695903556518,0.36366110304789556
32,10,60,115,rf,raw,0.6782608695652174,0.6780951670486554,0.6140239477503628
32,10,60,115,mlp,raw,0.5826086956521739,0.5773858086358087,0.4993197278911564
32,10,60,115,svm,raw_pca17,0.808695652173913,0.8101690248749073,0.7708540893035052
32,10,60,115,knn,raw_pca17,0.8347826086956521,0.8352343602343603,0.8016341352700863
32,10,60,115,rf,raw_pca17,0.8347826086956521,0.8347641980768916,0.802065404475043
32,10,60,115,mlp,raw_pca17,0.7913043478260869,0.7973180853031376,0.7495690046275292
32,10,60,115,svm,corrected,0.8608695652173913,0.8644521144521145,0.8331368459236419
32,10,60,115,knn,corrected,0.8173913043478261,0.8189458689458688,0.7811707140268214
32,10,60,115,rf,corrected,0.8434782608695652,0.8464178053848069,0.812312993018406
32,10,60,115,mlp,corrected,0.8521739130434782,0.8554639804639805,0.8226435634582236
32,10,60,115,svm,optimized_action,0.8695652173913043,0.8727872860999796,0.8435090265807856
32,10,60,115,knn,optimized_action,0.8260869565217391,0.8299005432132368,0.7913264380330249
32,10,60,115,rf,optimized_action,0.8434782608695652,0.8435428935428936,0.8124150430448572
32,10,60,115,mlp,optimized_action,0.8608695652173913,0.8631742022986894,0.8330005445634416
32,10,60,115,svm,optimized_full,0.6608695652173913,0.6572844205602827,0.594154375169668
32,10,60,115,knn,optimized_full,0.5217391304347826,0.527266021016021,0.4282227445308261
32,10,60,115,rf,optimized_full,0.7217391304347827,0.717954492954493,0.666908037653874
32,10,60,115,mlp,optimized_full,0.6869565217391305,0.6831341209802472,0.6251697600724311
33,1,6,115,svm,raw,0.3217391304347826,0.31366757757221064,0.18580375782880998
33,1,6,115,knn,raw,0.3217391304347826,0.31366757757221064,0.18580375782880998
33,1,6,115,rf,raw,0.3130434782608696,0.2908209057559863,0.1785714285714285
33,1,6,115,mlp,raw,0.26956521739130435,0.2763092397159223,0.1222969289478466
33,1,6,115,svm,raw_pca17,0.3826086956521739,0.3428963937983219,0.26242095754290884
33,1,6,115,knn,raw_pca17,0.3826086956521739,0.3428963937983219,0.26242095754290884
33,1,6,115,rf,raw_pca17,0.3565217391304348,0.34143290919606706,0.23021257349615565
33,1,6,115,mlp,raw_pca17,0.33043478260869563,0.3218970951529091,0.1996565437454808
33,1,6,115,svm,corrected,0.5739130434782609,0.561613543594612,0.49101255532472243
33,1,6,115,knn,corrected,0.5739130434782609,0.561613543594612,0.49101255532472243
33,1,6,115,rf,corrected,0.5304347826086957,0.49430693133559683,0.4394294999097311
33,1,6,115,mlp,corrected,0.5130434782608696,0.4812274451958847,0.4186151485059131
33,1,6,115,svm,optimized_action,0.5478260869565217,0.5360802643411339,0.45950831525668834
33,1,6,115,knn,optimized_action,0.5478260869565217,0.5360802643411339,0.45950831525668834
33,1,6,115,rf,optimized_action,0.5217391304347826,0.49968470856628744,0.42873916184971106
33,1,6,115,mlp,optimized_action,0.45217391304347826,0.4350386188363485,0.34541019154318764
33,1,6,115,svm,optimized_full,0.2608695652173913,0.22353738412644444,0.11801858702517376
33,1,6,115,knn,optimized_full,0.2608695652173913,0.22353738412644444,0.11801858702517376
33,1,6,115,rf,optimized_full,0.24347826086956523,0.2128641856327378,0.09555234134876156
33,1,6,115,mlp,optimized_full,0.20869565217391303,0.19356048624341304,0.0555906506632976
33,3,18,115,svm,raw,0.3391304347826087,0.36445437565589217,0.20595984373580456
33,3,18,115,knn,raw,0.3739130434782609,0.35230773829927475,0.2487751769188895
33,3,18,115,rf,raw,0.391304347826087,0.36872080819085973,0.2699074913840013
33,3,18,115,mlp,raw,0.28695652173913044,0.2963479302653271,0.14482633535866507
33,3,18,115,svm,raw_pca17,0.5478260869565217,0.5499154306531356,0.45950831525668845
33,3,18,115,knn,raw_pca17,0.6086956521739131,0.6084945711470102,0.5308250226654578
33,3,18,115,rf,raw_pca17,0.6347826086956522,0.6190699409731167,0.5627376425855513
33,3,18,115,mlp,raw_pca17,0.6086956521739131,0.5900997874682085,0.5320553395424541
33,3,18,115,svm,corrected,0.6782608695652174,0.7008957564703118,0.6133926948936943
33,3,18,115,knn,corrected,0.6608695652173913,0.6639094217720661,0.5931603773584906
33,3,18,115,rf,corrected,0.7565217391304347,0.7455345339656375,0.7088081027310544
33,3,18,115,mlp,corrected,0.7043478260869566,0.6966135588775243,0.646217879116902
33,3,18,115,svm,optimized_action,0.6608695652173913,0.6883712095595845,0.5921985815602837
33,3,18,115,knn,optimized_action,0.6608695652173913,0.6723350321176409,0.5930127041742286
33,3,18,115,rf,optimized_action,0.782608695652174,0.763457983279673,0.7400542495479204
33,3,18,115,mlp,optimized_action,0.7217391304347827,0.7252481648314982,0.6670285921100254
33,3,18,115,svm,optimized_full,0.4956521739130435,0.5268605870020964,0.3925871960659322
33,3,18,115,knn,optimized_full,0.4,0.38806077582959303,0.2813150982700844
33,3,18,115,rf,optimized_full,0.5130434782608696,0.5028202947845805,0.41677232385437424
33,3,18,115,mlp,optimized_full,0.5130434782608696,0.5010894256177275,0.41751085383502184
33,5,30,115,svm,raw,0.3826086956521739,0.39511615575374853,0.259141638689774
33,5,30,115,knn,raw,0.41739130434782606,0.3836547182975754,0.30233611010503436
33,5,30,115,rf,raw,0.4434782608695652,0.39310615764131024,0.3353801697670218
33,5,30,115,mlp,raw,0.40869565217391307,0.40242796243317275,0.2926917510853835
33,5,30,115,svm,raw_pca17,0.6956521739130435,0.7185937700643583,0.6337579617834395
33,5,30,115,knn,raw_pca17,0.6434782608695652,0.6239345485669014,0.5730713509597971
33,5,30,115,rf,raw_pca17,0.7391304347826086,0.7305342072634667,0.6876697447039652
33,5,30,115,mlp,raw_pca17,0.7565217391304347,0.7508167220376523,0.7080159593761335
33,5,30,115,svm,corrected,0.7478260869565218,0.7756605888840234,0.6955727978092195
33,5,30,115,knn,corrected,0.7217391304347827,0.7239061512375716,0.666092006170039
33,5,30,115,rf,corrected,0.8347826086956521,0.8334985080988918,0.8019038984587488
33,5,30,115,mlp,corrected,0.7565217391304347,0.7625288759351382,0.7076713572401272
33,5,30,115,svm,optimized_action,0.7565217391304347,0.7833944866540198,0.7059629257602045
33,5,30,115,knn,optimized_action,0.7217391304347827,0.7289747064137307,0.6659101225601453
33,5,30,115,rf,optimized_action,0.8347826086956521,0.8328726227333038,0.8019936565473493
33,5,30,115,mlp,optimized_action,0.7652173913043478,0.7703233743556325,0.7183417997097243
33,5,30,115,svm,optimized_full,0.6,0.6237543901877646,0.516718435958341
33,5,30,115,knn,optimized_full,0.45217391304347826,0.4557987623716462,0.3430954755644211
33,5,30,115,rf,optimized_full,0.6347826086956522,0.6328489729225023,0.5615468409586056
33,5,30,115,mlp,optimized_full,0.5826086956521739,0.5828378671120606,0.49922888505851404
33,10,60,115,svm,raw,0.5043478260869565,0.5187923187923188,0.4030054644808744
33,10,60,115,knn,raw,0.45217391304347826,0.4422374843886472,0.3427975326560232
33,10,60,115,rf,raw,0.6260869565217392,0.6183039681886915,0.552286102308737
33,10,60,115,mlp,raw,0.4956521739130435,0.49082380244887863,0.39225512528473805
33,10,60,115,svm,raw_pca17,0.808695652173913,0.8211084080354031,0.7694130514035727
33,10,60,115,knn,raw_pca17,0.7565217391304347,0.7657796451914098,0.7074323096492823
33,10,60,115,rf,raw_pca17,0.8521739130434782,0.8514429916868943,0.8226274723280711
33,10,60,115,mlp,raw_pca17,0.8173913043478261,0.8138715451215451,0.7806539509536785
33,10,60,115,svm,corrected,0.8695652173913043,0.8740963987056262,0.8428818653793606
33,10,60,115,knn,corrected,0.8260869565217391,0.8242949222296194,0.7913075038562745
33,10,60,115,rf,corrected,0.8608695652173913,0.8603927708163251,0.8331368459236419
33,10,60,115,mlp,corrected,0.8782608695652174,0.8737812237491313,0.8537161548246411
33,10,60,115,svm,optimized_action,0.8608695652173913,0.8662054206557604,0.8323462414578587
33,10,60,115,knn,optimized_action,0.8260869565217391,0.8246955746955749,0.7911938266000907
33,10,60,115,rf,optimized_action,0.8608695652173913,0.8599046516191423,0.833151976786362
33,10,60,115,mlp,optimized_action,0.8521739130434782,0.848868219204825,0.8223050354481003
33,10,60,115,svm,optimized_full,0.6521739130434783,0.6695421961550995,0.5799853907962016
33,10,60,115,knn,optimized_full,0.5565217391304348,0.5693225329220765,0.46647866824342765
33,10,60,115,rf,optimized_full,0.6956521739130435,0.7007257400907357,0.6340243680669213
33,10,60,115,mlp,optimized_full,0.6434782608695652,0.6519116118380824,0.5704263848396502
34,1,6,115,svm,raw,0.2608695652173913,0.22153078403078405,0.10942055393586025
34,1,6,115,knn,raw,0.2608695652173913,0.22153078403078405,0.10942055393586025
34,1,6,115,rf,raw,0.25217391304347825,0.23336286788758512,0.09951743603751262
34,1,6,115,mlp,raw,0.26956521739130435,0.24467440624111372,0.11893469536665457
34,1,6,115,svm,raw_pca17,0.4608695652173913,0.44786654786654795,0.3481440848418359
34,1,6,115,knn,raw_pca17,0.4608695652173913,0.44786654786654795,0.3481440848418359
34,1,6,115,rf,raw_pca17,0.4608695652173913,0.4257229015434776,0.3536397425437403
34,1,6,115,mlp,raw_pca17,0.41739130434782606,0.3955099530031249,0.30195687624569667
34,1,6,115,svm,corrected,0.5652173913043478,0.5388564440451232,0.47869446962828655
34,1,6,115,knn,corrected,0.5652173913043478,0.5388564440451232,0.47869446962828655
34,1,6,115,rf,corrected,0.5043478260869565,0.4603764846899858,0.40501043841336115
34,1,6,115,mlp,corrected,0.5130434782608696,0.45469977485257623,0.41745816372682043
34,1,6,115,svm,optimized_action,0.5391304347826087,0.5154669263388657,0.44741613780598366
34,1,6,115,knn,optimized_action,0.5391304347826087,0.5154669263388657,0.44741613780598366
34,1,6,115,rf,optimized_action,0.6,0.5782407305921339,0.5193530801381065
34,1,6,115,mlp,optimized_action,0.5130434782608696,0.45426693560086745,0.41803723115850366
34,1,6,115,svm,optimized_full,0.3826086956521739,0.3713386759975168,0.25934325108853407
34,1,6,115,knn,optimized_full,0.3826086956521739,0.372669220945083,0.2593432510885342
34,1,6,115,rf,optimized_full,0.4260869565217391,0.40022769781629847,0.3115021770682148
34,1,6,115,mlp,optimized_full,0.391304347826087,0.38694977454667373,0.2685807741232057
34,3,18,115,svm,raw,0.2956521739130435,0.2961569706833915,0.15471869328493648
34,3,18,115,knn,raw,0.28695652173913044,0.2539070046622461,0.13873413097086496
34,3,18,115,rf,raw,0.41739130434782606,0.41608142142029614,0.2996091264430507
34,3,18,115,mlp,raw,0.33043478260869563,0.32647186147186147,0.19382738528769128
34,3,18,115,svm,raw_pca17,0.5565217391304348,0.5754970338303672,0.469470827679783
34,3,18,115,knn,raw_pca17,0.4782608695652174,0.47608969674826446,0.3697478991596639
34,3,18,115,rf,raw_pca17,0.6695652173913044,0.6588028801264095,0.6023296023296023
34,3,18,115,mlp,raw_pca17,0.5739130434782609,0.5867008627380145,0.4850589417892718
34,3,18,115,svm,corrected,0.6956521739130435,0.6986692977130136,0.6328894564027727
34,3,18,115,knn,corrected,0.5739130434782609,0.5759716706772618,0.48702776513427404
34,3,18,115,rf,corrected,0.6956521739130435,0.6929570973688621,0.6336912995995632
34,3,18,115,mlp,corrected,0.7130434782608696,0.712822860193942,0.655375953505267
34,3,18,115,svm,optimized_action,0.6869565217391305,0.6858679363145134,0.6227102888909141
34,3,18,115,knn,optimized_action,0.5739130434782609,0.5836811114277033,0.4872611464968153
34,3,18,115,rf,optimized_action,0.7043478260869566,0.6984920634920635,0.6442220200181984
34,3,18,115,mlp,optimized_action,0.6434782608695652,0.6317679234345902,0.5726069615663524
34,3,18,115,svm,optimized_full,0.4434782608695652,0.4432636665692931,0.33200217825376666
34,3,18,115,knn,optimized_full,0.43478260869565216,0.42635202930489546,0.32070156306797526
34,3,18,115,rf,optimized_full,0.5130434782608696,0.5107078814130398,0.413906079359301
34,3,18,115,mlp,optimized_full,0.4434782608695652,0.43445271427727566,0.32846715328467146
34,5,30,115,svm,raw,0.4,0.3845028960913677,0.28313307435179325
34,5,30,115,knn,raw,0.3565217391304348,0.3484800362976406,0.2251661658927434
34,5,30,115,rf,raw,0.5304347826086957,0.5211571589478566,0.43693897905521806
34,5,30,115,mlp,raw,0.45217391304347826,0.4529273073648297,0.34160305343511455
34,5,30,115,svm,raw_pca17,0.6347826086956522,0.6484020450494827,0.5623017671046671
34,5,30,115,knn,raw_pca17,0.591304347826087,0.6012621480878296,0.5074273216075822
34,5,30,115,rf,raw_pca17,0.7043478260869566,0.6884163021372324,0.6443191121622851
34,5,30,115,mlp,raw_pca17,0.7130434782608696,0.7074869631272072,0.6557510885341074
34,5,30,115,svm,corrected,0.782608695652174,0.7832673928006599,0.7383271138618367
34,5,30,115,knn,corrected,0.7391304347826086,0.7423958520754486,0.6859925366342041
34,5,30,115,rf,corrected,0.782608695652174,0.7697539136563526,0.7388974661701935
34,5,30,115,mlp,corrected,0.8,0.7897454423688117,0.759960068971776
34,5,30,115,svm,optimized_action,0.7913043478260869,0.7855665601542664,0.7491365206326124
34,5,30,115,knn,optimized_action,0.7304347826086957,0.7340882631308339,0.675909090909091
34,5,30,115,rf,optimized_action,0.7565217391304347,0.7460110661661049,0.7076713572401271
34,5,30,115,mlp,optimized_action,0.7478260869565218,0.7382041192386021,0.6978619315093315
34,5,30,115,svm,optimized_full,0.46956521739130436,0.47232339895640324,0.3639495874512648
34,5,30,115,knn,optimized_full,0.40869565217391307,0.3998550495467004,0.2897366030881018
34,5,30,115,rf,optimized_full,0.6173913043478261,0.6191803088354813,0.5402925411102025
34,5,30,115,mlp,optimized_full,0.43478260869565216,0.44369907053730584,0.31958856726743123
34,10,60,115,svm,raw,0.5043478260869565,0.5131039508067906,0.4070556309362279
34,10,60,115,knn,raw,0.43478260869565216,0.4325731795744035,0.3221799056945954
34,10,60,115,rf,raw,0.6434782608695652,0.650616211286526,0.5733031674208144
34,10,60,115,mlp,raw,0.5826086956521739,0.5860838988745966,0.49959205874354085
34,10,60,115,svm,raw_pca17,0.7043478260869566,0.7233243165807126,0.6462178791169019
34,10,60,115,knn,raw_pca17,0.6956521739130435,0.6943615489881511,0.6347218440874853
34,10,60,115,rf,raw_pca17,0.9217391304347826,0.9233465172489562,0.9060883767353235
34,10,60,115,mlp,raw_pca17,0.7565217391304347,0.756318058949638,0.7078305053987841
34,10,60,115,svm,corrected,0.8347826086956521,0.8425290210646907,0.8018320333756576
34,10,60,115,knn,corrected,0.808695652173913,0.8078125279363669,0.7702506356701779
34,10,60,115,rf,corrected,0.8521739130434782,0.8524018774018773,0.8224664002905921
34,10,60,115,mlp,corrected,0.8608695652173913,0.8634146341463415,0.8329095532146749
34,10,60,115,svm,optimized_action,0.8,0.8094366635543105,0.7601559666303954
34,10,60,115,knn,optimized_action,0.782608695652174,0.775101475101475,0.7383509282854023
34,10,60,115,rf,optimized_action,0.8260869565217391,0.8248188892537641,0.791231732776618
34,10,60,115,mlp,optimized_action,0.8347826086956521,0.8363877378836042,0.8015260241620492
34,10,60,115,svm,optimized_full,0.6173913043478261,0.630139943865434,0.5419570924232824
34,10,60,115,knn,optimized_full,0.4956521739130435,0.49162904789503253,0.3955595831445401
34,10,60,115,rf,optimized_full,0.7217391304347827,0.7219677094677094,0.6663342098104996
34,10,60,115,mlp,optimized_full,0.6347826086956522,0.6412745738327134,0.5615070358601906
35,1,6,115,svm,raw,0.3565217391304348,0.3111837249618098,0.23146392124988713
35,1,6,115,knn,raw,0.3565217391304348,0.3111837249618098,0.23146392124988713
35,1,6,115,rf,raw,0.3130434782608696,0.28502415458937197,0.1807935076645627
35,1,6,115,mlp,raw,0.3739130434782609,0.3390194943490876,0.24966017217942915
35,1,6,115,svm,raw_pca17,0.5130434782608696,0.5344237529580363,0.4157670325682663
35,1,6,115,knn,raw_pca17,0.5130434782608696,0.5344237529580363,0.4157670325682663
35,1,6,115,rf,raw_pca17,0.5478260869565217,0.5507137983389588,0.45803878919702734
35,1,6,115,mlp,raw_pca17,0.5043478260869565,0.5229104237286457,0.4047402833272793
35,1,6,115,svm,corrected,0.5130434782608696,0.5206380725684197,0.4173000361925443
35,1,6,115,knn,corrected,0.5130434782608696,0.5206380725684197,0.4173000361925443
35,1,6,115,rf,corrected,0.5478260869565217,0.5483726299097825,0.4598012646793135
35,1,6,115,mlp,corrected,0.5478260869565217,0.5650161912021495,0.4582351875339735
35,1,6,115,svm,optimized_action,0.48695652173913045,0.49322720220486677,0.3861950425185453
35,1,6,115,knn,optimized_action,0.48695652173913045,0.49322720220486677,0.3861950425185453
35,1,6,115,rf,optimized_action,0.5217391304347826,0.5221877256760977,0.4278089379410168
35,1,6,115,mlp,optimized_action,0.45217391304347826,0.46142199642045467,0.34511434511434513
35,1,6,115,svm,optimized_full,0.4956521739130435,0.4646587095116506,0.3969258589511754
35,1,6,115,knn,optimized_full,0.46956521739130436,0.44228325215167325,0.36481347337921055
35,1,6,115,rf,optimized_full,0.46956521739130436,0.4735807933813027,0.3661335501942713
35,1,6,115,mlp,optimized_full,0.4260869565217391,0.4157155125576178,0.3152909336941814
35,3,18,115,svm,raw,0.4434782608695652,0.40943062785168044,0.33248684926537275
35,3,18,115,knn,raw,0.40869565217391307,0.3938142664866451,0.2912172573189522
35,3,18,115,rf,raw,0.41739130434782606,0.4106442434957347,0.30049931911030414
35,3,18,115,mlp,raw,0.41739130434782606,0.3907229800132613,0.2989718860886179
35,3,18,115,svm,raw_pca17,0.7565217391304347,0.7541047164621171,0.7075386012715713
35,3,18,115,knn,raw_pca17,0.7391304347826086,0.7369829945035836,0.685878175361923
35,3,18,115,rf,raw_pca17,0.7739130434782608,0.7691282122203176,0.7284533648170012
35,3,18,115,mlp,raw_pca17,0.7217391304347827,0.7202082131090699,0.665515360843483
35,3,18,115,svm,corrected,0.808695652173913,0.8109760836199026,0.7705423544349719
35,3,18,115,knn,corrected,0.7913043478260869,0.7940399486819628,0.7495917256396298
35,3,18,115,rf,corrected,0.8173913043478261,0.8186684759213642,0.7809325108853411
35,3,18,115,mlp,corrected,0.7913043478260869,0.7929808441457421,0.7496825684745148
35,3,18,115,svm,optimized_action,0.8347826086956521,0.8398425999405191,0.8017781003356619
35,3,18,115,knn,optimized_action,0.782608695652174,0.7811885109314729,0.7393236014144529
35,3,18,115,rf,optimized_action,0.8260869565217391,0.8249704926553073,0.7913075038562745
35,3,18,115,mlp,optimized_action,0.7565217391304347,0.762388752172034,0.707936507936508
35,3,18,115,svm,optimized_full,0.5739130434782609,0.5717513239064964,0.48768069824529503
35,3,18,115,knn,optimized_full,0.5304347826086957,0.520064476963726,0.43800904977375577
35,3,18,115,rf,optimized_full,0.48695652173913045,0.4621336309574536,0.383406034169393
35,3,18,115,mlp,optimized_full,0.5478260869565217,0.5428284675390432,0.45794053662073975
35,5,30,115,svm,raw,0.5478260869565217,0.5365249865249865,0.4579896673615518
35,5,30,115,knn,raw,0.4782608695652174,0.4587094546945815,0.37426317221365735
35,5,30,115,rf,raw,0.5478260869565217,0.5367695784768954,0.4577930909420619
35,5,30,115,mlp,raw,0.5043478260869565,0.4875871080139373,0.40576556975795486
35,5,30,115,svm,raw_pca17,0.7478260869565218,0.7420136408139504,0.6974507847228522
35,5,30,115,knn,raw_pca17,0.7304347826086957,0.7307606043022169,0.6756437084887637
35,5,30,115,rf,raw_pca17,0.8782608695652174,0.8786774508805806,0.8538224078445614
35,5,30,115,mlp,raw_pca17,0.6782608695652174,0.6659209590434775,0.6140939597315436
35,5,30,115,svm,corrected,0.8173913043478261,0.8210372840094201,0.78125
35,5,30,115,knn,corrected,0.8,0.8037549744866818,0.7600036294347156
35,5,30,115,rf,corrected,0.8869565217391304,0.8852215852215851,0.8642636644270928
35,5,30,115,mlp,corrected,0.8521739130434782,0.8534963455695164,0.8227078987938696
35,5,30,115,svm,optimized_action,0.7913043478260869,0.7958311801825871,0.7500452816518747
35,5,30,115,knn,optimized_action,0.7739130434782608,0.7791077791077791,0.7289702683103698
35,5,30,115,rf,optimized_action,0.8521739130434782,0.8484725984725986,0.8224664002905921
35,5,30,115,mlp,optimized_action,0.8173913043478261,0.8218077920112804,0.7810318251881403
35,5,30,115,svm,optimized_full,0.6,0.601011436215927,0.5195277020890099
35,5,30,115,knn,optimized_full,0.5217391304347826,0.5200079422012708,0.42599146928033393
35,5,30,115,rf,optimized_full,0.5217391304347826,0.5346399645810412,0.42718710378554614
35,5,30,115,mlp,optimized_full,0.5652173913043478,0.5700378878574323,0.47826875964068594
35,10,60,115,svm,raw,0.5826086956521739,0.5883052870743873,0.49972811310494836
35,10,60,115,knn,raw,0.5217391304347826,0.5043745079624412,0.42547006994277403
35,10,60,115,rf,raw,0.7043478260869566,0.7040882523871486,0.6453193033381712
35,10,60,115,mlp,raw,0.5391304347826087,0.5355523879540497,0.4471153846153846
35,10,60,115,svm,raw_pca17,0.808695652173913,0.8158767591120532,0.7707087185064346
35,10,60,115,knn,raw_pca17,0.7391304347826086,0.7394612818393306,0.6861068146665454
35,10,60,115,rf,raw_pca17,0.8173913043478261,0.8205651740535463,0.7808529945553538
35,10,60,115,mlp,raw_pca17,0.7739130434782608,0.7781072570546255,0.7287981859410431
35,10,60,115,svm,corrected,0.8782608695652174,0.8818376818376819,0.853968253968254
35,10,60,115,knn,corrected,0.8434782608695652,0.844472291840713,0.8121597096188747
35,10,60,115,rf,corrected,0.9130434782608695,0.9122704637410518,0.8955874341746868
35,10,60,115,mlp,corrected,0.8869565217391304,0.8886137485892688,0.864288307915759
35,10,60,115,svm,optimized_action,0.808695652173913,0.8151335464264525,0.7706671501087745
35,10,60,115,knn,optimized_action,0.7913043478260869,0.7961066936676692,0.7495690046275292
35,10,60,115,rf,optimized_action,0.8869565217391304,0.8879046820907287,0.8642759872900591
35,10,60,115,mlp,optimized_action,0.8608695652173913,0.8652592442066127,0.8330005445634416
35,10,60,115,svm,optimized_full,0.7217391304347827,0.7258556530615353,0.6658494506492327
35,10,60,115,knn,optimized_full,0.6782608695652174,0.6789905664678804,0.6133575647432985
35,10,60,115,rf,optimized_full,0.7043478260869566,0.7045189436356849,0.6458654107417807
35,10,60,115,mlp,optimized_full,0.6956521739130435,0.6976833765267182,0.6345228366475983
36,1,6,115,svm,raw,0.2956521739130435,0.2676649254670788,0.158156348847718
36,1,6,115,knn,raw,0.2956521739130435,0.2676649254670788,0.158156348847718
36,1,6,115,rf,raw,0.2782608695652174,0.2535543603769281,0.1366678726483358
36,1,6,115,mlp,raw,0.3217391304347826,0.290152505446623,0.18940900054220133
36,1,6,115,svm,raw_pca17,0.5304347826086957,0.5115322468724598,0.4377546401086464
36,1,6,115,knn,raw_pca17,0.5304347826086957,0.5115322468724598,0.4377546401086464
36,1,6,115,rf,raw_pca17,0.46956521739130436,0.432360059580226,0.3652732537097356
36,1,6,115,mlp,raw_pca17,0.4608695652173913,0.45487994198813214,0.3528183716075156
36,1,6,115,svm,corrected,0.5217391304347826,0.4849157086260993,0.4290485647228742
36,1,6,115,knn,corrected,0.5217391304347826,0.4849157086260993,0.4290485647228742
36,1,6,115,rf,corrected,0.46956521739130436,0.4219735195234288,0.3673911083055279
36,1,6,115,mlp,corrected,0.48695652173913045,0.4621327829377366,0.38674981923355023
36,1,6,115,svm,optimized_action,0.5043478260869565,0.47705150467089164,0.40855364071099887
36,1,6,115,knn,optimized_action,0.5043478260869565,0.47705150467089164,0.40855364071099887
36,1,6,115,rf,optimized_action,0.4782608695652174,0.4318781995089003,0.3769189091565831
36,1,6,115,mlp,optimized_action,0.5391304347826087,0.5229071214753926,0.4473660349986399
36,1,6,115,svm,optimized_full,0.2782608695652174,0.23606734385377323,0.13993512344566605
36,1,6,115,knn,optimized_full,0.2782608695652174,0.23606734385377323,0.13993512344566605
36,1,6,115,rf,optimized_full,0.33043478260869563,0.3003561253561253,0.19965654374548103
36,1,6,115,mlp,optimized_full,0.23478260869565218,0.2046277069427259,0.08812398630383855
36,3,18,115,svm,raw,0.4260869565217391,0.4316101705934363,0.31225081551286704
36,3,18,115,knn,raw,0.4,0.3975546975546975,0.28157537347215944
36,3,18,115,rf,raw,0.41739130434782606,0.42344795776168326,0.3030303030303031
36,3,18,115,mlp,raw,0.3826086956521739,0.38048465131798465,0.26061758580095995
36,3,18,115,svm,raw_pca17,0.6608695652173913,0.6731437650309927,0.5938603640315132
36,3,18,115,knn,raw_pca17,0.6608695652173913,0.6715468859129775,0.5926060495957852
36,3,18,115,rf,raw_pca17,0.7304347826086957,0.7412682253667695,0.6761740394222908
36,3,18,115,mlp,raw_pca17,0.6,0.6182437055281883,0.5185218895057795
36,3,18,115,svm,corrected,0.7130434782608696,0.7116380695328064,0.6556573813628528
36,3,18,115,knn,corrected,0.6869565217391305,0.6919234360410832,0.6251018744906276
36,3,18,115,rf,corrected,0.7304347826086957,0.7444262593198764,0.6767026389770563
36,3,18,115,mlp,corrected,0.7130434782608696,0.7177917684559051,0.6560319042871385
36,3,18,115,svm,optimized_action,0.6869565217391305,0.68735707542679,0.6251018744906276
36,3,18,115,knn,optimized_action,0.6695652173913044,0.6855292792792794,0.6044532947139755
36,3,18,115,rf,optimized_action,0.7130434782608696,0.7243621717692926,0.6560007251631618
36,3,18,115,mlp,optimized_action,0.6956521739130435,0.7169180992959657,0.635317568179759
36,3,18,115,svm,optimized_full,0.46956521739130436,0.46842906145639723,0.366305329719964
36,3,18,115,knn,optimized_full,0.4782608695652174,0.487741720910209,0.3752829334540517
36,3,18,115,rf,optimized_full,0.4782608695652174,0.4752689897442268,0.37562211564564296
36,3,18,115,mlp,optimized_full,0.41739130434782606,0.4247427110752866,0.30328239442987603
36,5,30,115,svm,raw,0.5217391304347826,0.5165863326079866,0.4245291602219998
36,5,30,115,knn,raw,0.4782608695652174,0.48121965794971683,0.37358147980027234
36,5,30,115,rf,raw,0.5565217391304348,0.5528334725703147,0.4681236963816088
36,5,30,115,mlp,raw,0.5478260869565217,0.5480034503219054,0.4562153314540329
36,5,30,115,svm,raw_pca17,0.7652173913043478,0.7666542354042355,0.7179580343355436
36,5,30,115,knn,raw_pca17,0.6782608695652174,0.6873271952219321,0.6142339075249319
36,5,30,115,rf,raw_pca17,0.8260869565217391,0.8283811830844305,0.7908710674668121
36,5,30,115,mlp,raw_pca17,0.7130434782608696,0.7059923097124735,0.655
36,5,30,115,svm,corrected,0.8260869565217391,0.8284011284011285,0.7912696251928487
36,5,30,115,knn,corrected,0.7565217391304347,0.7645384354943179,0.708518149723907
36,5,30,115,rf,corrected,0.8347826086956521,0.8290280617315501,0.8017601161313737
36,5,30,115,mlp,corrected,0.7913043478260869,0.7921422450834216,0.749818709209572
36,5,30,115,svm,optimized_action,0.808695652173913,0.8118262663994371,0.7706671501087745
36,5,30,115,knn,optimized_action,0.7565217391304347,0.7701597848656673,0.708148282425451
36,5,30,115,rf,optimized_action,0.8434782608695652,0.8414166346017135,0.8121597096188747
36,5,30,115,mlp,optimized_action,0.7913043478260869,0.7930527440395861,0.749727965179543
36,5,30,115,svm,optimized_full,0.6434782608695652,0.636952336952337,0.5721415607985482
36,5,30,115,knn,optimized_full,0.5478260869565217,0.5513191258415511,0.45892146217879126
36,5,30,115,rf,optimized_full,0.591304347826087,0.582897124627881,0.5108597285067873
36,5,30,115,mlp,optimized_full,0.6347826086956522,0.6274338158715503,0.5615468409586057
36,10,60,115,svm,raw,0.6086956521739131,0.6178259080044795,0.5292458837442009
36,10,60,115,knn,raw,0.5478260869565217,0.5503653583674556,0.4557699308336367
36,10,60,115,rf,raw,0.6956521739130435,0.7046296296296296,0.6345228366475983
36,10,60,115,mlp,raw,0.6,0.6037332074797223,0.5181271634177447
36,10,60,115,svm,raw_pca17,0.7913043478260869,0.8048596494336859,0.7482211275314723
36,10,60,115,knn,raw_pca17,0.7739130434782608,0.7766737426540149,0.7284040330638568
36,10,60,115,rf,raw_pca17,0.8695652173913043,0.8724292474292475,0.843281548105751
36,10,60,115,mlp,raw_pca17,0.7565217391304347,0.7592438251217551,0.7070596797671034
36,10,60,115,svm,corrected,0.8782608695652174,0.8735237957891367,0.8535298398835517
36,10,60,115,knn,corrected,0.808695652173913,0.8100530452792025,0.7703965877121336
36,10,60,115,rf,corrected,0.8956521739130435,0.89528962567549,0.8747731397459165
36,10,60,115,mlp,corrected,0.8434782608695652,0.841834689968105,0.8120232473665092
36,10,60,115,svm,optimized_action,0.8695652173913043,0.8652893655133297,0.8431675606873352
36,10,60,115,knn,optimized_action,0.8434782608695652,0.8425912754860124,0.8119720228903624
36,10,60,115,rf,optimized_action,0.8869565217391304,0.8861396768970581,0.8643498775065783
36,10,60,115,mlp,optimized_action,0.8521739130434782,0.8486722299222299,0.8223857545198511
36,10,60,115,svm,optimized_full,0.6608695652173913,0.6695061796648484,0.5910085719496625
36,10,60,115,knn,optimized_full,0.6608695652173913,0.6618559139978969,0.5932341737710864
36,10,60,115,rf,optimized_full,0.6782608695652174,0.6768472253766372,0.6129707112970711
36,10,60,115,mlp,optimized_full,0.7043478260869566,0.7061003112889904,0.6439952654101795
37,1,6,115,svm,raw,0.23478260869565218,0.21168652609754846,0.07045099660145115
37,1,6,115,knn,raw,0.23478260869565218,0.21168652609754846,0.07045099660145115
37,1,6,115,rf,raw,0.21739130434782608,0.19434192350859017,0.05806334182744821
37,1,6,115,mlp,raw,0.26956521739130435,0.254999057874846,0.11449262077183986
37,1,6,115,svm,raw_pca17,0.3826086956521739,0.3468565203859321,0.2545421345750024
37,1,6,115,knn,raw_pca17,0.3826086956521739,0.3468565203859321,0.2545421345750024
37,1,6,115,rf,raw_pca17,0.2956521739130435,0.2562435324665407,0.14549123933584074
37,1,6,115,mlp,raw_pca17,0.3652173913043478,0.3199385155906895,0.2269085551155724
37,1,6,115,svm,corrected,0.25217391304347825,0.19843704463957632,0.09224414869206077
37,1,6,115,knn,corrected,0.25217391304347825,0.19843704463957632,0.09224414869206077
37,1,6,115,rf,corrected,0.3826086956521739,0.35676681980116626,0.2531101353823638
37,1,6,115,mlp,corrected,0.3217391304347826,0.26606766432244816,0.17608156516946827
37,1,6,115,svm,optimized_action,0.3217391304347826,0.26526142943565806,0.17479300827966893
37,1,6,115,knn,optimized_action,0.3217391304347826,0.26526142943565806,0.17479300827966893
37,1,6,115,rf,optimized_action,0.5043478260869565,0.4944333953162476,0.3993402364152845
37,1,6,115,mlp,optimized_action,0.3826086956521739,0.332864279245056,0.2515354294619123
37,1,6,115,svm,optimized_full,0.21739130434782608,0.22198622707219218,0.05608755129958953
37,1,6,115,knn,optimized_full,0.21739130434782608,0.22198622707219218,0.05608755129958953
37,1,6,115,rf,optimized_full,0.23478260869565218,0.20995347010266377,0.08216941773988751
37,1,6,115,mlp,optimized_full,0.19130434782608696,0.18635684492461987,0.027815653122443273
37,3,18,115,svm,raw,0.41739130434782606,0.3839721401991114,0.29730962152302765
37,3,18,115,knn,raw,0.33043478260869563,0.3093648300170039,0.19426751592356684
37,3,18,115,rf,raw,0.5217391304347826,0.495484497669465,0.4237427113702624
37,3,18,115,mlp,raw,0.4260869565217391,0.3737861811391223,0.3084282460136676
37,3,18,115,svm,raw_pca17,0.5217391304347826,0.49571352831138693,0.4238476953907816
37,3,18,115,knn,raw_pca17,0.45217391304347826,0.41183638438540404,0.33452741802149355
37,3,18,115,rf,raw_pca17,0.5565217391304348,0.5206539074960127,0.4638939670932358
37,3,18,115,mlp,raw_pca17,0.5739130434782609,0.5457076525624913,0.4855760452802629
37,3,18,115,svm,corrected,0.8260869565217391,0.8235602923102924,0.7912696251928487
37,3,18,115,knn,corrected,0.6,0.5971240721240721,0.5164975779179235
37,3,18,115,rf,corrected,0.782608695652174,0.789391815862404,0.7382556445739257
37,3,18,115,mlp,corrected,0.808695652173913,0.793310841205578,0.7699790890080916
37,3,18,115,svm,optimized_action,0.7652173913043478,0.7303849101226637,0.7179836512261581
37,3,18,115,knn,optimized_action,0.591304347826087,0.564453770564847,0.5058059797019292
37,3,18,115,rf,optimized_action,0.7304347826086957,0.7150254170129272,0.6755551510738989
37,3,18,115,mlp,optimized_action,0.7739130434782608,0.738440970793912,0.7280582082764893
37,3,18,115,svm,optimized_full,0.4434782608695652,0.4477616610831237,0.3321234119782214
37,3,18,115,knn,optimized_full,0.34782608695652173,0.328338036863921,0.2192450439033221
37,3,18,115,rf,optimized_full,0.3391304347826087,0.33058299688333725,0.20790284574950157
37,3,18,115,mlp,optimized_full,0.4434782608695652,0.4353548985127933,0.33169890129846547
37,5,30,115,svm,raw,0.46956521739130436,0.46772105139312875,0.3618666424088056
37,5,30,115,knn,raw,0.34782608695652173,0.33777304499633765,0.2184668358100761
37,5,30,115,rf,raw,0.6086956521739131,0.6169368099600657,0.5300154391063482
37,5,30,115,mlp,raw,0.41739130434782606,0.3841831506727256,0.30068978035941196
37,5,30,115,svm,raw_pca17,0.6521739130434783,0.6414704485782917,0.5809801421023866
37,5,30,115,knn,raw_pca17,0.5565217391304348,0.5360554512723047,0.46521382328804595
37,5,30,115,rf,raw_pca17,0.7652173913043478,0.7638695831630614,0.7178042352085795
37,5,30,115,mlp,raw_pca17,0.6869565217391305,0.6703982177666389,0.6226759022967554
37,5,30,115,svm,corrected,0.8347826086956521,0.834235565942883,0.8017421286634607
37,5,30,115,knn,corrected,0.8347826086956521,0.835024429761272,0.8012009826221453
37,5,30,115,rf,corrected,0.8782608695652174,0.8766999222081528,0.8537427325581395
37,5,30,115,mlp,corrected,0.8782608695652174,0.8749030406925143,0.8536629703690238
37,5,30,115,svm,optimized_action,0.8434782608695652,0.8399366399366399,0.8119720228903624
37,5,30,115,knn,optimized_action,0.8434782608695652,0.8390547402702921,0.8119036801453885
37,5,30,115,rf,optimized_action,0.8782608695652174,0.8787722706348431,0.8538754764930114
37,5,30,115,mlp,optimized_action,0.8521739130434782,0.8476948629917259,0.8222404073467904
37,5,30,115,svm,optimized_full,0.5565217391304348,0.5565343431426034,0.46633303002729765
37,5,30,115,knn,optimized_full,0.4608695652173913,0.4534436956211667,0.35328798185941046
37,5,30,115,rf,optimized_full,0.5130434782608696,0.5008082583097707,0.41321184510250564
37,5,30,115,mlp,optimized_full,0.5565217391304348,0.5392320311019497,0.46633303002729765
37,10,60,115,svm,raw,0.6260869565217392,0.6160506909704986,0.5512296941646246
37,10,60,115,knn,raw,0.4782608695652174,0.4703673641173641,0.37629937629937626
37,10,60,115,rf,raw,0.6608695652173913,0.6515306436931151,0.5927909932812783
37,10,60,115,mlp,raw,0.6,0.5863229468492627,0.5207899266237883
37,10,60,115,svm,raw_pca17,0.8521739130434782,0.8604208657400148,0.8226596516690856
37,10,60,115,knn,raw_pca17,0.7652173913043478,0.7626588797320505,0.7179067865903517
37,10,60,115,rf,raw_pca17,0.8260869565217391,0.8238525765555426,0.791080025433736
37,10,60,115,mlp,raw_pca17,0.8782608695652174,0.878849902534113,0.8539814982768003
37,10,60,115,svm,corrected,0.8608695652173913,0.863907863907864,0.8333484285843674
37,10,60,115,knn,corrected,0.8608695652173913,0.8618168776063514,0.8331822302810517
37,10,60,115,rf,corrected,0.9130434782608695,0.9147565726513095,0.8957199854914762
37,10,60,115,mlp,corrected,0.8782608695652174,0.8792142270640345,0.8539682539682539
37,10,60,115,svm,optimized_action,0.8782608695652174,0.8832926332926333,0.8540873663222766
37,10,60,115,knn,optimized_action,0.8695652173913043,0.868514972462341,0.8435799782372144
37,10,60,115,rf,optimized_action,0.9043478260869565,0.9047940797940798,0.8853439680957129
37,10,60,115,mlp,optimized_action,0.8695652173913043,0.8680000289756388,0.8435657930534144
37,10,60,115,svm,optimized_full,0.6695652173913044,0.6751853304520883,0.6028716830243548
37,10,60,115,knn,optimized_full,0.5217391304347826,0.5057849008860692,0.42578302315024963
37,10,60,115,rf,optimized_full,0.6521739130434783,0.6462729233231069,0.5821220930232558
37,10,60,115,mlp,optimized_full,0.6782608695652174,0.6814701502201502,0.6134980470524116
38,1,6,115,svm,raw,0.22608695652173913,0.22468230694037147,0.0677657345842061
38,1,6,115,knn,raw,0.22608695652173913,0.22468230694037147,0.0677657345842061
38,1,6,115,rf,raw,0.1826086956521739,0.1733517508736807,0.021365200072424373
38,1,6,115,mlp,raw,0.26956521739130435,0.2704936360509116,0.12189800927188454
38,1,6,115,svm,raw_pca17,0.4,0.38010582010582006,0.2801415222716138
38,1,6,115,knn,raw_pca17,0.4,0.38010582010582006,0.2801415222716138
38,1,6,115,rf,raw_pca17,0.40869565217391307,0.37637077023041937,0.29262777023971054
38,1,6,115,mlp,raw_pca17,0.3652173913043478,0.33569728685792605,0.24109564274091477
38,1,6,115,svm,corrected,0.4608695652173913,0.4182850364117788,0.3521126760563381
38,1,6,115,knn,corrected,0.4608695652173913,0.4182850364117788,0.3521126760563381
38,1,6,115,rf,corrected,0.6,0.5690686796509865,0.5171595472800292
38,1,6,115,mlp,corrected,0.5043478260869565,0.47741589080944924,0.4002195992314027
38,1,6,115,svm,optimized_action,0.5043478260869565,0.4630450708711578,0.40300546448087426
38,1,6,115,knn,optimized_action,0.5043478260869565,0.4630450708711578,0.40300546448087426
38,1,6,115,rf,optimized_action,0.5304347826086957,0.4925161595704231,0.4336008755928493
38,1,6,115,mlp,optimized_action,0.5043478260869565,0.45073158323158324,0.4014791818845873
38,1,6,115,svm,optimized_full,0.3391304347826087,0.2888441162250686,0.20660856935366734
38,1,6,115,knn,optimized_full,0.3391304347826087,0.2888441162250686,0.20660856935366734
38,1,6,115,rf,optimized_full,0.25217391304347825,0.2331252146648847,0.10578661844484616
38,1,6,115,mlp,optimized_full,0.28695652173913044,0.25142743457552225,0.14420546329067974
38,3,18,115,svm,raw,0.5652173913043478,0.5675789760348583,0.4781267017607551
38,3,18,115,knn,raw,0.5391304347826087,0.5290372652388239,0.4478166334480884
38,3,18,115,rf,raw,0.591304347826087,0.5918665889779336,0.5092609406210278
38,3,18,115,mlp,raw,0.5130434782608696,0.514369529586921,0.41587301587301595
38,3,18,115,svm,raw_pca17,0.6608695652173913,0.6639071014561946,0.5950338600451466
38,3,18,115,knn,raw_pca17,0.6086956521739131,0.6108221002957844,0.5309100797679478
38,3,18,115,rf,raw_pca17,0.7043478260869566,0.7042876500193573,0.6458974823401558
38,3,18,115,mlp,raw_pca17,0.6869565217391305,0.6893866933321741,0.6240806319803869
38,3,18,115,svm,corrected,0.7043478260869566,0.7119257155688864,0.6459295481300371
38,3,18,115,knn,corrected,0.8173913043478261,0.8160443722943723,0.7805542935029532
38,3,18,115,rf,corrected,0.7913043478260869,0.7898876784141006,0.7498640565524741
38,3,18,115,mlp,corrected,0.8434782608695652,0.8424959891529659,0.8120744439400818
38,3,18,115,svm,optimized_action,0.7565217391304347,0.7620909446996403,0.7080424335841871
38,3,18,115,knn,optimized_action,0.7652173913043478,0.7653577706769196,0.7183417997097242
38,3,18,115,rf,optimized_action,0.7739130434782608,0.7759911824960719,0.7292402426876754
38,3,18,115,mlp,optimized_action,0.782608695652174,0.7812835312835312,0.7390870314910609
38,3,18,115,svm,optimized_full,0.5391304347826087,0.5385553530290372,0.44479868828566216
38,3,18,115,knn,optimized_full,0.48695652173913045,0.4852954144620811,0.3840777051561367
38,3,18,115,rf,optimized_full,0.5565217391304348,0.5540560369185914,0.46807545800834394
38,3,18,115,mlp,optimized_full,0.5304347826086957,0.5404761904761904,0.4364279880206915
38,5,30,115,svm,raw,0.5391304347826087,0.5458086558181435,0.4446975218658892
38,5,30,115,knn,raw,0.46956521739130436,0.4574430629663188,0.3649859690413687
38,5,30,115,rf,raw,0.5391304347826087,0.5338609673975527,0.44696488521912714
38,5,30,115,mlp,raw,0.5130434782608696,0.5180188855395016,0.4141726553261166
38,5,30,115,svm,raw_pca17,0.7391304347826086,0.7311361770413495,0.6858495720269533
38,5,30,115,knn,raw_pca17,0.7217391304347827,0.7136856867280487,0.6664249456127629
38,5,30,115,rf,raw_pca17,0.808695652173913,0.8048779186710222,0.7704174228675136
38,5,30,115,mlp,raw_pca17,0.7391304347826086,0.7286206709184886,0.6867907399001362
38,5,30,115,svm,corrected,0.7739130434782608,0.7843739416107837,0.7288473746259182
38,5,30,115,knn,corrected,0.7913043478260869,0.790722269966521,0.7491137169348241
38,5,30,115,rf,corrected,0.8608695652173913,0.862172214423527,0.8329702251270878
38,5,30,115,mlp,corrected,0.8347826086956521,0.834751573767592,0.801562074289347
38,5,30,115,svm,optimized_action,0.7565217391304347,0.7639070994828191,0.7074854651162791
38,5,30,115,knn,optimized_action,0.7565217391304347,0.7548558024221356,0.7076978939724038
38,5,30,115,rf,optimized_action,0.8521739130434782,0.8509699915989133,0.8225469728601252
38,5,30,115,mlp,optimized_action,0.782608695652174,0.7743372593982351,0.7387551113130395
38,5,30,115,svm,optimized_full,0.5652173913043478,0.5816061417257828,0.47569982675298617
38,5,30,115,knn,optimized_full,0.4782608695652174,0.47254689754689755,0.37375204211290625
38,5,30,115,rf,optimized_full,0.6260869565217392,0.6261187155923998,0.55204275749615
38,5,30,115,mlp,optimized_full,0.6260869565217392,0.6302002178860446,0.5508220546825324
38,10,60,115,svm,raw,0.6173913043478261,0.6180928468948556,0.5396233281776
38,10,60,115,knn,raw,0.5304347826086957,0.5242411214356787,0.4358648255813954
38,10,60,115,rf,raw,0.6521739130434783,0.645293790030632,0.5820081781008632
38,10,60,115,mlp,raw,0.5652173913043478,0.5492557194569706,0.4772727272727273
38,10,60,115,svm,raw_pca17,0.8347826086956521,0.8337318919309045,0.8016161249319049
38,10,60,115,knn,raw_pca17,0.782608695652174,0.7890811772110765,0.7395361478528719
38,10,60,115,rf,raw_pca17,0.8956521739130435,0.8972171347171347,0.874556858467412
38,10,60,115,mlp,raw_pca17,0.8521739130434782,0.8491112989343526,0.8224341507720254
38,10,60,115,svm,corrected,0.8521739130434782,0.8522255344623765,0.8222727272727273
38,10,60,115,knn,corrected,0.8608695652173913,0.8622773830312513,0.8327728801236026
38,10,60,115,rf,corrected,0.8782608695652174,0.8784925713790283,0.8538224078445614
38,10,60,115,mlp,corrected,0.8521739130434782,0.8512809802283486,0.8224341507720254
38,10,60,115,svm,optimized_action,0.8521739130434782,0.8523381361091446,0.8222242429753569
38,10,60,115,knn,optimized_action,0.8695652173913043,0.873509836163735,0.8433384797021161
38,10,60,115,rf,optimized_action,0.8869565217391304,0.8861434612208606,0.8642143505903723
38,10,60,115,mlp,optimized_action,0.8521739130434782,0.8482367537970256,0.8224664002905921
38,10,60,115,svm,optimized_full,0.6608695652173913,0.6502193174989815,0.5926800472255018
38,10,60,115,knn,optimized_full,0.6,0.6008426851504107,0.5208333333333333
38,10,60,115,rf,optimized_full,0.7130434782608696,0.7167712606736997,0.655938349954669
38,10,60,115,mlp,optimized_full,0.7217391304347827,0.71994056994057,0.6658191064293498
39,1,6,115,svm,raw,0.26956521739130435,0.25399443639501973,0.1276864728192162
39,1,6,115,knn,raw,0.26956521739130435,0.25399443639501973,0.1276864728192162
39,1,6,115,rf,raw,0.2608695652173913,0.2494775025229067,0.1169828364950316
39,1,6,115,mlp,raw,0.2782608695652174,0.2676276655443322,0.13822679667750104
39,1,6,115,svm,raw_pca17,0.4434782608695652,0.42651116975461356,0.33495979036776014
39,1,6,115,knn,raw_pca17,0.4434782608695652,0.42651116975461356,0.33495979036776014
39,1,6,115,rf,raw_pca17,0.4260869565217391,0.4290806624595955,0.31231312856754545
39,1,6,115,mlp,raw_pca17,0.40869565217391307,0.37912490530457865,0.2939689418562659
39,1,6,115,svm,corrected,0.6347826086956522,0.6214761894078683,0.5640794223826715
39,1,6,115,knn,corrected,0.6347826086956522,0.6214761894078683,0.5640794223826715
39,1,6,115,rf,corrected,0.4956521739130435,0.48344026910495796,0.3952307552815305
39,1,6,115,mlp,corrected,0.591304347826087,0.5547512032253298,0.5127118644067796
39,1,6,115,svm,optimized_action,0.5217391304347826,0.5098081145907233,0.4280159160788569
39,1,6,115,knn,optimized_action,0.5217391304347826,0.5098081145907233,0.4280159160788569
39,1,6,115,rf,optimized_action,0.40869565217391307,0.39476943939186504,0.29031672565568556
39,1,6,115,mlp,optimized_action,0.4956521739130435,0.48017133008372054,0.3967622320701819
39,1,6,115,svm,optimized_full,0.24347826086956523,0.25100180482472867,0.09522517634291916
39,1,6,115,knn,optimized_full,0.23478260869565218,0.2437453343728839,0.08482546572617111
39,1,6,115,rf,optimized_full,0.25217391304347825,0.25034964368963547,0.0980392156862745
39,1,6,115,mlp,optimized_full,0.20869565217391303,0.20349650916877807,0.05251244907197827
39,3,18,115,svm,raw,0.3565217391304348,0.33381952186300007,0.22860768672951415
39,3,18,115,knn,raw,0.3130434782608696,0.2845359235275979,0.17394071649390808
39,3,18,115,rf,raw,0.41739130434782606,0.4016979279232689,0.2992906511458713
39,3,18,115,mlp,raw,0.3739130434782609,0.3382370897076779,0.24938808811531143
39,3,18,115,svm,raw_pca17,0.5304347826086957,0.5276355118516135,0.4389230213227322
39,3,18,115,knn,raw_pca17,0.6,0.5992824425969024,0.5197021972035591
39,3,18,115,rf,raw_pca17,0.4782608695652174,0.4795298956289669,0.375
39,3,18,115,mlp,raw_pca17,0.5478260869565217,0.5567441943078616,0.45700535730500313
39,3,18,115,svm,corrected,0.7304347826086957,0.735564112852051,0.6762916553164442
39,3,18,115,knn,corrected,0.7739130434782608,0.7781741576522648,0.7279839883551674
39,3,18,115,rf,corrected,0.7391304347826086,0.7360632669143308,0.6865061335756475
39,3,18,115,mlp,corrected,0.6869565217391305,0.6834890934582081,0.6239098837209303
39,3,18,115,svm,optimized_action,0.6869565217391305,0.6891137418013118,0.624625986036812
39,3,18,115,knn,optimized_action,0.7565217391304347,0.7639729651393559,0.7076182693180786
39,3,18,115,rf,optimized_action,0.7217391304347827,0.7203288896970421,0.6660617059891107
39,3,18,115,mlp,optimized_action,0.6608695652173913,0.6471337627705449,0.5932341737710864
39,3,18,115,svm,optimized_full,0.3565217391304348,0.36099463863093706,0.2286776035529775
39,3,18,115,knn,optimized_full,0.40869565217391307,0.4224485568841055,0.2903811252268603
39,3,18,115,rf,optimized_full,0.45217391304347826,0.47756145707601116,0.3405243036592026
39,3,18,115,mlp,optimized_full,0.3826086956521739,0.38580628290212354,0.26008155867693694
39,5,30,115,svm,raw,0.3826086956521739,0.3852840585577158,0.259679028017046
39,5,30,115,knn,raw,0.3217391304347826,0.3133142966290908,0.18536009445100354
39,5,30,115,rf,raw,0.48695652173913045,0.4786365863927937,0.38368607502952135
39,5,30,115,mlp,raw,0.34782608695652173,0.33949248583394925,0.21740313946102896
39,5,30,115,svm,raw_pca17,0.7043478260869566,0.728980278980279,0.6455122393472348
39,5,30,115,knn,raw_pca17,0.7391304347826086,0.7414544245700329,0.6867907399001362
39,5,30,115,rf,raw_pca17,0.7217391304347827,0.7235560787031375,0.6661525900390094
39,5,30,115,mlp,raw_pca17,0.7391304347826086,0.7378406277315136,0.6870748299319728
39,5,30,115,svm,corrected,0.7739130434782608,0.7900792477998361,0.7287243694429324
39,5,30,115,knn,corrected,0.7652173913043478,0.7666703436921666,0.7183417997097242
39,5,30,115,rf,corrected,0.8956521739130435,0.896900520033935,0.8747390396659708
39,5,30,115,mlp,corrected,0.8260869565217391,0.8307386683763672,0.7912127814088599
39,5,30,115,svm,optimized_action,0.8,0.8076376004947433,0.7596983737621513
39,5,30,115,knn,optimized_action,0.8,0.8024264142685196,0.7601994560290118
39,5,30,115,rf,optimized_action,0.8608695652173913,0.86133422259344,0.8330460030850195
39,5,30,115,mlp,optimized_action,0.8,0.801504107717658,0.7599382828099474
39,5,30,115,svm,optimized_full,0.5304347826086957,0.5173094144713927,0.4337041765456866
39,5,30,115,knn,optimized_full,0.5043478260869565,0.5026109549365363,0.4051184317996188
39,5,30,115,rf,optimized_full,0.6869565217391305,0.6816215839912924,0.6236363636363638
39,5,30,115,mlp,optimized_full,0.5043478260869565,0.512487266083984,0.40387413604947253
39,10,60,115,svm,raw,0.5304347826086957,0.5425420168067226,0.4357110404361655
39,10,60,115,knn,raw,0.46956521739130436,0.4623737217894465,0.3633723568381886
39,10,60,115,rf,raw,0.6347826086956522,0.6379163349968463,0.5613477431659251
39,10,60,115,mlp,raw,0.6086956521739131,0.6179786444492327,0.5291173794358508
39,10,60,115,svm,raw_pca17,0.8,0.8058873588285355,0.7601994560290117
39,10,60,115,knn,raw_pca17,0.7739130434782608,0.7748230358586895,0.7285766158315178
39,10,60,115,rf,raw_pca17,0.8782608695652174,0.8797983255300328,0.8539417581420665
39,10,60,115,mlp,raw_pca17,0.7739130434782608,0.7817435102791799,0.7282559302008542
39,10,60,115,svm,corrected,0.8521739130434782,0.8559975480707188,0.8227078987938696
39,10,60,115,knn,corrected,0.8608695652173913,0.8658513376598483,0.8327272727272728
39,10,60,115,rf,corrected,0.9130434782608695,0.9134430713378082,0.8955779533278853
39,10,60,115,mlp,corrected,0.8782608695652174,0.8815373815373816,0.8537958590628405
39,10,60,115,svm,optimized_action,0.8782608695652174,0.8802327823135657,0.8538489469862018
39,10,60,115,knn,optimized_action,0.8608695652173913,0.865494840005244,0.8329247253246164
39,10,60,115,rf,optimized_action,0.9391304347826087,0.9398905669765747,0.9269642533115587
39,10,60,115,mlp,optimized_action,0.8782608695652174,0.8807597182883224,0.8537161548246411
39,10,60,115,svm,optimized_full,0.6782608695652174,0.690537563392752,0.6129355044118985
39,10,60,115,knn,optimized_full,0.5826086956521739,0.5799123863419349,0.50013583265417
39,10,60,115,rf,optimized_full,0.7391304347826086,0.7332210860043616,0.6863921461685302
39,10,60,115,mlp,optimized_full,0.6695652173913044,0.6773096541517595,0.6025466120964074
40,1,6,115,svm,raw,0.2956521739130435,0.2524105243018359,0.1571661237785016
40,1,6,115,knn,raw,0.2956521739130435,0.2524105243018359,0.1571661237785016
40,1,6,115,rf,raw,0.30434782608695654,0.2623473754793168,0.1686246159407192
40,1,6,115,mlp,raw,0.30434782608695654,0.25978714572253164,0.16719471349687698
40,1,6,115,svm,raw_pca17,0.41739130434782606,0.42019116193281203,0.30037228729683085
40,1,6,115,knn,raw_pca17,0.41739130434782606,0.42019116193281203,0.30037228729683085
40,1,6,115,rf,raw_pca17,0.3739130434782609,0.3660429635917751,0.24972816237767315
40,1,6,115,mlp,raw_pca17,0.3391304347826087,0.349248000990196,0.20603197674418605
40,1,6,115,svm,corrected,0.5826086956521739,0.5735253925660903,0.5007687437822195
40,1,6,115,knn,corrected,0.5826086956521739,0.5735253925660903,0.5007687437822195
40,1,6,115,rf,corrected,0.6,0.5858195318060285,0.5216565693100642
40,1,6,115,mlp,corrected,0.5826086956521739,0.5903099087951463,0.49954669084315506
40,1,6,115,svm,optimized_action,0.5565217391304348,0.5530660116025969,0.4687018751698523
40,1,6,115,knn,optimized_action,0.5565217391304348,0.5530660116025969,0.4687018751698523
40,1,6,115,rf,optimized_action,0.5478260869565217,0.5434298163709929,0.4583823928991939
40,1,6,115,mlp,optimized_action,0.5304347826086957,0.5468041542602946,0.43565976008724105
40,1,6,115,svm,optimized_full,0.4,0.39512704842298113,0.28313307435179325
40,1,6,115,knn,optimized_full,0.3826086956521739,0.37533698185872094,0.26215434664738846
40,1,6,115,rf,optimized_full,0.3565217391304348,0.33546354068191847,0.23056057866184454
40,1,6,115,mlp,optimized_full,0.34782608695652173,0.35037895037895034,0.21945701357466074
40,3,18,115,svm,raw,0.4782608695652174,0.47166116226424787,0.37539603512265785
40,3,18,115,knn,raw,0.4,0.4021442495126706,0.28033738436423006
40,3,18,115,rf,raw,0.43478260869565216,0.4384210610625705,0.3220569562851443
40,3,18,115,mlp,raw,0.45217391304347826,0.46092822445933684,0.3436310925892373
40,3,18,115,svm,raw_pca17,0.6869565217391305,0.6827487431922915,0.6244897959183673
40,3,18,115,knn,raw_pca17,0.5652173913043478,0.5781361193125899,0.4779371708734338
40,3,18,115,rf,raw_pca17,0.6521739130434783,0.6527055283557731,0.5827285921625545
40,3,18,115,mlp,raw_pca17,0.6695652173913044,0.6672785235604296,0.6035562006713237
40,3,18,115,svm,corrected,0.7565217391304347,0.7546992481203008,0.7080689029918403
40,3,18,115,knn,corrected,0.6695652173913044,0.6770916460220365,0.6038796229151558
40,3,18,115,rf,corrected,0.7652173913043478,0.7625693362535468,0.7186480608916275
40,3,18,115,mlp,corrected,0.7391304347826086,0.736227000427899,0.6871883216973433
40,3,18,115,svm,optimized_action,0.7391304347826086,0.7381187062108115,0.6873017311701259
40,3,18,115,knn,optimized_action,0.6521739130434783,0.6621335689756743,0.5831445400996829
40,3,18,115,rf,optimized_action,0.7391304347826086,0.7425308442638353,0.6873017311701259
40,3,18,115,mlp,optimized_action,0.6869565217391305,0.6923487271313359,0.6248640811888366
40,3,18,115,svm,optimized_full,0.45217391304347826,0.4615939005153972,0.3408243107997452
40,3,18,115,knn,optimized_full,0.34782608695652173,0.3318592262382562,0.21697684975034026
40,3,18,115,rf,optimized_full,0.4608695652173913,0.4596230248404161,0.3511103021477977
40,3,18,115,mlp,optimized_full,0.5043478260869565,0.4993582273564033,0.4049564270152505
40,5,30,115,svm,raw,0.5304347826086957,0.5433329057617482,0.4323064265472164
40,5,30,115,knn,raw,0.40869565217391307,0.39099222078018253,0.288055353241078
40,5,30,115,rf,raw,0.5304347826086957,0.5315062680647981,0.4338074398249452
40,5,30,115,mlp,raw,0.4956521739130435,0.5029976326418178,0.391145595618439
40,5,30,115,svm,raw_pca17,0.7478260869565218,0.7292479206895685,0.6967078937795562
40,5,30,115,knn,raw_pca17,0.7478260869565218,0.7505116914776556,0.6960721771621252
40,5,30,115,rf,raw_pca17,0.782608695652174,0.7869673736312107,0.7384223455554545
40,5,30,115,mlp,raw_pca17,0.7130434782608696,0.7136139368595509,0.6541826134499727
40,5,30,115,svm,corrected,0.8,0.804849141691247,0.7602646605637633
40,5,30,115,knn,corrected,0.808695652173913,0.8067734714076177,0.7704590818363273
40,5,30,115,rf,corrected,0.8347826086956521,0.8369331448278817,0.8017421286634606
40,5,30,115,mlp,corrected,0.808695652173913,0.8096920112003553,0.7707918101105273
40,5,30,115,svm,optimized_action,0.7565217391304347,0.7584888343762272,0.7082540545438072
40,5,30,115,knn,optimized_action,0.7652173913043478,0.7694242540789856,0.7183417997097243
40,5,30,115,rf,optimized_action,0.8260869565217391,0.8258533837481205,0.7913642960812772
40,5,30,115,mlp,optimized_action,0.7739130434782608,0.7749025341130604,0.728921124206709
40,5,30,115,svm,optimized_full,0.5739130434782609,0.5636846880146588,0.4884248751702224
40,5,30,115,knn,optimized_full,0.5043478260869565,0.49963244476375285,0.40625
40,5,30,115,rf,optimized_full,0.5826086956521739,0.5758171889170342,0.49827304126522454
40,5,30,115,mlp,optimized_full,0.5826086956521739,0.5745210727969348,0.49886518384021783
40,10,60,115,svm,raw,0.6173913043478261,0.6245773281268997,0.5411679361624955
40,10,60,115,knn,raw,0.4782608695652174,0.4814663470269877,0.3728413015815306
40,10,60,115,rf,raw,0.6347826086956522,0.6380607330882949,0.5619047619047619
40,10,60,115,mlp,raw,0.6,0.6132513987507148,0.5193530801381065
40,10,60,115,svm,raw_pca17,0.7391304347826086,0.7433748527055389,0.6869612557844116
40,10,60,115,knn,raw_pca17,0.6956521739130435,0.6933169109639699,0.6333576243395883
40,10,60,115,rf,raw_pca17,0.8173913043478261,0.826207452678041,0.7806340267054228
40,10,60,115,mlp,raw_pca17,0.7739130434782608,0.7777596539971001,0.7280829392506365
40,10,60,115,svm,corrected,0.8347826086956521,0.8375923783818521,0.801814058956916
40,10,60,115,knn,corrected,0.808695652173913,0.8118198955408258,0.7702714973213476
40,10,60,115,rf,corrected,0.8260869565217391,0.8275467775467776,0.7913264380330249
40,10,60,115,mlp,corrected,0.8,0.8006773782768647,0.7600689404934688
40,10,60,115,svm,optimized_action,0.7913043478260869,0.7924769911612017,0.7499320467518348
40,10,60,115,knn,optimized_action,0.8,0.8002030370451423,0.7601559666303953
40,10,60,115,rf,optimized_action,0.8347826086956521,0.834296427197284,0.801598111322982
40,10,60,115,mlp,optimized_action,0.7913043478260869,0.7938549539222733,0.7494098420192482
40,10,60,115,svm,optimized_full,0.6086956521739131,0.5987118286257452,0.5304844855743058
40,10,60,115,knn,optimized_full,0.5304347826086957,0.5241316810724256,0.4364279880206915
40,10,60,115,rf,optimized_full,0.591304347826087,0.584903804121652,0.5094836192031944
40,10,60,115,mlp,optimized_full,0.6434782608695652,0.6382302892796371,0.5728392824787099
41,1,6,115,svm,raw,0.1826086956521739,0.16594174982106016,0.015034168564920347
41,1,6,115,knn,raw,0.1826086956521739,0.16594174982106016,0.015034168564920347
41,1,6,115,rf,raw,0.20869565217391303,0.19612032412754143,0.04559963520291843
41,1,6,115,mlp,raw,0.2,0.1884063977894681,0.039578794480755186
41,1,6,115,svm,raw_pca17,0.3391304347826087,0.32667838505012087,0.20473157415832555
41,1,6,115,knn,raw_pca17,0.3391304347826087,0.32667838505012087,0.20473157415832555
41,1,6,115,rf,raw_pca17,0.26956521739130435,0.2636016529422624,0.11909538573773493
41,1,6,115,mlp,raw_pca17,0.3217391304347826,0.3192767064394169,0.18216630196936534
41,1,6,115,svm,corrected,0.5217391304347826,0.5045144594324923,0.42300675059295745
41,1,6,115,knn,corrected,0.5217391304347826,0.5045144594324923,0.42300675059295745
41,1,6,115,rf,corrected,0.5130434782608696,0.5039404065719855,0.4116572263840672
41,1,6,115,mlp,corrected,0.4956521739130435,0.49741019214703425,0.394572025052192
41,1,6,115,svm,optimized_action,0.4782608695652174,0.4800633394383394,0.36969032611674435
41,1,6,115,knn,optimized_action,0.4782608695652174,0.4800633394383394,0.36969032611674435
41,1,6,115,rf,optimized_action,0.4782608695652174,0.46067730823828384,0.3697478991596639
41,1,6,115,mlp,optimized_action,0.45217391304347826,0.46949226845209635,0.3404642694583524
41,1,6,115,svm,optimized_full,0.3739130434782609,0.36572193385235546,0.24897959183673468
41,1,6,115,knn,optimized_full,0.3652173913043478,0.35967688239924217,0.2378574670903314
41,1,6,115,rf,optimized_full,0.3652173913043478,0.35973421827080365,0.2386178124433158
41,1,6,115,mlp,optimized_full,0.2956521739130435,0.2869082940925461,0.15402779039142678
41,3,18,115,svm,raw,0.391304347826087,0.38600886748461566,0.27182270465852565
41,3,18,115,knn,raw,0.3826086956521739,0.37607126848612915,0.2576597872533867
41,3,18,115,rf,raw,0.41739130434782606,0.4205486296259724,0.30113378684807246
41,3,18,115,mlp,raw,0.34782608695652173,0.3506383803157997,0.2188915051621083
41,3,18,115,svm,raw_pca17,0.5739130434782609,0.5611058463288734,0.4897681999275625
41,3,18,115,knn,raw_pca17,0.5391304347826087,0.5525876190012812,0.44525348138709386
41,3,18,115,rf,raw_pca17,0.6608695652173913,0.6645775231141086,0.593049632519735
41,3,18,115,mlp,raw_pca17,0.6,0.6003618888044943,0.5194404069767441
41,3,18,115,svm,corrected,0.6434782608695652,0.6415921012469411,0.5730713509597971
41,3,18,115,knn,corrected,0.7043478260869566,0.7009319198173687,0.6455765047135605
41,3,18,115,rf,corrected,0.6782608695652174,0.6655383197049863,0.6141989300933901
41,3,18,115,mlp,corrected,0.6695652173913044,0.6549668585382871,0.6037359448676096
41,3,18,115,svm,optimized_action,0.6608695652173913,0.6652837376983692,0.5938235826842964
41,3,18,115,knn,optimized_action,0.6869565217391305,0.6847127613488619,0.6242171189979123
41,3,18,115,rf,optimized_action,0.6782608695652174,0.6683337377032239,0.6140589569160997
41,3,18,115,mlp,optimized_action,0.6695652173913044,0.662705905860902,0.6036281179138323
41,3,18,115,svm,optimized_full,0.4782608695652174,0.48358248378768215,0.3734677199673113
41,3,18,115,knn,optimized_full,0.4608695652173913,0.4586285976378856,0.35228924418604657
41,3,18,115,rf,optimized_full,0.5217391304347826,0.5063732563732563,0.42369020501138965
41,3,18,115,mlp,optimized_full,0.43478260869565216,0.43057814662228916,0.32137993645029506
41,5,30,115,svm,raw,0.4956521739130435,0.5002095943272414,0.39665309814563543
41,5,30,115,knn,raw,0.4434782608695652,0.43538613660564884,0.33260790714544797
41,5,30,115,rf,raw,0.5739130434782609,0.5741100267416057,0.48930578212796816
41,5,30,115,mlp,raw,0.4956521739130435,0.4888676582618361,0.3969258589511754
41,5,30,115,svm,raw_pca17,0.6956521739130435,0.7017902032607916,0.6357795674599585
41,5,30,115,knn,raw_pca17,0.6956521739130435,0.703108003108003,0.6349206349206349
41,5,30,115,rf,raw_pca17,0.7913043478260869,0.786592329239388,0.7501357957631722
41,5,30,115,mlp,raw_pca17,0.7217391304347827,0.7259819419639703,0.666092006170039
41,5,30,115,svm,corrected,0.7478260869565218,0.7499563464098348,0.697998732228561
41,5,30,115,knn,corrected,0.7478260869565218,0.7447682645051067,0.6979440268091658
41,5,30,115,rf,corrected,0.8347826086956521,0.8326407106592866,0.8021729289271164
41,5,30,115,mlp,corrected,0.7652173913043478,0.7672593183086661,0.7186480608916275
41,5,30,115,svm,optimized_action,0.7304347826086957,0.7355678211390152,0.6772879514800398
41,5,30,115,knn,optimized_action,0.782608695652174,0.7794338488497669,0.739606919663074
41,5,30,115,rf,optimized_action,0.808695652173913,0.8066732274049349,0.7708333333333334
41,5,30,115,mlp,optimized_action,0.7478260869565218,0.7507329744171849,0.69777979157227
41,5,30,115,svm,optimized_full,0.6434782608695652,0.6525338228743801,0.5722580059874807
41,5,30,115,knn,optimized_full,0.5565217391304348,0.551550107147405,0.4690866298542591
41,5,30,115,rf,optimized_full,0.6608695652173913,0.6509724113592912,0.5933079434167574
41,5,30,115,mlp,optimized_full,0.6347826086956522,0.6389535408623426,0.5621430514005983
41,10,60,115,svm,raw,0.6,0.6130834090392915,0.5205727750589089
41,10,60,115,knn,raw,0.4782608695652174,0.47340318240394513,0.3743766433946868
41,10,60,115,rf,raw,0.6347826086956522,0.636520651569951,0.5615866388308977
41,10,60,115,mlp,raw,0.5826086956521739,0.5875000832161175,0.4995013147157493
41,10,60,115,svm,raw_pca17,0.8347826086956521,0.8360693032031704,0.8019936565473493
41,10,60,115,knn,raw_pca17,0.7565217391304347,0.765345436970151,0.7082276187024283
41,10,60,115,rf,raw_pca17,0.8260869565217391,0.8276949474582187,0.7914777878513146
41,10,60,115,mlp,raw_pca17,0.8260869565217391,0.8273586874566066,0.7916666666666667
41,10,60,115,svm,corrected,0.8521739130434782,0.8523063370891449,0.8229327053708904
41,10,60,115,knn,corrected,0.7913043478260869,0.78995148995149,0.7499093874592244
41,10,60,115,rf,corrected,0.8608695652173913,0.8619733022172046,0.8332729249728162
41,10,60,115,mlp,corrected,0.8434782608695652,0.8482420308507265,0.8123300090661831
41,10,60,115,svm,optimized_action,0.8434782608695652,0.8478638201815846,0.8123300090661831
41,10,60,115,knn,optimized_action,0.7652173913043478,0.7620971099469173,0.7186735525958141
41,10,60,115,rf,optimized_action,0.8956521739130435,0.8968444007917693,0.8749206924680504
41,10,60,115,mlp,optimized_action,0.8347826086956521,0.8389441882673747,0.8017960812772134
41,10,60,115,svm,optimized_full,0.7391304347826086,0.7406193574990972,0.6873300706905927
41,10,60,115,knn,optimized_full,0.6,0.6018284009298129,0.5205727750589088
41,10,60,115,rf,optimized_full,0.7217391304347827,0.7228633452983657,0.6667572217694467
41,10,60,115,mlp,optimized_full,0.7478260869565218,0.7492877492877493,0.697423335147886
42,1,6,115,svm,raw,0.26956521739130435,0.21272023302074453,0.12181818181818171
42,1,6,115,knn,raw,0.26956521739130435,0.21272023302074453,0.12181818181818171
42,1,6,115,rf,raw,0.20869565217391303,0.16715782425459846,0.04958677685950408
42,1,6,115,mlp,raw,0.2782608695652174,0.21077934719987287,0.12695509009421013
42,1,6,115,svm,raw_pca17,0.391304347826087,0.34562499070728697,0.2714932126696832
42,1,6,115,knn,raw_pca17,0.391304347826087,0.34562499070728697,0.2714932126696832
42,1,6,115,rf,raw_pca17,0.33043478260869563,0.2859609705539938,0.20059582919563057
42,1,6,115,mlp,raw_pca17,0.25217391304347825,0.23936693585816393,0.10546309696092626
42,1,6,115,svm,corrected,0.5130434782608696,0.5137886483115032,0.41491777959480325
42,1,6,115,knn,corrected,0.5130434782608696,0.5137886483115032,0.41491777959480325
42,1,6,115,rf,corrected,0.5391304347826087,0.5299956117087183,0.44575793398199515
42,1,6,115,mlp,corrected,0.4260869565217391,0.4224399946203854,0.30930930930930933
42,1,6,115,svm,optimized_action,0.40869565217391307,0.3988144250797878,0.2885087799108361
42,1,6,115,knn,optimized_action,0.40869565217391307,0.3988144250797878,0.2885087799108361
42,1,6,115,rf,optimized_action,0.46956521739130436,0.4472234590150881,0.36273619186046513
42,1,6,115,mlp,optimized_action,0.391304347826087,0.3707064364207222,0.2673825991991263
42,1,6,115,svm,optimized_full,0.30434782608695654,0.2670034431347353,0.1642441860465116
42,1,6,115,knn,optimized_full,0.30434782608695654,0.2670034431347353,0.1642441860465116
42,1,6,115,rf,optimized_full,0.23478260869565218,0.20229125566829675,0.08216941773988762
42,1,6,115,mlp,optimized_full,0.3130434782608696,0.28552440995541517,0.17469113372093026
42,3,18,115,svm,raw,0.3565217391304348,0.34022123366862767,0.22741715842033583
42,3,18,115,knn,raw,0.3217391304347826,0.2740578536138203,0.18602540834845716
42,3,18,115,rf,raw,0.43478260869565216,0.4259312621304206,0.321256696631254
42,3,18,115,mlp,raw,0.391304347826087,0.37136808513524516,0.2708993750566072
42,3,18,115,svm,raw_pca17,0.6173913043478261,0.6211042044375378,0.5389941690962099
42,3,18,115,knn,raw_pca17,0.46956521739130436,0.4429756853540369,0.3638342250838851
42,3,18,115,rf,raw_pca17,0.6434782608695652,0.6506918271624155,0.5709345709345709
42,3,18,115,mlp,raw_pca17,0.6,0.5984087421117137,0.5197893972403775
42,3,18,115,svm,corrected,0.8,0.8027863896284949,0.7592609447528899
42,3,18,115,knn,corrected,0.7043478260869566,0.6915160843732272,0.6457691610799059
42,3,18,115,rf,corrected,0.7913043478260869,0.7939059215288123,0.749204906860518
42,3,18,115,mlp,corrected,0.6956521739130435,0.6950097338401294,0.6344232515894641
42,3,18,115,svm,optimized_action,0.7652173913043478,0.7655194508576293,0.7177272727272728
42,3,18,115,knn,optimized_action,0.7130434782608696,0.7002333150788528,0.6563745019920318
42,3,18,115,rf,optimized_action,0.7565217391304347,0.7559953787140499,0.7073525402163046
42,3,18,115,mlp,optimized_action,0.7043478260869566,0.7013870971490999,0.6454157975877393
42,3,18,115,svm,optimized_full,0.43478260869565216,0.4377391059183458,0.3222413636775773
42,3,18,115,knn,optimized_full,0.3565217391304348,0.32397764123570577,0.23021257349615565
42,3,18,115,rf,optimized_full,0.48695652173913045,0.4617505834494901,0.3822270782117819
42,3,18,115,mlp,optimized_full,0.4260869565217391,0.401680445158706,0.3110647181628392
42,5,30,115,svm,raw,0.4434782608695652,0.42341410276847863,0.33145608138795546
42,5,30,115,knn,raw,0.391304347826087,0.34290339290339295,0.2708333333333335
42,5,30,115,rf,raw,0.5826086956521739,0.5862690249377241,0.499001633690325
42,5,30,115,mlp,raw,0.4434782608695652,0.4398899858338616,0.3329708174732645
42,5,30,115,svm,raw_pca17,0.7043478260869566,0.7110699757758581,0.6435083880379285
42,5,30,115,knn,raw_pca17,0.591304347826087,0.5825245937441059,0.5095726340622448
42,5,30,115,rf,raw_pca17,0.8,0.8042364267974024,0.7598074827460951
42,5,30,115,mlp,raw_pca17,0.7130434782608696,0.7139296376138482,0.6545603495357728
42,5,30,115,svm,corrected,0.8521739130434782,0.8559295967190704,0.8222242429753569
42,5,30,115,knn,corrected,0.782608695652174,0.7850857404048893,0.7394181093084383
42,5,30,115,rf,corrected,0.8434782608695652,0.8441541670039746,0.8120403159901934
42,5,30,115,mlp,corrected,0.8173913043478261,0.8179998064866486,0.7804944555535358
42,5,30,115,svm,optimized_action,0.8521739130434782,0.8538059350559352,0.8222404073467904
42,5,30,115,knn,optimized_action,0.7217391304347827,0.713399560561069,0.6666062692516761
42,5,30,115,rf,optimized_action,0.8695652173913043,0.8704695603925385,0.8435232220609579
42,5,30,115,mlp,optimized_action,0.782608695652174,0.7803689370485037,0.7385412877409967
42,5,30,115,svm,optimized_full,0.6173913043478261,0.618251966555254,0.5403760559542192
42,5,30,115,knn,optimized_full,0.46956521739130436,0.4336175412646001,0.3634878867616368
42,5,30,115,rf,optimized_full,0.6521739130434783,0.6447089947089947,0.5825392503856974
42,5,30,115,mlp,optimized_full,0.6173913043478261,0.5984480909435552,0.5404595404595405
42,10,60,115,svm,raw,0.6347826086956522,0.6357207381597626,0.5617059891107078
42,10,60,115,knn,raw,0.5130434782608696,0.49920060355589496,0.41566101079756823
42,10,60,115,rf,raw,0.7130434782608696,0.7159256109350335,0.6557510885341074
42,10,60,115,mlp,raw,0.591304347826087,0.5951607572999763,0.5092163806410606
42,10,60,115,svm,raw_pca17,0.8260869565217391,0.8363714363714364,0.7904328018223234
42,10,60,115,knn,raw_pca17,0.6695652173913044,0.6746338726013522,0.6018586005830904
42,10,60,115,rf,raw_pca17,0.9130434782608695,0.9200184347243171,0.8953213180411432
42,10,60,115,mlp,raw_pca17,0.8347826086956521,0.8394203450124502,0.8011105042781722
42,10,60,115,svm,corrected,0.8782608695652174,0.8794112044886039,0.8537161548246411
42,10,60,115,knn,corrected,0.8956521739130435,0.8931169431697404,0.8746821649110061
42,10,60,115,rf,corrected,0.8782608695652174,0.8804242934341198,0.8537294448987008
42,10,60,115,mlp,corrected,0.9043478260869565,0.9070336313757367,0.8849790871067467
42,10,60,115,svm,optimized_action,0.8782608695652174,0.8817240436435482,0.8537028623353021
42,10,60,115,knn,optimized_action,0.8695652173913043,0.8706809306564508,0.843395369950068
42,10,60,115,rf,optimized_action,0.8869565217391304,0.8877889167362852,0.8642020165319284
42,10,60,115,mlp,optimized_action,0.9043478260869565,0.9063517423929323,0.8850522489777374
42,10,60,115,svm,optimized_full,0.6695652173913044,0.6697640461222804,0.6025827573663151
42,10,60,115,knn,optimized_full,0.46956521739130436,0.44202385266548366,0.3631989832970225
42,10,60,115,rf,optimized_full,0.7217391304347827,0.7165667859216246,0.666092006170039
42,10,60,115,mlp,optimized_full,0.6956521739130435,0.6916236859845882,0.6340576416037822
43,1,6,115,svm,raw,0.28695652173913044,0.27565695174390825,0.14753209184595917
43,1,6,115,knn,raw,0.28695652173913044,0.27565695174390825,0.14753209184595917
43,1,6,115,rf,raw,0.2782608695652174,0.26261396941921394,0.13690207071163762
43,1,6,115,mlp,raw,0.3391304347826087,0.3350119067030832,0.20854840170243616
43,1,6,115,svm,raw_pca17,0.5478260869565217,0.5301739110562641,0.4591172214182343
43,1,6,115,knn,raw_pca17,0.5478260869565217,0.5301739110562641,0.4591172214182343
43,1,6,115,rf,raw_pca17,0.43478260869565216,0.41164922904607826,0.3242632435364311
43,1,6,115,mlp,raw_pca17,0.40869565217391307,0.41638017602929883,0.28747152619589966
43,1,6,115,svm,corrected,0.5304347826086957,0.5257837651999178,0.43760188371671804
43,1,6,115,knn,corrected,0.5304347826086957,0.5257837651999178,0.43760188371671804
43,1,6,115,rf,corrected,0.5130434782608696,0.5097957518336641,0.41619073520079775
43,1,6,115,mlp,corrected,0.391304347826087,0.39080179080179084,0.26984126984126977
43,1,6,115,svm,optimized_action,0.48695652173913045,0.48309272004924186,0.38463631416651556
43,1,6,115,knn,optimized_action,0.48695652173913045,0.48309272004924186,0.38463631416651556
43,1,6,115,rf,optimized_action,0.45217391304347826,0.41838531089065395,0.34392828035859824
43,1,6,115,mlp,optimized_action,0.3826086956521739,0.3454764288202749,0.2559686531802442
43,1,6,115,svm,optimized_full,0.3391304347826087,0.30903720230555615,0.20818988947273043
43,1,6,115,knn,optimized_full,0.3391304347826087,0.30903720230555615,0.20818988947273043
43,1,6,115,rf,optimized_full,0.3391304347826087,0.2992960841365097,0.20675258667634788
43,1,6,115,mlp,optimized_full,0.3217391304347826,0.28794604283481934,0.1862469382200852
43,3,18,115,svm,raw,0.3739130434782609,0.37819322555506596,0.24754634678298804
43,3,18,115,knn,raw,0.34782608695652173,0.3385557247897833,0.21832517672648188
43,3,18,115,rf,raw,0.4782608695652174,0.47242314891679354,0.3747168101495243
43,3,18,115,mlp,raw,0.4608695652173913,0.46243573232007135,0.3538740371545084
43,3,18,115,svm,raw_pca17,0.6173913043478261,0.6338509485568308,0.5394137993810304
43,3,18,115,knn,raw_pca17,0.5565217391304348,0.5503179009050686,0.4691827314689113
43,3,18,115,rf,raw_pca17,0.6608695652173913,0.6615125389046214,0.592975769126055
43,3,18,115,mlp,raw_pca17,0.6260869565217392,0.6159355101290586,0.5529337311273845
43,3,18,115,svm,corrected,0.7304347826086957,0.7335525800642081,0.676321045941529
43,3,18,115,knn,corrected,0.5391304347826087,0.5354015654349359,0.44861588565225263
43,3,18,115,rf,corrected,0.8,0.7948753514302295,0.7603732560246421
43,3,18,115,mlp,corrected,0.7043478260869566,0.7025906714572425,0.6453836386722294
43,3,18,115,svm,optimized_action,0.7043478260869566,0.7009413948428113,0.6450295052201543
43,3,18,115,knn,optimized_action,0.4782608695652174,0.4788406602960593,0.37562211564564296
43,3,18,115,rf,optimized_action,0.7913043478260869,0.7892860054624761,0.7497733454215776
43,3,18,115,mlp,optimized_action,0.6782608695652174,0.6739070105872332,0.613673506446341
43,3,18,115,svm,optimized_full,0.4434782608695652,0.44503113845219106,0.32926273580606935
43,3,18,115,knn,optimized_full,0.4434782608695652,0.44380408737417504,0.3332125385033521
43,3,18,115,rf,optimized_full,0.5652173913043478,0.5509596156996978,0.476892285298399
43,3,18,115,mlp,optimized_full,0.4956521739130435,0.48446935946935943,0.39490156944570454
43,5,30,115,svm,raw,0.46956521739130436,0.47501843580274955,0.3607035450651601
43,5,30,115,knn,raw,0.4608695652173913,0.44966329966329965,0.353932584269663
43,5,30,115,rf,raw,0.591304347826087,0.5807370084492726,0.5107268941794153
43,5,30,115,mlp,raw,0.5130434782608696,0.5213901914690329,0.4157140264924696
43,5,30,115,svm,raw_pca17,0.7130434782608696,0.7242226276475502,0.653835628933686
43,5,30,115,knn,raw_pca17,0.7391304347826086,0.7446226975638739,0.6869328493647913
43,5,30,115,rf,raw_pca17,0.782608695652174,0.778432414988479,0.7388974661701935
43,5,30,115,mlp,raw_pca17,0.7391304347826086,0.7411331428548071,0.686847599164927
43,5,30,115,svm,corrected,0.8260869565217391,0.82665867476149,0.7912127814088599
43,5,30,115,knn,corrected,0.7478260869565218,0.7480151769100244,0.6981627296587927
43,5,30,115,rf,corrected,0.8260869565217391,0.8234035291480734,0.7913642960812772
43,5,30,115,mlp,corrected,0.7913043478260869,0.7910293897136002,0.7495008168451625
43,5,30,115,svm,optimized_action,0.8173913043478261,0.8184152672241157,0.7810913705583756
43,5,30,115,knn,optimized_action,0.7391304347826086,0.7412539325039326,0.6876980175613289
43,5,30,115,rf,optimized_action,0.8347826086956521,0.8332009060507134,0.802065404475043
43,5,30,115,mlp,optimized_action,0.8,0.8004070004070005,0.7600689404934688
43,5,30,115,svm,optimized_full,0.5478260869565217,0.5530689964157706,0.4541305340027385
43,5,30,115,knn,optimized_full,0.4782608695652174,0.47819170574588526,0.37403610632314244
43,5,30,115,rf,optimized_full,0.6173913043478261,0.5884006960346697,0.5407098121085595
43,5,30,115,mlp,optimized_full,0.5826086956521739,0.5654756632200241,0.4980905619203492
43,10,60,115,svm,raw,0.6173913043478261,0.6137139278056086,0.5377729058189458
43,10,60,115,knn,raw,0.5217391304347826,0.5215310442612233,0.4247385175079581
43,10,60,115,rf,raw,0.7043478260869566,0.7033729516159793,0.6446100708962007
43,10,60,115,mlp,raw,0.591304347826087,0.5827813243421229,0.5074273216075822
43,10,60,115,svm,raw_pca17,0.8173913043478261,0.8279953066137278,0.7797336738416636
43,10,60,115,knn,raw_pca17,0.7913043478260869,0.7961265858324681,0.7493415675233857
43,10,60,115,rf,raw_pca17,0.8434782608695652,0.8428992868017259,0.811886586695747
43,10,60,115,mlp,raw_pca17,0.8695652173913043,0.8703808499204918,0.8431960730842651
43,10,60,115,svm,corrected,0.8434782608695652,0.8453357071778124,0.811869490139053
43,10,60,115,knn,corrected,0.7913043478260869,0.7923064688148128,0.75
43,10,60,115,rf,corrected,0.9304347826086956,0.930260613859145,0.9164547766073374
43,10,60,115,mlp,corrected,0.8782608695652174,0.87837893101051,0.8537560178036152
43,10,60,115,svm,optimized_action,0.8608695652173913,0.8623775786819264,0.8327272727272728
43,10,60,115,knn,optimized_action,0.7304347826086957,0.7335773621487908,0.6771710585891515
43,10,60,115,rf,optimized_action,0.8956521739130435,0.895623674571043,0.8748072212646285
43,10,60,115,mlp,optimized_action,0.8782608695652174,0.87994513568968,0.8538091346590393
43,10,60,115,svm,optimized_full,0.6086956521739131,0.614671583206066,0.5280868137880722
43,10,60,115,knn,optimized_full,0.5043478260869565,0.4968076548949462,0.4055500136029746
43,10,60,115,rf,optimized_full,0.7130434782608696,0.7151977314051617,0.6546546546546548
43,10,60,115,mlp,optimized_full,0.6,0.5922178791556603,0.5186533212010918
44,1,6,115,svm,raw,0.24347826086956523,0.2267069853120578,0.09807987018840714
44,1,6,115,knn,raw,0.24347826086956523,0.2267069853120578,0.09807987018840714
44,1,6,115,rf,raw,0.25217391304347825,0.2324099485879061,0.10481535119478635
44,1,6,115,mlp,raw,0.23478260869565218,0.20959595959595959,0.0859826589595376
44,1,6,115,svm,raw_pca17,0.41739130434782606,0.3746993465871315,0.30208333333333337
44,1,6,115,knn,raw_pca17,0.41739130434782606,0.3746993465871315,0.30208333333333337
44,1,6,115,rf,raw_pca17,0.3217391304347826,0.2658548017330147,0.18838219326818684
44,1,6,115,mlp,raw_pca17,0.4434782608695652,0.4181818181818182,0.33423790140208043
44,1,6,115,svm,corrected,0.4782608695652174,0.41858843210911084,0.37635574837310193
44,1,6,115,knn,corrected,0.4782608695652174,0.41858843210911084,0.37635574837310193
44,1,6,115,rf,corrected,0.5652173913043478,0.5390955449778979,0.47874172785785507
44,1,6,115,mlp,corrected,0.43478260869565216,0.3810000901111672,0.323835368611488
44,1,6,115,svm,optimized_action,0.4956521739130435,0.4343707419794376,0.3969803815206583
44,1,6,115,knn,optimized_action,0.4956521739130435,0.4343707419794376,0.3969803815206583
44,1,6,115,rf,optimized_action,0.5130434782608696,0.48829423944504674,0.4167195000452857
44,1,6,115,mlp,optimized_action,0.4260869565217391,0.370448344091145,0.3133707255292202
44,1,6,115,svm,optimized_full,0.2608695652173913,0.2060935001863272,0.10386872020535365
44,1,6,115,knn,optimized_full,0.2608695652173913,0.2060935001863272,0.10386872020535365
44,1,6,115,rf,optimized_full,0.24347826086956523,0.21318903318903318,0.09432425092785379
44,1,6,115,mlp,optimized_full,0.3130434782608696,0.2823199823199823,0.16864934114202057
44,3,18,115,svm,raw,0.40869565217391307,0.41083295316428114,0.2890909090909093
44,3,18,115,knn,raw,0.3739130434782609,0.367188009123493,0.2502716407098877
44,3,18,115,rf,raw,0.4434782608695652,0.4460139664092566,0.32858967341725964
44,3,18,115,mlp,raw,0.391304347826087,0.3866610977532246,0.27037070606362745
44,3,18,115,svm,raw_pca17,0.6260869565217392,0.6588641908376255,0.5491429613420862
44,3,18,115,knn,raw_pca17,0.6434782608695652,0.6291245613826258,0.5732645488279482
44,3,18,115,rf,raw_pca17,0.6434782608695652,0.6478354978354978,0.5723356009070295
44,3,18,115,mlp,raw_pca17,0.7304347826086957,0.724420521811333,0.6772295156179267
44,3,18,115,svm,corrected,0.7478260869565218,0.7559223184223184,0.6971485652015983
44,3,18,115,knn,corrected,0.6869565217391305,0.6501978633974471,0.6262525954680871
44,3,18,115,rf,corrected,0.8521739130434782,0.8500921790395476,0.823012855332247
44,3,18,115,mlp,corrected,0.7304347826086957,0.7273905202697772,0.6772002897500906
44,3,18,115,svm,optimized_action,0.6956521739130435,0.7111324869933191,0.6341574259225595
44,3,18,115,knn,optimized_action,0.6260869565217392,0.5988749120637665,0.5531761091533387
44,3,18,115,rf,optimized_action,0.7304347826086957,0.7311730752907225,0.6769955603877864
44,3,18,115,mlp,optimized_action,0.6086956521739131,0.5994868952186025,0.5315470263419932
44,3,18,115,svm,optimized_full,0.3565217391304348,0.34452333177823374,0.23056057866184454
44,3,18,115,knn,optimized_full,0.23478260869565218,0.18804755100420736,0.08565233104445258
44,3,18,115,rf,optimized_full,0.34782608695652173,0.35882208678261307,0.21797080424335835
44,3,18,115,mlp,optimized_full,0.3826086956521739,0.37301497450089355,0.26095220854453294
44,5,30,115,svm,raw,0.4434782608695652,0.4591662917978707,0.32883457960970286
44,5,30,115,knn,raw,0.3826086956521739,0.3864760494254258,0.2597461468721668
44,5,30,115,rf,raw,0.5565217391304348,0.5669329237071172,0.4657983422898261
44,5,30,115,mlp,raw,0.43478260869565216,0.4378736758633072,0.32045454545454555
44,5,30,115,svm,raw_pca17,0.6695652173913044,0.6947733918128655,0.5996335318369217
44,5,30,115,knn,raw_pca17,0.6782608695652174,0.6799507824217126,0.6134278186608522
44,5,30,115,rf,raw_pca17,0.7565217391304347,0.7540528915528916,0.7073791348600509
44,5,30,115,mlp,raw_pca17,0.7391304347826086,0.7443414935153724,0.6865061335756475
44,5,30,115,svm,corrected,0.7913043478260869,0.8026664938874242,0.7487482931269913
44,5,30,115,knn,corrected,0.7565217391304347,0.7439146845321664,0.7087554269175108
44,5,30,115,rf,corrected,0.8695652173913043,0.8716452716452717,0.8435374149659864
44,5,30,115,mlp,corrected,0.8173913043478261,0.8208427155795577,0.7809921102747801
44,5,30,115,svm,optimized_action,0.7478260869565218,0.7605641767086779,0.6965423111919928
44,5,30,115,knn,optimized_action,0.7391304347826086,0.7275030872797635,0.6878957843314637
44,5,30,115,rf,optimized_action,0.8521739130434782,0.8545481350434913,0.8226435634582238
44,5,30,115,mlp,optimized_action,0.7913043478260869,0.7957357564915704,0.7492960305204832
44,5,30,115,svm,optimized_full,0.4434782608695652,0.4381175755788758,0.33284989122552555
44,5,30,115,knn,optimized_full,0.4,0.392738597556183,0.2822901591895802
44,5,30,115,rf,optimized_full,0.5478260869565217,0.5470386775918751,0.4579896673615518
44,5,30,115,mlp,optimized_full,0.4434782608695652,0.436399488024875,0.33357479174212246
44,10,60,115,svm,raw,0.6260869565217392,0.6445562685135674,0.5493484006197029
44,10,60,115,knn,raw,0.5217391304347826,0.5146530925156786,0.4264599202031192
44,10,60,115,rf,raw,0.6695652173913044,0.6700042997216998,0.6039155261488263
44,10,60,115,mlp,raw,0.5826086956521739,0.5828488703970091,0.4994559303590861
44,10,60,115,svm,raw_pca17,0.7913043478260869,0.8129873286964151,0.7479682220801753
44,10,60,115,knn,raw_pca17,0.782608695652174,0.7803742998251008,0.7396305017207028
44,10,60,115,rf,raw_pca17,0.8260869565217391,0.8283477476241008,0.7910420641410012
44,10,60,115,mlp,raw_pca17,0.8347826086956521,0.8363061910094385,0.8013455768706246
44,10,60,115,svm,corrected,0.8956521739130435,0.8996408075355444,0.8744884038199181
44,10,60,115,knn,corrected,0.8260869565217391,0.8275132275132275,0.7915533804603951
44,10,60,115,rf,corrected,0.9391304347826087,0.9406714406714407,0.9268713662790697
44,10,60,115,mlp,corrected,0.9304347826086956,0.931642110589479,0.9164244186046512
44,10,60,115,svm,optimized_action,0.8695652173913043,0.8752158890975705,0.8431533006001091
44,10,60,115,knn,optimized_action,0.808695652173913,0.8026948684843421,0.7709992758870384
44,10,60,115,rf,optimized_action,0.8869565217391304,0.889599397025962,0.8641526578827805
44,10,60,115,mlp,optimized_action,0.8869565217391304,0.8894622934870613,0.8642143505903723
44,10,60,115,svm,optimized_full,0.6347826086956522,0.6412042242480965,0.5617059891107079
44,10,60,115,knn,optimized_full,0.591304347826087,0.5912124085121141,0.5105939876856211
44,10,60,115,rf,optimized_full,0.7391304347826086,0.7396505654973624,0.6870464441219157
44,10,60,115,mlp,optimized_full,0.6869565217391305,0.695634548575725,0.6242171189979123
45,1,6,115,svm,raw,0.26956521739130435,0.2310808409385259,0.12531691416153568
45,1,6,115,knn,raw,0.26956521739130435,0.2310808409385259,0.12531691416153568
45,1,6,115,rf,raw,0.28695652173913044,0.2605366676334418,0.14544630720434992
45,1,6,115,mlp,raw,0.24347826086956523,0.22075351213282246,0.0933393747168102
45,1,6,115,svm,raw_pca17,0.391304347826087,0.39201610673112314,0.26744926744926756
45,1,6,115,knn,raw_pca17,0.391304347826087,0.39201610673112314,0.26744926744926756
45,1,6,115,rf,raw_pca17,0.4260869565217391,0.40947723253757734,0.31312217194570136
45,1,6,115,mlp,raw_pca17,0.2956521739130435,0.294659278757823,0.15762344004340745
45,1,6,115,svm,corrected,0.5217391304347826,0.5154532121131719,0.4240575487160808
45,1,6,115,knn,corrected,0.5217391304347826,0.5154532121131719,0.4240575487160808
45,1,6,115,rf,corrected,0.591304347826087,0.5926884351258317,0.5090380597692796
45,1,6,115,mlp,corrected,0.4956521739130435,0.47719108404069205,0.39258719606593206
45,1,6,115,svm,optimized_action,0.45217391304347826,0.4375362941152415,0.34214110596567704
45,1,6,115,knn,optimized_action,0.45217391304347826,0.4375362941152415,0.34214110596567704
45,1,6,115,rf,optimized_action,0.5043478260869565,0.5106698615859658,0.4068946796959826
45,1,6,115,mlp,optimized_action,0.45217391304347826,0.4492242954529482,0.3413636363636364
45,1,6,115,svm,optimized_full,0.2956521739130435,0.25621881710243777,0.1563264197083597
45,1,6,115,knn,optimized_full,0.2956521739130435,0.25621881710243777,0.1563264197083597
45,1,6,115,rf,optimized_full,0.2,0.18730939267918023,0.04114555011781773
45,1,6,115,mlp,optimized_full,0.3217391304347826,0.29741175194401237,0.1858776547467781
45,3,18,115,svm,raw,0.3652173913043478,0.3406088754768574,0.2395144487725337
45,3,18,115,knn,raw,0.34782608695652173,0.3016952295147253,0.21782896526707163
45,3,18,115,rf,raw,0.40869565217391307,0.3682311119642589,0.28960755813953487
45,3,18,115,mlp,raw,0.3739130434782609,0.34358158468065586,0.24857065069425555
45,3,18,115,svm,raw_pca17,0.5478260869565217,0.5756998556998556,0.4571532316630357
45,3,18,115,knn,raw_pca17,0.43478260869565216,0.42291006331399483,0.321810923607331
45,3,18,115,rf,raw_pca17,0.4782608695652174,0.47026169454955064,0.37369519832985376
45,3,18,115,mlp,raw_pca17,0.46956521739130436,0.4697062797217563,0.36435302645886203
45,3,18,115,svm,corrected,0.8173913043478261,0.817356231631698,0.7811905409078554
45,3,18,115,knn,corrected,0.7130434782608696,0.7133499692323221,0.6551254089422027
45,3,18,115,rf,corrected,0.8434782608695652,0.8443099618966113,0.8123300090661831
45,3,18,115,mlp,corrected,0.7739130434782608,0.7780496670962925,0.7286751361161524
45,3,18,115,svm,optimized_action,0.7739130434782608,0.7746231145133416,0.7291666666666667
45,3,18,115,knn,optimized_action,0.6782608695652174,0.6565789473684212,0.6138137593029589
45,3,18,115,rf,optimized_action,0.782608695652174,0.7814726336465467,0.7395833333333334
45,3,18,115,mlp,optimized_action,0.7304347826086957,0.7338404838404838,0.6764091858037578
45,3,18,115,svm,optimized_full,0.3826086956521739,0.3774751487776442,0.2570518653321201
45,3,18,115,knn,optimized_full,0.3739130434782609,0.36789249209936736,0.24857065069425532
45,3,18,115,rf,optimized_full,0.3130434782608696,0.3144135738475361,0.17461615335695468
45,3,18,115,mlp,optimized_full,0.46956521739130436,0.47115628860239744,0.3615762650163815
45,5,30,115,svm,raw,0.4260869565217391,0.41019703198720076,0.3115021770682148
45,5,30,115,knn,raw,0.3565217391304348,0.33227003625242874,0.22776769509981865
45,5,30,115,rf,raw,0.41739130434782606,0.3957529158955122,0.30233611010503436
45,5,30,115,mlp,raw,0.46956521739130436,0.4521331868368487,0.3640072529465096
45,5,30,115,svm,raw_pca17,0.6956521739130435,0.7083544807682739,0.6354496875283036
45,5,30,115,knn,raw_pca17,0.5130434782608696,0.5251688190561495,0.4150772025431426
45,5,30,115,rf,raw_pca17,0.6434782608695652,0.6479010906255488,0.5725682168434412
45,5,30,115,mlp,raw_pca17,0.6434782608695652,0.6569772325077928,0.5722191979677009
45,5,30,115,svm,corrected,0.8,0.801140066608616,0.7601559666303953
45,5,30,115,knn,corrected,0.7565217391304347,0.7641883939426576,0.7078570132462348
45,5,30,115,rf,corrected,0.8782608695652174,0.8797547547547548,0.8539417581420665
45,5,30,115,mlp,corrected,0.7913043478260869,0.7927001437494914,0.7495462794918331
45,5,30,115,svm,optimized_action,0.808695652173913,0.8104566572651678,0.7704590818363273
45,5,30,115,knn,optimized_action,0.7043478260869566,0.7184102958210817,0.6454157975877391
45,5,30,115,rf,optimized_action,0.8608695652173913,0.8606240457029553,0.8330611504264198
45,5,30,115,mlp,optimized_action,0.7304347826086957,0.7360124770990645,0.6766146589259797
45,5,30,115,svm,optimized_full,0.5043478260869565,0.48247860270848775,0.4026246240772805
45,5,30,115,knn,optimized_full,0.3826086956521739,0.38475232558424416,0.25833409028976306
45,5,30,115,rf,optimized_full,0.4956521739130435,0.4895577782355114,0.39264250591877625
45,5,30,115,mlp,optimized_full,0.4956521739130435,0.4904775179980378,0.3927530954115076
45,10,60,115,svm,raw,0.6086956521739131,0.6150622074402562,0.5296737253476325
45,10,60,115,knn,raw,0.4434782608695652,0.44244958552157065,0.33309169989126497
45,10,60,115,rf,raw,0.6,0.6025702133260272,0.5200508074759571
45,10,60,115,mlp,raw,0.6086956521739131,0.6106022863885509,0.5296737253476325
45,10,60,115,svm,raw_pca17,0.7913043478260869,0.7909868862074744,0.7494325919201089
45,10,60,115,knn,raw_pca17,0.7478260869565218,0.7418505593505594,0.6980807532138331
45,10,60,115,rf,raw_pca17,0.8,0.795903045903046,0.7604383660900281
45,10,60,115,mlp,raw_pca17,0.8173913043478261,0.8177559282822441,0.7808728790490881
45,10,60,115,svm,corrected,0.8695652173913043,0.8763779763779763,0.8429676832043697
45,10,60,115,knn,corrected,0.8521739130434782,0.8570785939206992,0.8225308641975309
45,10,60,115,rf,corrected,0.8956521739130435,0.8965668425873817,0.8746707837616928
45,10,60,115,mlp,corrected,0.8956521739130435,0.8963348378266133,0.8746935439934622
45,10,60,115,svm,optimized_action,0.8521739130434782,0.8561982659351082,0.8221433770014557
45,10,60,115,knn,optimized_action,0.8,0.7972461977879934,0.7605034407823252
45,10,60,115,rf,optimized_action,0.8695652173913043,0.870575095543003,0.8434380105282265
45,10,60,115,mlp,optimized_action,0.8434782608695652,0.8439625348180811,0.812176753470647
45,10,60,115,svm,optimized_full,0.7217391304347827,0.7207213030564009,0.6658797893589976
45,10,60,115,knn,optimized_full,0.5826086956521739,0.5671613175704443,0.5004976925165143
45,10,60,115,rf,optimized_full,0.7130434782608696,0.7097421523892112,0.6558447447175115
45,10,60,115,mlp,optimized_full,0.7043478260869566,0.704189713081642,0.6452227565556664
46,1,6,115,svm,raw,0.25217391304347825,0.22925066368010616,0.09951743603751262
46,1,6,115,knn,raw,0.25217391304347825,0.22925066368010616,0.09951743603751262
46,1,6,115,rf,raw,0.33043478260869563,0.3077077486723571,0.1966796697813663
46,1,6,115,mlp,raw,0.2782608695652174,0.27266640506204937,0.1285492559116227
46,1,6,115,svm,raw_pca17,0.34782608695652173,0.3456071827664367,0.21761611030478967
46,1,6,115,knn,raw_pca17,0.34782608695652173,0.3456071827664367,0.21761611030478967
46,1,6,115,rf,raw_pca17,0.45217391304347826,0.4452344269771949,0.3445811470960739
46,1,6,115,mlp,raw_pca17,0.26956521739130435,0.2530481732240793,0.12325285895806859
46,1,6,115,svm,corrected,0.6347826086956522,0.6191530375591096,0.563172650809442
46,1,6,115,knn,corrected,0.6347826086956522,0.6191530375591096,0.563172650809442
46,1,6,115,rf,corrected,0.5739130434782609,0.536479846402327,0.4916095272464813
46,1,6,115,mlp,corrected,0.5478260869565217,0.5374644262389405,0.459654829673805
46,1,6,115,svm,optimized_action,0.5652173913043478,0.5481913635444403,0.48010849909584086
46,1,6,115,knn,optimized_action,0.5652173913043478,0.5481913635444403,0.48010849909584086
46,1,6,115,rf,optimized_action,0.5739130434782609,0.5535595803978156,0.49036809261101555
46,1,6,115,mlp,optimized_action,0.4782608695652174,0.4478054978054979,0.37641211025756893
46,1,6,115,svm,optimized_full,0.41739130434782606,0.41511368305688423,0.3012605423052508
46,1,6,115,knn,optimized_full,0.41739130434782606,0.41511368305688423,0.3012605423052508
46,1,6,115,rf,optimized_full,0.33043478260869563,0.31258490486227186,0.19914985981731026
46,1,6,115,mlp,optimized_full,0.3739130434782609,0.3755051045905619,0.24897959183673468
46,3,18,115,svm,raw,0.45217391304347826,0.4589077394595847,0.34321457710089753
46,3,18,115,knn,raw,0.3739130434782609,0.3327564102564103,0.24870701388258787
46,3,18,115,rf,raw,0.4260869565217391,0.40041456458799257,0.31405332128332586
46,3,18,115,mlp,raw,0.34782608695652173,0.33227705950666103,0.2196688681805843
46,3,18,115,svm,raw_pca17,0.6,0.6042664731209623,0.5193094048159927
46,3,18,115,knn,raw_pca17,0.5739130434782609,0.5565717587079816,0.48916689330069807
46,3,18,115,rf,raw_pca17,0.591304347826087,0.5765658772115013,0.5103279579633992
46,3,18,115,mlp,raw_pca17,0.591304347826087,0.583649382313221,0.5084576209530738
46,3,18,115,svm,corrected,0.8608695652173913,0.8652231966813256,0.8329702251270878
46,3,18,115,knn,corrected,0.6695652173913044,0.6573985130450647,0.6046679934865207
46,3,18,115,rf,corrected,0.7739130434782608,0.7714636870221977,0.7292157217895308
46,3,18,115,mlp,corrected,0.7913043478260869,0.7897615108594493,0.7495235502314184
46,3,18,115,svm,optimized_action,0.8173913043478261,0.8227877201372634,0.7810119695321001
46,3,18,115,knn,optimized_action,0.7130434782608696,0.7109527764892863,0.6562811339552577
46,3,18,115,rf,optimized_action,0.7391304347826086,0.7268311647259016,0.6877828054298643
46,3,18,115,mlp,optimized_action,0.6782608695652174,0.6731220699305807,0.6146182411013494
46,3,18,115,svm,optimized_full,0.48695652173913045,0.47683002507563915,0.38713756661548193
46,3,18,115,knn,optimized_full,0.4260869565217391,0.4147666581018821,0.3141772838167525
46,3,18,115,rf,optimized_full,0.5391304347826087,0.5331372331372332,0.4478666545882779
46,3,18,115,mlp,optimized_full,0.4956521739130435,0.48458351073198136,0.3970348942325077
46,5,30,115,svm,raw,0.43478260869565216,0.4260165902109636,0.3198980984441817
46,5,30,115,knn,raw,0.41739130434782606,0.4035410531421169,0.3001816530426885
46,5,30,115,rf,raw,0.6260869565217392,0.62121771424097,0.5520021743069397
46,5,30,115,mlp,raw,0.4434782608695652,0.4265117956978422,0.33194154488517746
46,5,30,115,svm,raw_pca17,0.6869565217391305,0.6894612697804187,0.6245579033281945
46,5,30,115,knn,raw_pca17,0.6695652173913044,0.6743939541796018,0.6032322498638096
46,5,30,115,rf,raw_pca17,0.7739130434782608,0.770083693406864,0.7285766158315178
46,5,30,115,mlp,raw_pca17,0.7304347826086957,0.7370436638729322,0.6764091858037579
46,5,30,115,svm,corrected,0.8173913043478261,0.8215522669578257,0.7810913705583756
46,5,30,115,knn,corrected,0.7217391304347827,0.71031260321346,0.667239352563523
46,5,30,115,rf,corrected,0.7913043478260869,0.778222795295966,0.7493415675233857
46,5,30,115,mlp,corrected,0.7130434782608696,0.7120363694402809,0.655688622754491
46,5,30,115,svm,optimized_action,0.7913043478260869,0.795184789370836,0.75
46,5,30,115,knn,optimized_action,0.6782608695652174,0.6683751652862685,0.6152802893309224
46,5,30,115,rf,optimized_action,0.7913043478260869,0.785781556664409,0.7493188010899183
46,5,30,115,mlp,optimized_action,0.7652173913043478,0.7624715856050005,0.71875
46,5,30,115,svm,optimized_full,0.4956521739130435,0.4925305606113413,0.3965439247263186
46,5,30,115,knn,optimized_full,0.4608695652173913,0.4361983477063895,0.3560332369942196
46,5,30,115,rf,optimized_full,0.5826086956521739,0.5683209227540003,0.4990016336903249
46,5,30,115,mlp,optimized_full,0.5565217391304348,0.5485999527973435,0.4692787982987965
46,10,60,115,svm,raw,0.6695652173913044,0.667666293321093,0.6035921625544267
46,10,60,115,knn,raw,0.48695652173913045,0.4754131173486012,0.38469211934342973
46,10,60,115,rf,raw,0.7565217391304347,0.7493374297369342,0.7075120356072304
46,10,60,115,mlp,raw,0.6173913043478261,0.6030240246830109,0.5414589941096513
46,10,60,115,svm,raw_pca17,0.8347826086956521,0.8399339160249978,0.801544050862852
46,10,60,115,knn,raw_pca17,0.7913043478260869,0.7980494765378485,0.7494098420192482
46,10,60,115,rf,raw_pca17,0.8608695652173913,0.8616212734633786,0.8329095532146749
46,10,60,115,mlp,raw_pca17,0.9130434782608695,0.9139733139733139,0.8955210320705006
46,10,60,115,svm,corrected,0.9391304347826087,0.9411930202627877,0.9269045673295196
46,10,60,115,knn,corrected,0.8173913043478261,0.8194770156124465,0.7812301838934685
46,10,60,115,rf,corrected,0.9739130434782609,0.9747211497211498,0.9686847599164927
46,10,60,115,mlp,corrected,0.9217391304347826,0.9225930787148298,0.9060286907572181
46,10,60,115,svm,optimized_action,0.9130434782608695,0.9161544661544662,0.895615866388309
46,10,60,115,knn,optimized_action,0.8434782608695652,0.8476361915386305,0.8123300090661831
46,10,60,115,rf,optimized_action,0.9739130434782609,0.9755342551854179,0.9686733859983656
46,10,60,115,mlp,optimized_action,0.8869565217391304,0.8878068791112269,0.8641650009085953
46,10,60,115,svm,optimized_full,0.6521739130434783,0.6536530147810636,0.582879941965905
46,10,60,115,knn,optimized_full,0.5391304347826087,0.5237683061212473,0.4492635763983013
46,10,60,115,rf,optimized_full,0.782608695652174,0.7831056492821199,0.7388737511353315
46,10,60,115,mlp,optimized_full,0.6956521739130435,0.6992661467629375,0.6352514725872225
47,1,6,115,svm,raw,0.3391304347826087,0.3211777172646335,0.20675258667634788
47,1,6,115,knn,raw,0.3391304347826087,0.3211777172646335,0.20675258667634788
47,1,6,115,rf,raw,0.3652173913043478,0.3494294606641659,0.2348008385744237
47,1,6,115,mlp,raw,0.34782608695652173,0.33586434091897277,0.2152670366663635
47,1,6,115,svm,raw_pca17,0.4782608695652174,0.4746986573132583,0.3734677199673112
47,1,6,115,knn,raw_pca17,0.4782608695652174,0.4746986573132583,0.3734677199673112
47,1,6,115,rf,raw_pca17,0.40869565217391307,0.404975226519942,0.29166666666666674
47,1,6,115,mlp,raw_pca17,0.40869565217391307,0.3718682277134758,0.2905742538328947
47,1,6,115,svm,corrected,0.5652173913043478,0.5438689495427084,0.4810469314079422
47,1,6,115,knn,corrected,0.5652173913043478,0.5438689495427084,0.4810469314079422
47,1,6,115,rf,corrected,0.6260869565217392,0.625359529776823,0.5529337311273845
47,1,6,115,mlp,corrected,0.591304347826087,0.5720477157909575,0.5120079451065367
47,1,6,115,svm,optimized_action,0.5739130434782609,0.5555127442097346,0.49128825494267403
47,1,6,115,knn,optimized_action,0.5739130434782609,0.5555127442097346,0.49128825494267403
47,1,6,115,rf,optimized_action,0.6173913043478261,0.6129723306193894,0.542081447963801
47,1,6,115,mlp,optimized_action,0.5478260869565217,0.5078872475254906,0.4603375146647414
47,1,6,115,svm,optimized_full,0.3391304347826087,0.3427544677544678,0.20617620345140797
47,1,6,115,knn,optimized_full,0.3130434782608696,0.3157013276578494,0.17364016736401677
47,1,6,115,rf,optimized_full,0.3391304347826087,0.3531857216067742,0.20538230748249853
47,1,6,115,mlp,optimized_full,0.33043478260869563,0.3305448877376336,0.19102868627809233
47,3,18,115,svm,raw,0.4608695652173913,0.45516082737364055,0.3529358380978309
47,3,18,115,knn,raw,0.4782608695652174,0.4810119730274988,0.37375204211290614
47,3,18,115,rf,raw,0.3826086956521739,0.3770343172025514,0.25657834835655113
47,3,18,115,mlp,raw,0.4608695652173913,0.45726761161543766,0.35158239359767185
47,3,18,115,svm,raw_pca17,0.7217391304347827,0.7305148723025311,0.6660010891268833
47,3,18,115,knn,raw_pca17,0.6869565217391305,0.6952900204225761,0.6241147630288724
47,3,18,115,rf,raw_pca17,0.7043478260869566,0.7052605967654189,0.6446100708962007
47,3,18,115,mlp,raw_pca17,0.6695652173913044,0.663884721869703,0.6017134524243528
47,3,18,115,svm,corrected,0.7478260869565218,0.7443647907997236,0.697998732228561
47,3,18,115,knn,corrected,0.6956521739130435,0.7011479805597451,0.6351522842639594
47,3,18,115,rf,corrected,0.7304347826086957,0.7328507078507078,0.6773755656108598
47,3,18,115,mlp,corrected,0.7478260869565218,0.7447430947430947,0.6980260775081493
47,3,18,115,svm,optimized_action,0.7217391304347827,0.7217743638475346,0.6669984616776763
47,3,18,115,knn,optimized_action,0.6521739130434783,0.6642495772010736,0.5827664399092971
47,3,18,115,rf,optimized_action,0.8,0.8039840129280974,0.7600907029478459
47,3,18,115,mlp,optimized_action,0.7130434782608696,0.708151016145136,0.6567164179104478
47,3,18,115,svm,optimized_full,0.4434782608695652,0.44781162464985996,0.33309169989126497
47,3,18,115,knn,optimized_full,0.43478260869565216,0.42984749885751,0.32137993645029517
47,3,18,115,rf,optimized_full,0.6,0.6005856298539226,0.5201814058956917
47,3,18,115,mlp,optimized_full,0.4434782608695652,0.4420282274244766,0.332668419620999
47,5,30,115,svm,raw,0.4956521739130435,0.48699353299959974,0.39468191305926115
47,5,30,115,knn,raw,0.5043478260869565,0.5019202350319372,0.40436165379373
47,5,30,115,rf,raw,0.5391304347826087,0.5373783646624698,0.445707530010913
47,5,30,115,mlp,raw,0.48695652173913045,0.47640008800711997,0.38363008720930225
47,5,30,115,svm,raw_pca17,0.7217391304347827,0.718063160223439,0.6661223008528396
47,5,30,115,knn,raw_pca17,0.7565217391304347,0.7478622796172179,0.7073791348600509
47,5,30,115,rf,raw_pca17,0.8173913043478261,0.8148898798140892,0.7806140988372093
47,5,30,115,mlp,raw_pca17,0.7130434782608696,0.7075031675641431,0.655
47,5,30,115,svm,corrected,0.7913043478260869,0.7913645131036434,0.749705268885463
47,5,30,115,knn,corrected,0.7652173913043478,0.7654727684544914,0.7184439608269859
47,5,30,115,rf,corrected,0.8260869565217391,0.8257308343391556,0.7913264380330248
47,5,30,115,mlp,corrected,0.8,0.8023065270023295,0.7602646605637633
47,5,30,115,svm,optimized_action,0.8,0.8031882238448587,0.7599818511796733
47,5,30,115,knn,optimized_action,0.7304347826086957,0.7333200777659951,0.6767319550235763
47,5,30,115,rf,optimized_action,0.8173913043478261,0.8180288829466367,0.7809722474152004
47,5,30,115,mlp,optimized_action,0.808695652173913,0.8101322283498386,0.7703965877121336
47,5,30,115,svm,optimized_full,0.5565217391304348,0.555800068076283,0.4678824169842134
47,5,30,115,knn,optimized_full,0.5652173913043478,0.5624816402425025,0.4779371708734338
47,5,30,115,rf,optimized_full,0.6347826086956522,0.6304285198840894,0.5620636503762807
47,5,30,115,mlp,optimized_full,0.591304347826087,0.5929063406911015,0.5091272363999637
47,10,60,115,svm,raw,0.6347826086956522,0.6429729596645984,0.5614274039771179
47,10,60,115,knn,raw,0.5652173913043478,0.5551893171061527,0.47674947674947676
47,10,60,115,rf,raw,0.6782608695652174,0.6710914018231091,0.6129707112970711
47,10,60,115,mlp,raw,0.6608695652173913,0.6569940826550912,0.5914928499863374
47,10,60,115,svm,raw_pca17,0.8608695652173913,0.8628072364526376,0.833136845923642
47,10,60,115,knn,raw_pca17,0.8782608695652174,0.881017987782153,0.8536097472267685
47,10,60,115,rf,raw_pca17,0.8608695652173913,0.8639437346754418,0.8328184626567328
47,10,60,115,mlp,raw_pca17,0.8347826086956521,0.8365215590825347,0.8017241379310345
47,10,60,115,svm,corrected,0.8608695652173913,0.8631986093286402,0.8329702251270878
47,10,60,115,knn,corrected,0.8347826086956521,0.8353629800998222,0.8018679724338048
47,10,60,115,rf,corrected,0.9217391304347826,0.9224235513709198,0.9060372219700409
47,10,60,115,mlp,corrected,0.8869565217391304,0.8877065680150329,0.8643129424577963
47,10,60,115,svm,optimized_action,0.8782608695652174,0.8801910240934632,0.8537958590628405
47,10,60,115,knn,optimized_action,0.808695652173913,0.8076762362989048,0.7707918101105273
47,10,60,115,rf,optimized_action,0.8956521739130435,0.8961180449552542,0.8746707837616928
47,10,60,115,mlp,optimized_action,0.8521739130434782,0.8544181483205874,0.822595281306715
47,10,60,115,svm,optimized_full,0.6869565217391305,0.6804485896399735,0.6241147630288724
47,10,60,115,knn,optimized_full,0.6173913043478261,0.617209196375863,0.5407931754242672
47,10,60,115,rf,optimized_full,0.6782608695652174,0.671955250444953,0.6138137593029588
47,10,60,115,mlp,optimized_full,0.6347826086956522,0.626019055427455,0.5615468409586056
48,1,6,115,svm,raw,0.20869565217391303,0.16309293097083796,0.050449142546048376
48,1,6,115,knn,raw,0.20869565217391303,0.16309293097083796,0.050449142546048376
48,1,6,115,rf,raw,0.25217391304347825,0.23157356188787034,0.10229645093945705
48,1,6,115,mlp,raw,0.1826086956521739,0.1606294201259876,0.019323233239590065
48,1,6,115,svm,raw_pca17,0.391304347826087,0.34566702699458046,0.26970879071033294
48,1,6,115,knn,raw_pca17,0.391304347826087,0.34566702699458046,0.26970879071033294
48,1,6,115,rf,raw_pca17,0.2608695652173913,0.24290911938938256,0.11055505004549604
48,1,6,115,mlp,raw_pca17,0.2782608695652174,0.23759562892845518,0.13510329829648426
48,1,6,115,svm,corrected,0.5478260869565217,0.5249487629922412,0.45596797671033484
48,1,6,115,knn,corrected,0.5478260869565217,0.5249487629922412,0.45596797671033484
48,1,6,115,rf,corrected,0.4782608695652174,0.44136611527915875,0.36859443631039535
48,1,6,115,mlp,corrected,0.5304347826086957,0.5163351533162854,0.4360185269276179
48,1,6,115,svm,optimized_action,0.5043478260869565,0.48757022493864594,0.4032771961766045
48,1,6,115,knn,optimized_action,0.5043478260869565,0.48757022493864594,0.4032771961766045
48,1,6,115,rf,optimized_action,0.5391304347826087,0.5075427036255454,0.44312471448149837
48,1,6,115,mlp,optimized_action,0.48695652173913045,0.4748398774714564,0.3835740892159534
48,1,6,115,svm,optimized_full,0.26956521739130435,0.22868992209678488,0.12839483894252468
48,1,6,115,knn,optimized_full,0.26956521739130435,0.22868992209678488,0.12839483894252468
48,1,6,115,rf,optimized_full,0.25217391304347825,0.19837025719378662,0.10852713178294593
48,1,6,115,mlp,optimized_full,0.28695652173913044,0.2617270008574356,0.1499143604074642
48,3,18,115,svm,raw,0.2956521739130435,0.27809172110247377,0.1583845319840983
48,3,18,115,knn,raw,0.26956521739130435,0.25944802353906904,0.12484145678564962
48,3,18,115,rf,raw,0.3826086956521739,0.36573340350514255,0.2616205462108879
48,3,18,115,mlp,raw,0.3130434782608696,0.3044793458913876,0.17790245226676316
48,3,18,115,svm,raw_pca17,0.5652173913043478,0.5461959900984291,0.4802494802494802
48,3,18,115,knn,raw_pca17,0.5217391304347826,0.5041334486665968,0.4244244244244245
48,3,18,115,rf,raw_pca17,0.6260869565217392,0.6019682656524762,0.5519209858644436
48,3,18,115,mlp,raw_pca17,0.5565217391304348,0.5516129363328005,0.4677858439201451
48,3,18,115,svm,corrected,0.7043478260869566,0.6619127710488187,0.6457370662317659
48,3,18,115,knn,corrected,0.591304347826087,0.5276327174632259,0.5093054925102134
48,3,18,115,rf,corrected,0.7391304347826086,0.7150759150759151,0.6856492027334853
48,3,18,115,mlp,corrected,0.6869565217391305,0.6614243943191312,0.6243875884594448
48,3,18,115,svm,optimized_action,0.6086956521739131,0.5822915735214123,0.5318013209083507
48,3,18,115,knn,optimized_action,0.5652173913043478,0.5287516937892878,0.47826875964068594
48,3,18,115,rf,optimized_action,0.7043478260869566,0.684666529964811,0.6439952654101794
48,3,18,115,mlp,optimized_action,0.6608695652173913,0.6411126134594641,0.5937131986592988
48,3,18,115,svm,optimized_full,0.34782608695652173,0.3120304025476439,0.2212892741061756
48,3,18,115,knn,optimized_full,0.3565217391304348,0.3330598159683617,0.2297248370745837
48,3,18,115,rf,optimized_full,0.43478260869565216,0.4170288837767427,0.3245075004518344
48,3,18,115,mlp,optimized_full,0.391304347826087,0.36388319283056125,0.27221770183527705
48,5,30,115,svm,raw,0.4608695652173913,0.45899030768521437,0.3533466352258299
48,5,30,115,knn,raw,0.4434782608695652,0.4369469243667319,0.331030721686966
48,5,30,115,rf,raw,0.5391304347826087,0.5195821261712733,0.44841628959276014
48,5,30,115,mlp,raw,0.4782608695652174,0.47873421298343893,0.3731831395348837
48,5,30,115,svm,raw_pca17,0.7478260869565218,0.7414422957343615,0.6980260775081493
48,5,30,115,knn,raw_pca17,0.6521739130434783,0.6446996473443014,0.5814376706096451
48,5,30,115,rf,raw_pca17,0.782608695652174,0.780718209665578,0.7389211768979296
48,5,30,115,mlp,raw_pca17,0.808695652173913,0.80740233237024,0.7706255666364461
48,5,30,115,svm,corrected,0.8434782608695652,0.8474024113558998,0.8122959738846572
48,5,30,115,knn,corrected,0.7565217391304347,0.7369639464972136,0.7076978939724038
48,5,30,115,rf,corrected,0.8434782608695652,0.8452450570871624,0.8117839607201309
48,5,30,115,mlp,corrected,0.8434782608695652,0.8460414843598412,0.8121937942297224
48,5,30,115,svm,optimized_action,0.8608695652173913,0.8619151587327841,0.8331822302810517
48,5,30,115,knn,optimized_action,0.7043478260869566,0.6955098120454273,0.6449328005811843
48,5,30,115,rf,optimized_action,0.8,0.7987592856013909,0.7595673120625398
48,5,30,115,mlp,optimized_action,0.8173913043478261,0.8184537921380026,0.7811508835523334
48,5,30,115,svm,optimized_full,0.5739130434782609,0.5726232917409387,0.48990676201683714
48,5,30,115,knn,optimized_full,0.5043478260869565,0.4988236635295458,0.4061424171045478
48,5,30,115,rf,optimized_full,0.6173913043478261,0.624251387751816,0.5422057359992762
48,5,30,115,mlp,optimized_full,0.5826086956521739,0.5712301587301588,0.5
48,10,60,115,svm,raw,0.5391304347826087,0.5387418625232723,0.44771656397245385
48,10,60,115,knn,raw,0.5217391304347826,0.5205119753900241,0.42718710378554614
48,10,60,115,rf,raw,0.6347826086956522,0.6359094064976418,0.5618252744261998
48,10,60,115,mlp,raw,0.5391304347826087,0.5392724675136263,0.4473660349986399
48,10,60,115,svm,raw_pca17,0.8260869565217391,0.8256516006516006,0.7915344874467507
48,10,60,115,knn,raw_pca17,0.7739130434782608,0.7733756786948276,0.7284287011807448
48,10,60,115,rf,raw_pca17,0.9043478260869565,0.9056756964330778,0.885312783318223
48,10,60,115,mlp,raw_pca17,0.7913043478260869,0.7944224412309518,0.7500905469032959
48,10,60,115,svm,corrected,0.9043478260869565,0.9059846428267481,0.8853231801287281
48,10,60,115,knn,corrected,0.8434782608695652,0.8454223677825791,0.8122448979591836
48,10,60,115,rf,corrected,0.9043478260869565,0.9062885873219635,0.8853023846223592
48,10,60,115,mlp,corrected,0.8695652173913043,0.8708144234460024,0.8436225183573566
48,10,60,115,svm,optimized_action,0.9043478260869565,0.905645871435345,0.8853647485274128
48,10,60,115,knn,optimized_action,0.808695652173913,0.8107618215977349,0.7705215419501134
48,10,60,115,rf,optimized_action,0.9130434782608695,0.9148687148687148,0.8957010701977145
48,10,60,115,mlp,optimized_action,0.8782608695652174,0.87872761425393,0.8540476838001995
48,10,60,115,svm,optimized_full,0.6869565217391305,0.692480721603062,0.6257119609438568
48,10,60,115,knn,optimized_full,0.6,0.5944026316679633,0.5208333333333333
48,10,60,115,rf,optimized_full,0.7652173913043478,0.7642308839356337,0.7191570188133141
48,10,60,115,mlp,optimized_full,0.6695652173913044,0.6700952896441869,0.6045964531306551
49,1,6,115,svm,raw,0.23478260869565218,0.19697921903804258,0.08258544102982512
49,1,6,115,knn,raw,0.23478260869565218,0.19697921903804258,0.08258544102982512
49,1,6,115,rf,raw,0.2608695652173913,0.23019549894549893,0.11434266557941453
49,1,6,115,mlp,raw,0.26956521739130435,0.25422474804625833,0.12357103973870431
49,1,6,115,svm,raw_pca17,0.4260869565217391,0.38195378392099705,0.3031582813073814
49,1,6,115,knn,raw_pca17,0.4260869565217391,0.38195378392099705,0.3031582813073814
49,1,6,115,rf,raw_pca17,0.3739130434782609,0.3470091361926105,0.24390466624052587
49,1,6,115,mlp,raw_pca17,0.4608695652173913,0.45285036353876934,0.35140543982534345
49,1,6,115,svm,corrected,0.6086956521739131,0.6228391592671687,0.5315046170559479
49,1,6,115,knn,corrected,0.6086956521739131,0.6228391592671687,0.5315046170559479
49,1,6,115,rf,corrected,0.5304347826086957,0.543477231402928,0.4370920957215374
49,1,6,115,mlp,corrected,0.591304347826087,0.6001718056315758,0.5089934593023255
49,1,6,115,svm,optimized_action,0.5826086956521739,0.5943389943389944,0.4996827698722016
49,1,6,115,knn,optimized_action,0.5826086956521739,0.5943389943389944,0.4996827698722016
49,1,6,115,rf,optimized_action,0.48695652173913045,0.4864404692688225,0.384859474161378
49,1,6,115,mlp,optimized_action,0.5478260869565217,0.5563134563134563,0.4567587209302326
49,1,6,115,svm,optimized_full,0.23478260869565218,0.22257278416698703,0.07983269685397343
49,1,6,115,knn,optimized_full,0.23478260869565218,0.22257278416698703,0.07983269685397343
49,1,6,115,rf,optimized_full,0.26956521739130435,0.2541147512717131,0.12069907154560344
49,1,6,115,mlp,optimized_full,0.28695652173913044,0.2979698457479126,0.1427272727272727
49,3,18,115,svm,raw,0.41739130434782606,0.41099972152603725,0.3015139153295259
49,3,18,115,knn,raw,0.3565217391304348,0.3339987091316879,0.2299339426296263
49,3,18,115,rf,raw,0.48695652173913045,0.4782524118634243,0.3848594741613781
49,3,18,115,mlp,raw,0.4782608695652174,0.4711132164244023,0.37431991294885747
49,3,18,115,svm,raw_pca17,0.6695652173913044,0.685945021613125,0.6032682705401726
49,3,18,115,knn,raw_pca17,0.6086956521739131,0.5986761244034864,0.5295026820620056
49,3,18,115,rf,raw_pca17,0.7391304347826086,0.7342267693056791,0.6869896570495373
49,3,18,115,mlp,raw_pca17,0.7304347826086957,0.7370140699169935,0.6754665452890305
49,3,18,115,svm,corrected,0.7304347826086957,0.7420840053192994,0.6770833333333334
49,3,18,115,knn,corrected,0.7130434782608696,0.722214920589814,0.6560007251631617
49,3,18,115,rf,corrected,0.7391304347826086,0.7510300296938227,0.6875566020648433
49,3,18,115,mlp,corrected,0.8173913043478261,0.8219591601944544,0.7809126372130999
49,3,18,115,svm,optimized_action,0.7391304347826086,0.7510546642899585,0.6868475991649269
49,3,18,115,knn,optimized_action,0.7043478260869566,0.7020110031201862,0.6458654107417807
49,3,18,115,rf,optimized_action,0.7478260869565218,0.7535031070634787,0.6980260775081493
49,3,18,115,mlp,optimized_action,0.7913043478260869,0.7895805337665802,0.7500905469032959
49,3,18,115,svm,optimized_full,0.4434782608695652,0.45776662443329114,0.3288957782438222
49,3,18,115,knn,optimized_full,0.4434782608695652,0.4320389282398129,0.33357479174212246
49,3,18,115,rf,optimized_full,0.5565217391304348,0.5521820997430753,0.4680754580083438
49,3,18,115,mlp,optimized_full,0.5130434782608696,0.5187491115314214,0.4151303242212334
49,5,30,115,svm,raw,0.48695652173913045,0.4906752174554032,0.3840777051561365
49,5,30,115,knn,raw,0.4782608695652174,0.46974670940836355,0.37454677302393047
49,5,30,115,rf,raw,0.5478260869565217,0.544451457628757,0.458382392899194
49,5,30,115,mlp,raw,0.5130434782608696,0.5184697731209359,0.4151303242212333
49,5,30,115,svm,raw_pca17,0.6869565217391305,0.7004650677080297,0.6253054575074667
49,5,30,115,knn,raw_pca17,0.5826086956521739,0.5423240089906757,0.49927431059506533
49,5,30,115,rf,raw_pca17,0.8260869565217391,0.8248942930451721,0.7910420641410012
49,5,30,115,mlp,raw_pca17,0.7478260869565218,0.7566762766074181,0.696735473310903
49,5,30,115,svm,corrected,0.8,0.8079998024850966,0.7605034407823252
49,5,30,115,knn,corrected,0.782608695652174,0.7910390950638629,0.739606919663074
49,5,30,115,rf,corrected,0.7739130434782608,0.7661650159167537,0.7296564195298373
49,5,30,115,mlp,corrected,0.8173913043478261,0.8193557955760711,0.7812698125169821
49,5,30,115,svm,optimized_action,0.7913043478260869,0.7989491496844439,0.7501131733816206
49,5,30,115,knn,optimized_action,0.7478260869565218,0.7435668400517755,0.6983811160350909
49,5,30,115,rf,optimized_action,0.7739130434782608,0.7774202531418152,0.7294117647058824
49,5,30,115,mlp,optimized_action,0.7913043478260869,0.7949670925280681,0.7498867240598097
49,5,30,115,svm,optimized_full,0.4782608695652174,0.4829052266552267,0.37522636725823977
49,5,30,115,knn,optimized_full,0.4608695652173913,0.44636752136752134,0.3539325842696629
49,5,30,115,rf,optimized_full,0.5565217391304348,0.5513728617443787,0.46836475707034075
49,5,30,115,mlp,optimized_full,0.5739130434782609,0.5737854468959119,0.48865698729582585
49,10,60,115,svm,raw,0.6260869565217392,0.6296951529149671,0.55025011368804
49,10,60,115,knn,raw,0.5739130434782609,0.5746592126217862,0.48865698729582563
49,10,60,115,rf,raw,0.7130434782608696,0.7161174291195812,0.6548117154811715
49,10,60,115,mlp,raw,0.6173913043478261,0.6149578491683755,0.540542994642695
49,10,60,115,svm,raw_pca17,0.8434782608695652,0.8417993915633569,0.8121937942297224
49,10,60,115,knn,raw_pca17,0.8521739130434782,0.8572826162111876,0.822127194977709
49,10,60,115,rf,raw_pca17,0.9043478260869565,0.9072273974339832,0.8851357486606738
49,10,60,115,mlp,raw_pca17,0.8347826086956521,0.8408809347833738,0.80147192440487
49,10,60,115,svm,corrected,0.8608695652173913,0.8658740180628005,0.8330762950195048
49,10,60,115,knn,corrected,0.8782608695652174,0.8830895659454933,0.8538754764930114
49,10,60,115,rf,corrected,0.8956521739130435,0.8974754974754974,0.8748072212646285
49,10,60,115,mlp,corrected,0.8347826086956521,0.8407945813405302,0.801814058956916
49,10,60,115,svm,optimized_action,0.8608695652173913,0.8661869761614006,0.8331671049052498
49,10,60,115,knn,optimized_action,0.8695652173913043,0.8755499860763019,0.8435657930534144
49,10,60,115,rf,optimized_action,0.8869565217391304,0.8887355997112095,0.8643498775065783
49,10,60,115,mlp,optimized_action,0.8782608695652174,0.8823918771287192,0.8539814982768004
49,10,60,115,svm,optimized_full,0.6521739130434783,0.6498439998439999,0.5831067609207903
49,10,60,115,knn,optimized_full,0.5304347826086957,0.5294284109691086,0.43800904977375577
49,10,60,115,rf,optimized_full,0.8,0.7952641019501486,0.7599818511796733
49,10,60,115,mlp,optimized_full,0.6521739130434783,0.6560655195707676,0.5829933822862841
