repeat,shot,classifier,feature_set,encoding,num_features,accuracy,macro_f1
0,3,svm,raw,global4,252,0.3565217391304348,0.34723280524922795
0,3,knn,raw,global4,252,0.3217391304347826,0.31448220093897256
0,3,rf,raw,global4,252,0.40869565217391307,0.4112486859545683
0,3,mlp,raw,global4,252,0.4260869565217391,0.41926038286332407
0,3,svm,raw,global5,315,0.391304347826087,0.3789261392267021
0,3,knn,raw,global5,315,0.33043478260869563,0.31960784313725493
0,3,rf,raw,global5,315,0.4434782608695652,0.44542784542784536
0,3,mlp,raw,global5,315,0.3826086956521739,0.3755746511731231
0,3,svm,raw,pyramid,945,0.3391304347826087,0.31788339257851456
0,3,knn,raw,pyramid,945,0.33043478260869563,0.31144527986633247
0,3,rf,raw,pyramid,945,0.3826086956521739,0.3752484517150432
0,3,mlp,raw,pyramid,945,0.3652173913043478,0.3542989391092432
0,3,svm,raw,resample16,1008,0.45217391304347826,0.43610537782364406
0,3,knn,raw,resample16,1008,0.34782608695652173,0.3173780103043669
0,3,rf,raw,resample16,1008,0.4782608695652174,0.45916958706998323
0,3,mlp,raw,resample16,1008,0.45217391304347826,0.42590850106532474
0,3,svm,raw_pca11,global4,44,0.5565217391304348,0.5669125588047011
0,3,knn,raw_pca11,global4,44,0.5304347826086957,0.5243643217520927
0,3,rf,raw_pca11,global4,44,0.6086956521739131,0.6086153746000293
0,3,mlp,raw_pca11,global4,44,0.6,0.5979802397937779
0,3,svm,raw_pca11,global5,55,0.5739130434782609,0.5816463188892255
0,3,knn,raw_pca11,global5,55,0.5130434782608696,0.5093259086246463
0,3,rf,raw_pca11,global5,55,0.5565217391304348,0.555632491559265
0,3,mlp,raw_pca11,global5,55,0.6173913043478261,0.6144906637166699
0,3,svm,raw_pca11,pyramid,165,0.5565217391304348,0.564915209326974
0,3,knn,raw_pca11,pyramid,165,0.5826086956521739,0.5731669979149444
0,3,rf,raw_pca11,pyramid,165,0.6086956521739131,0.6053971827965636
0,3,mlp,raw_pca11,pyramid,165,0.5565217391304348,0.5462175424360298
0,3,svm,raw_pca11,resample16,176,0.6782608695652174,0.7012590942981435
0,3,knn,raw_pca11,resample16,176,0.6869565217391305,0.6712859451054087
0,3,rf,raw_pca11,resample16,176,0.7217391304347827,0.716965547645907
0,3,mlp,raw_pca11,resample16,176,0.6956521739130435,0.6862181330266437
0,3,svm,raw_pca17,global4,68,0.6260869565217392,0.6280803305293393
0,3,knn,raw_pca17,global4,68,0.6086956521739131,0.6086472307422209
0,3,rf,raw_pca17,global4,68,0.6956521739130435,0.7031739931782376
0,3,mlp,raw_pca17,global4,68,0.6695652173913044,0.6887999652705535
0,3,svm,raw_pca17,global5,85,0.6,0.5975591238961886
0,3,knn,raw_pca17,global5,85,0.6347826086956522,0.6401822783620785
0,3,rf,raw_pca17,global5,85,0.6695652173913044,0.6705761192323343
0,3,mlp,raw_pca17,global5,85,0.7043478260869566,0.7029360388493515
0,3,svm,raw_pca17,pyramid,255,0.6086956521739131,0.6140685743642118
0,3,knn,raw_pca17,pyramid,255,0.591304347826087,0.5878927214796897
0,3,rf,raw_pca17,pyramid,255,0.7391304347826086,0.73312447786132
0,3,mlp,raw_pca17,pyramid,255,0.6086956521739131,0.6089435380457052
0,3,svm,raw_pca17,resample16,272,0.7391304347826086,0.7566078639849132
0,3,knn,raw_pca17,resample16,272,0.7130434782608696,0.710162692238164
0,3,rf,raw_pca17,resample16,272,0.808695652173913,0.812464765096344
0,3,mlp,raw_pca17,resample16,272,0.7391304347826086,0.7315983202508024
0,3,svm,joint_angle,global4,44,0.7304347826086957,0.7474946458178165
0,3,knn,joint_angle,global4,44,0.6956521739130435,0.691662946982096
0,3,rf,joint_angle,global4,44,0.7739130434782608,0.7757157556296724
0,3,mlp,joint_angle,global4,44,0.7217391304347827,0.7206252402680974
0,3,svm,joint_angle,global5,55,0.7391304347826086,0.753695390933656
0,3,knn,joint_angle,global5,55,0.7043478260869566,0.7025803114038408
0,3,rf,joint_angle,global5,55,0.7739130434782608,0.7713253788304497
0,3,mlp,joint_angle,global5,55,0.7391304347826086,0.7411938387548144
0,3,svm,joint_angle,pyramid,165,0.8347826086956521,0.8377482469052238
0,3,knn,joint_angle,pyramid,165,0.7391304347826086,0.7202573824392489
0,3,rf,joint_angle,pyramid,165,0.8434782608695652,0.8453518004099524
0,3,mlp,joint_angle,pyramid,165,0.8,0.79556329315916
0,3,svm,joint_angle,resample16,176,0.8434782608695652,0.8450731129739698
0,3,knn,joint_angle,resample16,176,0.7478260869565218,0.7373082462368177
0,3,rf,joint_angle,resample16,176,0.782608695652174,0.7815196597902773
0,3,mlp,joint_angle,resample16,176,0.808695652173913,0.8107007078423307
0,3,svm,corrected,global4,68,0.782608695652174,0.789004277834065
0,3,knn,corrected,global4,68,0.6869565217391305,0.6812048377513272
0,3,rf,corrected,global4,68,0.808695652173913,0.8114131482552535
0,3,mlp,corrected,global4,68,0.782608695652174,0.7827116210243146
0,3,svm,corrected,global5,85,0.782608695652174,0.7974110004773921
0,3,knn,corrected,global5,85,0.7130434782608696,0.7151521859018274
0,3,rf,corrected,global5,85,0.7913043478260869,0.7891059609609754
0,3,mlp,corrected,global5,85,0.7391304347826086,0.7374491040701711
0,3,svm,corrected,pyramid,255,0.8347826086956521,0.8407716622002336
0,3,knn,corrected,pyramid,255,0.7565217391304347,0.7434345282029887
0,3,rf,corrected,pyramid,255,0.7652173913043478,0.7701311951884035
0,3,mlp,corrected,pyramid,255,0.8260869565217391,0.8268684605893909
0,3,svm,corrected,resample16,272,0.808695652173913,0.8168084453441149
0,3,knn,corrected,resample16,272,0.7130434782608696,0.6780534448411036
0,3,rf,corrected,resample16,272,0.8347826086956521,0.8308643427592454
0,3,mlp,corrected,resample16,272,0.8260869565217391,0.8224269518387165
0,3,svm,optimized_action,global4,68,0.7913043478260869,0.7987554187804501
0,3,knn,optimized_action,global4,68,0.7043478260869566,0.6985544440697864
0,3,rf,optimized_action,global4,68,0.808695652173913,0.8132199946224336
0,3,mlp,optimized_action,global4,68,0.7478260869565218,0.7537994165901143
0,3,svm,optimized_action,global5,85,0.7565217391304347,0.7692813372411074
0,3,knn,optimized_action,global5,85,0.7391304347826086,0.740583604715599
0,3,rf,optimized_action,global5,85,0.782608695652174,0.7846892174695378
0,3,mlp,optimized_action,global5,85,0.7217391304347827,0.7237316377966673
0,3,svm,optimized_action,pyramid,255,0.7652173913043478,0.7691738184635556
0,3,knn,optimized_action,pyramid,255,0.6782608695652174,0.6483538618177541
0,3,rf,optimized_action,pyramid,255,0.7913043478260869,0.7934698663196738
0,3,mlp,optimized_action,pyramid,255,0.7565217391304347,0.7578232078232078
0,3,svm,optimized_action,resample16,272,0.8260869565217391,0.832695163582958
0,3,knn,optimized_action,resample16,272,0.7304347826086957,0.7001959541433226
0,3,rf,optimized_action,resample16,272,0.7739130434782608,0.7647488172336887
0,3,mlp,optimized_action,resample16,272,0.8347826086956521,0.8333109024663492
0,3,svm,optimized_full,global4,252,0.5304347826086957,0.5220700546498418
0,3,knn,optimized_full,global4,252,0.4,0.3724031427163732
0,3,rf,optimized_full,global4,252,0.45217391304347826,0.45828277317639016
0,3,mlp,optimized_full,global4,252,0.48695652173913045,0.4872987777012545
0,3,svm,optimized_full,global5,315,0.48695652173913045,0.4849866403343437
0,3,knn,optimized_full,global5,315,0.41739130434782606,0.3792845022624434
0,3,rf,optimized_full,global5,315,0.43478260869565216,0.4478941895737561
0,3,mlp,optimized_full,global5,315,0.4956521739130435,0.5047120570682382
0,3,svm,optimized_full,pyramid,945,0.4,0.386832671916874
0,3,knn,optimized_full,pyramid,945,0.33043478260869563,0.3044646709383881
0,3,rf,optimized_full,pyramid,945,0.3652173913043478,0.35036799837826793
0,3,mlp,optimized_full,pyramid,945,0.391304347826087,0.38880227754908064
0,3,svm,optimized_full,resample16,1008,0.3652173913043478,0.34703313822827303
0,3,knn,optimized_full,resample16,1008,0.3739130434782609,0.3281171914042979
0,3,rf,optimized_full,resample16,1008,0.5130434782608696,0.5063424086679901
0,3,mlp,optimized_full,resample16,1008,0.40869565217391307,0.377110439911998
1,3,svm,raw,global4,252,0.4260869565217391,0.43212378447313887
1,3,knn,raw,global4,252,0.3565217391304348,0.349771027345398
1,3,rf,raw,global4,252,0.4434782608695652,0.44893486143486144
1,3,mlp,raw,global4,252,0.41739130434782606,0.4170149167268982
1,3,svm,raw,global5,315,0.4434782608695652,0.44562997883457367
1,3,knn,raw,global5,315,0.3391304347826087,0.31504491504491505
1,3,rf,raw,global5,315,0.4434782608695652,0.4526248548199768
1,3,mlp,raw,global5,315,0.4434782608695652,0.44255405744767445
1,3,svm,raw,pyramid,945,0.41739130434782606,0.4200055723197378
1,3,knn,raw,pyramid,945,0.34782608695652173,0.331449422860641
1,3,rf,raw,pyramid,945,0.5217391304347826,0.5380140692640693
1,3,mlp,raw,pyramid,945,0.3652173913043478,0.35973040879680096
1,3,svm,raw,resample16,1008,0.5130434782608696,0.5020034329521282
1,3,knn,raw,resample16,1008,0.4260869565217391,0.408955948681208
1,3,rf,raw,resample16,1008,0.6086956521739131,0.6075349368827629
1,3,mlp,raw,resample16,1008,0.5043478260869565,0.5087546857258998
1,3,svm,raw_pca11,global4,44,0.5391304347826087,0.5543456382078673
1,3,knn,raw_pca11,global4,44,0.5130434782608696,0.5090660782733953
1,3,rf,raw_pca11,global4,44,0.5739130434782609,0.5824524739947984
1,3,mlp,raw_pca11,global4,44,0.5043478260869565,0.5248933265062298
1,3,svm,raw_pca11,global5,55,0.4956521739130435,0.5094219181730416
1,3,knn,raw_pca11,global5,55,0.5130434782608696,0.5071531597018853
1,3,rf,raw_pca11,global5,55,0.6173913043478261,0.6401500282399476
1,3,mlp,raw_pca11,global5,55,0.4434782608695652,0.470359969657606
1,3,svm,raw_pca11,pyramid,165,0.48695652173913045,0.49342950001700814
1,3,knn,raw_pca11,pyramid,165,0.4608695652173913,0.4472880479735319
1,3,rf,raw_pca11,pyramid,165,0.6521739130434783,0.6573892517409847
1,3,mlp,raw_pca11,pyramid,165,0.4608695652173913,0.48021180178525874
1,3,svm,raw_pca11,resample16,176,0.7565217391304347,0.7606400212698167
1,3,knn,raw_pca11,resample16,176,0.6521739130434783,0.6588899153415283
1,3,rf,raw_pca11,resample16,176,0.7478260869565218,0.7369098879721278
1,3,mlp,raw_pca11,resample16,176,0.6869565217391305,0.6992787694062085
1,3,svm,raw_pca17,global4,68,0.6,0.6046815231468932
1,3,knn,raw_pca17,global4,68,0.6086956521739131,0.6204729401914166
1,3,rf,raw_pca17,global4,68,0.6695652173913044,0.6863172003218633
1,3,mlp,raw_pca17,global4,68,0.6434782608695652,0.6429809772267017
1,3,svm,raw_pca17,global5,85,0.591304347826087,0.5962950541142793
1,3,knn,raw_pca17,global5,85,0.6,0.6132511474054548
1,3,rf,raw_pca17,global5,85,0.6521739130434783,0.6618235653191858
1,3,mlp,raw_pca17,global5,85,0.5391304347826087,0.5471467134398169
1,3,svm,raw_pca17,pyramid,255,0.6,0.6123145495173109
1,3,knn,raw_pca17,pyramid,255,0.5739130434782609,0.5648383217463823
1,3,rf,raw_pca17,pyramid,255,0.6521739130434783,0.6650390230716207
1,3,mlp,raw_pca17,pyramid,255,0.6173913043478261,0.6253336453944973
1,3,svm,raw_pca17,resample16,272,0.7478260869565218,0.7737736370052614
1,3,knn,raw_pca17,resample16,272,0.8,0.802679147006878
1,3,rf,raw_pca17,resample16,272,0.8434782608695652,0.8434755804960409
1,3,mlp,raw_pca17,resample16,272,0.6608695652173913,0.6763810681153481
1,3,svm,joint_angle,global4,44,0.6782608695652174,0.6836542769140808
1,3,knn,joint_angle,global4,44,0.7130434782608696,0.7023275335775336
1,3,rf,joint_angle,global4,44,0.7391304347826086,0.743636579485636
1,3,mlp,joint_angle,global4,44,0.6869565217391305,0.6822796131619661
1,3,svm,joint_angle,global5,55,0.7130434782608696,0.7155041813014816
1,3,knn,joint_angle,global5,55,0.6782608695652174,0.6755856314679844
1,3,rf,joint_angle,global5,55,0.782608695652174,0.786220291085395
1,3,mlp,joint_angle,global5,55,0.782608695652174,0.7857609710550887
1,3,svm,joint_angle,pyramid,165,0.782608695652174,0.7957197346191655
1,3,knn,joint_angle,pyramid,165,0.7304347826086957,0.7307410631624038
1,3,rf,joint_angle,pyramid,165,0.808695652173913,0.8111724809677772
1,3,mlp,joint_angle,pyramid,165,0.782608695652174,0.7847827782610391
1,3,svm,joint_angle,resample16,176,0.808695652173913,0.815966885203537
1,3,knn,joint_angle,resample16,176,0.7304347826086957,0.7306618556155744
1,3,rf,joint_angle,resample16,176,0.8260869565217391,0.8303788378976349
1,3,mlp,joint_angle,resample16,176,0.8260869565217391,0.8300359783553061
1,3,svm,corrected,global4,68,0.7565217391304347,0.7676359460757135
1,3,knn,corrected,global4,68,0.7130434782608696,0.7169152880836495
1,3,rf,corrected,global4,68,0.8,0.8038972233910675
1,3,mlp,corrected,global4,68,0.7478260869565218,0.7593826679192532
1,3,svm,corrected,global5,85,0.7652173913043478,0.7716049382716049
1,3,knn,corrected,global5,85,0.7217391304347827,0.7267208767208767
1,3,rf,corrected,global5,85,0.782608695652174,0.7893587893587894
1,3,mlp,corrected,global5,85,0.7478260869565218,0.7577254960381895
1,3,svm,corrected,pyramid,255,0.7217391304347827,0.7363486175986176
1,3,knn,corrected,pyramid,255,0.7652173913043478,0.7657378740970072
1,3,rf,corrected,pyramid,255,0.8347826086956521,0.8394079359139067
1,3,mlp,corrected,pyramid,255,0.808695652173913,0.8133277592491482
1,3,svm,corrected,resample16,272,0.7913043478260869,0.8015242124117181
1,3,knn,corrected,resample16,272,0.7391304347826086,0.7415371890305155
1,3,rf,corrected,resample16,272,0.8521739130434782,0.8518055002269141
1,3,mlp,corrected,resample16,272,0.8347826086956521,0.8310123923127019
1,3,svm,optimized_action,global4,68,0.6869565217391305,0.6994564784101386
1,3,knn,optimized_action,global4,68,0.6434782608695652,0.6403947791142913
1,3,rf,optimized_action,global4,68,0.808695652173913,0.813580879506274
1,3,mlp,optimized_action,global4,68,0.7478260869565218,0.759907750491982
1,3,svm,optimized_action,global5,85,0.6695652173913044,0.6798928410770516
1,3,knn,optimized_action,global5,85,0.6782608695652174,0.6851767995070932
1,3,rf,optimized_action,global5,85,0.782608695652174,0.7897645927057692
1,3,mlp,optimized_action,global5,85,0.6782608695652174,0.6909726203338259
1,3,svm,optimized_action,pyramid,255,0.6869565217391305,0.704581261032874
1,3,knn,optimized_action,pyramid,255,0.782608695652174,0.7858719153412795
1,3,rf,optimized_action,pyramid,255,0.8,0.8092330098522048
1,3,mlp,optimized_action,pyramid,255,0.782608695652174,0.7898388648388649
1,3,svm,optimized_action,resample16,272,0.782608695652174,0.7896326823588051
1,3,knn,optimized_action,resample16,272,0.7478260869565218,0.7495391992927022
1,3,rf,optimized_action,resample16,272,0.8521739130434782,0.8536253640489185
1,3,mlp,optimized_action,resample16,272,0.7913043478260869,0.7883446396324336
1,3,svm,optimized_full,global4,252,0.4,0.40717506102909057
1,3,knn,optimized_full,global4,252,0.3826086956521739,0.3723712377047281
1,3,rf,optimized_full,global4,252,0.5565217391304348,0.5624895572263994
1,3,mlp,optimized_full,global4,252,0.45217391304347826,0.44086003102011434
1,3,svm,optimized_full,global5,315,0.4260869565217391,0.42636498008811846
1,3,knn,optimized_full,global5,315,0.3565217391304348,0.352391499235353
1,3,rf,optimized_full,global5,315,0.5478260869565217,0.5587696060336279
1,3,mlp,optimized_full,global5,315,0.46956521739130436,0.46822830707676916
1,3,svm,optimized_full,pyramid,945,0.34782608695652173,0.35126959662478785
1,3,knn,optimized_full,pyramid,945,0.28695652173913044,0.276276482555673
1,3,rf,optimized_full,pyramid,945,0.40869565217391307,0.4145587970877713
1,3,mlp,optimized_full,pyramid,945,0.3391304347826087,0.3384847134847135
1,3,svm,optimized_full,resample16,1008,0.34782608695652173,0.34731734421389593
1,3,knn,optimized_full,resample16,1008,0.25217391304347825,0.23035246077799268
1,3,rf,optimized_full,resample16,1008,0.5826086956521739,0.5830453149001537
1,3,mlp,optimized_full,resample16,1008,0.34782608695652173,0.3203540903540903
2,3,svm,raw,global4,252,0.4260869565217391,0.3889519109908915
2,3,knn,raw,global4,252,0.3565217391304348,0.34057423924540425
2,3,rf,raw,global4,252,0.43478260869565216,0.41095544497992437
2,3,mlp,raw,global4,252,0.3739130434782609,0.3534830787364294
2,3,svm,raw,global5,315,0.4434782608695652,0.4241748056259223
2,3,knn,raw,global5,315,0.3739130434782609,0.35657757560722647
2,3,rf,raw,global5,315,0.4434782608695652,0.41330625895843287
2,3,mlp,raw,global5,315,0.3652173913043478,0.3546211871793267
2,3,svm,raw,pyramid,945,0.41739130434782606,0.39376869994734554
2,3,knn,raw,pyramid,945,0.3565217391304348,0.33829666539761477
2,3,rf,raw,pyramid,945,0.41739130434782606,0.3819904834550143
2,3,mlp,raw,pyramid,945,0.3652173913043478,0.3699731570699312
2,3,svm,raw,resample16,1008,0.43478260869565216,0.4079276976560508
2,3,knn,raw,resample16,1008,0.391304347826087,0.37333777333777335
2,3,rf,raw,resample16,1008,0.5739130434782609,0.5674157818614706
2,3,mlp,raw,resample16,1008,0.41739130434782606,0.40432248922960995
2,3,svm,raw_pca11,global4,44,0.5565217391304348,0.5511475879013192
2,3,knn,raw_pca11,global4,44,0.4956521739130435,0.4926982851131458
2,3,rf,raw_pca11,global4,44,0.5739130434782609,0.5618243563256352
2,3,mlp,raw_pca11,global4,44,0.5739130434782609,0.5681600232558625
2,3,svm,raw_pca11,global5,55,0.6,0.598131692868535
2,3,knn,raw_pca11,global5,55,0.5391304347826087,0.5400421731691081
2,3,rf,raw_pca11,global5,55,0.5652173913043478,0.5408694979173702
2,3,mlp,raw_pca11,global5,55,0.6695652173913044,0.661747819695254
2,3,svm,raw_pca11,pyramid,165,0.6086956521739131,0.6034108184612529
2,3,knn,raw_pca11,pyramid,165,0.48695652173913045,0.48627232164466205
2,3,rf,raw_pca11,pyramid,165,0.6434782608695652,0.6336311836311838
2,3,mlp,raw_pca11,pyramid,165,0.5391304347826087,0.5021614796614796
2,3,svm,raw_pca11,resample16,176,0.6434782608695652,0.6355846574537277
2,3,knn,raw_pca11,resample16,176,0.5478260869565217,0.5269112695583283
2,3,rf,raw_pca11,resample16,176,0.6521739130434783,0.6261663108865404
2,3,mlp,raw_pca11,resample16,176,0.6086956521739131,0.5887593436373925
2,3,svm,raw_pca17,global4,68,0.7130434782608696,0.7105441671618142
2,3,knn,raw_pca17,global4,68,0.6086956521739131,0.607090259108043
2,3,rf,raw_pca17,global4,68,0.6260869565217392,0.6287762592895708
2,3,mlp,raw_pca17,global4,68,0.6260869565217392,0.6166155068594094
2,3,svm,raw_pca17,global5,85,0.6695652173913044,0.6770869245133951
2,3,knn,raw_pca17,global5,85,0.6347826086956522,0.6368478013214854
2,3,rf,raw_pca17,global5,85,0.7043478260869566,0.6995084868149885
2,3,mlp,raw_pca17,global5,85,0.7130434782608696,0.7173583768011013
2,3,svm,raw_pca17,pyramid,255,0.6782608695652174,0.6662948268261362
2,3,knn,raw_pca17,pyramid,255,0.5478260869565217,0.5522344144994521
2,3,rf,raw_pca17,pyramid,255,0.6347826086956522,0.633290164141228
2,3,mlp,raw_pca17,pyramid,255,0.5826086956521739,0.5713144963144964
2,3,svm,raw_pca17,resample16,272,0.7130434782608696,0.706593322619988
2,3,knn,raw_pca17,resample16,272,0.5565217391304348,0.5572008638537874
2,3,rf,raw_pca17,resample16,272,0.7304347826086957,0.7041792991113223
2,3,mlp,raw_pca17,resample16,272,0.7043478260869566,0.6997446776232937
2,3,svm,joint_angle,global4,44,0.7217391304347827,0.7244327553295387
2,3,knn,joint_angle,global4,44,0.7565217391304347,0.7501212298602007
2,3,rf,joint_angle,global4,44,0.8347826086956521,0.8339184556370051
2,3,mlp,joint_angle,global4,44,0.808695652173913,0.8064102564102565
2,3,svm,joint_angle,global5,55,0.7565217391304347,0.7592618730974907
2,3,knn,joint_angle,global5,55,0.782608695652174,0.7802808568937601
2,3,rf,joint_angle,global5,55,0.8173913043478261,0.8155382462068509
2,3,mlp,joint_angle,global5,55,0.8,0.796556456816638
2,3,svm,joint_angle,pyramid,165,0.8695652173913043,0.8712004369899106
2,3,knn,joint_angle,pyramid,165,0.8260869565217391,0.8279265043970927
2,3,rf,joint_angle,pyramid,165,0.8434782608695652,0.842040983532759
2,3,mlp,joint_angle,pyramid,165,0.8173913043478261,0.815747702589808
2,3,svm,joint_angle,resample16,176,0.8521739130434782,0.8534326735565125
2,3,knn,joint_angle,resample16,176,0.782608695652174,0.7767262679027386
2,3,rf,joint_angle,resample16,176,0.8434782608695652,0.8377140768588136
2,3,mlp,joint_angle,resample16,176,0.8,0.7905714902505662
2,3,svm,corrected,global4,68,0.8521739130434782,0.8516543884964939
2,3,knn,corrected,global4,68,0.782608695652174,0.781475419773292
2,3,rf,corrected,global4,68,0.8,0.7964268309663046
2,3,mlp,corrected,global4,68,0.782608695652174,0.7785582529484968
2,3,svm,corrected,global5,85,0.7391304347826086,0.734774267055775
2,3,knn,corrected,global5,85,0.7913043478260869,0.7905155155155156
2,3,rf,corrected,global5,85,0.808695652173913,0.8056019823618414
2,3,mlp,corrected,global5,85,0.7739130434782608,0.7742883055383055
2,3,svm,corrected,pyramid,255,0.8347826086956521,0.8337331513802102
2,3,knn,corrected,pyramid,255,0.7478260869565218,0.7454667903197314
2,3,rf,corrected,pyramid,255,0.7913043478260869,0.7872023809523809
2,3,mlp,corrected,pyramid,255,0.7652173913043478,0.7567790035531972
2,3,svm,corrected,resample16,272,0.8173913043478261,0.8203154974727017
2,3,knn,corrected,resample16,272,0.6695652173913044,0.6427069711647434
2,3,rf,corrected,resample16,272,0.808695652173913,0.7982256569465873
2,3,mlp,corrected,resample16,272,0.808695652173913,0.7995364170423179
2,3,svm,optimized_action,global4,68,0.808695652173913,0.8091257421604565
2,3,knn,optimized_action,global4,68,0.7652173913043478,0.7624426117847172
2,3,rf,optimized_action,global4,68,0.782608695652174,0.7828548112493269
2,3,mlp,optimized_action,global4,68,0.782608695652174,0.7794734177712902
2,3,svm,optimized_action,global5,85,0.8173913043478261,0.8176661573720398
2,3,knn,optimized_action,global5,85,0.7652173913043478,0.7648868509400358
2,3,rf,optimized_action,global5,85,0.7739130434782608,0.7757217280851734
2,3,mlp,optimized_action,global5,85,0.7739130434782608,0.7741298338217466
2,3,svm,optimized_action,pyramid,255,0.8173913043478261,0.8173693938399822
2,3,knn,optimized_action,pyramid,255,0.6869565217391305,0.6693605126342884
2,3,rf,optimized_action,pyramid,255,0.7913043478260869,0.7914997970577314
2,3,mlp,optimized_action,pyramid,255,0.7652173913043478,0.760100852075195
2,3,svm,optimized_action,resample16,272,0.8,0.8007497432497432
2,3,knn,optimized_action,resample16,272,0.6956521739130435,0.6633169538430871
2,3,rf,optimized_action,resample16,272,0.7739130434782608,0.7498687502563471
2,3,mlp,optimized_action,resample16,272,0.7652173913043478,0.7521121516090252
2,3,svm,optimized_full,global4,252,0.4608695652173913,0.46897570476001854
2,3,knn,optimized_full,global4,252,0.41739130434782606,0.365467058245516
2,3,rf,optimized_full,global4,252,0.5565217391304348,0.5418054014058453
2,3,mlp,optimized_full,global4,252,0.48695652173913045,0.4512759458441371
2,3,svm,optimized_full,global5,315,0.4608695652173913,0.4699544696495916
2,3,knn,optimized_full,global5,315,0.4260869565217391,0.38342867312605383
2,3,rf,optimized_full,global5,315,0.5739130434782609,0.548726567550097
2,3,mlp,optimized_full,global5,315,0.4260869565217391,0.3915922014858186
2,3,svm,optimized_full,pyramid,945,0.391304347826087,0.3685751376360377
2,3,knn,optimized_full,pyramid,945,0.34782608695652173,0.3239479293400862
2,3,rf,optimized_full,pyramid,945,0.4260869565217391,0.40685993911800367
2,3,mlp,optimized_full,pyramid,945,0.40869565217391307,0.38651321875006084
2,3,svm,optimized_full,resample16,1008,0.3826086956521739,0.339271341885852
2,3,knn,optimized_full,resample16,1008,0.34782608695652173,0.3070212559567882
2,3,rf,optimized_full,resample16,1008,0.4608695652173913,0.4239777954792235
2,3,mlp,optimized_full,resample16,1008,0.3739130434782609,0.31827382034612633
3,3,svm,raw,global4,252,0.40869565217391307,0.3716271793256685
3,3,knn,raw,global4,252,0.3739130434782609,0.3509329459789035
3,3,rf,raw,global4,252,0.3130434782608696,0.3101803394751433
3,3,mlp,raw,global4,252,0.3826086956521739,0.3494366744366744
3,3,svm,raw,global5,315,0.4260869565217391,0.38464370702147127
3,3,knn,raw,global5,315,0.3739130434782609,0.3507475467440906
3,3,rf,raw,global5,315,0.41739130434782606,0.40580130033756473
3,3,mlp,raw,global5,315,0.4,0.38406224723152277
3,3,svm,raw,pyramid,945,0.40869565217391307,0.4031717534675619
3,3,knn,raw,pyramid,945,0.33043478260869563,0.3088939927175221
3,3,rf,raw,pyramid,945,0.4,0.3923284914795951
3,3,mlp,raw,pyramid,945,0.4,0.39754460342695636
3,3,svm,raw,resample16,1008,0.34782608695652173,0.3182265473005184
3,3,knn,raw,resample16,1008,0.4,0.3554774783476609
3,3,rf,raw,resample16,1008,0.45217391304347826,0.45301000760849774
3,3,mlp,raw,resample16,1008,0.41739130434782606,0.4069636884854277
3,3,svm,raw_pca11,global4,44,0.5565217391304348,0.5543839758125473
3,3,knn,raw_pca11,global4,44,0.45217391304347826,0.4494142427756609
3,3,rf,raw_pca11,global4,44,0.4956521739130435,0.49248726184210057
3,3,mlp,raw_pca11,global4,44,0.5304347826086957,0.5211275154012679
3,3,svm,raw_pca11,global5,55,0.6260869565217392,0.610080089945451
3,3,knn,raw_pca11,global5,55,0.5391304347826087,0.5356026953674041
3,3,rf,raw_pca11,global5,55,0.5826086956521739,0.5743814451131524
3,3,mlp,raw_pca11,global5,55,0.5739130434782609,0.562300187956602
3,3,svm,raw_pca11,pyramid,165,0.5478260869565217,0.5416804954304955
3,3,knn,raw_pca11,pyramid,165,0.5130434782608696,0.5136896137239308
3,3,rf,raw_pca11,pyramid,165,0.6260869565217392,0.6080142149608094
3,3,mlp,raw_pca11,pyramid,165,0.5652173913043478,0.5653670196668918
3,3,svm,raw_pca11,resample16,176,0.5826086956521739,0.5808997005256771
3,3,knn,raw_pca11,resample16,176,0.5826086956521739,0.5669209773687386
3,3,rf,raw_pca11,resample16,176,0.7217391304347827,0.7179765130984643
3,3,mlp,raw_pca11,resample16,176,0.6608695652173913,0.6568701894247434
3,3,svm,raw_pca17,global4,68,0.5391304347826087,0.5135786170036497
3,3,knn,raw_pca17,global4,68,0.5130434782608696,0.49440702087286525
3,3,rf,raw_pca17,global4,68,0.5565217391304348,0.557469654528478
3,3,mlp,raw_pca17,global4,68,0.5565217391304348,0.5361040318701609
3,3,svm,raw_pca17,global5,85,0.5739130434782609,0.5446802813684458
3,3,knn,raw_pca17,global5,85,0.5739130434782609,0.5536685641998734
3,3,rf,raw_pca17,global5,85,0.5652173913043478,0.5549756275246471
3,3,mlp,raw_pca17,global5,85,0.4608695652173913,0.44460578844332344
3,3,svm,raw_pca17,pyramid,255,0.5391304347826087,0.533031783031783
3,3,knn,raw_pca17,pyramid,255,0.5130434782608696,0.5129354698477561
3,3,rf,raw_pca17,pyramid,255,0.6260869565217392,0.611193526621774
3,3,mlp,raw_pca17,pyramid,255,0.5130434782608696,0.5085817885817886
3,3,svm,raw_pca17,resample16,272,0.6,0.5920449792081888
3,3,knn,raw_pca17,resample16,272,0.6434782608695652,0.6301484895033281
3,3,rf,raw_pca17,resample16,272,0.7565217391304347,0.7663620059453393
3,3,mlp,raw_pca17,resample16,272,0.5739130434782609,0.5841073854528172
3,3,svm,joint_angle,global4,44,0.6260869565217392,0.6335893035893035
3,3,knn,joint_angle,global4,44,0.6608695652173913,0.6764100464100465
3,3,rf,joint_angle,global4,44,0.6521739130434783,0.647757782818514
3,3,mlp,joint_angle,global4,44,0.6434782608695652,0.6479684254878054
3,3,svm,joint_angle,global5,55,0.6521739130434783,0.653641170415364
3,3,knn,joint_angle,global5,55,0.6782608695652174,0.6884393398544342
3,3,rf,joint_angle,global5,55,0.7217391304347827,0.7259928448841663
3,3,mlp,joint_angle,global5,55,0.6956521739130435,0.6966667054105478
3,3,svm,joint_angle,pyramid,165,0.6869565217391305,0.6821037385553513
3,3,knn,joint_angle,pyramid,165,0.6695652173913044,0.6834843452598406
3,3,rf,joint_angle,pyramid,165,0.7304347826086957,0.7296990846772026
3,3,mlp,joint_angle,pyramid,165,0.7217391304347827,0.7192469102336275
3,3,svm,joint_angle,resample16,176,0.7130434782608696,0.7220216610860039
3,3,knn,joint_angle,resample16,176,0.7391304347826086,0.7430571327630151
3,3,rf,joint_angle,resample16,176,0.7652173913043478,0.7674247804623834
3,3,mlp,joint_angle,resample16,176,0.6608695652173913,0.6678037257996078
3,3,svm,corrected,global4,68,0.6434782608695652,0.6171255842308474
3,3,knn,corrected,global4,68,0.6086956521739131,0.6113122171945701
3,3,rf,corrected,global4,68,0.6434782608695652,0.6422188697618618
3,3,mlp,corrected,global4,68,0.6173913043478261,0.6097236097236097
3,3,svm,corrected,global5,85,0.6086956521739131,0.5894016643053871
3,3,knn,corrected,global5,85,0.6695652173913044,0.6839849460732313
3,3,rf,corrected,global5,85,0.7304347826086957,0.7248976513682396
3,3,mlp,corrected,global5,85,0.6956521739130435,0.7035584233434041
3,3,svm,corrected,pyramid,255,0.7043478260869566,0.6646665315041624
3,3,knn,corrected,pyramid,255,0.6695652173913044,0.665212687762597
3,3,rf,corrected,pyramid,255,0.6782608695652174,0.6725000622466591
3,3,mlp,corrected,pyramid,255,0.6782608695652174,0.6729264855440017
3,3,svm,corrected,resample16,272,0.6782608695652174,0.6589112399019222
3,3,knn,corrected,resample16,272,0.7565217391304347,0.7537625861155273
3,3,rf,corrected,resample16,272,0.782608695652174,0.7877245189830689
3,3,mlp,corrected,resample16,272,0.7130434782608696,0.7137574637574637
3,3,svm,optimized_action,global4,68,0.6,0.581981062725607
3,3,knn,optimized_action,global4,68,0.6086956521739131,0.5930546033944837
3,3,rf,optimized_action,global4,68,0.6608695652173913,0.655015405015405
3,3,mlp,optimized_action,global4,68,0.6260869565217392,0.6196103429255334
3,3,svm,optimized_action,global5,85,0.6086956521739131,0.6099893629554647
3,3,knn,optimized_action,global5,85,0.6347826086956522,0.6344242925125277
3,3,rf,optimized_action,global5,85,0.6869565217391305,0.6837749068931864
3,3,mlp,optimized_action,global5,85,0.6782608695652174,0.6761372615945329
3,3,svm,optimized_action,pyramid,255,0.6521739130434783,0.6148876690732289
3,3,knn,optimized_action,pyramid,255,0.6347826086956522,0.635475424935998
3,3,rf,optimized_action,pyramid,255,0.6956521739130435,0.6893646549528903
3,3,mlp,optimized_action,pyramid,255,0.6782608695652174,0.6775854611618132
3,3,svm,optimized_action,resample16,272,0.6869565217391305,0.6781404774735827
3,3,knn,optimized_action,resample16,272,0.7304347826086957,0.731181400396554
3,3,rf,optimized_action,resample16,272,0.7391304347826086,0.7437778524428076
3,3,mlp,optimized_action,resample16,272,0.7043478260869566,0.7092171717171717
3,3,svm,optimized_full,global4,252,0.4,0.4042179819490744
3,3,knn,optimized_full,global4,252,0.41739130434782606,0.4187348452431893
3,3,rf,optimized_full,global4,252,0.4260869565217391,0.3948045529325858
3,3,mlp,optimized_full,global4,252,0.4434782608695652,0.4188123764423959
3,3,svm,optimized_full,global5,315,0.391304347826087,0.4025343573289127
3,3,knn,optimized_full,global5,315,0.40869565217391307,0.4070546356924066
3,3,rf,optimized_full,global5,315,0.4,0.37705797327599333
3,3,mlp,optimized_full,global5,315,0.3826086956521739,0.37697185175765346
3,3,svm,optimized_full,pyramid,945,0.34782608695652173,0.3391114842915075
3,3,knn,optimized_full,pyramid,945,0.2608695652173913,0.2462633894894604
3,3,rf,optimized_full,pyramid,945,0.3565217391304348,0.3532428190322927
3,3,mlp,optimized_full,pyramid,945,0.34782608695652173,0.331263815729011
3,3,svm,optimized_full,resample16,1008,0.3652173913043478,0.3328324564375316
3,3,knn,optimized_full,resample16,1008,0.24347826086956523,0.22914177335229968
3,3,rf,optimized_full,resample16,1008,0.41739130434782606,0.4188762626262626
3,3,mlp,optimized_full,resample16,1008,0.3391304347826087,0.31495200511044896
4,3,svm,raw,global4,252,0.4260869565217391,0.4305947766703581
4,3,knn,raw,global4,252,0.3391304347826087,0.33455194231056296
4,3,rf,raw,global4,252,0.48695652173913045,0.4889006798035526
4,3,mlp,raw,global4,252,0.43478260869565216,0.44046845473628954
4,3,svm,raw,global5,315,0.45217391304347826,0.4522767009195019
4,3,knn,raw,global5,315,0.3391304347826087,0.340250455344795
4,3,rf,raw,global5,315,0.5130434782608696,0.5109406949090275
4,3,mlp,raw,global5,315,0.48695652173913045,0.4852167957431115
4,3,svm,raw,pyramid,945,0.40869565217391307,0.4027648473398115
4,3,knn,raw,pyramid,945,0.4782608695652174,0.4694616595353975
4,3,rf,raw,pyramid,945,0.5739130434782609,0.5532758842685626
4,3,mlp,raw,pyramid,945,0.41739130434782606,0.41624814916695524
4,3,svm,raw,resample16,1008,0.4608695652173913,0.4603623393801965
4,3,knn,raw,resample16,1008,0.43478260869565216,0.41277550180608086
4,3,rf,raw,resample16,1008,0.6173913043478261,0.6129926718162012
4,3,mlp,raw,resample16,1008,0.4434782608695652,0.4451648042729636
4,3,svm,raw_pca11,global4,44,0.6608695652173913,0.6624414948398117
4,3,knn,raw_pca11,global4,44,0.5565217391304348,0.5605874260206961
4,3,rf,raw_pca11,global4,44,0.6956521739130435,0.6871207156956786
4,3,mlp,raw_pca11,global4,44,0.6086956521739131,0.6107286580970791
4,3,svm,raw_pca11,global5,55,0.6086956521739131,0.6082524430499722
4,3,knn,raw_pca11,global5,55,0.5739130434782609,0.5857262960078138
4,3,rf,raw_pca11,global5,55,0.7043478260869566,0.7017711758403248
4,3,mlp,raw_pca11,global5,55,0.591304347826087,0.5911291543370536
4,3,svm,raw_pca11,pyramid,165,0.6434782608695652,0.641360449171617
4,3,knn,raw_pca11,pyramid,165,0.5739130434782609,0.5678484874602029
4,3,rf,raw_pca11,pyramid,165,0.7478260869565218,0.741851196071145
4,3,mlp,raw_pca11,pyramid,165,0.7304347826086957,0.72491674991675
4,3,svm,raw_pca11,resample16,176,0.7478260869565218,0.7643554205871564
4,3,knn,raw_pca11,resample16,176,0.6347826086956522,0.6392132715155029
4,3,rf,raw_pca11,resample16,176,0.782608695652174,0.7801871069163663
4,3,mlp,raw_pca11,resample16,176,0.7304347826086957,0.7253397322414915
4,3,svm,raw_pca17,global4,68,0.6260869565217392,0.6332950349472773
4,3,knn,raw_pca17,global4,68,0.6260869565217392,0.6270436841247227
4,3,rf,raw_pca17,global4,68,0.7391304347826086,0.7445439579340508
4,3,mlp,raw_pca17,global4,68,0.6347826086956522,0.6362234613376506
4,3,svm,raw_pca17,global5,85,0.6608695652173913,0.665345473678807
4,3,knn,raw_pca17,global5,85,0.6086956521739131,0.6133640297481668
4,3,rf,raw_pca17,global5,85,0.6782608695652174,0.6819296627535506
4,3,mlp,raw_pca17,global5,85,0.7391304347826086,0.745158362851532
4,3,svm,raw_pca17,pyramid,255,0.7043478260869566,0.7046637078254725
4,3,knn,raw_pca17,pyramid,255,0.7043478260869566,0.697618826697195
4,3,rf,raw_pca17,pyramid,255,0.782608695652174,0.7765457237149503
4,3,mlp,raw_pca17,pyramid,255,0.6956521739130435,0.6989443893972659
4,3,svm,raw_pca17,resample16,272,0.7130434782608696,0.7338102512188699
4,3,knn,raw_pca17,resample16,272,0.6695652173913044,0.6794350886572218
4,3,rf,raw_pca17,resample16,272,0.7652173913043478,0.7656210548906732
4,3,mlp,raw_pca17,resample16,272,0.7739130434782608,0.7720619658119658
4,3,svm,joint_angle,global4,44,0.7478260869565218,0.7555120312320623
4,3,knn,joint_angle,global4,44,0.7478260869565218,0.7530604446236424
4,3,rf,joint_angle,global4,44,0.8695652173913043,0.8709360380866081
4,3,mlp,joint_angle,global4,44,0.7478260869565218,0.7542476231992361
4,3,svm,joint_angle,global5,55,0.7913043478260869,0.7989948504654386
4,3,knn,joint_angle,global5,55,0.7739130434782608,0.7793837329194025
4,3,rf,joint_angle,global5,55,0.8434782608695652,0.8446212275159644
4,3,mlp,joint_angle,global5,55,0.7391304347826086,0.740895440895441
4,3,svm,joint_angle,pyramid,165,0.808695652173913,0.8053241068435412
4,3,knn,joint_angle,pyramid,165,0.7739130434782608,0.774989274989275
4,3,rf,joint_angle,pyramid,165,0.8782608695652174,0.8765217974343046
4,3,mlp,joint_angle,pyramid,165,0.8260869565217391,0.8264498839471314
4,3,svm,joint_angle,resample16,176,0.8347826086956521,0.8412054588525176
4,3,knn,joint_angle,resample16,176,0.8434782608695652,0.8455038904090312
4,3,rf,joint_angle,resample16,176,0.8608695652173913,0.8589759606734618
4,3,mlp,joint_angle,resample16,176,0.8434782608695652,0.8430862634592907
4,3,svm,corrected,global4,68,0.7652173913043478,0.7677137677137676
4,3,knn,corrected,global4,68,0.7391304347826086,0.7517594914982796
4,3,rf,corrected,global4,68,0.8608695652173913,0.8634828942274385
4,3,mlp,corrected,global4,68,0.7739130434782608,0.7736326109391124
4,3,svm,corrected,global5,85,0.7565217391304347,0.7595415477768418
4,3,knn,corrected,global5,85,0.7130434782608696,0.7247096101245374
4,3,rf,corrected,global5,85,0.8695652173913043,0.8697854948628944
4,3,mlp,corrected,global5,85,0.7913043478260869,0.7927692440669188
4,3,svm,corrected,pyramid,255,0.8260869565217391,0.8256561698422163
4,3,knn,corrected,pyramid,255,0.782608695652174,0.7846335538196003
4,3,rf,corrected,pyramid,255,0.8434782608695652,0.8397191413320447
4,3,mlp,corrected,pyramid,255,0.8347826086956521,0.8322664206565135
4,3,svm,corrected,resample16,272,0.8347826086956521,0.8398693397549232
4,3,knn,corrected,resample16,272,0.7565217391304347,0.7473871061654913
4,3,rf,corrected,resample16,272,0.8608695652173913,0.8511355890420931
4,3,mlp,corrected,resample16,272,0.8173913043478261,0.8173685313220197
4,3,svm,optimized_action,global4,68,0.7652173913043478,0.7672838009000996
4,3,knn,optimized_action,global4,68,0.7217391304347827,0.7252429893558926
4,3,rf,optimized_action,global4,68,0.8347826086956521,0.8347889225202207
4,3,mlp,optimized_action,global4,68,0.7304347826086957,0.7168955394066393
4,3,svm,optimized_action,global5,85,0.808695652173913,0.8122604491025545
4,3,knn,optimized_action,global5,85,0.6869565217391305,0.6946440512642602
4,3,rf,optimized_action,global5,85,0.8260869565217391,0.8267292289180115
4,3,mlp,optimized_action,global5,85,0.7739130434782608,0.7758756141332984
4,3,svm,optimized_action,pyramid,255,0.8173913043478261,0.8189721342936117
4,3,knn,optimized_action,pyramid,255,0.7391304347826086,0.7408978339894893
4,3,rf,optimized_action,pyramid,255,0.8173913043478261,0.8160866257785385
4,3,mlp,optimized_action,pyramid,255,0.8173913043478261,0.8160976728446334
4,3,svm,optimized_action,resample16,272,0.8434782608695652,0.8487119291084775
4,3,knn,optimized_action,resample16,272,0.7652173913043478,0.757725523411798
4,3,rf,optimized_action,resample16,272,0.8260869565217391,0.816031062961012
4,3,mlp,optimized_action,resample16,272,0.8,0.7994407107014206
4,3,svm,optimized_full,global4,252,0.4782608695652174,0.4860165433694845
4,3,knn,optimized_full,global4,252,0.40869565217391307,0.4124084085598864
4,3,rf,optimized_full,global4,252,0.5478260869565217,0.5362116957534194
4,3,mlp,optimized_full,global4,252,0.5391304347826087,0.5346832708553574
4,3,svm,optimized_full,global5,315,0.48695652173913045,0.4951665473186479
4,3,knn,optimized_full,global5,315,0.43478260869565216,0.42923850574712646
4,3,rf,optimized_full,global5,315,0.5652173913043478,0.5475479681362034
4,3,mlp,optimized_full,global5,315,0.4956521739130435,0.49969430875183635
4,3,svm,optimized_full,pyramid,945,0.5217391304347826,0.5037084700705963
4,3,knn,optimized_full,pyramid,945,0.43478260869565216,0.42043650793650794
4,3,rf,optimized_full,pyramid,945,0.5739130434782609,0.5701271548045742
4,3,mlp,optimized_full,pyramid,945,0.4782608695652174,0.4696948898733387
4,3,svm,optimized_full,resample16,1008,0.4782608695652174,0.45895500433543907
4,3,knn,optimized_full,resample16,1008,0.48695652173913045,0.44687429364848713
4,3,rf,optimized_full,resample16,1008,0.591304347826087,0.5443783833347358
4,3,mlp,optimized_full,resample16,1008,0.5217391304347826,0.500969444361893
5,3,svm,raw,global4,252,0.3652173913043478,0.36146784015447614
5,3,knn,raw,global4,252,0.3217391304347826,0.291632179839727
5,3,rf,raw,global4,252,0.4,0.3909415096915097
5,3,mlp,raw,global4,252,0.391304347826087,0.38495010436186905
5,3,svm,raw,global5,315,0.40869565217391307,0.40709488502041696
5,3,knn,raw,global5,315,0.34782608695652173,0.3220142602495543
5,3,rf,raw,global5,315,0.4608695652173913,0.45706356223597605
5,3,mlp,raw,global5,315,0.391304347826087,0.3846966719700719
5,3,svm,raw,pyramid,945,0.391304347826087,0.3979786960632666
5,3,knn,raw,pyramid,945,0.33043478260869563,0.32428724645538437
5,3,rf,raw,pyramid,945,0.5217391304347826,0.5278028683394296
5,3,mlp,raw,pyramid,945,0.3565217391304348,0.3390694277099558
5,3,svm,raw,resample16,1008,0.34782608695652173,0.351373688290524
5,3,knn,raw,resample16,1008,0.33043478260869563,0.3145603360657124
5,3,rf,raw,resample16,1008,0.5652173913043478,0.5715727643829807
5,3,mlp,raw,resample16,1008,0.33043478260869563,0.3057730407115653
5,3,svm,raw_pca11,global4,44,0.5565217391304348,0.5622428111484199
5,3,knn,raw_pca11,global4,44,0.4608695652173913,0.47246758532472816
5,3,rf,raw_pca11,global4,44,0.591304347826087,0.584573768531803
5,3,mlp,raw_pca11,global4,44,0.6086956521739131,0.6167461579226284
5,3,svm,raw_pca11,global5,55,0.5826086956521739,0.5903259594436064
5,3,knn,raw_pca11,global5,55,0.46956521739130436,0.4880005653201768
5,3,rf,raw_pca11,global5,55,0.6782608695652174,0.6759242036735643
5,3,mlp,raw_pca11,global5,55,0.6,0.6000182727997544
5,3,svm,raw_pca11,pyramid,165,0.5565217391304348,0.5710940067557715
5,3,knn,raw_pca11,pyramid,165,0.5217391304347826,0.526353100383138
5,3,rf,raw_pca11,pyramid,165,0.6521739130434783,0.6620661196000754
5,3,mlp,raw_pca11,pyramid,165,0.6,0.6043357186974209
5,3,svm,raw_pca11,resample16,176,0.5826086956521739,0.5875199875199876
5,3,knn,raw_pca11,resample16,176,0.5391304347826087,0.5261636650480465
5,3,rf,raw_pca11,resample16,176,0.7217391304347827,0.7242894889953714
5,3,mlp,raw_pca11,resample16,176,0.6347826086956522,0.6324671248145757
5,3,svm,raw_pca17,global4,68,0.5565217391304348,0.5542557301770324
5,3,knn,raw_pca17,global4,68,0.4782608695652174,0.4819593355083199
5,3,rf,raw_pca17,global4,68,0.6260869565217392,0.6138165509495206
5,3,mlp,raw_pca17,global4,68,0.6695652173913044,0.6732417524024411
5,3,svm,raw_pca17,global5,85,0.5739130434782609,0.5743977037616402
5,3,knn,raw_pca17,global5,85,0.4956521739130435,0.49512124163608284
5,3,rf,raw_pca17,global5,85,0.6086956521739131,0.6070426592764414
5,3,mlp,raw_pca17,global5,85,0.6260869565217392,0.6307827649932912
5,3,svm,raw_pca17,pyramid,255,0.5304347826086957,0.5426293367469839
5,3,knn,raw_pca17,pyramid,255,0.48695652173913045,0.4861582036536112
5,3,rf,raw_pca17,pyramid,255,0.6695652173913044,0.6762257748627906
5,3,mlp,raw_pca17,pyramid,255,0.5652173913043478,0.5776137767876556
5,3,svm,raw_pca17,resample16,272,0.591304347826087,0.6053937943902733
5,3,knn,raw_pca17,resample16,272,0.5304347826086957,0.4962049801657436
5,3,rf,raw_pca17,resample16,272,0.7217391304347827,0.7263202145353175
5,3,mlp,raw_pca17,resample16,272,0.6173913043478261,0.6071933151594169
5,3,svm,joint_angle,global4,44,0.7565217391304347,0.7555306628058512
5,3,knn,joint_angle,global4,44,0.7217391304347827,0.727113824115048
5,3,rf,joint_angle,global4,44,0.8434782608695652,0.8438063885432308
5,3,mlp,joint_angle,global4,44,0.7739130434782608,0.7783612764357309
5,3,svm,joint_angle,global5,55,0.7739130434782608,0.7709331163295358
5,3,knn,joint_angle,global5,55,0.7043478260869566,0.7101549609684779
5,3,rf,joint_angle,global5,55,0.8260869565217391,0.8238753936122357
5,3,mlp,joint_angle,global5,55,0.7652173913043478,0.7671544377187063
5,3,svm,joint_angle,pyramid,165,0.782608695652174,0.7892043467331192
5,3,knn,joint_angle,pyramid,165,0.7391304347826086,0.758213716108453
5,3,rf,joint_angle,pyramid,165,0.8521739130434782,0.8537752695647433
5,3,mlp,joint_angle,pyramid,165,0.7739130434782608,0.770674446825342
5,3,svm,joint_angle,resample16,176,0.8260869565217391,0.8297930267037819
5,3,knn,joint_angle,resample16,176,0.8521739130434782,0.8608504025740688
5,3,rf,joint_angle,resample16,176,0.8782608695652174,0.880573721363195
5,3,mlp,joint_angle,resample16,176,0.808695652173913,0.8113659613659614
5,3,svm,corrected,global4,68,0.7565217391304347,0.7616894942889237
5,3,knn,corrected,global4,68,0.6608695652173913,0.6710324024840154
5,3,rf,corrected,global4,68,0.8608695652173913,0.858579663230826
5,3,mlp,corrected,global4,68,0.6782608695652174,0.6775241835320746
5,3,svm,corrected,global5,85,0.7652173913043478,0.7698700799326205
5,3,knn,corrected,global5,85,0.7043478260869566,0.7077656842362724
5,3,rf,corrected,global5,85,0.8695652173913043,0.8690501921888316
5,3,mlp,corrected,global5,85,0.782608695652174,0.7843335132808816
5,3,svm,corrected,pyramid,255,0.7391304347826086,0.74725413983726
5,3,knn,corrected,pyramid,255,0.6869565217391305,0.686079738092122
5,3,rf,corrected,pyramid,255,0.782608695652174,0.782728159913851
5,3,mlp,corrected,pyramid,255,0.7130434782608696,0.7128241233793268
5,3,svm,corrected,resample16,272,0.7913043478260869,0.7964477600415126
5,3,knn,corrected,resample16,272,0.8,0.8055259134206502
5,3,rf,corrected,resample16,272,0.8521739130434782,0.8536233894196593
5,3,mlp,corrected,resample16,272,0.808695652173913,0.803951718585865
5,3,svm,optimized_action,global4,68,0.6695652173913044,0.6789415624474335
5,3,knn,optimized_action,global4,68,0.7043478260869566,0.7034184318150046
5,3,rf,optimized_action,global4,68,0.7913043478260869,0.7945195195195196
5,3,mlp,optimized_action,global4,68,0.6347826086956522,0.6307386796037596
5,3,svm,optimized_action,global5,85,0.7043478260869566,0.7122769110573989
5,3,knn,optimized_action,global5,85,0.7043478260869566,0.7039606722212627
5,3,rf,optimized_action,global5,85,0.8695652173913043,0.8683557854289563
5,3,mlp,optimized_action,global5,85,0.7913043478260869,0.7919831407334238
5,3,svm,optimized_action,pyramid,255,0.7130434782608696,0.7188986554041633
5,3,knn,optimized_action,pyramid,255,0.6347826086956522,0.6401496491387417
5,3,rf,optimized_action,pyramid,255,0.8173913043478261,0.8139459099664491
5,3,mlp,optimized_action,pyramid,255,0.6521739130434783,0.635981583670929
5,3,svm,optimized_action,resample16,272,0.7478260869565218,0.753697181812507
5,3,knn,optimized_action,resample16,272,0.7565217391304347,0.7571194833232907
5,3,rf,optimized_action,resample16,272,0.8521739130434782,0.8556856232722728
5,3,mlp,optimized_action,resample16,272,0.6956521739130435,0.6808896323602206
5,3,svm,optimized_full,global4,252,0.34782608695652173,0.3360011545439551
5,3,knn,optimized_full,global4,252,0.3652173913043478,0.3563200438200438
5,3,rf,optimized_full,global4,252,0.34782608695652173,0.3562126526029266
5,3,mlp,optimized_full,global4,252,0.43478260869565216,0.4289766005597011
5,3,svm,optimized_full,global5,315,0.3565217391304348,0.3478518000226552
5,3,knn,optimized_full,global5,315,0.40869565217391307,0.38870826055036584
5,3,rf,optimized_full,global5,315,0.3826086956521739,0.3908663007040289
5,3,mlp,optimized_full,global5,315,0.3652173913043478,0.3649366425664801
5,3,svm,optimized_full,pyramid,945,0.3652173913043478,0.3480189587280121
5,3,knn,optimized_full,pyramid,945,0.3652173913043478,0.3436695510965768
5,3,rf,optimized_full,pyramid,945,0.3652173913043478,0.36275051576775713
5,3,mlp,optimized_full,pyramid,945,0.4,0.3870733904701606
5,3,svm,optimized_full,resample16,1008,0.3565217391304348,0.3500223281430532
5,3,knn,optimized_full,resample16,1008,0.2782608695652174,0.2617941628965625
5,3,rf,optimized_full,resample16,1008,0.46956521739130436,0.46103761747803373
5,3,mlp,optimized_full,resample16,1008,0.391304347826087,0.3808044952568279
6,3,svm,raw,global4,252,0.46956521739130436,0.453815349501624
6,3,knn,raw,global4,252,0.43478260869565216,0.41944799539260064
6,3,rf,raw,global4,252,0.4956521739130435,0.48450687140342313
6,3,mlp,raw,global4,252,0.5217391304347826,0.5045430102598887
6,3,svm,raw,global5,315,0.46956521739130436,0.4563224826955727
6,3,knn,raw,global5,315,0.4782608695652174,0.4605784319409214
6,3,rf,raw,global5,315,0.5304347826086957,0.5224788584838128
6,3,mlp,raw,global5,315,0.5391304347826087,0.5194200479914765
6,3,svm,raw,pyramid,945,0.43478260869565216,0.41129575323123707
6,3,knn,raw,pyramid,945,0.4782608695652174,0.44159943971550364
6,3,rf,raw,pyramid,945,0.4956521739130435,0.48924643754365116
6,3,mlp,raw,pyramid,945,0.43478260869565216,0.4023817599668993
6,3,svm,raw,resample16,1008,0.4956521739130435,0.48146909018276235
6,3,knn,raw,resample16,1008,0.40869565217391307,0.38406682324259284
6,3,rf,raw,resample16,1008,0.591304347826087,0.5862023788494377
6,3,mlp,raw,resample16,1008,0.48695652173913045,0.48037526767109345
6,3,svm,raw_pca11,global4,44,0.6434782608695652,0.6413804224048966
6,3,knn,raw_pca11,global4,44,0.5739130434782609,0.5757731966398405
6,3,rf,raw_pca11,global4,44,0.6956521739130435,0.6908900066794804
6,3,mlp,raw_pca11,global4,44,0.6086956521739131,0.6058989115495462
6,3,svm,raw_pca11,global5,55,0.6521739130434783,0.650689994716691
6,3,knn,raw_pca11,global5,55,0.6086956521739131,0.602603238265003
6,3,rf,raw_pca11,global5,55,0.7043478260869566,0.7037180448958393
6,3,mlp,raw_pca11,global5,55,0.6434782608695652,0.6467698563975842
6,3,svm,raw_pca11,pyramid,165,0.6260869565217392,0.6251944886029996
6,3,knn,raw_pca11,pyramid,165,0.6,0.595412366595095
6,3,rf,raw_pca11,pyramid,165,0.7043478260869566,0.6846445711151593
6,3,mlp,raw_pca11,pyramid,165,0.6347826086956522,0.6353004905690485
6,3,svm,raw_pca11,resample16,176,0.7130434782608696,0.7303998012460343
6,3,knn,raw_pca11,resample16,176,0.6869565217391305,0.6859991039426524
6,3,rf,raw_pca11,resample16,176,0.7652173913043478,0.7571799884299885
6,3,mlp,raw_pca11,resample16,176,0.7565217391304347,0.7640350385103646
6,3,svm,raw_pca17,global4,68,0.6956521739130435,0.7254649081854964
6,3,knn,raw_pca17,global4,68,0.6608695652173913,0.6790472020073538
6,3,rf,raw_pca17,global4,68,0.7130434782608696,0.7146082494075846
6,3,mlp,raw_pca17,global4,68,0.6521739130434783,0.669469785230933
6,3,svm,raw_pca17,global5,85,0.6782608695652174,0.703932542180902
6,3,knn,raw_pca17,global5,85,0.6173913043478261,0.6256546988164636
6,3,rf,raw_pca17,global5,85,0.7478260869565218,0.7504933504933504
6,3,mlp,raw_pca17,global5,85,0.6869565217391305,0.6913108316750806
6,3,svm,raw_pca17,pyramid,255,0.7043478260869566,0.7167451829216537
6,3,knn,raw_pca17,pyramid,255,0.6956521739130435,0.7077694235588973
6,3,rf,raw_pca17,pyramid,255,0.7739130434782608,0.7716962752440274
6,3,mlp,raw_pca17,pyramid,255,0.7217391304347827,0.7192932339991164
6,3,svm,raw_pca17,resample16,272,0.7739130434782608,0.7741002697276932
6,3,knn,raw_pca17,resample16,272,0.7217391304347827,0.7333686371994509
6,3,rf,raw_pca17,resample16,272,0.7565217391304347,0.757462839779913
6,3,mlp,raw_pca17,resample16,272,0.7565217391304347,0.7455006049606775
6,3,svm,joint_angle,global4,44,0.6956521739130435,0.7035124169939196
6,3,knn,joint_angle,global4,44,0.7217391304347827,0.7278916874119273
6,3,rf,joint_angle,global4,44,0.7565217391304347,0.7587939304068337
6,3,mlp,joint_angle,global4,44,0.7304347826086957,0.7378741610993753
6,3,svm,joint_angle,global5,55,0.7043478260869566,0.7111548268904171
6,3,knn,joint_angle,global5,55,0.7130434782608696,0.7247451089887301
6,3,rf,joint_angle,global5,55,0.782608695652174,0.7824105645534217
6,3,mlp,joint_angle,global5,55,0.7565217391304347,0.7640166307240971
6,3,svm,joint_angle,pyramid,165,0.7652173913043478,0.7771530266825967
6,3,knn,joint_angle,pyramid,165,0.7304347826086957,0.7338472443735601
6,3,rf,joint_angle,pyramid,165,0.8260869565217391,0.8234133703241255
6,3,mlp,joint_angle,pyramid,165,0.7478260869565218,0.756475000580788
6,3,svm,joint_angle,resample16,176,0.8434782608695652,0.8438898936538591
6,3,knn,joint_angle,resample16,176,0.7913043478260869,0.7932636448765482
6,3,rf,joint_angle,resample16,176,0.8347826086956521,0.8363026779183449
6,3,mlp,joint_angle,resample16,176,0.7565217391304347,0.76476936260443
6,3,svm,corrected,global4,68,0.7130434782608696,0.7286696454153759
6,3,knn,corrected,global4,68,0.7304347826086957,0.7312064347404276
6,3,rf,corrected,global4,68,0.808695652173913,0.808858137572262
6,3,mlp,corrected,global4,68,0.7304347826086957,0.7277412085830655
6,3,svm,corrected,global5,85,0.6956521739130435,0.7054868027446531
6,3,knn,corrected,global5,85,0.7304347826086957,0.7381780764571824
6,3,rf,corrected,global5,85,0.7565217391304347,0.7576172000514106
6,3,mlp,corrected,global5,85,0.7565217391304347,0.7530176938071675
6,3,svm,corrected,pyramid,255,0.7739130434782608,0.7865702596885393
6,3,knn,corrected,pyramid,255,0.7913043478260869,0.7956562808536494
6,3,rf,corrected,pyramid,255,0.808695652173913,0.8096581322587514
6,3,mlp,corrected,pyramid,255,0.8,0.8042478546019064
6,3,svm,corrected,resample16,272,0.782608695652174,0.7880121192621193
6,3,knn,corrected,resample16,272,0.7130434782608696,0.7010414422179126
6,3,rf,corrected,resample16,272,0.808695652173913,0.8038846285390063
6,3,mlp,corrected,resample16,272,0.7478260869565218,0.7418547819156339
6,3,svm,optimized_action,global4,68,0.6782608695652174,0.6962427174879036
6,3,knn,optimized_action,global4,68,0.7217391304347827,0.725038714672861
6,3,rf,optimized_action,global4,68,0.7652173913043478,0.7660288182027314
6,3,mlp,optimized_action,global4,68,0.7130434782608696,0.7068450288314465
6,3,svm,optimized_action,global5,85,0.6782608695652174,0.682805920366896
6,3,knn,optimized_action,global5,85,0.7739130434782608,0.777264909153454
6,3,rf,optimized_action,global5,85,0.8434782608695652,0.8435424224897909
6,3,mlp,optimized_action,global5,85,0.7304347826086957,0.7323597599383187
6,3,svm,optimized_action,pyramid,255,0.7391304347826086,0.754986701569802
6,3,knn,optimized_action,pyramid,255,0.782608695652174,0.7849201831759972
6,3,rf,optimized_action,pyramid,255,0.7913043478260869,0.7878628227071744
6,3,mlp,optimized_action,pyramid,255,0.7652173913043478,0.7676885159407848
6,3,svm,optimized_action,resample16,272,0.808695652173913,0.8127312932341396
6,3,knn,optimized_action,resample16,272,0.6869565217391305,0.6618420322616085
6,3,rf,optimized_action,resample16,272,0.8608695652173913,0.8594531936923242
6,3,mlp,optimized_action,resample16,272,0.7304347826086957,0.7161546044524768
6,3,svm,optimized_full,global4,252,0.4782608695652174,0.49433001708543506
6,3,knn,optimized_full,global4,252,0.43478260869565216,0.4382946856631067
6,3,rf,optimized_full,global4,252,0.5739130434782609,0.5872117779482743
6,3,mlp,optimized_full,global4,252,0.5304347826086957,0.5364092949458803
6,3,svm,optimized_full,global5,315,0.4956521739130435,0.5076595599239418
6,3,knn,optimized_full,global5,315,0.45217391304347826,0.4548364153627311
6,3,rf,optimized_full,global5,315,0.5565217391304348,0.5589463516182038
6,3,mlp,optimized_full,global5,315,0.5043478260869565,0.5101542514024581
6,3,svm,optimized_full,pyramid,945,0.45217391304347826,0.4597283041555487
6,3,knn,optimized_full,pyramid,945,0.4,0.38858414384730183
6,3,rf,optimized_full,pyramid,945,0.5652173913043478,0.5581117209406683
6,3,mlp,optimized_full,pyramid,945,0.5130434782608696,0.522817493744812
6,3,svm,optimized_full,resample16,1008,0.4260869565217391,0.42076867869171214
6,3,knn,optimized_full,resample16,1008,0.3826086956521739,0.33706335934596804
6,3,rf,optimized_full,resample16,1008,0.4956521739130435,0.4812875984797
6,3,mlp,optimized_full,resample16,1008,0.4,0.3825628574564745
7,3,svm,raw,global4,252,0.3826086956521739,0.35607085634242064
7,3,knn,raw,global4,252,0.30434782608695654,0.29552703455142476
7,3,rf,raw,global4,252,0.3826086956521739,0.34788318988084826
7,3,mlp,raw,global4,252,0.3652173913043478,0.3470286830321574
7,3,svm,raw,global5,315,0.3826086956521739,0.3564580775885227
7,3,knn,raw,global5,315,0.3565217391304348,0.3390974167444756
7,3,rf,raw,global5,315,0.4,0.36951265354626694
7,3,mlp,raw,global5,315,0.391304347826087,0.37988325053973043
7,3,svm,raw,pyramid,945,0.3652173913043478,0.3392717609501484
7,3,knn,raw,pyramid,945,0.3739130434782609,0.3473623619101165
7,3,rf,raw,pyramid,945,0.43478260869565216,0.42697483675744546
7,3,mlp,raw,pyramid,945,0.3130434782608696,0.2921454223526083
7,3,svm,raw,resample16,1008,0.4260869565217391,0.41336702261792196
7,3,knn,raw,resample16,1008,0.45217391304347826,0.4410496993801827
7,3,rf,raw,resample16,1008,0.4956521739130435,0.4833986825367717
7,3,mlp,raw,resample16,1008,0.40869565217391307,0.39441838774337734
7,3,svm,raw_pca11,global4,44,0.6,0.6083842083842084
7,3,knn,raw_pca11,global4,44,0.5478260869565217,0.5529467904797883
7,3,rf,raw_pca11,global4,44,0.6869565217391305,0.6950740634251273
7,3,mlp,raw_pca11,global4,44,0.591304347826087,0.5920335603841386
7,3,svm,raw_pca11,global5,55,0.6086956521739131,0.6119267594043266
7,3,knn,raw_pca11,global5,55,0.5217391304347826,0.5192396240803724
7,3,rf,raw_pca11,global5,55,0.6521739130434783,0.6531763356163065
7,3,mlp,raw_pca11,global5,55,0.6260869565217392,0.6254780996558167
7,3,svm,raw_pca11,pyramid,165,0.6086956521739131,0.6077475745137646
7,3,knn,raw_pca11,pyramid,165,0.5217391304347826,0.5270929313459801
7,3,rf,raw_pca11,pyramid,165,0.6608695652173913,0.6467071935157042
7,3,mlp,raw_pca11,pyramid,165,0.6173913043478261,0.6224618948765058
7,3,svm,raw_pca11,resample16,176,0.6521739130434783,0.6645472808939356
7,3,knn,raw_pca11,resample16,176,0.5739130434782609,0.5699232478137143
7,3,rf,raw_pca11,resample16,176,0.7652173913043478,0.7655771317536023
7,3,mlp,raw_pca11,resample16,176,0.6782608695652174,0.6732216964775105
7,3,svm,raw_pca17,global4,68,0.6695652173913044,0.6709885594294197
7,3,knn,raw_pca17,global4,68,0.6347826086956522,0.6344272844272844
7,3,rf,raw_pca17,global4,68,0.7652173913043478,0.7667884889736847
7,3,mlp,raw_pca17,global4,68,0.6782608695652174,0.6788876650867864
7,3,svm,raw_pca17,global5,85,0.6434782608695652,0.6427976492271977
7,3,knn,raw_pca17,global5,85,0.6086956521739131,0.6067690058479532
7,3,rf,raw_pca17,global5,85,0.7043478260869566,0.7007572499567574
7,3,mlp,raw_pca17,global5,85,0.6956521739130435,0.7017798164856989
7,3,svm,raw_pca17,pyramid,255,0.6434782608695652,0.6540571975916804
7,3,knn,raw_pca17,pyramid,255,0.6,0.5944324417874021
7,3,rf,raw_pca17,pyramid,255,0.7739130434782608,0.7811739794530782
7,3,mlp,raw_pca17,pyramid,255,0.6869565217391305,0.6940718739984346
7,3,svm,raw_pca17,resample16,272,0.7043478260869566,0.7189935974925833
7,3,knn,raw_pca17,resample16,272,0.6695652173913044,0.6812304075235108
7,3,rf,raw_pca17,resample16,272,0.8173913043478261,0.8224255989735866
7,3,mlp,raw_pca17,resample16,272,0.7739130434782608,0.7798287564918992
7,3,svm,joint_angle,global4,44,0.7391304347826086,0.7469413234119117
7,3,knn,joint_angle,global4,44,0.6086956521739131,0.6137254901960784
7,3,rf,joint_angle,global4,44,0.8521739130434782,0.8494659143459454
7,3,mlp,joint_angle,global4,44,0.6782608695652174,0.6883812827835599
7,3,svm,joint_angle,global5,55,0.7217391304347827,0.7285802858692884
7,3,knn,joint_angle,global5,55,0.6434782608695652,0.6544938884644768
7,3,rf,joint_angle,global5,55,0.8260869565217391,0.8254174567538621
7,3,mlp,joint_angle,global5,55,0.7565217391304347,0.7587770285980006
7,3,svm,joint_angle,pyramid,165,0.782608695652174,0.7797302067104813
7,3,knn,joint_angle,pyramid,165,0.7391304347826086,0.7367915728164176
7,3,rf,joint_angle,pyramid,165,0.8695652173913043,0.8734731499437381
7,3,mlp,joint_angle,pyramid,165,0.782608695652174,0.7867584459810623
7,3,svm,joint_angle,resample16,176,0.8434782608695652,0.8484970496542648
7,3,knn,joint_angle,resample16,176,0.7913043478260869,0.7927360948928501
7,3,rf,joint_angle,resample16,176,0.9217391304347826,0.9230972730972731
7,3,mlp,joint_angle,resample16,176,0.8,0.8062924087875949
7,3,svm,corrected,global4,68,0.6695652173913044,0.6616958444929724
7,3,knn,corrected,global4,68,0.6434782608695652,0.6222307104660046
7,3,rf,corrected,global4,68,0.808695652173913,0.8048477719209427
7,3,mlp,corrected,global4,68,0.6521739130434783,0.629469696969697
7,3,svm,corrected,global5,85,0.6521739130434783,0.6519570477427282
7,3,knn,corrected,global5,85,0.5739130434782609,0.5696124356572118
7,3,rf,corrected,global5,85,0.7652173913043478,0.7643792529757443
7,3,mlp,corrected,global5,85,0.7130434782608696,0.7157187786676129
7,3,svm,corrected,pyramid,255,0.7130434782608696,0.6992724039337355
7,3,knn,corrected,pyramid,255,0.6869565217391305,0.6832190431455137
7,3,rf,corrected,pyramid,255,0.808695652173913,0.8152694304816946
7,3,mlp,corrected,pyramid,255,0.7391304347826086,0.734178527409783
7,3,svm,corrected,resample16,272,0.8347826086956521,0.8402957165576629
7,3,knn,corrected,resample16,272,0.7739130434782608,0.780055212842098
7,3,rf,corrected,resample16,272,0.9043478260869565,0.9064277255816796
7,3,mlp,corrected,resample16,272,0.808695652173913,0.8152135854341737
7,3,svm,optimized_action,global4,68,0.7043478260869566,0.6957499150738684
7,3,knn,optimized_action,global4,68,0.6521739130434783,0.6431780208095997
7,3,rf,optimized_action,global4,68,0.8,0.8040145963603567
7,3,mlp,optimized_action,global4,68,0.7043478260869566,0.7057191628720338
7,3,svm,optimized_action,global5,85,0.6434782608695652,0.6356493555276517
7,3,knn,optimized_action,global5,85,0.591304347826087,0.5900871850916454
7,3,rf,optimized_action,global5,85,0.8434782608695652,0.8462425716640586
7,3,mlp,optimized_action,global5,85,0.6521739130434783,0.64247380016548
7,3,svm,optimized_action,pyramid,255,0.6869565217391305,0.6684941051781417
7,3,knn,optimized_action,pyramid,255,0.6260869565217392,0.6307166594763194
7,3,rf,optimized_action,pyramid,255,0.8173913043478261,0.8229765624635262
7,3,mlp,optimized_action,pyramid,255,0.6956521739130435,0.6869111280875987
7,3,svm,optimized_action,resample16,272,0.8,0.8029215311568253
7,3,knn,optimized_action,resample16,272,0.7130434782608696,0.7289125457171229
7,3,rf,optimized_action,resample16,272,0.8782608695652174,0.8786965709418117
7,3,mlp,optimized_action,resample16,272,0.7217391304347827,0.7201116557734205
7,3,svm,optimized_full,global4,252,0.3826086956521739,0.37467595757069444
7,3,knn,optimized_full,global4,252,0.3652173913043478,0.35472088821649433
7,3,rf,optimized_full,global4,252,0.4434782608695652,0.42074635909651265
7,3,mlp,optimized_full,global4,252,0.34782608695652173,0.3188285291943828
7,3,svm,optimized_full,global5,315,0.3826086956521739,0.3782795881833572
7,3,knn,optimized_full,global5,315,0.3391304347826087,0.3104761904761905
7,3,rf,optimized_full,global5,315,0.4434782608695652,0.41735438051227525
7,3,mlp,optimized_full,global5,315,0.3739130434782609,0.35314071581795686
7,3,svm,optimized_full,pyramid,945,0.3652173913043478,0.36211218941273215
7,3,knn,optimized_full,pyramid,945,0.3739130434782609,0.3589309318332838
7,3,rf,optimized_full,pyramid,945,0.4608695652173913,0.45850756502385576
7,3,mlp,optimized_full,pyramid,945,0.4260869565217391,0.4218425733974199
7,3,svm,optimized_full,resample16,1008,0.40869565217391307,0.4122807142486777
7,3,knn,optimized_full,resample16,1008,0.30434782608695654,0.2871473447131342
7,3,rf,optimized_full,resample16,1008,0.46956521739130436,0.48046579894748714
7,3,mlp,optimized_full,resample16,1008,0.40869565217391307,0.40949328449328454
8,3,svm,raw,global4,252,0.3652173913043478,0.3481407971029144
8,3,knn,raw,global4,252,0.3739130434782609,0.36310264199464765
8,3,rf,raw,global4,252,0.4260869565217391,0.40094666129809714
8,3,mlp,raw,global4,252,0.3739130434782609,0.37613530549577057
8,3,svm,raw,global5,315,0.3739130434782609,0.3554070688428703
8,3,knn,raw,global5,315,0.3652173913043478,0.358390022675737
8,3,rf,raw,global5,315,0.4260869565217391,0.3999390769101489
8,3,mlp,raw,global5,315,0.3826086956521739,0.3751403590837547
8,3,svm,raw,pyramid,945,0.34782608695652173,0.3285806287089984
8,3,knn,raw,pyramid,945,0.3565217391304348,0.34568037281922276
8,3,rf,raw,pyramid,945,0.45217391304347826,0.4226886892387854
8,3,mlp,raw,pyramid,945,0.3565217391304348,0.33625977017028585
8,3,svm,raw,resample16,1008,0.4,0.3894130931724917
8,3,knn,raw,resample16,1008,0.41739130434782606,0.4129957316663306
8,3,rf,raw,resample16,1008,0.45217391304347826,0.42568146623024666
8,3,mlp,raw,resample16,1008,0.4434782608695652,0.43984126984126976
8,3,svm,raw_pca11,global4,44,0.591304347826087,0.589324287245167
8,3,knn,raw_pca11,global4,44,0.5130434782608696,0.5010714285714285
8,3,rf,raw_pca11,global4,44,0.591304347826087,0.595977897097718
8,3,mlp,raw_pca11,global4,44,0.6173913043478261,0.5938503431931136
8,3,svm,raw_pca11,global5,55,0.6521739130434783,0.6561473640615056
8,3,knn,raw_pca11,global5,55,0.6,0.5903936996195746
8,3,rf,raw_pca11,global5,55,0.6434782608695652,0.6473994952772542
8,3,mlp,raw_pca11,global5,55,0.6695652173913044,0.6762597236735167
8,3,svm,raw_pca11,pyramid,165,0.5826086956521739,0.585900422073306
8,3,knn,raw_pca11,pyramid,165,0.5304347826086957,0.5258954686747466
8,3,rf,raw_pca11,pyramid,165,0.6347826086956522,0.6481739432529735
8,3,mlp,raw_pca11,pyramid,165,0.5304347826086957,0.5463595890705865
8,3,svm,raw_pca11,resample16,176,0.6782608695652174,0.6962341104671014
8,3,knn,raw_pca11,resample16,176,0.7130434782608696,0.7002756117286818
8,3,rf,raw_pca11,resample16,176,0.7043478260869566,0.6998512734198602
8,3,mlp,raw_pca11,resample16,176,0.7478260869565218,0.7447030997034609
8,3,svm,raw_pca17,global4,68,0.6347826086956522,0.6339629524222549
8,3,knn,raw_pca17,global4,68,0.6173913043478261,0.6005104996557412
8,3,rf,raw_pca17,global4,68,0.6695652173913044,0.666746570423041
8,3,mlp,raw_pca17,global4,68,0.6869565217391305,0.6616565545136973
8,3,svm,raw_pca17,global5,85,0.6695652173913044,0.6694929935841119
8,3,knn,raw_pca17,global5,85,0.6260869565217392,0.6168507289511305
8,3,rf,raw_pca17,global5,85,0.7304347826086957,0.7322115384615385
8,3,mlp,raw_pca17,global5,85,0.7043478260869566,0.6990777109824728
8,3,svm,raw_pca17,pyramid,255,0.6695652173913044,0.6736377479110036
8,3,knn,raw_pca17,pyramid,255,0.5652173913043478,0.5408131203465244
8,3,rf,raw_pca17,pyramid,255,0.7391304347826086,0.7392989065900073
8,3,mlp,raw_pca17,pyramid,255,0.6782608695652174,0.6569985443713473
8,3,svm,raw_pca17,resample16,272,0.7739130434782608,0.7727376606532617
8,3,knn,raw_pca17,resample16,272,0.6521739130434783,0.6307613790372412
8,3,rf,raw_pca17,resample16,272,0.8434782608695652,0.840784660228895
8,3,mlp,raw_pca17,resample16,272,0.7304347826086957,0.7231139665922276
8,3,svm,joint_angle,global4,44,0.7913043478260869,0.7754656196516662
8,3,knn,joint_angle,global4,44,0.6782608695652174,0.6729583803752601
8,3,rf,joint_angle,global4,44,0.782608695652174,0.7745628355384454
8,3,mlp,joint_angle,global4,44,0.7913043478260869,0.7884451314224233
8,3,svm,joint_angle,global5,55,0.7913043478260869,0.7815990861550334
8,3,knn,joint_angle,global5,55,0.6347826086956522,0.622394144807938
8,3,rf,joint_angle,global5,55,0.8260869565217391,0.8251978337078599
8,3,mlp,joint_angle,global5,55,0.7478260869565218,0.7432269237911431
8,3,svm,joint_angle,pyramid,165,0.808695652173913,0.8060620573551608
8,3,knn,joint_angle,pyramid,165,0.7652173913043478,0.7727683481375379
8,3,rf,joint_angle,pyramid,165,0.8782608695652174,0.8818559880092388
8,3,mlp,joint_angle,pyramid,165,0.7130434782608696,0.7207729470023372
8,3,svm,joint_angle,resample16,176,0.8347826086956521,0.8351536220806169
8,3,knn,joint_angle,resample16,176,0.8434782608695652,0.8459231931254886
8,3,rf,joint_angle,resample16,176,0.8608695652173913,0.8639394996338288
8,3,mlp,joint_angle,resample16,176,0.7391304347826086,0.7385393664341033
8,3,svm,corrected,global4,68,0.7739130434782608,0.7790018317352212
8,3,knn,corrected,global4,68,0.591304347826087,0.5571482599678088
8,3,rf,corrected,global4,68,0.8260869565217391,0.8258830179561887
8,3,mlp,corrected,global4,68,0.808695652173913,0.8073573954192331
8,3,svm,corrected,global5,85,0.7739130434782608,0.7725417100670651
8,3,knn,corrected,global5,85,0.5739130434782609,0.542620897343536
8,3,rf,corrected,global5,85,0.8782608695652174,0.879544708492077
8,3,mlp,corrected,global5,85,0.7652173913043478,0.7618463194201319
8,3,svm,corrected,pyramid,255,0.8173913043478261,0.8192760942760943
8,3,knn,corrected,pyramid,255,0.6695652173913044,0.6563285326135696
8,3,rf,corrected,pyramid,255,0.9043478260869565,0.9067178316857393
8,3,mlp,corrected,pyramid,255,0.8,0.8020484615343856
8,3,svm,corrected,resample16,272,0.782608695652174,0.7885015433390047
8,3,knn,corrected,resample16,272,0.808695652173913,0.8080220977279801
8,3,rf,corrected,resample16,272,0.8695652173913043,0.8721411663272128
8,3,mlp,corrected,resample16,272,0.8869565217391304,0.8888746653452536
8,3,svm,optimized_action,global4,68,0.6956521739130435,0.6955962521853994
8,3,knn,optimized_action,global4,68,0.6173913043478261,0.5797261083114474
8,3,rf,optimized_action,global4,68,0.8347826086956521,0.8353205789738297
8,3,mlp,optimized_action,global4,68,0.7913043478260869,0.7854174026988782
8,3,svm,optimized_action,global5,85,0.7130434782608696,0.7076601760812288
8,3,knn,optimized_action,global5,85,0.6347826086956522,0.610847430202269
8,3,rf,optimized_action,global5,85,0.8782608695652174,0.8788037623243015
8,3,mlp,optimized_action,global5,85,0.7043478260869566,0.6809033047330919
8,3,svm,optimized_action,pyramid,255,0.7478260869565218,0.7507196875617929
8,3,knn,optimized_action,pyramid,255,0.6347826086956522,0.6144054998746075
8,3,rf,optimized_action,pyramid,255,0.8521739130434782,0.8535503977318162
8,3,mlp,optimized_action,pyramid,255,0.7217391304347827,0.7196392044218132
8,3,svm,optimized_action,resample16,272,0.808695652173913,0.8084288223823108
8,3,knn,optimized_action,resample16,272,0.782608695652174,0.7837163239985819
8,3,rf,optimized_action,resample16,272,0.9043478260869565,0.9064605329311212
8,3,mlp,optimized_action,resample16,272,0.8260869565217391,0.8247909655483469
8,3,svm,optimized_full,global4,252,0.5217391304347826,0.5007833436404865
8,3,knn,optimized_full,global4,252,0.4956521739130435,0.5008882428940569
8,3,rf,optimized_full,global4,252,0.5652173913043478,0.5465754943668847
8,3,mlp,optimized_full,global4,252,0.4956521739130435,0.48826638016396445
8,3,svm,optimized_full,global5,315,0.46956521739130436,0.453364705361672
8,3,knn,optimized_full,global5,315,0.48695652173913045,0.4924033941061805
8,3,rf,optimized_full,global5,315,0.5217391304347826,0.5140873712302284
8,3,mlp,optimized_full,global5,315,0.5478260869565217,0.5348484848484849
8,3,svm,optimized_full,pyramid,945,0.41739130434782606,0.4139575702075702
8,3,knn,optimized_full,pyramid,945,0.48695652173913045,0.4745514197161608
8,3,rf,optimized_full,pyramid,945,0.5739130434782609,0.5620686557232083
8,3,mlp,optimized_full,pyramid,945,0.46956521739130436,0.45080835271818276
8,3,svm,optimized_full,resample16,1008,0.391304347826087,0.38160578456631083
8,3,knn,optimized_full,resample16,1008,0.4782608695652174,0.4584668479391976
8,3,rf,optimized_full,resample16,1008,0.5130434782608696,0.4961342260481428
8,3,mlp,optimized_full,resample16,1008,0.3739130434782609,0.3626632208052581
9,3,svm,raw,global4,252,0.33043478260869563,0.3300689190933094
9,3,knn,raw,global4,252,0.30434782608695654,0.30305542364365895
9,3,rf,raw,global4,252,0.43478260869565216,0.4231900543531805
9,3,mlp,raw,global4,252,0.3652173913043478,0.36170055997642203
9,3,svm,raw,global5,315,0.34782608695652173,0.3454839169911154
9,3,knn,raw,global5,315,0.30434782608695654,0.30093956050310355
9,3,rf,raw,global5,315,0.5130434782608696,0.4879084780121181
9,3,mlp,raw,global5,315,0.4,0.39586009032153463
9,3,svm,raw,pyramid,945,0.3217391304347826,0.32197032004291076
9,3,knn,raw,pyramid,945,0.3652173913043478,0.3659663865546219
9,3,rf,raw,pyramid,945,0.5652173913043478,0.5616530031120629
9,3,mlp,raw,pyramid,945,0.391304347826087,0.3959248492678726
9,3,svm,raw,resample16,1008,0.4608695652173913,0.4593474959517397
9,3,knn,raw,resample16,1008,0.3652173913043478,0.36382001651916035
9,3,rf,raw,resample16,1008,0.6521739130434783,0.652684655889524
9,3,mlp,raw,resample16,1008,0.4434782608695652,0.4418764089589517
9,3,svm,raw_pca11,global4,44,0.5130434782608696,0.5259493602351848
9,3,knn,raw_pca11,global4,44,0.4956521739130435,0.4716521751562182
9,3,rf,raw_pca11,global4,44,0.7043478260869566,0.7035755465988024
9,3,mlp,raw_pca11,global4,44,0.6,0.6021370694238208
9,3,svm,raw_pca11,global5,55,0.5130434782608696,0.5207230381335207
9,3,knn,raw_pca11,global5,55,0.5043478260869565,0.48261803701211653
9,3,rf,raw_pca11,global5,55,0.6434782608695652,0.647748986416219
9,3,mlp,raw_pca11,global5,55,0.5304347826086957,0.5308379326175928
9,3,svm,raw_pca11,pyramid,165,0.46956521739130436,0.48098129227661063
9,3,knn,raw_pca11,pyramid,165,0.5391304347826087,0.5184853592631411
9,3,rf,raw_pca11,pyramid,165,0.6869565217391305,0.6848486715211868
9,3,mlp,raw_pca11,pyramid,165,0.591304347826087,0.5861509835194045
9,3,svm,raw_pca11,resample16,176,0.7217391304347827,0.7265917204677775
9,3,knn,raw_pca11,resample16,176,0.5565217391304348,0.5508394549592371
9,3,rf,raw_pca11,resample16,176,0.7652173913043478,0.7673615784986764
9,3,mlp,raw_pca11,resample16,176,0.7217391304347827,0.7142504117542817
9,3,svm,raw_pca17,global4,68,0.5652173913043478,0.5727727406752174
9,3,knn,raw_pca17,global4,68,0.5826086956521739,0.5733597528655668
9,3,rf,raw_pca17,global4,68,0.7739130434782608,0.7745049216321447
9,3,mlp,raw_pca17,global4,68,0.6521739130434783,0.6460126177432872
9,3,svm,raw_pca17,global5,85,0.5652173913043478,0.5674082496978495
9,3,knn,raw_pca17,global5,85,0.5652173913043478,0.5517813051146384
9,3,rf,raw_pca17,global5,85,0.7565217391304347,0.757415181940694
9,3,mlp,raw_pca17,global5,85,0.6260869565217392,0.6219244069853826
9,3,svm,raw_pca17,pyramid,255,0.5478260869565217,0.561386853160201
9,3,knn,raw_pca17,pyramid,255,0.5826086956521739,0.566144383692262
9,3,rf,raw_pca17,pyramid,255,0.6782608695652174,0.6774314129523766
9,3,mlp,raw_pca17,pyramid,255,0.6260869565217392,0.6287442396313364
9,3,svm,raw_pca17,resample16,272,0.7739130434782608,0.7839255890980029
9,3,knn,raw_pca17,resample16,272,0.5478260869565217,0.5258972313265482
9,3,rf,raw_pca17,resample16,272,0.8434782608695652,0.8476870063857609
9,3,mlp,raw_pca17,resample16,272,0.7304347826086957,0.732267830259393
9,3,svm,joint_angle,global4,44,0.7478260869565218,0.7487081501616385
9,3,knn,joint_angle,global4,44,0.591304347826087,0.5820850273735868
9,3,rf,joint_angle,global4,44,0.8260869565217391,0.8237290830944083
9,3,mlp,joint_angle,global4,44,0.7565217391304347,0.7451124894402206
9,3,svm,joint_angle,global5,55,0.7391304347826086,0.7436419724715982
9,3,knn,joint_angle,global5,55,0.5739130434782609,0.5683124745624746
9,3,rf,joint_angle,global5,55,0.7478260869565218,0.7500361638132537
9,3,mlp,joint_angle,global5,55,0.7565217391304347,0.7545891479715009
9,3,svm,joint_angle,pyramid,165,0.7565217391304347,0.7598579075632991
9,3,knn,joint_angle,pyramid,165,0.5826086956521739,0.57513961062021
9,3,rf,joint_angle,pyramid,165,0.7739130434782608,0.7766997864017088
9,3,mlp,joint_angle,pyramid,165,0.7565217391304347,0.7574233303895381
9,3,svm,joint_angle,resample16,176,0.8,0.8039361779744404
9,3,knn,joint_angle,resample16,176,0.6869565217391305,0.6731737322344533
9,3,rf,joint_angle,resample16,176,0.8608695652173913,0.8622650005628728
9,3,mlp,joint_angle,resample16,176,0.8608695652173913,0.8631433381433382
9,3,svm,corrected,global4,68,0.6956521739130435,0.692155756241343
9,3,knn,corrected,global4,68,0.6086956521739131,0.5796852329531151
9,3,rf,corrected,global4,68,0.7391304347826086,0.7432150529069657
9,3,mlp,corrected,global4,68,0.7304347826086957,0.720104739716406
9,3,svm,corrected,global5,85,0.7130434782608696,0.7083652782370695
9,3,knn,corrected,global5,85,0.5826086956521739,0.5590001920799756
9,3,rf,corrected,global5,85,0.8,0.8006167292612306
9,3,mlp,corrected,global5,85,0.7391304347826086,0.7237135045405722
9,3,svm,corrected,pyramid,255,0.7130434782608696,0.7133297232697083
9,3,knn,corrected,pyramid,255,0.5739130434782609,0.5529867487555826
9,3,rf,corrected,pyramid,255,0.7565217391304347,0.7541795665634675
9,3,mlp,corrected,pyramid,255,0.6782608695652174,0.6704990350151641
9,3,svm,corrected,resample16,272,0.7739130434782608,0.7829509018533408
9,3,knn,corrected,resample16,272,0.6869565217391305,0.6767070081621166
9,3,rf,corrected,resample16,272,0.8434782608695652,0.8438029169363319
9,3,mlp,corrected,resample16,272,0.8173913043478261,0.8181770140041779
9,3,svm,optimized_action,global4,68,0.7130434782608696,0.7119997538089193
9,3,knn,optimized_action,global4,68,0.5652173913043478,0.5609778436297065
9,3,rf,optimized_action,global4,68,0.7391304347826086,0.7439522889773204
9,3,mlp,optimized_action,global4,68,0.7304347826086957,0.7283718991036064
9,3,svm,optimized_action,global5,85,0.7739130434782608,0.774156775610264
9,3,knn,optimized_action,global5,85,0.5217391304347826,0.5219071115088357
9,3,rf,optimized_action,global5,85,0.808695652173913,0.8096857998655175
9,3,mlp,optimized_action,global5,85,0.6956521739130435,0.6811794398816154
9,3,svm,optimized_action,pyramid,255,0.7217391304347827,0.7258909251606358
9,3,knn,optimized_action,pyramid,255,0.5565217391304348,0.5464171630838297
9,3,rf,optimized_action,pyramid,255,0.808695652173913,0.8089308268648298
9,3,mlp,optimized_action,pyramid,255,0.6695652173913044,0.667970285243401
9,3,svm,optimized_action,resample16,272,0.782608695652174,0.788696423636866
9,3,knn,optimized_action,resample16,272,0.6173913043478261,0.5946620402265563
9,3,rf,optimized_action,resample16,272,0.8869565217391304,0.88798312482523
9,3,mlp,optimized_action,resample16,272,0.7739130434782608,0.7740526240526241
9,3,svm,optimized_full,global4,252,0.3739130434782609,0.3902017170959407
9,3,knn,optimized_full,global4,252,0.3652173913043478,0.3678481733766286
9,3,rf,optimized_full,global4,252,0.34782608695652173,0.3483878895556824
9,3,mlp,optimized_full,global4,252,0.3565217391304348,0.37245071561156307
9,3,svm,optimized_full,global5,315,0.3739130434782609,0.395021645021645
9,3,knn,optimized_full,global5,315,0.3652173913043478,0.3608685429615663
9,3,rf,optimized_full,global5,315,0.4260869565217391,0.43547431031384826
9,3,mlp,optimized_full,global5,315,0.3739130434782609,0.38309166513680876
9,3,svm,optimized_full,pyramid,945,0.33043478260869563,0.33544859170521946
9,3,knn,optimized_full,pyramid,945,0.3391304347826087,0.31685128824663705
9,3,rf,optimized_full,pyramid,945,0.3130434782608696,0.32086489119737205
9,3,mlp,optimized_full,pyramid,945,0.3217391304347826,0.3150039662234784
9,3,svm,optimized_full,resample16,1008,0.3130434782608696,0.3255983480121411
9,3,knn,optimized_full,resample16,1008,0.2956521739130435,0.2878821093654853
9,3,rf,optimized_full,resample16,1008,0.4,0.36475211748300135
9,3,mlp,optimized_full,resample16,1008,0.34782608695652173,0.3361922908937322
10,3,svm,raw,global4,252,0.3391304347826087,0.2941863834667433
10,3,knn,raw,global4,252,0.30434782608695654,0.28329032169810137
10,3,rf,raw,global4,252,0.43478260869565216,0.39836860670194
10,3,mlp,raw,global4,252,0.3217391304347826,0.2838272725133027
10,3,svm,raw,global5,315,0.3652173913043478,0.3369177711469801
10,3,knn,raw,global5,315,0.30434782608695654,0.29656609173058407
10,3,rf,raw,global5,315,0.391304347826087,0.35877289249382277
10,3,mlp,raw,global5,315,0.3652173913043478,0.34156213890409287
10,3,svm,raw,pyramid,945,0.4,0.3827787952787953
10,3,knn,raw,pyramid,945,0.33043478260869563,0.316809096700401
10,3,rf,raw,pyramid,945,0.4608695652173913,0.4324548509331118
10,3,mlp,raw,pyramid,945,0.391304347826087,0.3744815097756274
10,3,svm,raw,resample16,1008,0.3565217391304348,0.3366965323487063
10,3,knn,raw,resample16,1008,0.34782608695652173,0.28478442483019145
10,3,rf,raw,resample16,1008,0.5652173913043478,0.5528413028413028
10,3,mlp,raw,resample16,1008,0.3739130434782609,0.3518658837742285
10,3,svm,raw_pca11,global4,44,0.5826086956521739,0.5846055648282992
10,3,knn,raw_pca11,global4,44,0.5391304347826087,0.5163150257375181
10,3,rf,raw_pca11,global4,44,0.5565217391304348,0.5504710222795329
10,3,mlp,raw_pca11,global4,44,0.6434782608695652,0.6303329029235989
10,3,svm,raw_pca11,global5,55,0.5739130434782609,0.5699744342042606
10,3,knn,raw_pca11,global5,55,0.5391304347826087,0.5257079420396922
10,3,rf,raw_pca11,global5,55,0.5739130434782609,0.5586209242758168
10,3,mlp,raw_pca11,global5,55,0.6521739130434783,0.6446972869840384
10,3,svm,raw_pca11,pyramid,165,0.6434782608695652,0.6468496086377814
10,3,knn,raw_pca11,pyramid,165,0.5478260869565217,0.5277399014241119
10,3,rf,raw_pca11,pyramid,165,0.6086956521739131,0.6063731934699678
10,3,mlp,raw_pca11,pyramid,165,0.6782608695652174,0.6797283734783734
10,3,svm,raw_pca11,resample16,176,0.6608695652173913,0.6765392197272811
10,3,knn,raw_pca11,resample16,176,0.5043478260869565,0.46080218435175585
10,3,rf,raw_pca11,resample16,176,0.6608695652173913,0.6446672634172634
10,3,mlp,raw_pca11,resample16,176,0.6173913043478261,0.6118113912231559
10,3,svm,raw_pca17,global4,68,0.6086956521739131,0.6096275398636893
10,3,knn,raw_pca17,global4,68,0.591304347826087,0.577393373045547
10,3,rf,raw_pca17,global4,68,0.5826086956521739,0.5759710930442637
10,3,mlp,raw_pca17,global4,68,0.6260869565217392,0.6157265057504269
10,3,svm,raw_pca17,global5,85,0.6086956521739131,0.6106816563366815
10,3,knn,raw_pca17,global5,85,0.5565217391304348,0.5452580273955965
10,3,rf,raw_pca17,global5,85,0.6086956521739131,0.6098053444972572
10,3,mlp,raw_pca17,global5,85,0.6434782608695652,0.6345740885851242
10,3,svm,raw_pca17,pyramid,255,0.6521739130434783,0.6581874974870331
10,3,knn,raw_pca17,pyramid,255,0.6347826086956522,0.6205574912891986
10,3,rf,raw_pca17,pyramid,255,0.6521739130434783,0.6486521372369359
10,3,mlp,raw_pca17,pyramid,255,0.7130434782608696,0.7179358653042863
10,3,svm,raw_pca17,resample16,272,0.6695652173913044,0.6828432818734543
10,3,knn,raw_pca17,resample16,272,0.5478260869565217,0.5068819002423505
10,3,rf,raw_pca17,resample16,272,0.7565217391304347,0.7577666128050629
10,3,mlp,raw_pca17,resample16,272,0.7652173913043478,0.7630538909950674
10,3,svm,joint_angle,global4,44,0.6434782608695652,0.65308168533975
10,3,knn,joint_angle,global4,44,0.6608695652173913,0.6657435852482291
10,3,rf,joint_angle,global4,44,0.808695652173913,0.8136809904781663
10,3,mlp,joint_angle,global4,44,0.7217391304347827,0.7263963329763156
10,3,svm,joint_angle,global5,55,0.6521739130434783,0.6600223850223851
10,3,knn,joint_angle,global5,55,0.6173913043478261,0.6046343198140375
10,3,rf,joint_angle,global5,55,0.6695652173913044,0.6643940081149383
10,3,mlp,joint_angle,global5,55,0.6434782608695652,0.645008792293984
10,3,svm,joint_angle,pyramid,165,0.7565217391304347,0.7579626047711154
10,3,knn,joint_angle,pyramid,165,0.5478260869565217,0.5266686801570523
10,3,rf,joint_angle,pyramid,165,0.7391304347826086,0.7424597536829157
10,3,mlp,joint_angle,pyramid,165,0.6695652173913044,0.6661198305387689
10,3,svm,joint_angle,resample16,176,0.7652173913043478,0.7653288957859566
10,3,knn,joint_angle,resample16,176,0.7130434782608696,0.703968253968254
10,3,rf,joint_angle,resample16,176,0.8260869565217391,0.8260794689803257
10,3,mlp,joint_angle,resample16,176,0.7130434782608696,0.71172133314233
10,3,svm,corrected,global4,68,0.7304347826086957,0.7258620431964188
10,3,knn,corrected,global4,68,0.6434782608695652,0.6445530606099712
10,3,rf,corrected,global4,68,0.7130434782608696,0.7189617161554948
10,3,mlp,corrected,global4,68,0.7130434782608696,0.7126509233431104
10,3,svm,corrected,global5,85,0.6521739130434783,0.6480889183417299
10,3,knn,corrected,global5,85,0.6173913043478261,0.6177858304406291
10,3,rf,corrected,global5,85,0.7565217391304347,0.7652279377705623
10,3,mlp,corrected,global5,85,0.6086956521739131,0.6139331030635379
10,3,svm,corrected,pyramid,255,0.7739130434782608,0.7718696005141018
10,3,knn,corrected,pyramid,255,0.6434782608695652,0.6267306267306266
10,3,rf,corrected,pyramid,255,0.7478260869565218,0.7520764185237869
10,3,mlp,corrected,pyramid,255,0.7391304347826086,0.7452045944608052
10,3,svm,corrected,resample16,272,0.7130434782608696,0.7148647631095448
10,3,knn,corrected,resample16,272,0.6434782608695652,0.6169647872630684
10,3,rf,corrected,resample16,272,0.8,0.7931599454304846
10,3,mlp,corrected,resample16,272,0.7913043478260869,0.7894302284546187
10,3,svm,optimized_action,global4,68,0.7391304347826086,0.7411154225178617
10,3,knn,optimized_action,global4,68,0.6782608695652174,0.6724247637543895
10,3,rf,optimized_action,global4,68,0.7478260869565218,0.7501770396507239
10,3,mlp,optimized_action,global4,68,0.7652173913043478,0.7658257611987885
10,3,svm,optimized_action,global5,85,0.6521739130434783,0.6577000394752496
10,3,knn,optimized_action,global5,85,0.6521739130434783,0.6504706781607786
10,3,rf,optimized_action,global5,85,0.7217391304347827,0.7270007073375598
10,3,mlp,optimized_action,global5,85,0.6434782608695652,0.6507591361448731
10,3,svm,optimized_action,pyramid,255,0.7478260869565218,0.7453933639760683
10,3,knn,optimized_action,pyramid,255,0.6,0.5789923526765632
10,3,rf,optimized_action,pyramid,255,0.7304347826086957,0.734804067843117
10,3,mlp,optimized_action,pyramid,255,0.7043478260869566,0.7106249209493254
10,3,svm,optimized_action,resample16,272,0.7304347826086957,0.7379208255818662
10,3,knn,optimized_action,resample16,272,0.6608695652173913,0.634879869234708
10,3,rf,optimized_action,resample16,272,0.7652173913043478,0.7648287385129491
10,3,mlp,optimized_action,resample16,272,0.7565217391304347,0.7475951161714066
10,3,svm,optimized_full,global4,252,0.4434782608695652,0.45086462509199476
10,3,knn,optimized_full,global4,252,0.3565217391304348,0.35970355382120095
10,3,rf,optimized_full,global4,252,0.5217391304347826,0.5226047178892447
10,3,mlp,optimized_full,global4,252,0.43478260869565216,0.4349935195523431
10,3,svm,optimized_full,global5,315,0.3565217391304348,0.35686568295263954
10,3,knn,optimized_full,global5,315,0.33043478260869563,0.3324965641142112
10,3,rf,optimized_full,global5,315,0.5739130434782609,0.5717368550762778
10,3,mlp,optimized_full,global5,315,0.3652173913043478,0.35750621758323936
10,3,svm,optimized_full,pyramid,945,0.3826086956521739,0.3967588766427106
10,3,knn,optimized_full,pyramid,945,0.3565217391304348,0.3466828933714147
10,3,rf,optimized_full,pyramid,945,0.4608695652173913,0.46948110183404307
10,3,mlp,optimized_full,pyramid,945,0.33043478260869563,0.33249752447865655
10,3,svm,optimized_full,resample16,1008,0.3391304347826087,0.3498047639555202
10,3,knn,optimized_full,resample16,1008,0.3130434782608696,0.2927209666340101
10,3,rf,optimized_full,resample16,1008,0.48695652173913045,0.48307543618840154
10,3,mlp,optimized_full,resample16,1008,0.4434782608695652,0.43802209055665275
11,3,svm,raw,global4,252,0.391304347826087,0.3728822334645403
11,3,knn,raw,global4,252,0.26956521739130435,0.2541480156612432
11,3,rf,raw,global4,252,0.40869565217391307,0.40558823529411764
11,3,mlp,raw,global4,252,0.391304347826087,0.38035958035958034
11,3,svm,raw,global5,315,0.3652173913043478,0.352816946506197
11,3,knn,raw,global5,315,0.3217391304347826,0.3032071415582054
11,3,rf,raw,global5,315,0.4260869565217391,0.41446517367569996
11,3,mlp,raw,global5,315,0.33043478260869563,0.3199285130180225
11,3,svm,raw,pyramid,945,0.4,0.3979812034133398
11,3,knn,raw,pyramid,945,0.3391304347826087,0.3352315758426945
11,3,rf,raw,pyramid,945,0.45217391304347826,0.453355858233907
11,3,mlp,raw,pyramid,945,0.41739130434782606,0.40415283049956496
11,3,svm,raw,resample16,1008,0.4,0.4048217040756496
11,3,knn,raw,resample16,1008,0.4,0.389084633077959
11,3,rf,raw,resample16,1008,0.5565217391304348,0.5578135626916114
11,3,mlp,raw,resample16,1008,0.4782608695652174,0.4815825471663169
11,3,svm,raw_pca11,global4,44,0.6521739130434783,0.6823292414852481
11,3,knn,raw_pca11,global4,44,0.6782608695652174,0.6770590231062984
11,3,rf,raw_pca11,global4,44,0.7217391304347827,0.7176599664125765
11,3,mlp,raw_pca11,global4,44,0.7130434782608696,0.7180584121760593
11,3,svm,raw_pca11,global5,55,0.6173913043478261,0.6451124522986128
11,3,knn,raw_pca11,global5,55,0.6608695652173913,0.6597974776974589
11,3,rf,raw_pca11,global5,55,0.6695652173913044,0.6746831459154791
11,3,mlp,raw_pca11,global5,55,0.6695652173913044,0.6648176148176148
11,3,svm,raw_pca11,pyramid,165,0.6086956521739131,0.6371805397667467
11,3,knn,raw_pca11,pyramid,165,0.6782608695652174,0.6802991190540822
11,3,rf,raw_pca11,pyramid,165,0.6956521739130435,0.6908155697629382
11,3,mlp,raw_pca11,pyramid,165,0.6782608695652174,0.6806980056980056
11,3,svm,raw_pca11,resample16,176,0.6695652173913044,0.6873197639326672
11,3,knn,raw_pca11,resample16,176,0.6434782608695652,0.6266334086525803
11,3,rf,raw_pca11,resample16,176,0.6869565217391305,0.6617308900685024
11,3,mlp,raw_pca11,resample16,176,0.6695652173913044,0.6594632135628503
11,3,svm,raw_pca17,global4,68,0.6869565217391305,0.7082097114280318
11,3,knn,raw_pca17,global4,68,0.6086956521739131,0.6117343304843305
11,3,rf,raw_pca17,global4,68,0.7130434782608696,0.721580275928102
11,3,mlp,raw_pca17,global4,68,0.7043478260869566,0.7167732804765129
11,3,svm,raw_pca17,global5,85,0.6173913043478261,0.6494838849251735
11,3,knn,raw_pca17,global5,85,0.5478260869565217,0.5497449391972719
11,3,rf,raw_pca17,global5,85,0.6695652173913044,0.6795471942530765
11,3,mlp,raw_pca17,global5,85,0.6260869565217392,0.6356778849511407
11,3,svm,raw_pca17,pyramid,255,0.6434782608695652,0.674968295975377
11,3,knn,raw_pca17,pyramid,255,0.7130434782608696,0.7097807285307285
11,3,rf,raw_pca17,pyramid,255,0.7043478260869566,0.6994591994591994
11,3,mlp,raw_pca17,pyramid,255,0.7478260869565218,0.7548852993791435
11,3,svm,raw_pca17,resample16,272,0.7217391304347827,0.7449707899737122
11,3,knn,raw_pca17,resample16,272,0.7739130434782608,0.7720969089390142
11,3,rf,raw_pca17,resample16,272,0.7913043478260869,0.773369348167166
11,3,mlp,raw_pca17,resample16,272,0.7130434782608696,0.7143216788011354
11,3,svm,joint_angle,global4,44,0.8,0.8066108507284979
11,3,knn,joint_angle,global4,44,0.6782608695652174,0.6893178893178894
11,3,rf,joint_angle,global4,44,0.8608695652173913,0.8620834397150187
11,3,mlp,joint_angle,global4,44,0.7913043478260869,0.791183876917191
11,3,svm,joint_angle,global5,55,0.7739130434782608,0.7823894031744228
11,3,knn,joint_angle,global5,55,0.7304347826086957,0.7379342623415877
11,3,rf,joint_angle,global5,55,0.7913043478260869,0.7954430682286908
11,3,mlp,joint_angle,global5,55,0.7652173913043478,0.7760315129585079
11,3,svm,joint_angle,pyramid,165,0.7391304347826086,0.7452301925986137
11,3,knn,joint_angle,pyramid,165,0.7913043478260869,0.7888259102001719
11,3,rf,joint_angle,pyramid,165,0.808695652173913,0.8037059597933155
11,3,mlp,joint_angle,pyramid,165,0.8,0.8003284942628391
11,3,svm,joint_angle,resample16,176,0.8347826086956521,0.8404517165407078
11,3,knn,joint_angle,resample16,176,0.7304347826086957,0.715023607390394
11,3,rf,joint_angle,resample16,176,0.8173913043478261,0.8120482873940992
11,3,mlp,joint_angle,resample16,176,0.8608695652173913,0.8631612381612381
11,3,svm,corrected,global4,68,0.782608695652174,0.7835053565736083
11,3,knn,corrected,global4,68,0.7391304347826086,0.7439368350469633
11,3,rf,corrected,global4,68,0.7913043478260869,0.7938284625591128
11,3,mlp,corrected,global4,68,0.782608695652174,0.7805596069326047
11,3,svm,corrected,global5,85,0.7739130434782608,0.7797230917693997
11,3,knn,corrected,global5,85,0.7565217391304347,0.7599712669480111
11,3,rf,corrected,global5,85,0.808695652173913,0.8134522081890503
11,3,mlp,corrected,global5,85,0.782608695652174,0.7849633635279414
11,3,svm,corrected,pyramid,255,0.7739130434782608,0.7795507382890475
11,3,knn,corrected,pyramid,255,0.7478260869565218,0.7414336642768751
11,3,rf,corrected,pyramid,255,0.7913043478260869,0.7881181491088611
11,3,mlp,corrected,pyramid,255,0.7478260869565218,0.7454234554921054
11,3,svm,corrected,resample16,272,0.8347826086956521,0.8419301569010872
11,3,knn,corrected,resample16,272,0.7478260869565218,0.7215949715949715
11,3,rf,corrected,resample16,272,0.7913043478260869,0.7776546242301023
11,3,mlp,corrected,resample16,272,0.8608695652173913,0.8558981495514004
11,3,svm,optimized_action,global4,68,0.782608695652174,0.7848611128228091
11,3,knn,optimized_action,global4,68,0.7217391304347827,0.7213909907768357
11,3,rf,optimized_action,global4,68,0.8,0.8027257421580267
11,3,mlp,optimized_action,global4,68,0.782608695652174,0.7842809769527862
11,3,svm,optimized_action,global5,85,0.7739130434782608,0.7786308216742999
11,3,knn,optimized_action,global5,85,0.7391304347826086,0.7459396406484872
11,3,rf,optimized_action,global5,85,0.8,0.8057100086511851
11,3,mlp,optimized_action,global5,85,0.8173913043478261,0.8188008999221813
11,3,svm,optimized_action,pyramid,255,0.7739130434782608,0.7740132772658436
11,3,knn,optimized_action,pyramid,255,0.7478260869565218,0.7454250552234876
11,3,rf,optimized_action,pyramid,255,0.8,0.7966781471274412
11,3,mlp,optimized_action,pyramid,255,0.7217391304347827,0.7185579123961666
11,3,svm,optimized_action,resample16,272,0.8347826086956521,0.8420399085721666
11,3,knn,optimized_action,resample16,272,0.7565217391304347,0.739246108582493
11,3,rf,optimized_action,resample16,272,0.8260869565217391,0.8179630062608786
11,3,mlp,optimized_action,resample16,272,0.8260869565217391,0.8234845576725047
11,3,svm,optimized_full,global4,252,0.5217391304347826,0.5203957318327638
11,3,knn,optimized_full,global4,252,0.5217391304347826,0.5102020793426031
11,3,rf,optimized_full,global4,252,0.5565217391304348,0.552754341998528
11,3,mlp,optimized_full,global4,252,0.5652173913043478,0.5610649842073991
11,3,svm,optimized_full,global5,315,0.5043478260869565,0.5060848524980519
11,3,knn,optimized_full,global5,315,0.4608695652173913,0.45985364521949895
11,3,rf,optimized_full,global5,315,0.5652173913043478,0.5639360101569404
11,3,mlp,optimized_full,global5,315,0.5304347826086957,0.5241698005661625
11,3,svm,optimized_full,pyramid,945,0.46956521739130436,0.46993033239499793
11,3,knn,optimized_full,pyramid,945,0.4434782608695652,0.4351471744854098
11,3,rf,optimized_full,pyramid,945,0.48695652173913045,0.4866648286003125
11,3,mlp,optimized_full,pyramid,945,0.4956521739130435,0.5000808015513897
11,3,svm,optimized_full,resample16,1008,0.4956521739130435,0.4991751833857097
11,3,knn,optimized_full,resample16,1008,0.41739130434782606,0.3918547900645087
11,3,rf,optimized_full,resample16,1008,0.5391304347826087,0.5264760452706934
11,3,mlp,optimized_full,resample16,1008,0.4782608695652174,0.4759354555794184
12,3,svm,raw,global4,252,0.3739130434782609,0.3636900918829416
12,3,knn,raw,global4,252,0.3217391304347826,0.31052259741567306
12,3,rf,raw,global4,252,0.43478260869565216,0.4267228029423152
12,3,mlp,raw,global4,252,0.40869565217391307,0.3909283615165968
12,3,svm,raw,global5,315,0.3565217391304348,0.3522590455639991
12,3,knn,raw,global5,315,0.30434782608695654,0.27941837581016
12,3,rf,raw,global5,315,0.45217391304347826,0.44683191765235114
12,3,mlp,raw,global5,315,0.3826086956521739,0.36501924001924
12,3,svm,raw,pyramid,945,0.4,0.38628262734052865
12,3,knn,raw,pyramid,945,0.3739130434782609,0.3500214227229652
12,3,rf,raw,pyramid,945,0.5043478260869565,0.47548239873821263
12,3,mlp,raw,pyramid,945,0.4,0.38352396514161224
12,3,svm,raw,resample16,1008,0.41739130434782606,0.42812480864724906
12,3,knn,raw,resample16,1008,0.3565217391304348,0.3506170255709684
12,3,rf,raw,resample16,1008,0.5826086956521739,0.5878936127321063
12,3,mlp,raw,resample16,1008,0.46956521739130436,0.4818724297382834
12,3,svm,raw_pca11,global4,44,0.4782608695652174,0.4805656581629067
12,3,knn,raw_pca11,global4,44,0.4608695652173913,0.46661009738332004
12,3,rf,raw_pca11,global4,44,0.5217391304347826,0.5138011257329009
12,3,mlp,raw_pca11,global4,44,0.4782608695652174,0.47088101956523004
12,3,svm,raw_pca11,global5,55,0.4434782608695652,0.433754277601713
12,3,knn,raw_pca11,global5,55,0.46956521739130436,0.4794144526031183
12,3,rf,raw_pca11,global5,55,0.5304347826086957,0.509566137617444
12,3,mlp,raw_pca11,global5,55,0.46956521739130436,0.47285561978928686
12,3,svm,raw_pca11,pyramid,165,0.43478260869565216,0.42123464611269484
12,3,knn,raw_pca11,pyramid,165,0.48695652173913045,0.486638639059938
12,3,rf,raw_pca11,pyramid,165,0.6347826086956522,0.5973333104285485
12,3,mlp,raw_pca11,pyramid,165,0.5217391304347826,0.5116946778711485
12,3,svm,raw_pca11,resample16,176,0.591304347826087,0.5911100188209989
12,3,knn,raw_pca11,resample16,176,0.591304347826087,0.6078290271838659
12,3,rf,raw_pca11,resample16,176,0.7652173913043478,0.758205406803218
12,3,mlp,raw_pca11,resample16,176,0.7391304347826086,0.7386883192926952
12,3,svm,raw_pca17,global4,68,0.4782608695652174,0.47024269827241544
12,3,knn,raw_pca17,global4,68,0.4608695652173913,0.46773102965053437
12,3,rf,raw_pca17,global4,68,0.591304347826087,0.568072054669478
12,3,mlp,raw_pca17,global4,68,0.4956521739130435,0.4844003668576051
12,3,svm,raw_pca17,global5,85,0.48695652173913045,0.4760447437866792
12,3,knn,raw_pca17,global5,85,0.43478260869565216,0.4529964781416343
12,3,rf,raw_pca17,global5,85,0.5565217391304348,0.5383020755188798
12,3,mlp,raw_pca17,global5,85,0.4608695652173913,0.464612177009394
12,3,svm,raw_pca17,pyramid,255,0.45217391304347826,0.4293301922612267
12,3,knn,raw_pca17,pyramid,255,0.46956521739130436,0.46967156007592464
12,3,rf,raw_pca17,pyramid,255,0.591304347826087,0.5715177133655395
12,3,mlp,raw_pca17,pyramid,255,0.4956521739130435,0.47888560520047196
12,3,svm,raw_pca17,resample16,272,0.6086956521739131,0.6259700265540088
12,3,knn,raw_pca17,resample16,272,0.6782608695652174,0.6893320969017686
12,3,rf,raw_pca17,resample16,272,0.7739130434782608,0.7729703449499253
12,3,mlp,raw_pca17,resample16,272,0.6956521739130435,0.7101250355214549
12,3,svm,joint_angle,global4,44,0.5826086956521739,0.5864723804239933
12,3,knn,joint_angle,global4,44,0.6347826086956522,0.6439215222137071
12,3,rf,joint_angle,global4,44,0.7217391304347827,0.7217325279825281
12,3,mlp,joint_angle,global4,44,0.6,0.5913934981639408
12,3,svm,joint_angle,global5,55,0.6173913043478261,0.6167364405387512
12,3,knn,joint_angle,global5,55,0.6782608695652174,0.6776456683712034
12,3,rf,joint_angle,global5,55,0.6782608695652174,0.6621090327444629
12,3,mlp,joint_angle,global5,55,0.6347826086956522,0.6363952478339271
12,3,svm,joint_angle,pyramid,165,0.6695652173913044,0.664371942420723
12,3,knn,joint_angle,pyramid,165,0.7217391304347827,0.7173365212132207
12,3,rf,joint_angle,pyramid,165,0.7478260869565218,0.7132813221429287
12,3,mlp,joint_angle,pyramid,165,0.7043478260869566,0.6944962383986774
12,3,svm,joint_angle,resample16,176,0.7391304347826086,0.7502447443623913
12,3,knn,joint_angle,resample16,176,0.7565217391304347,0.7572157003916216
12,3,rf,joint_angle,resample16,176,0.8521739130434782,0.8473151290063999
12,3,mlp,joint_angle,resample16,176,0.7565217391304347,0.7512822974339283
12,3,svm,corrected,global4,68,0.6608695652173913,0.663256156027841
12,3,knn,corrected,global4,68,0.591304347826087,0.5694215378007956
12,3,rf,corrected,global4,68,0.6695652173913044,0.6612197542324584
12,3,mlp,corrected,global4,68,0.591304347826087,0.5840270484044553
12,3,svm,corrected,global5,85,0.6347826086956522,0.630695847362514
12,3,knn,corrected,global5,85,0.6173913043478261,0.5911584412393825
12,3,rf,corrected,global5,85,0.6695652173913044,0.6630303289050136
12,3,mlp,corrected,global5,85,0.6,0.5859193553159071
12,3,svm,corrected,pyramid,255,0.6695652173913044,0.6600841398278355
12,3,knn,corrected,pyramid,255,0.6782608695652174,0.6440382122884774
12,3,rf,corrected,pyramid,255,0.7130434782608696,0.6777611734077985
12,3,mlp,corrected,pyramid,255,0.7043478260869566,0.690927737529039
12,3,svm,corrected,resample16,272,0.7478260869565218,0.7629539535112291
12,3,knn,corrected,resample16,272,0.7652173913043478,0.758080529509101
12,3,rf,corrected,resample16,272,0.8,0.7827511242145389
12,3,mlp,corrected,resample16,272,0.6608695652173913,0.6457784904324892
12,3,svm,optimized_action,global4,68,0.6173913043478261,0.5961129397393838
12,3,knn,optimized_action,global4,68,0.6,0.5698638059736458
12,3,rf,optimized_action,global4,68,0.6869565217391305,0.6783374294204706
12,3,mlp,optimized_action,global4,68,0.5826086956521739,0.554857202418178
12,3,svm,optimized_action,global5,85,0.6086956521739131,0.5976824555255927
12,3,knn,optimized_action,global5,85,0.6173913043478261,0.5868709953492562
12,3,rf,optimized_action,global5,85,0.6869565217391305,0.6768298911156055
12,3,mlp,optimized_action,global5,85,0.6434782608695652,0.6340543543643381
12,3,svm,optimized_action,pyramid,255,0.6608695652173913,0.6501131795679859
12,3,knn,optimized_action,pyramid,255,0.6695652173913044,0.6425978568835712
12,3,rf,optimized_action,pyramid,255,0.7217391304347827,0.6773752505632129
12,3,mlp,optimized_action,pyramid,255,0.7130434782608696,0.6954131256729635
12,3,svm,optimized_action,resample16,272,0.7391304347826086,0.7502392575921988
12,3,knn,optimized_action,resample16,272,0.7478260869565218,0.7399453508558617
12,3,rf,optimized_action,resample16,272,0.808695652173913,0.798972768327607
12,3,mlp,optimized_action,resample16,272,0.6956521739130435,0.6872626944055517
12,3,svm,optimized_full,global4,252,0.46956521739130436,0.47016326073894216
12,3,knn,optimized_full,global4,252,0.43478260869565216,0.4201941629339838
12,3,rf,optimized_full,global4,252,0.4608695652173913,0.44746818480121525
12,3,mlp,optimized_full,global4,252,0.4260869565217391,0.39299017997607183
12,3,svm,optimized_full,global5,315,0.4434782608695652,0.44649068218576665
12,3,knn,optimized_full,global5,315,0.40869565217391307,0.39934771795940094
12,3,rf,optimized_full,global5,315,0.46956521739130436,0.4597620536644927
12,3,mlp,optimized_full,global5,315,0.4,0.37023704265083573
12,3,svm,optimized_full,pyramid,945,0.391304347826087,0.38204739718089264
12,3,knn,optimized_full,pyramid,945,0.3739130434782609,0.356359298795089
12,3,rf,optimized_full,pyramid,945,0.43478260869565216,0.42105975056385075
12,3,mlp,optimized_full,pyramid,945,0.4,0.3777265745007681
12,3,svm,optimized_full,resample16,1008,0.3739130434782609,0.3811527101766828
12,3,knn,optimized_full,resample16,1008,0.3130434782608696,0.29116855473177317
12,3,rf,optimized_full,resample16,1008,0.6260869565217392,0.6248416803116504
12,3,mlp,optimized_full,resample16,1008,0.4,0.379188911446976
13,3,svm,raw,global4,252,0.3739130434782609,0.3612762706965605
13,3,knn,raw,global4,252,0.3826086956521739,0.37414410208527854
13,3,rf,raw,global4,252,0.4608695652173913,0.45686960102890434
13,3,mlp,raw,global4,252,0.3739130434782609,0.36435293101959765
13,3,svm,raw,global5,315,0.3739130434782609,0.35892188946639897
13,3,knn,raw,global5,315,0.391304347826087,0.3857303736795569
13,3,rf,raw,global5,315,0.41739130434782606,0.41190476190476194
13,3,mlp,raw,global5,315,0.3739130434782609,0.3592605168836068
13,3,svm,raw,pyramid,945,0.2782608695652174,0.2762974659748853
13,3,knn,raw,pyramid,945,0.3565217391304348,0.3637298371756003
13,3,rf,raw,pyramid,945,0.46956521739130436,0.46059601803142947
13,3,mlp,raw,pyramid,945,0.3739130434782609,0.35628045450477597
13,3,svm,raw,resample16,1008,0.41739130434782606,0.4131766499280111
13,3,knn,raw,resample16,1008,0.3826086956521739,0.35023186776680726
13,3,rf,raw,resample16,1008,0.5391304347826087,0.5453506140380445
13,3,mlp,raw,resample16,1008,0.3652173913043478,0.35288006180060155
13,3,svm,raw_pca11,global4,44,0.591304347826087,0.5982595997232513
13,3,knn,raw_pca11,global4,44,0.591304347826087,0.5873667699899033
13,3,rf,raw_pca11,global4,44,0.5391304347826087,0.5421563088226466
13,3,mlp,raw_pca11,global4,44,0.6434782608695652,0.6432370189485939
13,3,svm,raw_pca11,global5,55,0.5826086956521739,0.5920216266583261
13,3,knn,raw_pca11,global5,55,0.5826086956521739,0.5866096866096866
13,3,rf,raw_pca11,global5,55,0.5304347826086957,0.5433445892996661
13,3,mlp,raw_pca11,global5,55,0.5217391304347826,0.5296157120869764
13,3,svm,raw_pca11,pyramid,165,0.6173913043478261,0.626795147119895
13,3,knn,raw_pca11,pyramid,165,0.6173913043478261,0.6098046494892259
13,3,rf,raw_pca11,pyramid,165,0.6434782608695652,0.6275987227999612
13,3,mlp,raw_pca11,pyramid,165,0.6434782608695652,0.6562359593448058
13,3,svm,raw_pca11,resample16,176,0.6,0.6264433551198257
13,3,knn,raw_pca11,resample16,176,0.7043478260869566,0.7108576236851499
13,3,rf,raw_pca11,resample16,176,0.6869565217391305,0.6873663865402654
13,3,mlp,raw_pca11,resample16,176,0.7043478260869566,0.7115901615901618
13,3,svm,raw_pca17,global4,68,0.6956521739130435,0.6970764208326786
13,3,knn,raw_pca17,global4,68,0.6521739130434783,0.6646065124788528
13,3,rf,raw_pca17,global4,68,0.6956521739130435,0.7028760863319686
13,3,mlp,raw_pca17,global4,68,0.6608695652173913,0.6527376625077773
13,3,svm,raw_pca17,global5,85,0.6608695652173913,0.6667596510148774
13,3,knn,raw_pca17,global5,85,0.6434782608695652,0.6535333729451377
13,3,rf,raw_pca17,global5,85,0.7391304347826086,0.7433320615067731
13,3,mlp,raw_pca17,global5,85,0.6782608695652174,0.6924529648076501
13,3,svm,raw_pca17,pyramid,255,0.7130434782608696,0.7061652357844967
13,3,knn,raw_pca17,pyramid,255,0.6956521739130435,0.7077561327561327
13,3,rf,raw_pca17,pyramid,255,0.7304347826086957,0.735464243724569
13,3,mlp,raw_pca17,pyramid,255,0.6956521739130435,0.7011884985155078
13,3,svm,raw_pca17,resample16,272,0.7304347826086957,0.7433080249643718
13,3,knn,raw_pca17,resample16,272,0.7478260869565218,0.7595238095238095
13,3,rf,raw_pca17,resample16,272,0.8,0.805198515078546
13,3,mlp,raw_pca17,resample16,272,0.782608695652174,0.7943334737452384
13,3,svm,joint_angle,global4,44,0.7913043478260869,0.790931306899543
13,3,knn,joint_angle,global4,44,0.7391304347826086,0.7396594805263536
13,3,rf,joint_angle,global4,44,0.7739130434782608,0.7747637200848007
13,3,mlp,joint_angle,global4,44,0.7652173913043478,0.7677387635086111
13,3,svm,joint_angle,global5,55,0.8,0.7974108627631975
13,3,knn,joint_angle,global5,55,0.7043478260869566,0.7024378827464127
13,3,rf,joint_angle,global5,55,0.7652173913043478,0.7696321217607599
13,3,mlp,joint_angle,global5,55,0.7130434782608696,0.7016017577055567
13,3,svm,joint_angle,pyramid,165,0.8173913043478261,0.8142372821064434
13,3,knn,joint_angle,pyramid,165,0.6608695652173913,0.6538501189891623
13,3,rf,joint_angle,pyramid,165,0.7739130434782608,0.7720709952200825
13,3,mlp,joint_angle,pyramid,165,0.782608695652174,0.7858677708082132
13,3,svm,joint_angle,resample16,176,0.8956521739130435,0.8984583353004406
13,3,knn,joint_angle,resample16,176,0.8260869565217391,0.8237148275621918
13,3,rf,joint_angle,resample16,176,0.8434782608695652,0.8446921473237262
13,3,mlp,joint_angle,resample16,176,0.8782608695652174,0.8800496300496302
13,3,svm,corrected,global4,68,0.7739130434782608,0.7727167432370181
13,3,knn,corrected,global4,68,0.6434782608695652,0.6384408602150539
13,3,rf,corrected,global4,68,0.7652173913043478,0.7678475935828878
13,3,mlp,corrected,global4,68,0.7043478260869566,0.7082209087468555
13,3,svm,corrected,global5,85,0.782608695652174,0.7803274686023428
13,3,knn,corrected,global5,85,0.6260869565217392,0.6271010035715918
13,3,rf,corrected,global5,85,0.8,0.8017510593597551
13,3,mlp,corrected,global5,85,0.7565217391304347,0.7500016650930622
13,3,svm,corrected,pyramid,255,0.8260869565217391,0.8257836433422457
13,3,knn,corrected,pyramid,255,0.6347826086956522,0.6279699061465386
13,3,rf,corrected,pyramid,255,0.7391304347826086,0.7394923073077897
13,3,mlp,corrected,pyramid,255,0.7130434782608696,0.7086138822330802
13,3,svm,corrected,resample16,272,0.8521739130434782,0.8576518734402225
13,3,knn,corrected,resample16,272,0.782608695652174,0.783374359844948
13,3,rf,corrected,resample16,272,0.8782608695652174,0.8799103106548549
13,3,mlp,corrected,resample16,272,0.8956521739130435,0.8979571479250555
13,3,svm,optimized_action,global4,68,0.7565217391304347,0.7565225329901826
13,3,knn,optimized_action,global4,68,0.6695652173913044,0.6573078769702404
13,3,rf,optimized_action,global4,68,0.7913043478260869,0.7843158600731378
13,3,mlp,optimized_action,global4,68,0.7478260869565218,0.7498200886704004
13,3,svm,optimized_action,global5,85,0.7478260869565218,0.7525330105051468
13,3,knn,optimized_action,global5,85,0.6608695652173913,0.6607881032501907
13,3,rf,optimized_action,global5,85,0.8,0.8032728651923698
13,3,mlp,optimized_action,global5,85,0.7565217391304347,0.7602215746865707
13,3,svm,optimized_action,pyramid,255,0.7739130434782608,0.7790738958391356
13,3,knn,optimized_action,pyramid,255,0.6260869565217392,0.6197152524791715
13,3,rf,optimized_action,pyramid,255,0.7652173913043478,0.7646586146586146
13,3,mlp,optimized_action,pyramid,255,0.6956521739130435,0.6827855586679116
13,3,svm,optimized_action,resample16,272,0.8434782608695652,0.8485325889417963
13,3,knn,optimized_action,resample16,272,0.7739130434782608,0.7796072611097277
13,3,rf,optimized_action,resample16,272,0.8434782608695652,0.8426069469493025
13,3,mlp,optimized_action,resample16,272,0.8956521739130435,0.8985216924241314
13,3,svm,optimized_full,global4,252,0.4260869565217391,0.41697489390662684
13,3,knn,optimized_full,global4,252,0.4260869565217391,0.40357569503080337
13,3,rf,optimized_full,global4,252,0.43478260869565216,0.43133534895439657
13,3,mlp,optimized_full,global4,252,0.4782608695652174,0.4520438072324864
13,3,svm,optimized_full,global5,315,0.41739130434782606,0.40628298224845727
13,3,knn,optimized_full,global5,315,0.4,0.37498744826094904
13,3,rf,optimized_full,global5,315,0.4434782608695652,0.4419264286911346
13,3,mlp,optimized_full,global5,315,0.4608695652173913,0.4592337827548622
13,3,svm,optimized_full,pyramid,945,0.3826086956521739,0.3701595660437124
13,3,knn,optimized_full,pyramid,945,0.3739130434782609,0.3534634974533107
13,3,rf,optimized_full,pyramid,945,0.34782608695652173,0.3505221386800334
13,3,mlp,optimized_full,pyramid,945,0.3739130434782609,0.3549265775595563
13,3,svm,optimized_full,resample16,1008,0.3652173913043478,0.34781640745542836
13,3,knn,optimized_full,resample16,1008,0.3826086956521739,0.3775187392327352
13,3,rf,optimized_full,resample16,1008,0.4608695652173913,0.4558545631268199
13,3,mlp,optimized_full,resample16,1008,0.3826086956521739,0.3856745727230763
14,3,svm,raw,global4,252,0.40869565217391307,0.4083498858890849
14,3,knn,raw,global4,252,0.40869565217391307,0.39409098802747566
14,3,rf,raw,global4,252,0.4782608695652174,0.4690402047737055
14,3,mlp,raw,global4,252,0.45217391304347826,0.42134089320247314
14,3,svm,raw,global5,315,0.40869565217391307,0.4095973692516479
14,3,knn,raw,global5,315,0.4,0.3901706104244444
14,3,rf,raw,global5,315,0.4956521739130435,0.49067063318931364
14,3,mlp,raw,global5,315,0.40869565217391307,0.4035702363580716
14,3,svm,raw,pyramid,945,0.41739130434782606,0.402387311956438
14,3,knn,raw,pyramid,945,0.3565217391304348,0.3001608308059921
14,3,rf,raw,pyramid,945,0.4608695652173913,0.453817797935445
14,3,mlp,raw,pyramid,945,0.3739130434782609,0.3500511015370207
14,3,svm,raw,resample16,1008,0.4782608695652174,0.44369442361729106
14,3,knn,raw,resample16,1008,0.34782608695652173,0.3316453891824386
14,3,rf,raw,resample16,1008,0.5304347826086957,0.5175191460231892
14,3,mlp,raw,resample16,1008,0.391304347826087,0.3735595396016942
14,3,svm,raw_pca11,global4,44,0.6,0.6054649740141981
14,3,knn,raw_pca11,global4,44,0.46956521739130436,0.4515898826243654
14,3,rf,raw_pca11,global4,44,0.5565217391304348,0.5494121572855978
14,3,mlp,raw_pca11,global4,44,0.5478260869565217,0.5541303098774363
14,3,svm,raw_pca11,global5,55,0.5739130434782609,0.5798815437610051
14,3,knn,raw_pca11,global5,55,0.46956521739130436,0.45615456008259603
14,3,rf,raw_pca11,global5,55,0.6086956521739131,0.6134505432751047
14,3,mlp,raw_pca11,global5,55,0.5652173913043478,0.5683750157888089
14,3,svm,raw_pca11,pyramid,165,0.5652173913043478,0.567891475137852
14,3,knn,raw_pca11,pyramid,165,0.4,0.3663440273494621
14,3,rf,raw_pca11,pyramid,165,0.5565217391304348,0.5436664320900774
14,3,mlp,raw_pca11,pyramid,165,0.5043478260869565,0.5120536014365417
14,3,svm,raw_pca11,resample16,176,0.6782608695652174,0.6967009025832555
14,3,knn,raw_pca11,resample16,176,0.5304347826086957,0.5119658119658119
14,3,rf,raw_pca11,resample16,176,0.6434782608695652,0.6441719835336855
14,3,mlp,raw_pca11,resample16,176,0.6260869565217392,0.6289160458278106
14,3,svm,raw_pca17,global4,68,0.6521739130434783,0.6682187660010239
14,3,knn,raw_pca17,global4,68,0.3826086956521739,0.3506224784859661
14,3,rf,raw_pca17,global4,68,0.6608695652173913,0.6670508732116347
14,3,mlp,raw_pca17,global4,68,0.591304347826087,0.599215078797656
14,3,svm,raw_pca17,global5,85,0.6347826086956522,0.6488285980830107
14,3,knn,raw_pca17,global5,85,0.43478260869565216,0.40501448514154964
14,3,rf,raw_pca17,global5,85,0.6347826086956522,0.6453582960755092
14,3,mlp,raw_pca17,global5,85,0.5478260869565217,0.5488171550671551
14,3,svm,raw_pca17,pyramid,255,0.6086956521739131,0.6202536156306494
14,3,knn,raw_pca17,pyramid,255,0.46956521739130436,0.42631680527774846
14,3,rf,raw_pca17,pyramid,255,0.6521739130434783,0.64498556998557
14,3,mlp,raw_pca17,pyramid,255,0.5565217391304348,0.5569239689258665
14,3,svm,raw_pca17,resample16,272,0.7130434782608696,0.7429192910352532
14,3,knn,raw_pca17,resample16,272,0.6347826086956522,0.6362218196457327
14,3,rf,raw_pca17,resample16,272,0.7391304347826086,0.7395127603956126
14,3,mlp,raw_pca17,resample16,272,0.7304347826086957,0.7380523380523382
14,3,svm,joint_angle,global4,44,0.7565217391304347,0.7528044419157441
14,3,knn,joint_angle,global4,44,0.591304347826087,0.5920055054463657
14,3,rf,joint_angle,global4,44,0.7652173913043478,0.771883141901586
14,3,mlp,joint_angle,global4,44,0.7043478260869566,0.7040902802787352
14,3,svm,joint_angle,global5,55,0.7652173913043478,0.7639060463273869
14,3,knn,joint_angle,global5,55,0.6173913043478261,0.6169610689709465
14,3,rf,joint_angle,global5,55,0.7304347826086957,0.731672267342582
14,3,mlp,joint_angle,global5,55,0.7217391304347827,0.7256014533184548
14,3,svm,joint_angle,pyramid,165,0.7478260869565218,0.7489535997868781
14,3,knn,joint_angle,pyramid,165,0.6869565217391305,0.6714900868044884
14,3,rf,joint_angle,pyramid,165,0.7391304347826086,0.7317150019492357
14,3,mlp,joint_angle,pyramid,165,0.7565217391304347,0.7582841265256786
14,3,svm,joint_angle,resample16,176,0.7391304347826086,0.7340577598560792
14,3,knn,joint_angle,resample16,176,0.7217391304347827,0.7244340686201151
14,3,rf,joint_angle,resample16,176,0.8521739130434782,0.855221772294943
14,3,mlp,joint_angle,resample16,176,0.7217391304347827,0.7274709941590558
14,3,svm,corrected,global4,68,0.7565217391304347,0.7621279717560784
14,3,knn,corrected,global4,68,0.6782608695652174,0.6872978407203427
14,3,rf,corrected,global4,68,0.7217391304347827,0.7313364621875259
14,3,mlp,corrected,global4,68,0.6869565217391305,0.6909740681670505
14,3,svm,corrected,global5,85,0.8260869565217391,0.8291756529238777
14,3,knn,corrected,global5,85,0.6434782608695652,0.6488973909346938
14,3,rf,corrected,global5,85,0.7478260869565218,0.761815043065043
14,3,mlp,corrected,global5,85,0.7043478260869566,0.7001251251251251
14,3,svm,corrected,pyramid,255,0.7217391304347827,0.7286874536874537
14,3,knn,corrected,pyramid,255,0.6956521739130435,0.6828590785907859
14,3,rf,corrected,pyramid,255,0.6608695652173913,0.6427009793150397
14,3,mlp,corrected,pyramid,255,0.6782608695652174,0.6671496742251458
14,3,svm,corrected,resample16,272,0.7217391304347827,0.720630995021239
14,3,knn,corrected,resample16,272,0.7043478260869566,0.6850169176693486
14,3,rf,corrected,resample16,272,0.7565217391304347,0.7592603016751625
14,3,mlp,corrected,resample16,272,0.7217391304347827,0.7179692856163445
14,3,svm,optimized_action,global4,68,0.7304347826086957,0.7391469038208168
14,3,knn,optimized_action,global4,68,0.6869565217391305,0.6814912258877777
14,3,rf,optimized_action,global4,68,0.7130434782608696,0.719752035824475
14,3,mlp,optimized_action,global4,68,0.7043478260869566,0.7099472537553032
14,3,svm,optimized_action,global5,85,0.7391304347826086,0.7503007483186511
14,3,knn,optimized_action,global5,85,0.6695652173913044,0.6619297240427272
14,3,rf,optimized_action,global5,85,0.782608695652174,0.7915144254766897
14,3,mlp,optimized_action,global5,85,0.7217391304347827,0.7157449304508129
14,3,svm,optimized_action,pyramid,255,0.7304347826086957,0.7374347267964289
14,3,knn,optimized_action,pyramid,255,0.7217391304347827,0.7116519696796395
14,3,rf,optimized_action,pyramid,255,0.6782608695652174,0.6663175241606614
14,3,mlp,optimized_action,pyramid,255,0.6782608695652174,0.6639830031986894
14,3,svm,optimized_action,resample16,272,0.6782608695652174,0.6914862914862915
14,3,knn,optimized_action,resample16,272,0.7043478260869566,0.6946321543240671
14,3,rf,optimized_action,resample16,272,0.808695652173913,0.8077350077350078
14,3,mlp,optimized_action,resample16,272,0.7130434782608696,0.70765577135571
14,3,svm,optimized_full,global4,252,0.4782608695652174,0.44677803677803674
14,3,knn,optimized_full,global4,252,0.33043478260869563,0.31409342677146274
14,3,rf,optimized_full,global4,252,0.5478260869565217,0.5312480194097841
14,3,mlp,optimized_full,global4,252,0.5130434782608696,0.5012210968732708
14,3,svm,optimized_full,global5,315,0.48695652173913045,0.4616038433111604
14,3,knn,optimized_full,global5,315,0.40869565217391307,0.3969826783593255
14,3,rf,optimized_full,global5,315,0.5739130434782609,0.5559687718864582
14,3,mlp,optimized_full,global5,315,0.4782608695652174,0.48344317790912217
14,3,svm,optimized_full,pyramid,945,0.391304347826087,0.37045843045843047
14,3,knn,optimized_full,pyramid,945,0.3739130434782609,0.3460376717200337
14,3,rf,optimized_full,pyramid,945,0.3565217391304348,0.35508681114232
14,3,mlp,optimized_full,pyramid,945,0.3739130434782609,0.36209248596640414
14,3,svm,optimized_full,resample16,1008,0.3652173913043478,0.38453194373641836
14,3,knn,optimized_full,resample16,1008,0.2782608695652174,0.27383628468305893
14,3,rf,optimized_full,resample16,1008,0.46956521739130436,0.4589758473687045
14,3,mlp,optimized_full,resample16,1008,0.4260869565217391,0.41260452899108363
15,3,svm,raw,global4,252,0.3739130434782609,0.37776364667257245
15,3,knn,raw,global4,252,0.3130434782608696,0.2946042400040246
15,3,rf,raw,global4,252,0.34782608695652173,0.35013970620272433
15,3,mlp,raw,global4,252,0.3565217391304348,0.34889627675530394
15,3,svm,raw,global5,315,0.3826086956521739,0.38357415960594327
15,3,knn,raw,global5,315,0.3391304347826087,0.32161884237355937
15,3,rf,raw,global5,315,0.3739130434782609,0.3807462590581902
15,3,mlp,raw,global5,315,0.3217391304347826,0.31803728529534975
15,3,svm,raw,pyramid,945,0.3217391304347826,0.31451443503394505
15,3,knn,raw,pyramid,945,0.33043478260869563,0.32248797770206017
15,3,rf,raw,pyramid,945,0.41739130434782606,0.41721438575430175
15,3,mlp,raw,pyramid,945,0.33043478260869563,0.3234984984984985
15,3,svm,raw,resample16,1008,0.3391304347826087,0.32075838381920135
15,3,knn,raw,resample16,1008,0.2782608695652174,0.25213675213675213
15,3,rf,raw,resample16,1008,0.5304347826086957,0.5321256521256521
15,3,mlp,raw,resample16,1008,0.391304347826087,0.37469439817984274
15,3,svm,raw_pca11,global4,44,0.5217391304347826,0.524953894177477
15,3,knn,raw_pca11,global4,44,0.4956521739130435,0.4912027451882524
15,3,rf,raw_pca11,global4,44,0.4956521739130435,0.48098588098588096
15,3,mlp,raw_pca11,global4,44,0.4782608695652174,0.47371488892139707
15,3,svm,raw_pca11,global5,55,0.4956521739130435,0.5048104489770542
15,3,knn,raw_pca11,global5,55,0.48695652173913045,0.4845558272017565
15,3,rf,raw_pca11,global5,55,0.5826086956521739,0.5746868487963865
15,3,mlp,raw_pca11,global5,55,0.5391304347826087,0.5402484370226306
15,3,svm,raw_pca11,pyramid,165,0.5391304347826087,0.54999745799334
15,3,knn,raw_pca11,pyramid,165,0.48695652173913045,0.46832782703064924
15,3,rf,raw_pca11,pyramid,165,0.591304347826087,0.577975702975703
15,3,mlp,raw_pca11,pyramid,165,0.5391304347826087,0.544091038337524
15,3,svm,raw_pca11,resample16,176,0.6521739130434783,0.6567110468896183
15,3,knn,raw_pca11,resample16,176,0.4782608695652174,0.44988344988344986
15,3,rf,raw_pca11,resample16,176,0.7043478260869566,0.6928922966738092
15,3,mlp,raw_pca11,resample16,176,0.6782608695652174,0.6732369489443268
15,3,svm,raw_pca17,global4,68,0.6086956521739131,0.6170860891677975
15,3,knn,raw_pca17,global4,68,0.6,0.5959558821674139
15,3,rf,raw_pca17,global4,68,0.5652173913043478,0.5734572234572234
15,3,mlp,raw_pca17,global4,68,0.6347826086956522,0.6357269141846865
15,3,svm,raw_pca17,global5,85,0.5391304347826087,0.5480152361055319
15,3,knn,raw_pca17,global5,85,0.5391304347826087,0.5417536347456257
15,3,rf,raw_pca17,global5,85,0.5565217391304348,0.5516099703599703
15,3,mlp,raw_pca17,global5,85,0.6,0.5975698805352208
15,3,svm,raw_pca17,pyramid,255,0.591304347826087,0.598980352857638
15,3,knn,raw_pca17,pyramid,255,0.5652173913043478,0.5584663011836523
15,3,rf,raw_pca17,pyramid,255,0.6086956521739131,0.6097071280946448
15,3,mlp,raw_pca17,pyramid,255,0.5826086956521739,0.5793389503947798
15,3,svm,raw_pca17,resample16,272,0.6782608695652174,0.6994116428751403
15,3,knn,raw_pca17,resample16,272,0.4956521739130435,0.4812605714910587
15,3,rf,raw_pca17,resample16,272,0.7304347826086957,0.726366212456438
15,3,mlp,raw_pca17,resample16,272,0.6869565217391305,0.6721366462659032
15,3,svm,joint_angle,global4,44,0.6782608695652174,0.6839664502164503
15,3,knn,joint_angle,global4,44,0.7391304347826086,0.7444917440660476
15,3,rf,joint_angle,global4,44,0.782608695652174,0.7818730818730818
15,3,mlp,joint_angle,global4,44,0.7478260869565218,0.7456801884046466
15,3,svm,joint_angle,global5,55,0.6869565217391305,0.6909902440795549
15,3,knn,joint_angle,global5,55,0.7217391304347827,0.7219955395372035
15,3,rf,joint_angle,global5,55,0.7739130434782608,0.7744088244088244
15,3,mlp,joint_angle,global5,55,0.7652173913043478,0.7635832004253057
15,3,svm,joint_angle,pyramid,165,0.6608695652173913,0.6601044274435258
15,3,knn,joint_angle,pyramid,165,0.6608695652173913,0.6452944160333576
15,3,rf,joint_angle,pyramid,165,0.8434782608695652,0.846071346071346
15,3,mlp,joint_angle,pyramid,165,0.7391304347826086,0.7390600302365008
15,3,svm,joint_angle,resample16,176,0.6956521739130435,0.6822823376014865
15,3,knn,joint_angle,resample16,176,0.7217391304347827,0.6918276330557033
15,3,rf,joint_angle,resample16,176,0.8347826086956521,0.8304906475638183
15,3,mlp,joint_angle,resample16,176,0.7217391304347827,0.7139740390291586
15,3,svm,corrected,global4,68,0.7217391304347827,0.7236115930881941
15,3,knn,corrected,global4,68,0.7217391304347827,0.7341010282186753
15,3,rf,corrected,global4,68,0.7304347826086957,0.7299281401335317
15,3,mlp,corrected,global4,68,0.7304347826086957,0.7275517967184933
15,3,svm,corrected,global5,85,0.6695652173913044,0.6679119950671675
15,3,knn,corrected,global5,85,0.7217391304347827,0.723954585299123
15,3,rf,corrected,global5,85,0.7739130434782608,0.7734019617524109
15,3,mlp,corrected,global5,85,0.7478260869565218,0.7480995419435912
15,3,svm,corrected,pyramid,255,0.6956521739130435,0.7002210421565259
15,3,knn,corrected,pyramid,255,0.6869565217391305,0.6856928575092492
15,3,rf,corrected,pyramid,255,0.7478260869565218,0.7470759860294743
15,3,mlp,corrected,pyramid,255,0.6869565217391305,0.6875391092109359
15,3,svm,corrected,resample16,272,0.7217391304347827,0.709833007276985
15,3,knn,corrected,resample16,272,0.7304347826086957,0.7014617185924105
15,3,rf,corrected,resample16,272,0.8,0.7924814345546053
15,3,mlp,corrected,resample16,272,0.7130434782608696,0.6896851237304557
15,3,svm,optimized_action,global4,68,0.7043478260869566,0.7051671418434219
15,3,knn,optimized_action,global4,68,0.6956521739130435,0.7005216640085061
15,3,rf,optimized_action,global4,68,0.7217391304347827,0.7200845252342551
15,3,mlp,optimized_action,global4,68,0.6782608695652174,0.6781930426667269
15,3,svm,optimized_action,global5,85,0.7043478260869566,0.7084821532180431
15,3,knn,optimized_action,global5,85,0.7130434782608696,0.7108816247936915
15,3,rf,optimized_action,global5,85,0.7565217391304347,0.7572414816317256
15,3,mlp,optimized_action,global5,85,0.6869565217391305,0.6883744686936176
15,3,svm,optimized_action,pyramid,255,0.6695652173913044,0.6694328053558105
15,3,knn,optimized_action,pyramid,255,0.6347826086956522,0.610580484945262
15,3,rf,optimized_action,pyramid,255,0.7217391304347827,0.7189374952532847
15,3,mlp,optimized_action,pyramid,255,0.6956521739130435,0.6933251497275887
15,3,svm,optimized_action,resample16,272,0.7043478260869566,0.6966276725779327
15,3,knn,optimized_action,resample16,272,0.6521739130434783,0.6165262410610705
15,3,rf,optimized_action,resample16,272,0.7478260869565218,0.7377464700094967
15,3,mlp,optimized_action,resample16,272,0.6521739130434783,0.6294277798009613
15,3,svm,optimized_full,global4,252,0.3652173913043478,0.36304137039431156
15,3,knn,optimized_full,global4,252,0.40869565217391307,0.3879056957724371
15,3,rf,optimized_full,global4,252,0.41739130434782606,0.40987666796261885
15,3,mlp,optimized_full,global4,252,0.3652173913043478,0.363709071975201
15,3,svm,optimized_full,global5,315,0.3652173913043478,0.36379853844902904
15,3,knn,optimized_full,global5,315,0.4,0.38212588327004804
15,3,rf,optimized_full,global5,315,0.391304347826087,0.3846045958340408
15,3,mlp,optimized_full,global5,315,0.40869565217391307,0.4089390919650014
15,3,svm,optimized_full,pyramid,945,0.391304347826087,0.3783344066827165
15,3,knn,optimized_full,pyramid,945,0.33043478260869563,0.2786028678782302
15,3,rf,optimized_full,pyramid,945,0.43478260869565216,0.4269589804473526
15,3,mlp,optimized_full,pyramid,945,0.3565217391304348,0.34888208906751106
15,3,svm,optimized_full,resample16,1008,0.3652173913043478,0.34180014659461966
15,3,knn,optimized_full,resample16,1008,0.26956521739130435,0.2126016155599302
15,3,rf,optimized_full,resample16,1008,0.4260869565217391,0.39251459621341095
15,3,mlp,optimized_full,resample16,1008,0.3652173913043478,0.3127942227942228
16,3,svm,raw,global4,252,0.4,0.3896832316187155
16,3,knn,raw,global4,252,0.3739130434782609,0.35979529713384634
16,3,rf,raw,global4,252,0.391304347826087,0.37575864423839717
16,3,mlp,raw,global4,252,0.4260869565217391,0.41899739076190845
16,3,svm,raw,global5,315,0.40869565217391307,0.3959377026968592
16,3,knn,raw,global5,315,0.391304347826087,0.39323264198264196
16,3,rf,raw,global5,315,0.43478260869565216,0.42450458734432656
16,3,mlp,raw,global5,315,0.4434782608695652,0.4394059546801287
16,3,svm,raw,pyramid,945,0.4260869565217391,0.41903162961509133
16,3,knn,raw,pyramid,945,0.40869565217391307,0.4125553415875997
16,3,rf,raw,pyramid,945,0.5652173913043478,0.5547861938946734
16,3,mlp,raw,pyramid,945,0.43478260869565216,0.43213985437614527
16,3,svm,raw,resample16,1008,0.4782608695652174,0.4868698956035858
16,3,knn,raw,resample16,1008,0.4608695652173913,0.46354696677277324
16,3,rf,raw,resample16,1008,0.6173913043478261,0.6198158230826107
16,3,mlp,raw,resample16,1008,0.41739130434782606,0.4061481694460418
16,3,svm,raw_pca11,global4,44,0.6608695652173913,0.6640752249575779
16,3,knn,raw_pca11,global4,44,0.6,0.5971299249808021
16,3,rf,raw_pca11,global4,44,0.6347826086956522,0.6226558015816328
16,3,mlp,raw_pca11,global4,44,0.6869565217391305,0.6802858812901854
16,3,svm,raw_pca11,global5,55,0.6695652173913044,0.6681796961208725
16,3,knn,raw_pca11,global5,55,0.6086956521739131,0.609493083406127
16,3,rf,raw_pca11,global5,55,0.6608695652173913,0.6592464584400068
16,3,mlp,raw_pca11,global5,55,0.6173913043478261,0.6228344268483947
16,3,svm,raw_pca11,pyramid,165,0.7217391304347827,0.7267496392496392
16,3,knn,raw_pca11,pyramid,165,0.7391304347826086,0.7430223008415261
16,3,rf,raw_pca11,pyramid,165,0.808695652173913,0.8045791742035683
16,3,mlp,raw_pca11,pyramid,165,0.7913043478260869,0.7886339736949494
16,3,svm,raw_pca11,resample16,176,0.7652173913043478,0.7612482322502913
16,3,knn,raw_pca11,resample16,176,0.6695652173913044,0.678594944142802
16,3,rf,raw_pca11,resample16,176,0.8347826086956521,0.840928181431614
16,3,mlp,raw_pca11,resample16,176,0.7652173913043478,0.7627474377474378
16,3,svm,raw_pca17,global4,68,0.6869565217391305,0.6993315599863079
16,3,knn,raw_pca17,global4,68,0.6695652173913044,0.6646532445340787
16,3,rf,raw_pca17,global4,68,0.7217391304347827,0.7215607952450057
16,3,mlp,raw_pca17,global4,68,0.6782608695652174,0.6703119158830514
16,3,svm,raw_pca17,global5,85,0.6695652173913044,0.6752909595120969
16,3,knn,raw_pca17,global5,85,0.6869565217391305,0.6887641162606962
16,3,rf,raw_pca17,global5,85,0.7391304347826086,0.7445540457735579
16,3,mlp,raw_pca17,global5,85,0.7304347826086957,0.7317151054597253
16,3,svm,raw_pca17,pyramid,255,0.7217391304347827,0.7181261472079242
16,3,knn,raw_pca17,pyramid,255,0.7130434782608696,0.7226406822891759
16,3,rf,raw_pca17,pyramid,255,0.7913043478260869,0.7900528479438091
16,3,mlp,raw_pca17,pyramid,255,0.6956521739130435,0.6857441282746161
16,3,svm,raw_pca17,resample16,272,0.8,0.8004434408134599
16,3,knn,raw_pca17,resample16,272,0.7565217391304347,0.7545708157616335
16,3,rf,raw_pca17,resample16,272,0.8521739130434782,0.8559197161112347
16,3,mlp,raw_pca17,resample16,272,0.8260869565217391,0.8237837140276164
16,3,svm,joint_angle,global4,44,0.7391304347826086,0.7369268211659517
16,3,knn,joint_angle,global4,44,0.7130434782608696,0.7211792005909653
16,3,rf,joint_angle,global4,44,0.808695652173913,0.8116123352965459
16,3,mlp,joint_angle,global4,44,0.808695652173913,0.8083893746432446
16,3,svm,joint_angle,global5,55,0.7652173913043478,0.7624737842129147
16,3,knn,joint_angle,global5,55,0.6956521739130435,0.7017413758125833
16,3,rf,joint_angle,global5,55,0.8434782608695652,0.846194772665361
16,3,mlp,joint_angle,global5,55,0.782608695652174,0.784522061030405
16,3,svm,joint_angle,pyramid,165,0.8,0.7983450227636274
16,3,knn,joint_angle,pyramid,165,0.7304347826086957,0.7313682198232284
16,3,rf,joint_angle,pyramid,165,0.8521739130434782,0.8485846269667595
16,3,mlp,joint_angle,pyramid,165,0.7913043478260869,0.7941498880523271
16,3,svm,joint_angle,resample16,176,0.808695652173913,0.8024111078711685
16,3,knn,joint_angle,resample16,176,0.7913043478260869,0.788449184195933
16,3,rf,joint_angle,resample16,176,0.9043478260869565,0.905270056740645
16,3,mlp,joint_angle,resample16,176,0.8608695652173913,0.8624070256423199
16,3,svm,corrected,global4,68,0.808695652173913,0.8061952137690264
16,3,knn,corrected,global4,68,0.7304347826086957,0.7332615973218557
16,3,rf,corrected,global4,68,0.8347826086956521,0.8313498392445761
16,3,mlp,corrected,global4,68,0.7913043478260869,0.7917718375035449
16,3,svm,corrected,global5,85,0.7739130434782608,0.7723774572928708
16,3,knn,corrected,global5,85,0.7652173913043478,0.7737120237120237
16,3,rf,corrected,global5,85,0.7304347826086957,0.7214761597740321
16,3,mlp,corrected,global5,85,0.808695652173913,0.8063493583846769
16,3,svm,corrected,pyramid,255,0.8,0.7937741460040519
16,3,knn,corrected,pyramid,255,0.7913043478260869,0.7992593242593243
16,3,rf,corrected,pyramid,255,0.8434782608695652,0.8382219238680705
16,3,mlp,corrected,pyramid,255,0.8173913043478261,0.8177739480371059
16,3,svm,corrected,resample16,272,0.8173913043478261,0.8147266855370234
16,3,knn,corrected,resample16,272,0.7652173913043478,0.7639077853363568
16,3,rf,corrected,resample16,272,0.8434782608695652,0.8402837045935901
16,3,mlp,corrected,resample16,272,0.8521739130434782,0.8512418859998715
16,3,svm,optimized_action,global4,68,0.808695652173913,0.8030610155610155
16,3,knn,optimized_action,global4,68,0.7043478260869566,0.707121952834468
16,3,rf,optimized_action,global4,68,0.8260869565217391,0.822277244877864
16,3,mlp,optimized_action,global4,68,0.7652173913043478,0.7671823790244843
16,3,svm,optimized_action,global5,85,0.7478260869565218,0.743056351685726
16,3,knn,optimized_action,global5,85,0.6782608695652174,0.6846506943712855
16,3,rf,optimized_action,global5,85,0.8,0.7999928499928499
16,3,mlp,optimized_action,global5,85,0.8173913043478261,0.8113015613015612
16,3,svm,optimized_action,pyramid,255,0.7913043478260869,0.7852886540424278
16,3,knn,optimized_action,pyramid,255,0.7130434782608696,0.7177676880263425
16,3,rf,optimized_action,pyramid,255,0.8608695652173913,0.8597554420687835
16,3,mlp,optimized_action,pyramid,255,0.808695652173913,0.8079486368960054
16,3,svm,optimized_action,resample16,272,0.8260869565217391,0.8215950715950716
16,3,knn,optimized_action,resample16,272,0.7391304347826086,0.7291852810968255
16,3,rf,optimized_action,resample16,272,0.8347826086956521,0.8330418454131269
16,3,mlp,optimized_action,resample16,272,0.8521739130434782,0.8548798720304421
16,3,svm,optimized_full,global4,252,0.4956521739130435,0.49672423054214226
16,3,knn,optimized_full,global4,252,0.43478260869565216,0.4261408942410226
16,3,rf,optimized_full,global4,252,0.5130434782608696,0.5072641246658927
16,3,mlp,optimized_full,global4,252,0.48695652173913045,0.46223994503380267
16,3,svm,optimized_full,global5,315,0.48695652173913045,0.48782745809977945
16,3,knn,optimized_full,global5,315,0.4434782608695652,0.4363231363231363
16,3,rf,optimized_full,global5,315,0.4956521739130435,0.4949330705428267
16,3,mlp,optimized_full,global5,315,0.4956521739130435,0.4961427440426736
16,3,svm,optimized_full,pyramid,945,0.4608695652173913,0.4324477861319967
16,3,knn,optimized_full,pyramid,945,0.45217391304347826,0.4386548704086508
16,3,rf,optimized_full,pyramid,945,0.45217391304347826,0.452296123763515
16,3,mlp,optimized_full,pyramid,945,0.4782608695652174,0.45530272783525305
16,3,svm,optimized_full,resample16,1008,0.4260869565217391,0.40319184327222324
16,3,knn,optimized_full,resample16,1008,0.4,0.3595322595322595
16,3,rf,optimized_full,resample16,1008,0.4782608695652174,0.46457470085267366
16,3,mlp,optimized_full,resample16,1008,0.391304347826087,0.35598642234671646
17,3,svm,raw,global4,252,0.34782608695652173,0.3607103354336139
17,3,knn,raw,global4,252,0.4260869565217391,0.4197479266424144
17,3,rf,raw,global4,252,0.4782608695652174,0.471832465950113
17,3,mlp,raw,global4,252,0.40869565217391307,0.3997221266702052
17,3,svm,raw,global5,315,0.3826086956521739,0.3854753148870796
17,3,knn,raw,global5,315,0.46956521739130436,0.46450773857930266
17,3,rf,raw,global5,315,0.48695652173913045,0.4778218056276702
17,3,mlp,raw,global5,315,0.391304347826087,0.3794435029814918
17,3,svm,raw,pyramid,945,0.4434782608695652,0.4535497634181845
17,3,knn,raw,pyramid,945,0.41739130434782606,0.39561120294931723
17,3,rf,raw,pyramid,945,0.5391304347826087,0.5248689982155988
17,3,mlp,raw,pyramid,945,0.46956521739130436,0.45141956138332945
17,3,svm,raw,resample16,1008,0.48695652173913045,0.5033828002611268
17,3,knn,raw,resample16,1008,0.3826086956521739,0.353526625704045
17,3,rf,raw,resample16,1008,0.5739130434782609,0.5607281690552508
17,3,mlp,raw,resample16,1008,0.48695652173913045,0.48238895041220625
17,3,svm,raw_pca11,global4,44,0.6173913043478261,0.6228824481977587
17,3,knn,raw_pca11,global4,44,0.6260869565217392,0.6231761195440617
17,3,rf,raw_pca11,global4,44,0.6173913043478261,0.6124128162639074
17,3,mlp,raw_pca11,global4,44,0.6434782608695652,0.6416813693176677
17,3,svm,raw_pca11,global5,55,0.6086956521739131,0.6120374121792159
17,3,knn,raw_pca11,global5,55,0.6347826086956522,0.6234797168262908
17,3,rf,raw_pca11,global5,55,0.6956521739130435,0.701064180175918
17,3,mlp,raw_pca11,global5,55,0.6173913043478261,0.6097164934515297
17,3,svm,raw_pca11,pyramid,165,0.6173913043478261,0.6256618891269964
17,3,knn,raw_pca11,pyramid,165,0.6,0.5833884205549732
17,3,rf,raw_pca11,pyramid,165,0.7130434782608696,0.718539336042396
17,3,mlp,raw_pca11,pyramid,165,0.6,0.5958361061877795
17,3,svm,raw_pca11,resample16,176,0.6608695652173913,0.6702589807852966
17,3,knn,raw_pca11,resample16,176,0.6782608695652174,0.6712985781063584
17,3,rf,raw_pca11,resample16,176,0.7391304347826086,0.7358259682242853
17,3,mlp,raw_pca11,resample16,176,0.6608695652173913,0.6408808246017549
17,3,svm,raw_pca17,global4,68,0.5478260869565217,0.5660242269437672
17,3,knn,raw_pca17,global4,68,0.6347826086956522,0.6298850394760903
17,3,rf,raw_pca17,global4,68,0.6,0.5903241495346759
17,3,mlp,raw_pca17,global4,68,0.6782608695652174,0.675902595158977
17,3,svm,raw_pca17,global5,85,0.591304347826087,0.604734876406703
17,3,knn,raw_pca17,global5,85,0.6173913043478261,0.6103538761433498
17,3,rf,raw_pca17,global5,85,0.6695652173913044,0.672997572867447
17,3,mlp,raw_pca17,global5,85,0.6086956521739131,0.605692074809722
17,3,svm,raw_pca17,pyramid,255,0.6347826086956522,0.6477293216137029
17,3,knn,raw_pca17,pyramid,255,0.6782608695652174,0.6747479984001165
17,3,rf,raw_pca17,pyramid,255,0.7478260869565218,0.7490148779962267
17,3,mlp,raw_pca17,pyramid,255,0.6521739130434783,0.6680689780689781
17,3,svm,raw_pca17,resample16,272,0.6695652173913044,0.677789466238929
17,3,knn,raw_pca17,resample16,272,0.6695652173913044,0.6735714712438851
17,3,rf,raw_pca17,resample16,272,0.8173913043478261,0.8213231800787492
17,3,mlp,raw_pca17,resample16,272,0.6869565217391305,0.6831659240933435
17,3,svm,joint_angle,global4,44,0.8,0.8060871502731968
17,3,knn,joint_angle,global4,44,0.6869565217391305,0.6704280201796191
17,3,rf,joint_angle,global4,44,0.8173913043478261,0.8210950162169675
17,3,mlp,joint_angle,global4,44,0.7130434782608696,0.7122639622639623
17,3,svm,joint_angle,global5,55,0.782608695652174,0.7893262032796917
17,3,knn,joint_angle,global5,55,0.6782608695652174,0.6524729573989759
17,3,rf,joint_angle,global5,55,0.7913043478260869,0.7953882453882454
17,3,mlp,joint_angle,global5,55,0.7739130434782608,0.7751510827597784
17,3,svm,joint_angle,pyramid,165,0.7652173913043478,0.77080061948483
17,3,knn,joint_angle,pyramid,165,0.7043478260869566,0.6742005328530151
17,3,rf,joint_angle,pyramid,165,0.8,0.7968643899603775
17,3,mlp,joint_angle,pyramid,165,0.7043478260869566,0.6888506273978172
17,3,svm,joint_angle,resample16,176,0.7391304347826086,0.7514973754104188
17,3,knn,joint_angle,resample16,176,0.6956521739130435,0.6494054033527717
17,3,rf,joint_angle,resample16,176,0.8695652173913043,0.8705152459512925
17,3,mlp,joint_angle,resample16,176,0.7739130434782608,0.7726121328095013
17,3,svm,corrected,global4,68,0.782608695652174,0.7887412329272793
17,3,knn,corrected,global4,68,0.7130434782608696,0.6931773999859105
17,3,rf,corrected,global4,68,0.782608695652174,0.7862518931627672
17,3,mlp,corrected,global4,68,0.7739130434782608,0.774873080136238
17,3,svm,corrected,global5,85,0.808695652173913,0.8160618792971733
17,3,knn,corrected,global5,85,0.7304347826086957,0.7116603440132853
17,3,rf,corrected,global5,85,0.7478260869565218,0.7487508516920282
17,3,mlp,corrected,global5,85,0.7739130434782608,0.7723991848991849
17,3,svm,corrected,pyramid,255,0.7391304347826086,0.7582451922993019
17,3,knn,corrected,pyramid,255,0.7217391304347827,0.6954367976887758
17,3,rf,corrected,pyramid,255,0.8,0.7955661816018353
17,3,mlp,corrected,pyramid,255,0.7913043478260869,0.7919789127106199
17,3,svm,corrected,resample16,272,0.7217391304347827,0.743875941849608
17,3,knn,corrected,resample16,272,0.7391304347826086,0.7139951998442564
17,3,rf,corrected,resample16,272,0.9217391304347826,0.9224989798160531
17,3,mlp,corrected,resample16,272,0.7304347826086957,0.7317287680812773
17,3,svm,optimized_action,global4,68,0.782608695652174,0.7835529799278089
17,3,knn,optimized_action,global4,68,0.7304347826086957,0.7180392819927702
17,3,rf,optimized_action,global4,68,0.7217391304347827,0.7204798857730026
17,3,mlp,optimized_action,global4,68,0.7565217391304347,0.756423764511056
17,3,svm,optimized_action,global5,85,0.7739130434782608,0.7819472924736082
17,3,knn,optimized_action,global5,85,0.7217391304347827,0.69415041036115
17,3,rf,optimized_action,global5,85,0.7304347826086957,0.7308986385251774
17,3,mlp,optimized_action,global5,85,0.7304347826086957,0.7268003107675819
17,3,svm,optimized_action,pyramid,255,0.7565217391304347,0.765765923293463
17,3,knn,optimized_action,pyramid,255,0.7565217391304347,0.7299088857698304
17,3,rf,optimized_action,pyramid,255,0.7130434782608696,0.7039326840085853
17,3,mlp,optimized_action,pyramid,255,0.7565217391304347,0.7535685619276951
17,3,svm,optimized_action,resample16,272,0.782608695652174,0.7913518942930707
17,3,knn,optimized_action,resample16,272,0.7043478260869566,0.6700588099305481
17,3,rf,optimized_action,resample16,272,0.8608695652173913,0.8599990444765663
17,3,mlp,optimized_action,resample16,272,0.7391304347826086,0.7394084769594063
17,3,svm,optimized_full,global4,252,0.5043478260869565,0.5109621526288193
17,3,knn,optimized_full,global4,252,0.46956521739130436,0.4601450513326006
17,3,rf,optimized_full,global4,252,0.4956521739130435,0.4900503482025221
17,3,mlp,optimized_full,global4,252,0.5565217391304348,0.5502229931143413
17,3,svm,optimized_full,global5,315,0.4956521739130435,0.5065770315770316
17,3,knn,optimized_full,global5,315,0.46956521739130436,0.4667229322401736
17,3,rf,optimized_full,global5,315,0.5043478260869565,0.491556204346902
17,3,mlp,optimized_full,global5,315,0.5739130434782609,0.5667765625616931
17,3,svm,optimized_full,pyramid,945,0.5217391304347826,0.5260967758947824
17,3,knn,optimized_full,pyramid,945,0.4782608695652174,0.46680603815328675
17,3,rf,optimized_full,pyramid,945,0.41739130434782606,0.4245468783219097
17,3,mlp,optimized_full,pyramid,945,0.5217391304347826,0.5163975468486747
17,3,svm,optimized_full,resample16,1008,0.4956521739130435,0.48852901101746643
17,3,knn,optimized_full,resample16,1008,0.3739130434782609,0.3457867170165558
17,3,rf,optimized_full,resample16,1008,0.5304347826086957,0.514554573581497
17,3,mlp,optimized_full,resample16,1008,0.3826086956521739,0.3846655865598101
18,3,svm,raw,global4,252,0.3652173913043478,0.34912354803190465
18,3,knn,raw,global4,252,0.3217391304347826,0.31909011527369224
18,3,rf,raw,global4,252,0.3130434782608696,0.30805178218971324
18,3,mlp,raw,global4,252,0.3217391304347826,0.31425113952390993
18,3,svm,raw,global5,315,0.3391304347826087,0.3310128889500706
18,3,knn,raw,global5,315,0.3391304347826087,0.3421376711051353
18,3,rf,raw,global5,315,0.3739130434782609,0.363819838577555
18,3,mlp,raw,global5,315,0.3130434782608696,0.31081466570827987
18,3,svm,raw,pyramid,945,0.3565217391304348,0.3553718768831409
18,3,knn,raw,pyramid,945,0.391304347826087,0.3847646003676859
18,3,rf,raw,pyramid,945,0.30434782608695654,0.30037677168209803
18,3,mlp,raw,pyramid,945,0.3652173913043478,0.3568784958877838
18,3,svm,raw,resample16,1008,0.45217391304347826,0.45518805536954354
18,3,knn,raw,resample16,1008,0.391304347826087,0.37611802693987206
18,3,rf,raw,resample16,1008,0.5130434782608696,0.5079841124483983
18,3,mlp,raw,resample16,1008,0.5043478260869565,0.4941905968092229
18,3,svm,raw_pca11,global4,44,0.5478260869565217,0.5685395689775556
18,3,knn,raw_pca11,global4,44,0.5565217391304348,0.5590891853942628
18,3,rf,raw_pca11,global4,44,0.6521739130434783,0.6448871596693597
18,3,mlp,raw_pca11,global4,44,0.591304347826087,0.5914053426248548
18,3,svm,raw_pca11,global5,55,0.5478260869565217,0.5556243947836282
18,3,knn,raw_pca11,global5,55,0.5739130434782609,0.5787315743837483
18,3,rf,raw_pca11,global5,55,0.6434782608695652,0.6396578715679208
18,3,mlp,raw_pca11,global5,55,0.5565217391304348,0.5556367178508396
18,3,svm,raw_pca11,pyramid,165,0.5739130434782609,0.5744827308913996
18,3,knn,raw_pca11,pyramid,165,0.5217391304347826,0.5101275476485737
18,3,rf,raw_pca11,pyramid,165,0.6608695652173913,0.6603001102549957
18,3,mlp,raw_pca11,pyramid,165,0.6,0.6030154377980466
18,3,svm,raw_pca11,resample16,176,0.6608695652173913,0.6738116442911185
18,3,knn,raw_pca11,resample16,176,0.6521739130434783,0.6438756239169198
18,3,rf,raw_pca11,resample16,176,0.7652173913043478,0.7686582078627012
18,3,mlp,raw_pca11,resample16,176,0.6956521739130435,0.6897784431533515
18,3,svm,raw_pca17,global4,68,0.5826086956521739,0.5983014637074704
18,3,knn,raw_pca17,global4,68,0.591304347826087,0.5923054763345145
18,3,rf,raw_pca17,global4,68,0.6869565217391305,0.6839179018966165
18,3,mlp,raw_pca17,global4,68,0.5826086956521739,0.5789666949599174
18,3,svm,raw_pca17,global5,85,0.5565217391304348,0.5654657643417084
18,3,knn,raw_pca17,global5,85,0.6434782608695652,0.6568749200328147
18,3,rf,raw_pca17,global5,85,0.6608695652173913,0.6566149079446951
18,3,mlp,raw_pca17,global5,85,0.6608695652173913,0.6388946086968399
18,3,svm,raw_pca17,pyramid,255,0.5826086956521739,0.5927940115440115
18,3,knn,raw_pca17,pyramid,255,0.6521739130434783,0.659602047446659
18,3,rf,raw_pca17,pyramid,255,0.6956521739130435,0.6919490919490919
18,3,mlp,raw_pca17,pyramid,255,0.6347826086956522,0.6365811965811966
18,3,svm,raw_pca17,resample16,272,0.7130434782608696,0.7345765620694854
18,3,knn,raw_pca17,resample16,272,0.7652173913043478,0.7699487406758198
18,3,rf,raw_pca17,resample16,272,0.8173913043478261,0.8224249802876247
18,3,mlp,raw_pca17,resample16,272,0.7217391304347827,0.7202736200581028
18,3,svm,joint_angle,global4,44,0.7043478260869566,0.7175553173776895
18,3,knn,joint_angle,global4,44,0.6869565217391305,0.6664307786046917
18,3,rf,joint_angle,global4,44,0.8173913043478261,0.8112600561493374
18,3,mlp,joint_angle,global4,44,0.7043478260869566,0.7011184466508825
18,3,svm,joint_angle,global5,55,0.7391304347826086,0.7412497102372315
18,3,knn,joint_angle,global5,55,0.6782608695652174,0.6688521233702437
18,3,rf,joint_angle,global5,55,0.7652173913043478,0.7644732460521935
18,3,mlp,joint_angle,global5,55,0.7652173913043478,0.7631307778366603
18,3,svm,joint_angle,pyramid,165,0.7565217391304347,0.7657522108741621
18,3,knn,joint_angle,pyramid,165,0.782608695652174,0.7754156887661381
18,3,rf,joint_angle,pyramid,165,0.8869565217391304,0.8887629913945704
18,3,mlp,joint_angle,pyramid,165,0.782608695652174,0.7842945387232936
18,3,svm,joint_angle,resample16,176,0.8608695652173913,0.8642742871240946
18,3,knn,joint_angle,resample16,176,0.8173913043478261,0.8167896386722412
18,3,rf,joint_angle,resample16,176,0.8782608695652174,0.8790812976903203
18,3,mlp,joint_angle,resample16,176,0.808695652173913,0.809531375320849
18,3,svm,corrected,global4,68,0.782608695652174,0.7941316316316316
18,3,knn,corrected,global4,68,0.7565217391304347,0.758782495624601
18,3,rf,corrected,global4,68,0.7652173913043478,0.7747242555012336
18,3,mlp,corrected,global4,68,0.7739130434782608,0.7796612121815129
18,3,svm,corrected,global5,85,0.7130434782608696,0.7173390217375006
18,3,knn,corrected,global5,85,0.7478260869565218,0.7367813875142889
18,3,rf,corrected,global5,85,0.7478260869565218,0.7509005759005758
18,3,mlp,corrected,global5,85,0.7913043478260869,0.7887294847500238
18,3,svm,corrected,pyramid,255,0.782608695652174,0.7949516641377107
18,3,knn,corrected,pyramid,255,0.7478260869565218,0.7510658016628701
18,3,rf,corrected,pyramid,255,0.782608695652174,0.7883936554296671
18,3,mlp,corrected,pyramid,255,0.8260869565217391,0.8283802647327739
18,3,svm,corrected,resample16,272,0.8173913043478261,0.8252776335093408
18,3,knn,corrected,resample16,272,0.8695652173913043,0.8713866305329719
18,3,rf,corrected,resample16,272,0.8956521739130435,0.8978452228131304
18,3,mlp,corrected,resample16,272,0.8434782608695652,0.8441296755812885
18,3,svm,optimized_action,global4,68,0.7304347826086957,0.7378306878306878
18,3,knn,optimized_action,global4,68,0.7304347826086957,0.7298127798127797
18,3,rf,optimized_action,global4,68,0.7391304347826086,0.7477621389386094
18,3,mlp,optimized_action,global4,68,0.7565217391304347,0.7604164186010225
18,3,svm,optimized_action,global5,85,0.7565217391304347,0.762971123408713
18,3,knn,optimized_action,global5,85,0.7304347826086957,0.7282164188288666
18,3,rf,optimized_action,global5,85,0.7391304347826086,0.7398645577555114
18,3,mlp,optimized_action,global5,85,0.7130434782608696,0.7208938120702827
18,3,svm,optimized_action,pyramid,255,0.782608695652174,0.7938837520719053
18,3,knn,optimized_action,pyramid,255,0.7652173913043478,0.7662748552283437
18,3,rf,optimized_action,pyramid,255,0.7739130434782608,0.7755388359721049
18,3,mlp,optimized_action,pyramid,255,0.7652173913043478,0.7678608285419429
18,3,svm,optimized_action,resample16,272,0.8,0.8068068068068067
18,3,knn,optimized_action,resample16,272,0.808695652173913,0.8091434573542716
18,3,rf,optimized_action,resample16,272,0.8260869565217391,0.8296279729206558
18,3,mlp,optimized_action,resample16,272,0.7652173913043478,0.7675761401232243
18,3,svm,optimized_full,global4,252,0.4956521739130435,0.5153963548528766
18,3,knn,optimized_full,global4,252,0.4956521739130435,0.497128673377117
18,3,rf,optimized_full,global4,252,0.4956521739130435,0.5155463872219191
18,3,mlp,optimized_full,global4,252,0.5130434782608696,0.5224422201312958
18,3,svm,optimized_full,global5,315,0.4782608695652174,0.5030280065583772
18,3,knn,optimized_full,global5,315,0.4782608695652174,0.49065068107621296
18,3,rf,optimized_full,global5,315,0.5304347826086957,0.5547089947089946
18,3,mlp,optimized_full,global5,315,0.5217391304347826,0.5364342593944113
18,3,svm,optimized_full,pyramid,945,0.4260869565217391,0.4358631754322589
18,3,knn,optimized_full,pyramid,945,0.45217391304347826,0.44100372474587096
18,3,rf,optimized_full,pyramid,945,0.4,0.4207442199377683
18,3,mlp,optimized_full,pyramid,945,0.48695652173913045,0.48717746675571316
18,3,svm,optimized_full,resample16,1008,0.4782608695652174,0.4787823287823288
18,3,knn,optimized_full,resample16,1008,0.4260869565217391,0.40082719581870685
18,3,rf,optimized_full,resample16,1008,0.5652173913043478,0.5644555927164622
18,3,mlp,optimized_full,resample16,1008,0.4608695652173913,0.44770943096524496
19,3,svm,raw,global4,252,0.3652173913043478,0.3632532757919755
19,3,knn,raw,global4,252,0.30434782608695654,0.28659128705148035
19,3,rf,raw,global4,252,0.4,0.3970928292806955
19,3,mlp,raw,global4,252,0.4,0.38886127100412815
19,3,svm,raw,global5,315,0.391304347826087,0.38871500193100966
19,3,knn,raw,global5,315,0.3217391304347826,0.31247687966754906
19,3,rf,raw,global5,315,0.43478260869565216,0.4231521202109438
19,3,mlp,raw,global5,315,0.391304347826087,0.37790929379882027
19,3,svm,raw,pyramid,945,0.4260869565217391,0.41072961760461757
19,3,knn,raw,pyramid,945,0.3826086956521739,0.35678455860909275
19,3,rf,raw,pyramid,945,0.4782608695652174,0.4620259891227633
19,3,mlp,raw,pyramid,945,0.4,0.358953488372093
19,3,svm,raw,resample16,1008,0.40869565217391307,0.4131429502397244
19,3,knn,raw,resample16,1008,0.3826086956521739,0.3236401928777815
19,3,rf,raw,resample16,1008,0.46956521739130436,0.46645724984397746
19,3,mlp,raw,resample16,1008,0.40869565217391307,0.3883134060351246
19,3,svm,raw_pca11,global4,44,0.5826086956521739,0.5960093848722
19,3,knn,raw_pca11,global4,44,0.5478260869565217,0.5206480824287912
19,3,rf,raw_pca11,global4,44,0.5826086956521739,0.5773929448709706
19,3,mlp,raw_pca11,global4,44,0.5391304347826087,0.5387615804265649
19,3,svm,raw_pca11,global5,55,0.5391304347826087,0.5485355253212396
19,3,knn,raw_pca11,global5,55,0.5304347826086957,0.5143283892798372
19,3,rf,raw_pca11,global5,55,0.591304347826087,0.5996984116297939
19,3,mlp,raw_pca11,global5,55,0.6347826086956522,0.6341790403820479
19,3,svm,raw_pca11,pyramid,165,0.591304347826087,0.6013145123679137
19,3,knn,raw_pca11,pyramid,165,0.591304347826087,0.5851411763911764
19,3,rf,raw_pca11,pyramid,165,0.5826086956521739,0.5894439894439895
19,3,mlp,raw_pca11,pyramid,165,0.6782608695652174,0.6805429831745621
19,3,svm,raw_pca11,resample16,176,0.6086956521739131,0.6245303184958357
19,3,knn,raw_pca11,resample16,176,0.6086956521739131,0.5765391577076852
19,3,rf,raw_pca11,resample16,176,0.6434782608695652,0.6463356213356214
19,3,mlp,raw_pca11,resample16,176,0.6695652173913044,0.6624033742936183
19,3,svm,raw_pca17,global4,68,0.5652173913043478,0.582117502457987
19,3,knn,raw_pca17,global4,68,0.5304347826086957,0.495476634914985
19,3,rf,raw_pca17,global4,68,0.7217391304347827,0.7242982299302699
19,3,mlp,raw_pca17,global4,68,0.6434782608695652,0.6327763474234511
19,3,svm,raw_pca17,global5,85,0.6173913043478261,0.6243914124326605
19,3,knn,raw_pca17,global5,85,0.5304347826086957,0.511087627482555
19,3,rf,raw_pca17,global5,85,0.7217391304347827,0.7226348568564558
19,3,mlp,raw_pca17,global5,85,0.6173913043478261,0.6117451750041173
19,3,svm,raw_pca17,pyramid,255,0.5826086956521739,0.6016526191402071
19,3,knn,raw_pca17,pyramid,255,0.591304347826087,0.5694503355827398
19,3,rf,raw_pca17,pyramid,255,0.6782608695652174,0.677893802893803
19,3,mlp,raw_pca17,pyramid,255,0.6434782608695652,0.6340487720922504
19,3,svm,raw_pca17,resample16,272,0.6695652173913044,0.672074663687567
19,3,knn,raw_pca17,resample16,272,0.6608695652173913,0.6357235142118863
19,3,rf,raw_pca17,resample16,272,0.7130434782608696,0.7115528992911222
19,3,mlp,raw_pca17,resample16,272,0.6608695652173913,0.6456576597087736
19,3,svm,joint_angle,global4,44,0.7478260869565218,0.7530039944566723
19,3,knn,joint_angle,global4,44,0.7391304347826086,0.7350835040651877
19,3,rf,joint_angle,global4,44,0.7739130434782608,0.7717312242021546
19,3,mlp,joint_angle,global4,44,0.6956521739130435,0.7031760920776939
19,3,svm,joint_angle,global5,55,0.7217391304347827,0.7307248416608022
19,3,knn,joint_angle,global5,55,0.7043478260869566,0.6875859765930689
19,3,rf,joint_angle,global5,55,0.7652173913043478,0.7604405398523045
19,3,mlp,joint_angle,global5,55,0.7391304347826086,0.7422595062129945
19,3,svm,joint_angle,pyramid,165,0.6347826086956522,0.6522543475606957
19,3,knn,joint_angle,pyramid,165,0.7130434782608696,0.7058688387635756
19,3,rf,joint_angle,pyramid,165,0.782608695652174,0.7843759068109272
19,3,mlp,joint_angle,pyramid,165,0.7217391304347827,0.733280387877238
19,3,svm,joint_angle,resample16,176,0.6782608695652174,0.6980864681295715
19,3,knn,joint_angle,resample16,176,0.7217391304347827,0.696900520033935
19,3,rf,joint_angle,resample16,176,0.7565217391304347,0.7568564736034958
19,3,mlp,joint_angle,resample16,176,0.782608695652174,0.7801517030015104
19,3,svm,corrected,global4,68,0.7913043478260869,0.7957255492139214
19,3,knn,corrected,global4,68,0.7304347826086957,0.7270010232385076
19,3,rf,corrected,global4,68,0.7652173913043478,0.7648796016896146
19,3,mlp,corrected,global4,68,0.8,0.7992607992607993
19,3,svm,corrected,global5,85,0.6956521739130435,0.7056928683894806
19,3,knn,corrected,global5,85,0.6695652173913044,0.6643529788824626
19,3,rf,corrected,global5,85,0.7739130434782608,0.7749969848814522
19,3,mlp,corrected,global5,85,0.7565217391304347,0.7622153699956904
19,3,svm,corrected,pyramid,255,0.6869565217391305,0.7086192916368
19,3,knn,corrected,pyramid,255,0.7304347826086957,0.7198177021558014
19,3,rf,corrected,pyramid,255,0.7130434782608696,0.7169606279513401
19,3,mlp,corrected,pyramid,255,0.7217391304347827,0.7211305263936842
19,3,svm,corrected,resample16,272,0.6608695652173913,0.6841398717654098
19,3,knn,corrected,resample16,272,0.7304347826086957,0.6975495326335661
19,3,rf,corrected,resample16,272,0.7913043478260869,0.7829741269903941
19,3,mlp,corrected,resample16,272,0.7652173913043478,0.7444779253349175
19,3,svm,optimized_action,global4,68,0.7391304347826086,0.7532956869727383
19,3,knn,optimized_action,global4,68,0.6521739130434783,0.6481221459086935
19,3,rf,optimized_action,global4,68,0.7913043478260869,0.7873322898032201
19,3,mlp,optimized_action,global4,68,0.7478260869565218,0.7475930992057437
19,3,svm,optimized_action,global5,85,0.6521739130434783,0.6698081444474205
19,3,knn,optimized_action,global5,85,0.6260869565217392,0.6287595287595287
19,3,rf,optimized_action,global5,85,0.782608695652174,0.7832444417810271
19,3,mlp,optimized_action,global5,85,0.6434782608695652,0.6589880675363146
19,3,svm,optimized_action,pyramid,255,0.6695652173913044,0.6935761556451211
19,3,knn,optimized_action,pyramid,255,0.7043478260869566,0.6992122768117633
19,3,rf,optimized_action,pyramid,255,0.7130434782608696,0.7167590693906484
19,3,mlp,optimized_action,pyramid,255,0.6869565217391305,0.6886391510691623
19,3,svm,optimized_action,resample16,272,0.6869565217391305,0.7079152622206086
19,3,knn,optimized_action,resample16,272,0.6782608695652174,0.6477170380347261
19,3,rf,optimized_action,resample16,272,0.7478260869565218,0.7463163905024371
19,3,mlp,optimized_action,resample16,272,0.7130434782608696,0.6901345682393397
19,3,svm,optimized_full,global4,252,0.3652173913043478,0.39644260920959323
19,3,knn,optimized_full,global4,252,0.3565217391304348,0.3560209942562884
19,3,rf,optimized_full,global4,252,0.40869565217391307,0.40368747972002045
19,3,mlp,optimized_full,global4,252,0.3217391304347826,0.33074725849034503
19,3,svm,optimized_full,global5,315,0.34782608695652173,0.3761342301664882
19,3,knn,optimized_full,global5,315,0.3391304347826087,0.3306813306813307
19,3,rf,optimized_full,global5,315,0.4434782608695652,0.44690313151428346
19,3,mlp,optimized_full,global5,315,0.3391304347826087,0.3438339438339438
19,3,svm,optimized_full,pyramid,945,0.33043478260869563,0.35182920344210666
19,3,knn,optimized_full,pyramid,945,0.3130434782608696,0.2909497791211346
19,3,rf,optimized_full,pyramid,945,0.3826086956521739,0.3574700616053999
19,3,mlp,optimized_full,pyramid,945,0.34782608695652173,0.3351851851851852
19,3,svm,optimized_full,resample16,1008,0.2608695652173913,0.26332894511393495
19,3,knn,optimized_full,resample16,1008,0.2,0.1579718133136161
19,3,rf,optimized_full,resample16,1008,0.3391304347826087,0.3165721295775204
19,3,mlp,optimized_full,resample16,1008,0.2608695652173913,0.24312530936752783
