sequence_id,frame_index,joint_index,joint_name,affected,automatic_confidence,oracle_confidence
0078bb88405b,0,0,thumb_cmc,1,1.0,0.0
0078bb88405b,0,1,thumb_mcp,1,1.0,0.0
0078bb88405b,0,2,thumb_ip,1,1.0,0.0
0078bb88405b,0,3,index_mcp,1,1.0,0.0
0078bb88405b,0,4,index_pip,1,1.0,0.0
0078bb88405b,0,5,middle_mcp,1,1.0,0.0
0078bb88405b,0,6,middle_pip,1,1.0,0.0
0078bb88405b,0,7,ring_mcp,1,1.0,0.0
0078bb88405b,0,8,ring_pip,1,1.0,0.0
0078bb88405b,0,9,little_mcp,1,1.0,0.0
0078bb88405b,0,10,little_pip,1,1.0,0.0
0078bb88405b,1,0,thumb_cmc,1,0.11374319232034806,0.0
0078bb88405b,1,1,thumb_mcp,1,0.2806257057691607,0.0
0078bb88405b,1,2,thumb_ip,1,0.6354068500841447,0.0
0078bb88405b,1,3,index_mcp,1,0.44783993928602195,0.0
0078bb88405b,1,4,index_pip,1,0.21490372507351374,0.0
0078bb88405b,1,5,middle_mcp,1,0.5270343732741503,0.0
0078bb88405b,1,6,middle_pip,1,0.5116899554659293,0.0
0078bb88405b,1,7,ring_mcp,1,0.5163245550860902,0.0
0078bb88405b,1,8,ring_pip,1,0.7036532345838736,0.0
0078bb88405b,1,9,little_mcp,1,0.5834357092604897,0.0
0078bb88405b,1,10,little_pip,1,0.2891380122573972,0.0
0078bb88405b,2,0,thumb_cmc,1,0.2110884193078483,0.0
0078bb88405b,2,1,thumb_mcp,1,0.11790236528396011,0.0
0078bb88405b,2,2,thumb_ip,1,0.12167520658347421,0.0
0078bb88405b,2,3,index_mcp,1,0.359225901104888,0.0
0078bb88405b,2,4,index_pip,1,0.26317444859223466,0.0
0078bb88405b,2,5,middle_mcp,1,0.20524583415986658,0.0
0078bb88405b,2,6,middle_pip,1,0.47676033265328055,0.0
0078bb88405b,2,7,ring_mcp,1,0.4257586329362288,0.0
0078bb88405b,2,8,ring_pip,1,0.8014509760142349,0.0
0078bb88405b,2,9,little_mcp,1,0.2644140750505789,0.0
0078bb88405b,2,10,little_pip,1,0.5939304968594358,0.0
0078bb88405b,3,0,thumb_cmc,1,0.20246868475174226,0.0
0078bb88405b,3,1,thumb_mcp,1,0.1234193926951472,0.0
0078bb88405b,3,2,thumb_ip,1,0.14699352431856152,0.0
0078bb88405b,3,3,index_mcp,1,0.4934586185789941,0.0
0078bb88405b,3,4,index_pip,1,0.4360713082180141,0.0
0078bb88405b,3,5,middle_mcp,1,0.545690522647055,0.0
0078bb88405b,3,6,middle_pip,1,0.6269570273041908,0.0
0078bb88405b,3,7,ring_mcp,1,0.40349841921375423,0.0
0078bb88405b,3,8,ring_pip,1,0.22680564442047052,0.0
0078bb88405b,3,9,little_mcp,1,0.31528319843704294,0.0
0078bb88405b,3,10,little_pip,1,0.28641294914836435,0.0
0078bb88405b,4,0,thumb_cmc,1,0.06122056788646813,0.0
0078bb88405b,4,1,thumb_mcp,1,0.009636102884148057,0.0
0078bb88405b,4,2,thumb_ip,1,0.5324159980766902,0.0
0078bb88405b,4,3,index_mcp,1,0.41211839757540836,0.0
0078bb88405b,4,4,index_pip,1,0.17232159921490833,0.0
0078bb88405b,4,5,middle_mcp,1,0.5313680924487094,0.0
0078bb88405b,4,6,middle_pip,1,0.6841336244061182,0.0
0078bb88405b,4,7,ring_mcp,1,0.609336089406697,0.0
0078bb88405b,4,8,ring_pip,1,0.6437001863071082,0.0
0078bb88405b,4,9,little_mcp,1,0.3954383875548876,0.0
0078bb88405b,4,10,little_pip,1,0.6420832704292505,0.0
0078bb88405b,5,0,thumb_cmc,1,0.026583026842595166,0.0
0078bb88405b,5,1,thumb_mcp,1,0.08759016099140074,0.0
0078bb88405b,5,2,thumb_ip,1,0.10712116064746234,0.0
0078bb88405b,5,3,index_mcp,1,0.4687453393977239,0.0
0078bb88405b,5,4,index_pip,1,0.3247126807160224,0.0
0078bb88405b,5,5,middle_mcp,1,0.21468233152362143,0.0
0078bb88405b,5,6,middle_pip,1,0.7008417213691749,0.0
0078bb88405b,5,7,ring_mcp,1,0.6000937919144769,0.0
0078bb88405b,5,8,ring_pip,1,0.4785957081836955,0.0
0078bb88405b,5,9,little_mcp,1,0.2294051203808574,0.0
0078bb88405b,5,10,little_pip,1,0.41270695980703503,0.0
0078bb88405b,6,0,thumb_cmc,1,0.01681478187691689,0.0
0078bb88405b,6,1,thumb_mcp,1,0.12461220227420275,0.0
0078bb88405b,6,2,thumb_ip,1,0.24830839419039197,0.0
0078bb88405b,6,3,index_mcp,1,0.34366539088041764,0.0
0078bb88405b,6,4,index_pip,1,0.5082790864576642,0.0
0078bb88405b,6,5,middle_mcp,1,0.3943928128294041,0.0
0078bb88405b,6,6,middle_pip,1,0.5943732496347038,0.0
0078bb88405b,6,7,ring_mcp,1,0.5708578548722595,0.0
0078bb88405b,6,8,ring_pip,1,0.654769749368173,0.0
0078bb88405b,6,9,little_mcp,1,0.37867621243059124,0.0
0078bb88405b,6,10,little_pip,1,0.5609727322392646,0.0
0078bb88405b,7,0,thumb_cmc,1,0.3631363457559552,0.0
0078bb88405b,7,1,thumb_mcp,1,0.08924114429540449,0.0
0078bb88405b,7,2,thumb_ip,1,0.1041609182979719,0.0
0078bb88405b,7,3,index_mcp,1,0.6917647895364796,0.0
0078bb88405b,7,4,index_pip,1,0.37333502669115315,0.0
0078bb88405b,7,5,middle_mcp,1,0.5676887528245274,0.0
0078bb88405b,7,6,middle_pip,1,0.7249980794666774,0.0
0078bb88405b,7,7,ring_mcp,1,0.5302652567913739,0.0
0078bb88405b,7,8,ring_pip,1,0.7854226379079849,0.0
0078bb88405b,7,9,little_mcp,1,0.25974607108248976,0.0
0078bb88405b,7,10,little_pip,1,0.05621595964584839,0.0
0078bb88405b,8,0,thumb_cmc,1,0.013894206225679256,0.0
0078bb88405b,8,1,thumb_mcp,1,0.2323411505050358,0.0
0078bb88405b,8,2,thumb_ip,1,0.0740985122391772,0.0
0078bb88405b,8,3,index_mcp,1,0.8443059828983708,0.0
0078bb88405b,8,4,index_pip,1,0.10875244587519715,0.0
0078bb88405b,8,5,middle_mcp,1,0.7854373157290329,0.0
0078bb88405b,8,6,middle_pip,1,0.5476599543423187,0.0
0078bb88405b,8,7,ring_mcp,1,0.4596185013815982,0.0
0078bb88405b,8,8,ring_pip,1,0.62742233592657,0.0
0078bb88405b,8,9,little_mcp,1,0.11412793358242798,0.0
0078bb88405b,8,10,little_pip,1,0.24769443204137823,0.0
0078bb88405b,9,0,thumb_cmc,1,0.47726191272387725,0.0
0078bb88405b,9,1,thumb_mcp,1,0.4073937681419938,0.0
0078bb88405b,9,2,thumb_ip,1,0.11392792103326276,0.0
0078bb88405b,9,3,index_mcp,1,0.3955507842758997,0.0
0078bb88405b,9,4,index_pip,1,0.24981064499232397,0.0
0078bb88405b,9,5,middle_mcp,1,0.8346503646127603,0.0
0078bb88405b,9,6,middle_pip,1,0.6307433730242956,0.0
0078bb88405b,9,7,ring_mcp,1,0.5837444159925763,0.0
0078bb88405b,9,8,ring_pip,1,0.47172824277246955,0.0
0078bb88405b,9,9,little_mcp,1,0.18754704552112234,0.0
0078bb88405b,9,10,little_pip,1,0.40055488257744226,0.0
0078bb88405b,10,0,thumb_cmc,1,0.2512686986400106,0.0
0078bb88405b,10,1,thumb_mcp,1,0.22027769265744104,0.0
0078bb88405b,10,2,thumb_ip,1,0.23067349147205157,0.0
0078bb88405b,10,3,index_mcp,1,0.5627728822704845,0.0
0078bb88405b,10,4,index_pip,1,0.09122888596282133,0.0
0078bb88405b,10,5,middle_mcp,1,0.4545234580222616,0.0
0078bb88405b,10,6,middle_pip,1,0.6351103955786565,0.0
0078bb88405b,10,7,ring_mcp,1,0.2518271199140872,0.0
0078bb88405b,10,8,ring_pip,1,0.39140567841337665,0.0
0078bb88405b,10,9,little_mcp,1,0.08931354220657566,0.0
0078bb88405b,10,10,little_pip,1,0.3347293278084774,0.0
0078bb88405b,11,0,thumb_cmc,1,0.26540716063965664,0.0
0078bb88405b,11,1,thumb_mcp,1,0.1677530994330627,0.0
0078bb88405b,11,2,thumb_ip,1,0.1108999818913114,0.0
0078bb88405b,11,3,index_mcp,1,0.352142216934981,0.0
0078bb88405b,11,4,index_pip,1,0.3025179150986507,0.0
0078bb88405b,11,5,middle_mcp,1,0.5060624784468049,0.0
0078bb88405b,11,6,middle_pip,1,0.3828373922812733,0.0
0078bb88405b,11,7,ring_mcp,1,0.5659483106555095,0.0
0078bb88405b,11,8,ring_pip,1,0.08133039370205077,0.0
0078bb88405b,11,9,little_mcp,1,0.6610244809240188,0.0
0078bb88405b,11,10,little_pip,1,0.6535838089578185,0.0
0078bb88405b,12,0,thumb_cmc,1,0.08283639578910332,0.0
0078bb88405b,12,1,thumb_mcp,1,0.19630791404819792,0.0
0078bb88405b,12,2,thumb_ip,1,0.5002138746744966,0.0
0078bb88405b,12,3,index_mcp,1,0.2077484397892229,0.0
0078bb88405b,12,4,index_pip,1,0.15193159164568087,0.0
0078bb88405b,12,5,middle_mcp,1,0.6526691279817828,0.0
0078bb88405b,12,6,middle_pip,1,0.3141033125849384,0.0
0078bb88405b,12,7,ring_mcp,1,0.31514646495243404,0.0
0078bb88405b,12,8,ring_pip,1,0.37469471932661247,0.0
0078bb88405b,12,9,little_mcp,1,0.3709069269730312,0.0
0078bb88405b,12,10,little_pip,1,0.47493663633784605,0.0
0078bb88405b,13,0,thumb_cmc,1,0.0714071851806037,0.0
0078bb88405b,13,1,thumb_mcp,1,0.043158975034532365,0.0
0078bb88405b,13,2,thumb_ip,1,0.2134857300695738,0.0
0078bb88405b,13,3,index_mcp,1,0.4641650983403249,0.0
0078bb88405b,13,4,index_pip,1,0.24582500430441276,0.0
0078bb88405b,13,5,middle_mcp,1,0.5431353291483227,0.0
0078bb88405b,13,6,middle_pip,1,0.4740080651801874,0.0
0078bb88405b,13,7,ring_mcp,1,0.5382137724674404,0.0
0078bb88405b,13,8,ring_pip,1,0.555000999572579,0.0
0078bb88405b,13,9,little_mcp,1,0.4593533315468658,0.0
0078bb88405b,13,10,little_pip,1,0.22090036542742766,0.0
0078bb88405b,14,0,thumb_cmc,1,0.015146099787982311,0.0
0078bb88405b,14,1,thumb_mcp,1,0.010793353766297453,0.0
0078bb88405b,14,2,thumb_ip,1,0.268616994220824,0.0
0078bb88405b,14,3,index_mcp,1,0.40224126368264895,0.0
0078bb88405b,14,4,index_pip,1,0.16814869796163665,0.0
0078bb88405b,14,5,middle_mcp,1,0.37325874297648554,0.0
0078bb88405b,14,6,middle_pip,1,0.5846997388867756,0.0
0078bb88405b,14,7,ring_mcp,1,0.4381176052675013,0.0
0078bb88405b,14,8,ring_pip,1,0.3619786204331361,0.0
0078bb88405b,14,9,little_mcp,1,0.38332921685105864,0.0
0078bb88405b,14,10,little_pip,1,0.15354902625687086,0.0
0078bb88405b,15,0,thumb_cmc,1,0.0768364276791155,0.0
0078bb88405b,15,1,thumb_mcp,1,0.02068758660301412,0.0
0078bb88405b,15,2,thumb_ip,1,0.26125056656874535,0.0
0078bb88405b,15,3,index_mcp,1,0.1317499954161207,0.0
0078bb88405b,15,4,index_pip,1,0.7059124230946408,0.0
0078bb88405b,15,5,middle_mcp,1,0.5859660743912369,0.0
0078bb88405b,15,6,middle_pip,1,0.5680070823692739,0.0
0078bb88405b,15,7,ring_mcp,1,0.4442647095995729,0.0
0078bb88405b,15,8,ring_pip,1,0.3390843576148403,0.0
0078bb88405b,15,9,little_mcp,1,0.21708960949626777,0.0
0078bb88405b,15,10,little_pip,1,0.7325742230248032,0.0
0078bb88405b,16,0,thumb_cmc,1,0.02090963516636366,0.0
0078bb88405b,16,1,thumb_mcp,1,0.010568586689811154,0.0
0078bb88405b,16,2,thumb_ip,1,0.2386638348860138,0.0
0078bb88405b,16,3,index_mcp,1,0.06474829748518049,0.0
0078bb88405b,16,4,index_pip,1,0.07104138063825964,0.0
0078bb88405b,16,5,middle_mcp,1,0.7242378676818363,0.0
0078bb88405b,16,6,middle_pip,1,0.7958603131429233,0.0
0078bb88405b,16,7,ring_mcp,1,0.5156946148334998,0.0
0078bb88405b,16,8,ring_pip,1,0.11431124356347243,0.0
0078bb88405b,16,9,little_mcp,1,0.10513853388049946,0.0
0078bb88405b,16,10,little_pip,1,0.27442213936973436,0.0
0078bb88405b,17,0,thumb_cmc,1,0.030214006937721576,0.0
0078bb88405b,17,1,thumb_mcp,1,0.09962785459752262,0.0
0078bb88405b,17,2,thumb_ip,1,0.1159133316311281,0.0
0078bb88405b,17,3,index_mcp,1,0.4951452918200613,0.0
0078bb88405b,17,4,index_pip,1,0.793345541710728,0.0
0078bb88405b,17,5,middle_mcp,1,0.598429382087354,0.0
0078bb88405b,17,6,middle_pip,1,0.43084605295925105,0.0
0078bb88405b,17,7,ring_mcp,1,0.6270838961698529,0.0
0078bb88405b,17,8,ring_pip,1,0.33032338474868345,0.0
0078bb88405b,17,9,little_mcp,1,0.14931759834843839,0.0
0078bb88405b,17,10,little_pip,1,0.3398037830765651,0.0
0078bb88405b,18,0,thumb_cmc,1,0.03286992862973238,0.0
0078bb88405b,18,1,thumb_mcp,1,0.12205644726180759,0.0
0078bb88405b,18,2,thumb_ip,1,0.6042729980511937,0.0
0078bb88405b,18,3,index_mcp,1,0.3746572575688786,0.0
0078bb88405b,18,4,index_pip,1,0.47712476043431756,0.0
0078bb88405b,18,5,middle_mcp,1,0.5551026518099212,0.0
0078bb88405b,18,6,middle_pip,1,0.22448729257619385,0.0
0078bb88405b,18,7,ring_mcp,1,0.5296972388350976,0.0
0078bb88405b,18,8,ring_pip,1,0.6650027580081032,0.0
0078bb88405b,18,9,little_mcp,1,0.285729784192604,0.0
0078bb88405b,18,10,little_pip,1,0.44812326647210277,0.0
0078bb88405b,19,0,thumb_cmc,1,0.023801697817591286,0.0
0078bb88405b,19,1,thumb_mcp,1,0.5064555869955364,0.0
0078bb88405b,19,2,thumb_ip,1,0.062115719129870205,0.0
0078bb88405b,19,3,index_mcp,1,0.6183642883380729,0.0
0078bb88405b,19,4,index_pip,1,0.35831223219788577,0.0
0078bb88405b,19,5,middle_mcp,1,0.634012703154516,0.0
0078bb88405b,19,6,middle_pip,1,0.532410802063709,0.0
0078bb88405b,19,7,ring_mcp,1,0.2543181427085539,0.0
0078bb88405b,19,8,ring_pip,1,0.785095421884183,0.0
0078bb88405b,19,9,little_mcp,1,0.5314480852967386,0.0
0078bb88405b,19,10,little_pip,1,0.5936451012957795,0.0
0078bb88405b,20,0,thumb_cmc,1,0.44420021797734494,0.0
0078bb88405b,20,1,thumb_mcp,1,0.12815533128542456,0.0
0078bb88405b,20,2,thumb_ip,1,0.31262831701740545,0.0
0078bb88405b,20,3,index_mcp,1,0.16575167145162706,0.0
0078bb88405b,20,4,index_pip,1,0.06315204648748803,0.0
0078bb88405b,20,5,middle_mcp,1,0.1519059574529496,0.0
0078bb88405b,20,6,middle_pip,1,0.39351532476083534,0.0
0078bb88405b,20,7,ring_mcp,1,0.26967139665307677,0.0
0078bb88405b,20,8,ring_pip,1,0.5156038288490199,0.0
0078bb88405b,20,9,little_mcp,1,0.24821313913205645,0.0
0078bb88405b,20,10,little_pip,1,0.3870885280810946,0.0
0078bb88405b,21,0,thumb_cmc,1,0.2584225298952275,0.0
0078bb88405b,21,1,thumb_mcp,1,0.20873921336840692,0.0
0078bb88405b,21,2,thumb_ip,1,0.42626716281063537,0.0
0078bb88405b,21,3,index_mcp,1,0.5156298699820616,0.0
0078bb88405b,21,4,index_pip,1,0.425443261302697,0.0
0078bb88405b,21,5,middle_mcp,1,0.42614393846922227,0.0
0078bb88405b,21,6,middle_pip,1,0.45710650855319773,0.0
0078bb88405b,21,7,ring_mcp,1,0.2957919662812424,0.0
0078bb88405b,21,8,ring_pip,1,0.5471000700515546,0.0
0078bb88405b,21,9,little_mcp,1,0.18820597921430313,0.0
0078bb88405b,21,10,little_pip,1,0.2759726086401433,0.0
0078bb88405b,22,0,thumb_cmc,1,0.053861918825272824,0.0
0078bb88405b,22,1,thumb_mcp,1,0.21356630168545657,0.0
0078bb88405b,22,2,thumb_ip,1,0.3510357026662288,0.0
0078bb88405b,22,3,index_mcp,1,0.6231172767296402,0.0
0078bb88405b,22,4,index_pip,1,0.4707059872086065,0.0
0078bb88405b,22,5,middle_mcp,1,0.21217215523086225,0.0
0078bb88405b,22,6,middle_pip,1,0.7096363272230075,0.0
0078bb88405b,22,7,ring_mcp,1,0.7158125343749433,0.0
0078bb88405b,22,8,ring_pip,1,0.3729031498205588,0.0
0078bb88405b,22,9,little_mcp,1,0.29526827657068866,0.0
0078bb88405b,22,10,little_pip,1,0.4324803041199775,0.0
0078bb88405b,23,0,thumb_cmc,1,0.32538793904195845,0.0
0078bb88405b,23,1,thumb_mcp,1,0.1254991960886052,0.0
0078bb88405b,23,2,thumb_ip,1,0.42073098987420987,0.0
0078bb88405b,23,3,index_mcp,1,0.7399976807742774,0.0
0078bb88405b,23,4,index_pip,1,0.1677223241595582,0.0
0078bb88405b,23,5,middle_mcp,1,0.6036788256886811,0.0
0078bb88405b,23,6,middle_pip,1,0.6141089569041469,0.0
0078bb88405b,23,7,ring_mcp,1,0.4743538771785415,0.0
0078bb88405b,23,8,ring_pip,1,0.409846944370908,0.0
0078bb88405b,23,9,little_mcp,1,0.38530639461470256,0.0
0078bb88405b,23,10,little_pip,1,0.7694283241171267,0.0
0078bb88405b,24,0,thumb_cmc,1,0.061682169192717094,0.0
0078bb88405b,24,1,thumb_mcp,1,0.3315011567323114,0.0
0078bb88405b,24,2,thumb_ip,1,0.0997039953820123,0.0
0078bb88405b,24,3,index_mcp,1,0.04869298824065989,0.0
0078bb88405b,24,4,index_pip,1,0.18875499295657844,0.0
0078bb88405b,24,5,middle_mcp,1,0.27640567799949023,0.0
0078bb88405b,24,6,middle_pip,1,0.6972977415307788,0.0
0078bb88405b,24,7,ring_mcp,1,0.2644989430213617,0.0
0078bb88405b,24,8,ring_pip,1,0.5401295702592324,0.0
0078bb88405b,24,9,little_mcp,1,0.3087588622244251,0.0
0078bb88405b,24,10,little_pip,1,0.2516155515143916,0.0
0078bb88405b,25,0,thumb_cmc,1,0.4070624893492099,0.0
0078bb88405b,25,1,thumb_mcp,1,0.45383701700951645,0.0
0078bb88405b,25,2,thumb_ip,1,0.32613077207502417,0.0
0078bb88405b,25,3,index_mcp,1,0.1285467096961439,0.0
0078bb88405b,25,4,index_pip,1,0.4332974454450571,0.0
0078bb88405b,25,5,middle_mcp,1,0.3206137310806316,0.0
0078bb88405b,25,6,middle_pip,1,0.7324767452207438,0.0
0078bb88405b,25,7,ring_mcp,1,0.7732868917500382,0.0
0078bb88405b,25,8,ring_pip,1,0.478632671858926,0.0
0078bb88405b,25,9,little_mcp,1,0.16516105539437012,0.0
0078bb88405b,25,10,little_pip,1,0.43582681365290404,0.0
0078bb88405b,26,0,thumb_cmc,1,0.027655981007903726,0.0
0078bb88405b,26,1,thumb_mcp,1,0.027901663855029978,0.0
0078bb88405b,26,2,thumb_ip,1,0.23105722670237944,0.0
0078bb88405b,26,3,index_mcp,1,0.34765218271975545,0.0
0078bb88405b,26,4,index_pip,1,0.13174284262422883,0.0
0078bb88405b,26,5,middle_mcp,1,0.3900943210434605,0.0
0078bb88405b,26,6,middle_pip,1,0.6105804713201263,0.0
0078bb88405b,26,7,ring_mcp,1,0.39822501204013705,0.0
0078bb88405b,26,8,ring_pip,1,0.7411665871146811,0.0
0078bb88405b,26,9,little_mcp,1,0.12232889533208641,0.0
0078bb88405b,26,10,little_pip,1,0.17259605136798675,0.0
0078bb88405b,27,0,thumb_cmc,1,0.012186471411150736,0.0
0078bb88405b,27,1,thumb_mcp,1,0.241671905700068,0.0
0078bb88405b,27,2,thumb_ip,1,0.22461854846104432,0.0
0078bb88405b,27,3,index_mcp,1,0.3571933313394437,0.0
0078bb88405b,27,4,index_pip,1,0.33281940379851355,0.0
0078bb88405b,27,5,middle_mcp,1,0.4921425158038392,0.0
0078bb88405b,27,6,middle_pip,1,0.563088180959142,0.0
0078bb88405b,27,7,ring_mcp,1,0.414201258541405,0.0
0078bb88405b,27,8,ring_pip,1,0.5375581050138238,0.0
0078bb88405b,27,9,little_mcp,1,0.08518934358692914,0.0
0078bb88405b,27,10,little_pip,1,0.28704769453583834,0.0
0078bb88405b,28,0,thumb_cmc,1,0.01668405389531638,0.0
0078bb88405b,28,1,thumb_mcp,1,0.11374684365201672,0.0
0078bb88405b,28,2,thumb_ip,1,0.14928815104551094,0.0
0078bb88405b,28,3,index_mcp,1,0.24510072724893384,0.0
0078bb88405b,28,4,index_pip,1,0.057607411548008004,0.0
0078bb88405b,28,5,middle_mcp,1,0.2963805971182784,0.0
0078bb88405b,28,6,middle_pip,1,0.40855010247409396,0.0
0078bb88405b,28,7,ring_mcp,1,0.35997781257626005,0.0
0078bb88405b,28,8,ring_pip,1,0.5669345134181109,0.0
0078bb88405b,28,9,little_mcp,1,0.04280929709778835,0.0
0078bb88405b,28,10,little_pip,1,0.13623027099877755,0.0
0078bb88405b,29,0,thumb_cmc,1,0.06636698378334377,0.0
0078bb88405b,29,1,thumb_mcp,1,0.19583631989299463,0.0
0078bb88405b,29,2,thumb_ip,1,0.31716639719457396,0.0
0078bb88405b,29,3,index_mcp,1,0.2645657662704634,0.0
0078bb88405b,29,4,index_pip,1,0.43802162278361184,0.0
0078bb88405b,29,5,middle_mcp,1,0.3798364619481992,0.0
0078bb88405b,29,6,middle_pip,1,0.6591411658123344,0.0
0078bb88405b,29,7,ring_mcp,1,0.40039657908664,0.0
0078bb88405b,29,8,ring_pip,1,0.5246573752296675,0.0
0078bb88405b,29,9,little_mcp,1,0.25814391935188213,0.0
0078bb88405b,29,10,little_pip,1,0.4407940600769861,0.0
0078bb88405b,30,0,thumb_cmc,1,0.6046302814350518,0.0
0078bb88405b,30,1,thumb_mcp,1,0.575659598477818,0.0
0078bb88405b,30,2,thumb_ip,1,0.2793938488640063,0.0
0078bb88405b,30,3,index_mcp,1,0.39306138638194954,0.0
0078bb88405b,30,4,index_pip,1,0.27441851876924883,0.0
0078bb88405b,30,5,middle_mcp,1,0.6500848930913955,0.0
0078bb88405b,30,6,middle_pip,1,0.7182297114674231,0.0
0078bb88405b,30,7,ring_mcp,1,0.2626852147532186,0.0
0078bb88405b,30,8,ring_pip,1,0.36784425652776925,0.0
0078bb88405b,30,9,little_mcp,1,0.4170177457677897,0.0
0078bb88405b,30,10,little_pip,1,0.43131904424128154,0.0
0078bb88405b,31,0,thumb_cmc,1,0.019750260879531453,0.0
0078bb88405b,31,1,thumb_mcp,1,0.36670947006262095,0.0
0078bb88405b,31,2,thumb_ip,1,0.22013001688582912,0.0
0078bb88405b,31,3,index_mcp,1,0.256344973962313,0.0
0078bb88405b,31,4,index_pip,1,0.46741991864049803,0.0
0078bb88405b,31,5,middle_mcp,1,0.443323809709418,0.0
0078bb88405b,31,6,middle_pip,1,0.48240405412214804,0.0
0078bb88405b,31,7,ring_mcp,1,0.29265251923339297,0.0
0078bb88405b,31,8,ring_pip,1,0.5421145330862942,0.0
0078bb88405b,31,9,little_mcp,1,0.4391718260398453,0.0
0078bb88405b,31,10,little_pip,1,0.28739719448470386,0.0
0078bb88405b,32,0,thumb_cmc,1,0.024230800147883907,0.0
0078bb88405b,32,1,thumb_mcp,1,0.1760111118001701,0.0
0078bb88405b,32,2,thumb_ip,1,0.6110402716975293,0.0
0078bb88405b,32,3,index_mcp,1,0.297739938424999,0.0
0078bb88405b,32,4,index_pip,1,0.0900317212295608,0.0
0078bb88405b,32,5,middle_mcp,1,0.2871668686943391,0.0
0078bb88405b,32,6,middle_pip,1,0.6810891718585206,0.0
0078bb88405b,32,7,ring_mcp,1,0.22045016038883822,0.0
0078bb88405b,32,8,ring_pip,1,0.5113130741647027,0.0
0078bb88405b,32,9,little_mcp,1,0.3493747703325702,0.0
0078bb88405b,32,10,little_pip,1,0.523161992494483,0.0
0078bb88405b,33,0,thumb_cmc,1,0.2729373706194499,0.0
0078bb88405b,33,1,thumb_mcp,1,0.06197537021873766,0.0
0078bb88405b,33,2,thumb_ip,1,0.07292287110921869,0.0
0078bb88405b,33,3,index_mcp,1,0.3556812549884242,0.0
0078bb88405b,33,4,index_pip,1,0.2549477098834319,0.0
0078bb88405b,33,5,middle_mcp,1,0.663681922211846,0.0
0078bb88405b,33,6,middle_pip,1,0.6251705150401913,0.0
0078bb88405b,33,7,ring_mcp,1,0.39352318346252113,0.0
0078bb88405b,33,8,ring_pip,1,0.5698271426133574,0.0
0078bb88405b,33,9,little_mcp,1,0.6657721647423819,0.0
0078bb88405b,33,10,little_pip,1,0.7058482126409692,0.0
010a5011bcfd,0,0,thumb_cmc,0,1.0,1.0
010a5011bcfd,0,1,thumb_mcp,0,1.0,1.0
010a5011bcfd,0,2,thumb_ip,0,1.0,1.0
010a5011bcfd,0,3,index_mcp,0,1.0,1.0
010a5011bcfd,0,4,index_pip,0,1.0,1.0
010a5011bcfd,0,5,middle_mcp,0,1.0,1.0
010a5011bcfd,0,6,middle_pip,0,1.0,1.0
010a5011bcfd,0,7,ring_mcp,0,1.0,1.0
010a5011bcfd,0,8,ring_pip,0,1.0,1.0
010a5011bcfd,0,9,little_mcp,0,1.0,1.0
010a5011bcfd,0,10,little_pip,0,1.0,1.0
010a5011bcfd,1,0,thumb_cmc,0,0.7054505179311374,1.0
010a5011bcfd,1,1,thumb_mcp,0,0.8880959007845332,1.0
010a5011bcfd,1,2,thumb_ip,0,0.7221701892451075,1.0
010a5011bcfd,1,3,index_mcp,0,0.7113131815264669,1.0
010a5011bcfd,1,4,index_pip,0,0.9138160362570948,1.0
010a5011bcfd,1,5,middle_mcp,0,0.7276273856416837,1.0
010a5011bcfd,1,6,middle_pip,0,0.8375889073253321,1.0
010a5011bcfd,1,7,ring_mcp,0,0.6517633061131483,1.0
010a5011bcfd,1,8,ring_pip,0,0.8051467159291502,1.0
010a5011bcfd,1,9,little_mcp,0,0.8314618376120887,1.0
010a5011bcfd,1,10,little_pip,0,0.6558878398680961,1.0
010a5011bcfd,2,0,thumb_cmc,0,0.4523126653155856,1.0
010a5011bcfd,2,1,thumb_mcp,0,0.3961838623563899,1.0
010a5011bcfd,2,2,thumb_ip,0,0.614287257526854,1.0
010a5011bcfd,2,3,index_mcp,0,0.8541234277776777,1.0
010a5011bcfd,2,4,index_pip,0,0.6878042862882767,1.0
010a5011bcfd,2,5,middle_mcp,0,0.7527394379119372,1.0
010a5011bcfd,2,6,middle_pip,0,0.8982646933664047,1.0
010a5011bcfd,2,7,ring_mcp,0,0.7303695322063338,1.0
010a5011bcfd,2,8,ring_pip,0,0.8662981207975393,1.0
010a5011bcfd,2,9,little_mcp,0,0.6462556743285001,1.0
010a5011bcfd,2,10,little_pip,0,0.5316710946161012,1.0
010a5011bcfd,3,0,thumb_cmc,0,0.6348199512066305,1.0
010a5011bcfd,3,1,thumb_mcp,0,0.5050908959184689,1.0
010a5011bcfd,3,2,thumb_ip,0,0.6859296116719799,1.0
010a5011bcfd,3,3,index_mcp,0,0.8811885730349779,1.0
010a5011bcfd,3,4,index_pip,0,0.8893947724238498,1.0
010a5011bcfd,3,5,middle_mcp,0,0.930928690778558,1.0
010a5011bcfd,3,6,middle_pip,0,0.9396860135896771,1.0
010a5011bcfd,3,7,ring_mcp,0,0.8449389086154637,1.0
010a5011bcfd,3,8,ring_pip,0,0.8260408377800997,1.0
010a5011bcfd,3,9,little_mcp,0,0.7032537907677809,1.0
010a5011bcfd,3,10,little_pip,0,0.7148193206247208,1.0
010a5011bcfd,4,0,thumb_cmc,0,0.7708254737916622,1.0
010a5011bcfd,4,1,thumb_mcp,0,0.6923300634241262,1.0
010a5011bcfd,4,2,thumb_ip,0,0.8132842587685934,1.0
010a5011bcfd,4,3,index_mcp,0,0.8209164338435055,1.0
010a5011bcfd,4,4,index_pip,0,0.6881771509684442,1.0
010a5011bcfd,4,5,middle_mcp,0,0.5159420679117414,1.0
010a5011bcfd,4,6,middle_pip,0,0.5577636807946273,1.0
010a5011bcfd,4,7,ring_mcp,0,0.3495714820519146,1.0
010a5011bcfd,4,8,ring_pip,0,0.4304599607648135,1.0
010a5011bcfd,4,9,little_mcp,0,0.26809133272621793,1.0
010a5011bcfd,4,10,little_pip,0,0.19798635681064924,1.0
010a5011bcfd,5,0,thumb_cmc,0,0.8165708605463116,1.0
010a5011bcfd,5,1,thumb_mcp,0,0.7425661155991433,1.0
010a5011bcfd,5,2,thumb_ip,0,0.9199822360674071,1.0
010a5011bcfd,5,3,index_mcp,0,0.9494430092123286,1.0
010a5011bcfd,5,4,index_pip,0,0.8859444036519645,1.0
010a5011bcfd,5,5,middle_mcp,0,0.7103634515830382,1.0
010a5011bcfd,5,6,middle_pip,0,0.8227832052135055,1.0
010a5011bcfd,5,7,ring_mcp,0,0.5654102222177823,1.0
010a5011bcfd,5,8,ring_pip,0,0.7519399863890505,1.0
010a5011bcfd,5,9,little_mcp,0,0.4126805950423678,1.0
010a5011bcfd,5,10,little_pip,0,0.2570767001573619,1.0
010a5011bcfd,6,0,thumb_cmc,0,0.8363276477811526,1.0
010a5011bcfd,6,1,thumb_mcp,0,0.8183557998223874,1.0
010a5011bcfd,6,2,thumb_ip,0,0.8608903676494579,1.0
010a5011bcfd,6,3,index_mcp,0,0.7684607520290456,1.0
010a5011bcfd,6,4,index_pip,0,0.7915523957548728,1.0
010a5011bcfd,6,5,middle_mcp,0,0.6422783016756947,1.0
010a5011bcfd,6,6,middle_pip,0,0.755236393182386,1.0
010a5011bcfd,6,7,ring_mcp,0,0.2817625547089392,1.0
010a5011bcfd,6,8,ring_pip,0,0.5367639409484709,1.0
010a5011bcfd,6,9,little_mcp,0,0.1941402889130269,1.0
010a5011bcfd,6,10,little_pip,0,0.5565108820609785,1.0
010a5011bcfd,7,0,thumb_cmc,0,0.44504375080341496,1.0
010a5011bcfd,7,1,thumb_mcp,0,0.5322350994334415,1.0
010a5011bcfd,7,2,thumb_ip,0,0.9231569151783945,1.0
010a5011bcfd,7,3,index_mcp,0,0.5339377154068516,1.0
010a5011bcfd,7,4,index_pip,0,0.7655420182551118,1.0
010a5011bcfd,7,5,middle_mcp,0,0.5300033168131931,1.0
010a5011bcfd,7,6,middle_pip,0,0.6168227045328196,1.0
010a5011bcfd,7,7,ring_mcp,0,0.13901849676648273,1.0
010a5011bcfd,7,8,ring_pip,0,0.3398357411346735,1.0
010a5011bcfd,7,9,little_mcp,0,0.2192009742132912,1.0
010a5011bcfd,7,10,little_pip,0,0.16258169550497337,1.0
010a5011bcfd,8,0,thumb_cmc,0,0.6653613902549662,1.0
010a5011bcfd,8,1,thumb_mcp,0,0.5667037388910628,1.0
010a5011bcfd,8,2,thumb_ip,0,0.43614084683810855,1.0
010a5011bcfd,8,3,index_mcp,0,0.802987128178575,1.0
010a5011bcfd,8,4,index_pip,0,0.813737565998511,1.0
010a5011bcfd,8,5,middle_mcp,0,0.7634861253562736,1.0
010a5011bcfd,8,6,middle_pip,0,0.7693598598585255,1.0
010a5011bcfd,8,7,ring_mcp,0,0.1345393898164038,1.0
010a5011bcfd,8,8,ring_pip,0,0.40631824163671604,1.0
010a5011bcfd,8,9,little_mcp,0,0.2621951124673844,1.0
010a5011bcfd,8,10,little_pip,0,0.16994574112730437,1.0
010a5011bcfd,9,0,thumb_cmc,0,0.4539559475394099,1.0
010a5011bcfd,9,1,thumb_mcp,0,0.6595547451084016,1.0
010a5011bcfd,9,2,thumb_ip,0,0.8130306790794097,1.0
010a5011bcfd,9,3,index_mcp,0,0.8514692437991138,1.0
010a5011bcfd,9,4,index_pip,0,0.8476716059904331,1.0
010a5011bcfd,9,5,middle_mcp,0,0.5511639766823138,1.0
010a5011bcfd,9,6,middle_pip,0,0.8087678999093756,1.0
010a5011bcfd,9,7,ring_mcp,0,0.13900201936901027,1.0
010a5011bcfd,9,8,ring_pip,0,0.71325318013206,1.0
010a5011bcfd,9,9,little_mcp,0,0.1664364232538437,1.0
010a5011bcfd,9,10,little_pip,0,0.1997119297710999,1.0
010a5011bcfd,10,0,thumb_cmc,0,0.2359729898512359,1.0
010a5011bcfd,10,1,thumb_mcp,0,0.5456890853516642,1.0
010a5011bcfd,10,2,thumb_ip,0,0.05336759578175419,1.0
010a5011bcfd,10,3,index_mcp,0,0.53236327431644,1.0
010a5011bcfd,10,4,index_pip,0,0.5985590952369783,1.0
010a5011bcfd,10,5,middle_mcp,0,0.46936887545748146,1.0
010a5011bcfd,10,6,middle_pip,0,0.45049559874401934,1.0
010a5011bcfd,10,7,ring_mcp,0,0.2355304684537806,1.0
010a5011bcfd,10,8,ring_pip,0,0.33300338574000177,1.0
010a5011bcfd,10,9,little_mcp,0,0.4990102588815509,1.0
010a5011bcfd,10,10,little_pip,0,0.4558049452164563,1.0
010a5011bcfd,11,0,thumb_cmc,0,0.3038369247141794,1.0
010a5011bcfd,11,1,thumb_mcp,0,0.4733818792483318,1.0
010a5011bcfd,11,2,thumb_ip,0,0.18345042866458136,1.0
010a5011bcfd,11,3,index_mcp,0,0.7124708884479926,1.0
010a5011bcfd,11,4,index_pip,0,0.6818963591982692,1.0
010a5011bcfd,11,5,middle_mcp,0,0.5305646233641422,1.0
010a5011bcfd,11,6,middle_pip,0,0.8394211838834378,1.0
010a5011bcfd,11,7,ring_mcp,0,0.6604064117131159,1.0
010a5011bcfd,11,8,ring_pip,0,0.6980775723103397,1.0
010a5011bcfd,11,9,little_mcp,0,0.7159327902349896,1.0
010a5011bcfd,11,10,little_pip,0,0.6559724549459516,1.0
010a5011bcfd,12,0,thumb_cmc,0,0.19654195707659608,1.0
010a5011bcfd,12,1,thumb_mcp,0,0.03110037565138411,1.0
010a5011bcfd,12,2,thumb_ip,0,0.41433173919090355,1.0
010a5011bcfd,12,3,index_mcp,0,0.8518707174609653,1.0
010a5011bcfd,12,4,index_pip,0,0.8530673229176213,1.0
010a5011bcfd,12,5,middle_mcp,0,0.6253364291460592,1.0
010a5011bcfd,12,6,middle_pip,0,0.8282022323876281,1.0
010a5011bcfd,12,7,ring_mcp,0,0.7125734654603875,1.0
010a5011bcfd,12,8,ring_pip,0,0.5072547131112524,1.0
010a5011bcfd,12,9,little_mcp,0,0.7763143306976032,1.0
010a5011bcfd,12,10,little_pip,0,0.06205042436964556,1.0
010a5011bcfd,13,0,thumb_cmc,0,0.5441360388893254,1.0
010a5011bcfd,13,1,thumb_mcp,0,0.03998807102291048,1.0
010a5011bcfd,13,2,thumb_ip,0,0.3688073709632903,1.0
010a5011bcfd,13,3,index_mcp,0,0.5687898783826928,1.0
010a5011bcfd,13,4,index_pip,0,0.8013235950853692,1.0
010a5011bcfd,13,5,middle_mcp,0,0.6921211079376296,1.0
010a5011bcfd,13,6,middle_pip,0,0.8746217045256598,1.0
010a5011bcfd,13,7,ring_mcp,0,0.5431159071659925,1.0
010a5011bcfd,13,8,ring_pip,0,0.8148869962871189,1.0
010a5011bcfd,13,9,little_mcp,0,0.7953222105652732,1.0
010a5011bcfd,13,10,little_pip,0,0.2090034298111294,1.0
010a5011bcfd,14,0,thumb_cmc,0,0.40406400422771943,1.0
010a5011bcfd,14,1,thumb_mcp,0,0.05456111505280999,1.0
010a5011bcfd,14,2,thumb_ip,0,0.48851244006221584,1.0
010a5011bcfd,14,3,index_mcp,0,0.6288967727376785,1.0
010a5011bcfd,14,4,index_pip,0,0.8912876036258571,1.0
010a5011bcfd,14,5,middle_mcp,0,0.7714705002769316,1.0
010a5011bcfd,14,6,middle_pip,0,0.7956140234256124,1.0
010a5011bcfd,14,7,ring_mcp,0,0.4945653250214195,1.0
010a5011bcfd,14,8,ring_pip,0,0.5931453637168388,1.0
010a5011bcfd,14,9,little_mcp,0,0.2211677137361866,1.0
010a5011bcfd,14,10,little_pip,0,0.004970419197676546,1.0
010a5011bcfd,15,0,thumb_cmc,0,0.20878685509659797,1.0
010a5011bcfd,15,1,thumb_mcp,0,0.16540873722674052,1.0
010a5011bcfd,15,2,thumb_ip,0,0.75295043471518,1.0
010a5011bcfd,15,3,index_mcp,0,0.6938458224326929,1.0
010a5011bcfd,15,4,index_pip,0,0.8202089814278855,1.0
010a5011bcfd,15,5,middle_mcp,0,0.7970633411781124,1.0
010a5011bcfd,15,6,middle_pip,0,0.7944570324368883,1.0
010a5011bcfd,15,7,ring_mcp,0,0.5070509954282832,1.0
010a5011bcfd,15,8,ring_pip,0,0.552031092686879,1.0
010a5011bcfd,15,9,little_mcp,0,0.31447782518110057,1.0
010a5011bcfd,15,10,little_pip,0,0.04150302597422204,1.0
010a5011bcfd,16,0,thumb_cmc,0,0.8276804951610901,1.0
010a5011bcfd,16,1,thumb_mcp,0,0.6200254811465827,1.0
010a5011bcfd,16,2,thumb_ip,0,0.6234419542161002,1.0
010a5011bcfd,16,3,index_mcp,0,0.646339976437821,1.0
010a5011bcfd,16,4,index_pip,0,0.9047775353329975,1.0
010a5011bcfd,16,5,middle_mcp,0,0.4753821339423875,1.0
010a5011bcfd,16,6,middle_pip,0,0.7135404152257797,1.0
010a5011bcfd,16,7,ring_mcp,0,0.7431282562258669,1.0
010a5011bcfd,16,8,ring_pip,0,0.7936379295854704,1.0
010a5011bcfd,16,9,little_mcp,0,0.5280957571304788,1.0
010a5011bcfd,16,10,little_pip,0,0.038297272702234604,1.0
010a5011bcfd,17,0,thumb_cmc,0,0.5514766693032441,1.0
010a5011bcfd,17,1,thumb_mcp,0,0.4070351266186568,1.0
010a5011bcfd,17,2,thumb_ip,0,0.6523785550466964,1.0
010a5011bcfd,17,3,index_mcp,0,0.8746531040419869,1.0
010a5011bcfd,17,4,index_pip,0,0.7904915452070508,1.0
010a5011bcfd,17,5,middle_mcp,0,0.503699497738421,1.0
010a5011bcfd,17,6,middle_pip,0,0.7970822521324713,1.0
010a5011bcfd,17,7,ring_mcp,0,0.7124248953785349,1.0
010a5011bcfd,17,8,ring_pip,0,0.758052853624034,1.0
010a5011bcfd,17,9,little_mcp,0,0.7664764547218228,1.0
010a5011bcfd,17,10,little_pip,0,0.21785101846217558,1.0
010a5011bcfd,18,0,thumb_cmc,0,0.6151910835049821,1.0
010a5011bcfd,18,1,thumb_mcp,0,0.45260255949177675,1.0
010a5011bcfd,18,2,thumb_ip,0,0.5625908909053355,1.0
010a5011bcfd,18,3,index_mcp,0,0.8750474683728523,1.0
010a5011bcfd,18,4,index_pip,0,0.8628903523036427,1.0
010a5011bcfd,18,5,middle_mcp,0,0.3129802616554626,1.0
010a5011bcfd,18,6,middle_pip,0,0.6881222759181312,1.0
010a5011bcfd,18,7,ring_mcp,0,0.2405477859421728,1.0
010a5011bcfd,18,8,ring_pip,0,0.4876710042079625,1.0
010a5011bcfd,18,9,little_mcp,0,0.033854694552017124,1.0
010a5011bcfd,18,10,little_pip,0,0.03389442755280869,1.0
010a5011bcfd,19,0,thumb_cmc,0,0.5705807426333591,1.0
010a5011bcfd,19,1,thumb_mcp,0,0.7895342163236689,1.0
010a5011bcfd,19,2,thumb_ip,0,0.7390342281654384,1.0
010a5011bcfd,19,3,index_mcp,0,0.7073578905971546,1.0
010a5011bcfd,19,4,index_pip,0,0.9594570080830208,1.0
010a5011bcfd,19,5,middle_mcp,0,0.3572041699018709,1.0
010a5011bcfd,19,6,middle_pip,0,0.7932796802301627,1.0
010a5011bcfd,19,7,ring_mcp,1,0.004200050757322504,0.0
010a5011bcfd,19,8,ring_pip,1,0.018588337908186876,0.0
010a5011bcfd,19,9,little_mcp,0,0.166933976818514,1.0
010a5011bcfd,19,10,little_pip,0,0.09435241380324061,1.0
010a5011bcfd,20,0,thumb_cmc,0,0.21118034719208367,1.0
010a5011bcfd,20,1,thumb_mcp,0,0.1441479093517369,1.0
010a5011bcfd,20,2,thumb_ip,0,0.3381947292509761,1.0
010a5011bcfd,20,3,index_mcp,0,0.252168966432161,1.0
010a5011bcfd,20,4,index_pip,0,0.6797372994158732,1.0
010a5011bcfd,20,5,middle_mcp,0,0.3527553214699319,1.0
010a5011bcfd,20,6,middle_pip,0,0.589326005432165,1.0
010a5011bcfd,20,7,ring_mcp,1,0.5107588679073349,0.0
010a5011bcfd,20,8,ring_pip,1,0.10028724978309986,0.0
010a5011bcfd,20,9,little_mcp,0,0.08489937008208315,1.0
010a5011bcfd,20,10,little_pip,0,0.05689747236252077,1.0
010a5011bcfd,21,0,thumb_cmc,0,0.6432361860950842,1.0
010a5011bcfd,21,1,thumb_mcp,0,0.4144638894766499,1.0
010a5011bcfd,21,2,thumb_ip,0,0.3632931535330001,1.0
010a5011bcfd,21,3,index_mcp,0,0.33724460694703634,1.0
010a5011bcfd,21,4,index_pip,0,0.9134544746836031,1.0
010a5011bcfd,21,5,middle_mcp,0,0.7047240921803621,1.0
010a5011bcfd,21,6,middle_pip,0,0.6936630311114197,1.0
010a5011bcfd,21,7,ring_mcp,1,0.6899737496334329,0.0
010a5011bcfd,21,8,ring_pip,1,0.1592535746272572,0.0
010a5011bcfd,21,9,little_mcp,0,0.1824941401928694,1.0
010a5011bcfd,21,10,little_pip,0,0.004754886330233582,1.0
010a5011bcfd,22,0,thumb_cmc,0,0.5901272183926841,1.0
010a5011bcfd,22,1,thumb_mcp,0,0.5320023594853507,1.0
010a5011bcfd,22,2,thumb_ip,0,0.3196731706849031,1.0
010a5011bcfd,22,3,index_mcp,0,0.3228584124065357,1.0
010a5011bcfd,22,4,index_pip,0,0.7463522661717624,1.0
010a5011bcfd,22,5,middle_mcp,0,0.6660959360224785,1.0
010a5011bcfd,22,6,middle_pip,0,0.7399224758774092,1.0
010a5011bcfd,22,7,ring_mcp,0,0.003725499100510833,1.0
010a5011bcfd,22,8,ring_pip,0,0.016517154521887695,1.0
010a5011bcfd,22,9,little_mcp,0,0.20448067549339013,1.0
010a5011bcfd,22,10,little_pip,0,0.018320876186428085,1.0
010a5011bcfd,23,0,thumb_cmc,0,0.5115030564876365,1.0
010a5011bcfd,23,1,thumb_mcp,0,0.4603376397397275,1.0
010a5011bcfd,23,2,thumb_ip,0,0.5524795553992117,1.0
010a5011bcfd,23,3,index_mcp,0,0.6184514119414145,1.0
010a5011bcfd,23,4,index_pip,0,0.7994817717224174,1.0
010a5011bcfd,23,5,middle_mcp,0,0.7112261789007293,1.0
010a5011bcfd,23,6,middle_pip,0,0.4805403766724418,1.0
010a5011bcfd,23,7,ring_mcp,0,0.049449325923600455,1.0
010a5011bcfd,23,8,ring_pip,0,0.0164684460993847,1.0
010a5011bcfd,23,9,little_mcp,0,0.48264511034435087,1.0
010a5011bcfd,23,10,little_pip,0,0.0061889377129179714,1.0
010a5011bcfd,24,0,thumb_cmc,0,0.6252805773414875,1.0
010a5011bcfd,24,1,thumb_mcp,0,0.527028058516265,1.0
010a5011bcfd,24,2,thumb_ip,0,0.5754200677709125,1.0
010a5011bcfd,24,3,index_mcp,0,0.8066447164704716,1.0
010a5011bcfd,24,4,index_pip,0,0.9055931585071285,1.0
010a5011bcfd,24,5,middle_mcp,0,0.8448927758921089,1.0
010a5011bcfd,24,6,middle_pip,0,0.5741454390329338,1.0
010a5011bcfd,24,7,ring_mcp,0,0.021705084348487686,1.0
010a5011bcfd,24,8,ring_pip,0,0.09640968232134409,1.0
010a5011bcfd,24,9,little_mcp,0,0.6722996456664225,1.0
010a5011bcfd,24,10,little_pip,0,0.00283376574620169,1.0
010a5011bcfd,25,0,thumb_cmc,0,0.5049800425643064,1.0
010a5011bcfd,25,1,thumb_mcp,0,0.5054844632433175,1.0
010a5011bcfd,25,2,thumb_ip,0,0.6481456303714196,1.0
010a5011bcfd,25,3,index_mcp,0,0.7117862378256359,1.0
010a5011bcfd,25,4,index_pip,0,0.8617211164202424,1.0
010a5011bcfd,25,5,middle_mcp,0,0.5753828640143566,1.0
010a5011bcfd,25,6,middle_pip,0,0.7086811542850173,1.0
010a5011bcfd,25,7,ring_mcp,0,0.026918643136467843,1.0
010a5011bcfd,25,8,ring_pip,0,0.03630854993549494,1.0
010a5011bcfd,25,9,little_mcp,0,0.6867417123549706,1.0
010a5011bcfd,25,10,little_pip,0,0.0033435907320365334,1.0
010a5011bcfd,26,0,thumb_cmc,0,0.48783599425513485,1.0
010a5011bcfd,26,1,thumb_mcp,0,0.520422342312068,1.0
010a5011bcfd,26,2,thumb_ip,0,0.8083542286884194,1.0
010a5011bcfd,26,3,index_mcp,0,0.7610911125954487,1.0
010a5011bcfd,26,4,index_pip,0,0.8786570209450454,1.0
010a5011bcfd,26,5,middle_mcp,0,0.7608355663336539,1.0
010a5011bcfd,26,6,middle_pip,0,0.6988655907239673,1.0
010a5011bcfd,26,7,ring_mcp,0,0.01777409716975715,1.0
010a5011bcfd,26,8,ring_pip,0,0.23074095591742672,1.0
010a5011bcfd,26,9,little_mcp,0,0.5955838198034692,1.0
010a5011bcfd,26,10,little_pip,0,0.005276733024207757,1.0
010a5011bcfd,27,0,thumb_cmc,0,0.6889102939469197,1.0
010a5011bcfd,27,1,thumb_mcp,0,0.7669053514251171,1.0
010a5011bcfd,27,2,thumb_ip,0,0.8699327510389067,1.0
010a5011bcfd,27,3,index_mcp,0,0.8141515045473612,1.0
010a5011bcfd,27,4,index_pip,0,0.8906123173082434,1.0
010a5011bcfd,27,5,middle_mcp,0,0.6582892454683046,1.0
010a5011bcfd,27,6,middle_pip,0,0.9076418828138391,1.0
010a5011bcfd,27,7,ring_mcp,0,0.01733320629494678,1.0
010a5011bcfd,27,8,ring_pip,0,0.3387435831934511,1.0
010a5011bcfd,27,9,little_mcp,0,0.8241928464208494,1.0
010a5011bcfd,27,10,little_pip,0,0.005929368497990128,1.0
010a5011bcfd,28,0,thumb_cmc,0,0.4937233482534555,1.0
010a5011bcfd,28,1,thumb_mcp,0,0.5931812520569183,1.0
010a5011bcfd,28,2,thumb_ip,0,0.7561111025738054,1.0
010a5011bcfd,28,3,index_mcp,0,0.9131063201821792,1.0
010a5011bcfd,28,4,index_pip,0,0.8664914092197751,1.0
010a5011bcfd,28,5,middle_mcp,0,0.8866928890523921,1.0
010a5011bcfd,28,6,middle_pip,0,0.8664613952519808,1.0
010a5011bcfd,28,7,ring_mcp,0,0.025524065362575878,1.0
010a5011bcfd,28,8,ring_pip,0,0.3822414095385799,1.0
010a5011bcfd,28,9,little_mcp,0,0.8389824993716687,1.0
010a5011bcfd,28,10,little_pip,0,0.0031559480256643435,1.0
010a5011bcfd,29,0,thumb_cmc,0,0.7397280131111014,1.0
010a5011bcfd,29,1,thumb_mcp,0,0.6025103809976398,1.0
010a5011bcfd,29,2,thumb_ip,0,0.6025485228101892,1.0
010a5011bcfd,29,3,index_mcp,0,0.8028368524269773,1.0
010a5011bcfd,29,4,index_pip,0,0.852175916516648,1.0
010a5011bcfd,29,5,middle_mcp,0,0.6419329760514414,1.0
010a5011bcfd,29,6,middle_pip,0,0.6309921129403909,1.0
010a5011bcfd,29,7,ring_mcp,0,0.02678340853978037,1.0
010a5011bcfd,29,8,ring_pip,0,0.3812327211737862,1.0
010a5011bcfd,29,9,little_mcp,0,0.5917961552146861,1.0
010a5011bcfd,29,10,little_pip,0,0.004349544851870065,1.0
010a5011bcfd,30,0,thumb_cmc,0,0.6912215555561498,1.0
010a5011bcfd,30,1,thumb_mcp,0,0.3787009896273362,1.0
010a5011bcfd,30,2,thumb_ip,0,0.5973786474622469,1.0
010a5011bcfd,30,3,index_mcp,0,0.5578573824472305,1.0
010a5011bcfd,30,4,index_pip,0,0.7889993732113505,1.0
010a5011bcfd,30,5,middle_mcp,0,0.6204032651668655,1.0
010a5011bcfd,30,6,middle_pip,0,0.8229121349443232,1.0
010a5011bcfd,30,7,ring_mcp,0,0.040044667059833644,1.0
010a5011bcfd,30,8,ring_pip,0,0.45834239158943374,1.0
010a5011bcfd,30,9,little_mcp,0,0.5713002152449369,1.0
010a5011bcfd,30,10,little_pip,0,0.004278961303674796,1.0
010a5011bcfd,31,0,thumb_cmc,0,0.9278248708939715,1.0
010a5011bcfd,31,1,thumb_mcp,0,0.7033397793685264,1.0
010a5011bcfd,31,2,thumb_ip,0,0.5393232718516108,1.0
010a5011bcfd,31,3,index_mcp,0,0.7116463965536347,1.0
010a5011bcfd,31,4,index_pip,0,0.9177589882728843,1.0
010a5011bcfd,31,5,middle_mcp,0,0.7342129267790718,1.0
010a5011bcfd,31,6,middle_pip,0,0.898621950831012,1.0
010a5011bcfd,31,7,ring_mcp,0,0.0523573928436134,1.0
010a5011bcfd,31,8,ring_pip,0,0.4888366203015591,1.0
010a5011bcfd,31,9,little_mcp,0,0.8979889435038806,1.0
010a5011bcfd,31,10,little_pip,0,0.006734429396945762,1.0
010a5011bcfd,32,0,thumb_cmc,0,0.8100121684678311,1.0
010a5011bcfd,32,1,thumb_mcp,0,0.44981087059573516,1.0
010a5011bcfd,32,2,thumb_ip,0,0.270857470107261,1.0
010a5011bcfd,32,3,index_mcp,0,0.7458516766961931,1.0
010a5011bcfd,32,4,index_pip,0,0.9088379205291534,1.0
010a5011bcfd,32,5,middle_mcp,0,0.7683484071071618,1.0
010a5011bcfd,32,6,middle_pip,0,0.8445289313478013,1.0
010a5011bcfd,32,7,ring_mcp,0,0.09879428408965142,1.0
010a5011bcfd,32,8,ring_pip,0,0.7043414726211807,1.0
010a5011bcfd,32,9,little_mcp,0,0.8808353864162983,1.0
010a5011bcfd,32,10,little_pip,0,0.002301222620250921,1.0
010a5011bcfd,33,0,thumb_cmc,0,0.8395308782754503,1.0
010a5011bcfd,33,1,thumb_mcp,0,0.8519300361911541,1.0
010a5011bcfd,33,2,thumb_ip,0,0.4762646810211162,1.0
010a5011bcfd,33,3,index_mcp,0,0.829510614564942,1.0
010a5011bcfd,33,4,index_pip,0,0.8139842818799362,1.0
010a5011bcfd,33,5,middle_mcp,0,0.7803963896385843,1.0
010a5011bcfd,33,6,middle_pip,0,0.8326169231664335,1.0
010a5011bcfd,33,7,ring_mcp,0,0.17085030346462718,1.0
010a5011bcfd,33,8,ring_pip,0,0.7441910463424503,1.0
010a5011bcfd,33,9,little_mcp,0,0.896570485790709,1.0
010a5011bcfd,33,10,little_pip,0,0.0010906939713676682,1.0
010a5011bcfd,34,0,thumb_cmc,0,0.655412161298307,1.0
010a5011bcfd,34,1,thumb_mcp,0,0.522366722881761,1.0
010a5011bcfd,34,2,thumb_ip,0,0.5167312793213747,1.0
010a5011bcfd,34,3,index_mcp,0,0.7056940635214283,1.0
010a5011bcfd,34,4,index_pip,0,0.8013141005697959,1.0
010a5011bcfd,34,5,middle_mcp,0,0.5483397586620888,1.0
010a5011bcfd,34,6,middle_pip,0,0.8351789126349777,1.0
010a5011bcfd,34,7,ring_mcp,0,0.5317060850631753,1.0
010a5011bcfd,34,8,ring_pip,0,0.774568192768836,1.0
010a5011bcfd,34,9,little_mcp,0,0.7676264205771625,1.0
010a5011bcfd,34,10,little_pip,0,0.004802077074954339,1.0
010a5011bcfd,35,0,thumb_cmc,0,0.7347390410435718,1.0
010a5011bcfd,35,1,thumb_mcp,0,0.7710378229592739,1.0
010a5011bcfd,35,2,thumb_ip,0,0.7589049411691299,1.0
010a5011bcfd,35,3,index_mcp,0,0.9531320437637821,1.0
010a5011bcfd,35,4,index_pip,0,0.9153575100213458,1.0
010a5011bcfd,35,5,middle_mcp,0,0.741250367447855,1.0
010a5011bcfd,35,6,middle_pip,0,0.8685238258232683,1.0
010a5011bcfd,35,7,ring_mcp,0,0.6338178142844237,1.0
010a5011bcfd,35,8,ring_pip,0,0.8582963289895316,1.0
010a5011bcfd,35,9,little_mcp,0,0.9591942907209783,1.0
010a5011bcfd,35,10,little_pip,0,0.009003590476319955,1.0
010a5011bcfd,36,0,thumb_cmc,0,0.8080345408945734,1.0
010a5011bcfd,36,1,thumb_mcp,0,0.8016635647298712,1.0
010a5011bcfd,36,2,thumb_ip,0,0.33011324654333407,1.0
010a5011bcfd,36,3,index_mcp,0,0.9546533749585115,1.0
010a5011bcfd,36,4,index_pip,0,0.7547964475439786,1.0
010a5011bcfd,36,5,middle_mcp,0,0.7819857301022268,1.0
010a5011bcfd,36,6,middle_pip,0,0.7999070774321404,1.0
010a5011bcfd,36,7,ring_mcp,0,0.5978028159852883,1.0
010a5011bcfd,36,8,ring_pip,0,0.6586342322978824,1.0
010a5011bcfd,36,9,little_mcp,0,0.9542462105382219,1.0
010a5011bcfd,36,10,little_pip,0,0.010560714664368288,1.0
010a5011bcfd,37,0,thumb_cmc,0,0.8455945926401902,1.0
010a5011bcfd,37,1,thumb_mcp,0,0.6364032112940988,1.0
010a5011bcfd,37,2,thumb_ip,0,0.5467046497586745,1.0
010a5011bcfd,37,3,index_mcp,0,0.8342521252718433,1.0
010a5011bcfd,37,4,index_pip,0,0.9648313838320954,1.0
010a5011bcfd,37,5,middle_mcp,0,0.7300988976005314,1.0
010a5011bcfd,37,6,middle_pip,0,0.8449117862944437,1.0
010a5011bcfd,37,7,ring_mcp,0,0.63497223807165,1.0
010a5011bcfd,37,8,ring_pip,0,0.7213095344949995,1.0
010a5011bcfd,37,9,little_mcp,0,0.9188999060772575,1.0
010a5011bcfd,37,10,little_pip,0,0.016315638368961393,1.0
010a5011bcfd,38,0,thumb_cmc,0,0.8005437972413854,1.0
010a5011bcfd,38,1,thumb_mcp,0,0.6249347039881988,1.0
010a5011bcfd,38,2,thumb_ip,0,0.5060444326634767,1.0
010a5011bcfd,38,3,index_mcp,0,0.7394141953139354,1.0
010a5011bcfd,38,4,index_pip,0,0.7918258842789642,1.0
010a5011bcfd,38,5,middle_mcp,0,0.8125225120104256,1.0
010a5011bcfd,38,6,middle_pip,0,0.8557018051167434,1.0
010a5011bcfd,38,7,ring_mcp,0,0.8239640216950107,1.0
010a5011bcfd,38,8,ring_pip,0,0.711341004157877,1.0
010a5011bcfd,38,9,little_mcp,0,0.718194312686605,1.0
010a5011bcfd,38,10,little_pip,0,0.011059029064857718,1.0
05c116dc4ea7,0,0,thumb_cmc,0,1.0,1.0
05c116dc4ea7,0,1,thumb_mcp,0,1.0,1.0
05c116dc4ea7,0,2,thumb_ip,0,1.0,1.0
05c116dc4ea7,0,3,index_mcp,0,1.0,1.0
05c116dc4ea7,0,4,index_pip,0,1.0,1.0
05c116dc4ea7,0,5,middle_mcp,0,1.0,1.0
05c116dc4ea7,0,6,middle_pip,0,1.0,1.0
05c116dc4ea7,0,7,ring_mcp,0,1.0,1.0
05c116dc4ea7,0,8,ring_pip,0,1.0,1.0
05c116dc4ea7,0,9,little_mcp,0,1.0,1.0
05c116dc4ea7,0,10,little_pip,0,1.0,1.0
05c116dc4ea7,1,0,thumb_cmc,0,0.6585407641552399,1.0
05c116dc4ea7,1,1,thumb_mcp,0,0.7242901059081055,1.0
05c116dc4ea7,1,2,thumb_ip,0,0.890752184595006,1.0
05c116dc4ea7,1,3,index_mcp,0,0.8413484070116654,1.0
05c116dc4ea7,1,4,index_pip,0,0.7857867609973201,1.0
05c116dc4ea7,1,5,middle_mcp,0,0.8514696656124388,1.0
05c116dc4ea7,1,6,middle_pip,0,0.8664204332074789,1.0
05c116dc4ea7,1,7,ring_mcp,0,0.7184567209299945,1.0
05c116dc4ea7,1,8,ring_pip,0,0.8992728090582964,1.0
05c116dc4ea7,1,9,little_mcp,0,0.7052634569802317,1.0
05c116dc4ea7,1,10,little_pip,0,0.9030082789242799,1.0
05c116dc4ea7,2,0,thumb_cmc,0,0.3327612377429338,1.0
05c116dc4ea7,2,1,thumb_mcp,0,0.8181955580045517,1.0
05c116dc4ea7,2,2,thumb_ip,0,0.6711881817350791,1.0
05c116dc4ea7,2,3,index_mcp,0,0.28182852688623344,1.0
05c116dc4ea7,2,4,index_pip,0,0.675234029736136,1.0
05c116dc4ea7,2,5,middle_mcp,0,0.5029012581997371,1.0
05c116dc4ea7,2,6,middle_pip,0,0.8195972764560447,1.0
05c116dc4ea7,2,7,ring_mcp,0,0.5948045758045153,1.0
05c116dc4ea7,2,8,ring_pip,0,0.868963676810573,1.0
05c116dc4ea7,2,9,little_mcp,0,0.7505642004269116,1.0
05c116dc4ea7,2,10,little_pip,0,0.6512175307870898,1.0
05c116dc4ea7,3,0,thumb_cmc,0,0.6266159658639767,1.0
05c116dc4ea7,3,1,thumb_mcp,0,0.8941260047734655,1.0
05c116dc4ea7,3,2,thumb_ip,0,0.704817676727983,1.0
05c116dc4ea7,3,3,index_mcp,0,0.7061958682600401,1.0
05c116dc4ea7,3,4,index_pip,0,0.34620463991899614,1.0
05c116dc4ea7,3,5,middle_mcp,0,0.46764593629130374,1.0
05c116dc4ea7,3,6,middle_pip,0,0.6654660435556411,1.0
05c116dc4ea7,3,7,ring_mcp,0,0.5861907851776323,1.0
05c116dc4ea7,3,8,ring_pip,0,0.7019130677823793,1.0
05c116dc4ea7,3,9,little_mcp,0,0.866686024652921,1.0
05c116dc4ea7,3,10,little_pip,0,0.5155989491250972,1.0
05c116dc4ea7,4,0,thumb_cmc,0,0.2608100631659783,1.0
05c116dc4ea7,4,1,thumb_mcp,0,0.5592221890924036,1.0
05c116dc4ea7,4,2,thumb_ip,0,0.6579911400147502,1.0
05c116dc4ea7,4,3,index_mcp,0,0.6405492242316569,1.0
05c116dc4ea7,4,4,index_pip,0,0.38788686567866765,1.0
05c116dc4ea7,4,5,middle_mcp,0,0.8010698624129103,1.0
05c116dc4ea7,4,6,middle_pip,0,0.6071510435593892,1.0
05c116dc4ea7,4,7,ring_mcp,0,0.41872823835431894,1.0
05c116dc4ea7,4,8,ring_pip,0,0.48144861427288704,1.0
05c116dc4ea7,4,9,little_mcp,0,0.06545782462415652,1.0
05c116dc4ea7,4,10,little_pip,0,0.25241343111660164,1.0
05c116dc4ea7,5,0,thumb_cmc,0,0.7219799516438852,1.0
05c116dc4ea7,5,1,thumb_mcp,0,0.7543033934025943,1.0
05c116dc4ea7,5,2,thumb_ip,0,0.5748506146189266,1.0
05c116dc4ea7,5,3,index_mcp,0,0.4463099003319778,1.0
05c116dc4ea7,5,4,index_pip,0,0.5891294842817713,1.0
05c116dc4ea7,5,5,middle_mcp,0,0.6164393460980794,1.0
05c116dc4ea7,5,6,middle_pip,0,0.7386753812366853,1.0
05c116dc4ea7,5,7,ring_mcp,0,0.6035325694642035,1.0
05c116dc4ea7,5,8,ring_pip,0,0.778270233922854,1.0
05c116dc4ea7,5,9,little_mcp,0,0.04974984719312526,1.0
05c116dc4ea7,5,10,little_pip,0,0.33711531796571836,1.0
05c116dc4ea7,6,0,thumb_cmc,0,0.25206141887213274,1.0
05c116dc4ea7,6,1,thumb_mcp,0,0.796119042881008,1.0
05c116dc4ea7,6,2,thumb_ip,0,0.4910432655297309,1.0
05c116dc4ea7,6,3,index_mcp,0,0.1426793399776885,1.0
05c116dc4ea7,6,4,index_pip,0,0.11849579359415384,1.0
05c116dc4ea7,6,5,middle_mcp,0,0.2352651055924684,1.0
05c116dc4ea7,6,6,middle_pip,0,0.3808111994077168,1.0
05c116dc4ea7,6,7,ring_mcp,0,0.3602579452344735,1.0
05c116dc4ea7,6,8,ring_pip,0,0.4546167637128872,1.0
05c116dc4ea7,6,9,little_mcp,0,0.5279089977072486,1.0
05c116dc4ea7,6,10,little_pip,0,0.6495441387282238,1.0
05c116dc4ea7,7,0,thumb_cmc,0,0.2644543043472758,1.0
05c116dc4ea7,7,1,thumb_mcp,0,0.14410951835298202,1.0
05c116dc4ea7,7,2,thumb_ip,0,0.6857816873350624,1.0
05c116dc4ea7,7,3,index_mcp,0,0.1243605103768496,1.0
05c116dc4ea7,7,4,index_pip,0,0.03644804255986995,1.0
05c116dc4ea7,7,5,middle_mcp,0,0.24092220159644054,1.0
05c116dc4ea7,7,6,middle_pip,0,0.15562490846841417,1.0
05c116dc4ea7,7,7,ring_mcp,0,0.15339153084375637,1.0
05c116dc4ea7,7,8,ring_pip,0,0.09708421816859797,1.0
05c116dc4ea7,7,9,little_mcp,0,0.4834614397579281,1.0
05c116dc4ea7,7,10,little_pip,0,0.22647977661561927,1.0
05c116dc4ea7,8,0,thumb_cmc,0,0.2391278595354736,1.0
05c116dc4ea7,8,1,thumb_mcp,0,0.45907121166530196,1.0
05c116dc4ea7,8,2,thumb_ip,0,0.7925839014049528,1.0
05c116dc4ea7,8,3,index_mcp,0,0.28267542694355985,1.0
05c116dc4ea7,8,4,index_pip,0,0.14916772206925727,1.0
05c116dc4ea7,8,5,middle_mcp,0,0.5549974041886451,1.0
05c116dc4ea7,8,6,middle_pip,0,0.778507072186907,1.0
05c116dc4ea7,8,7,ring_mcp,0,0.49693497109332974,1.0
05c116dc4ea7,8,8,ring_pip,0,0.632987603824083,1.0
05c116dc4ea7,8,9,little_mcp,0,0.14374690823266573,1.0
05c116dc4ea7,8,10,little_pip,0,0.42981241754110555,1.0
05c116dc4ea7,9,0,thumb_cmc,0,0.4470423106597215,1.0
05c116dc4ea7,9,1,thumb_mcp,0,0.8196341866472697,1.0
05c116dc4ea7,9,2,thumb_ip,0,0.7807470233875878,1.0
05c116dc4ea7,9,3,index_mcp,0,0.23462831997341793,1.0
05c116dc4ea7,9,4,index_pip,0,0.11547656750162454,1.0
05c116dc4ea7,9,5,middle_mcp,0,0.37199907425827317,1.0
05c116dc4ea7,9,6,middle_pip,0,0.5919862091359047,1.0
05c116dc4ea7,9,7,ring_mcp,0,0.14748521241573678,1.0
05c116dc4ea7,9,8,ring_pip,0,0.3958015027645694,1.0
05c116dc4ea7,9,9,little_mcp,0,0.11719782386773664,1.0
05c116dc4ea7,9,10,little_pip,0,0.13733435037730865,1.0
05c116dc4ea7,10,0,thumb_cmc,0,0.21945244248578158,1.0
05c116dc4ea7,10,1,thumb_mcp,0,0.507652095174161,1.0
05c116dc4ea7,10,2,thumb_ip,0,0.34969057961420547,1.0
05c116dc4ea7,10,3,index_mcp,0,0.08694921532054656,1.0
05c116dc4ea7,10,4,index_pip,0,0.46006469040531495,1.0
05c116dc4ea7,10,5,middle_mcp,0,0.563386153071835,1.0
05c116dc4ea7,10,6,middle_pip,0,0.48125876072965956,1.0
05c116dc4ea7,10,7,ring_mcp,0,0.14282584148210586,1.0
05c116dc4ea7,10,8,ring_pip,0,0.6971007238718296,1.0
05c116dc4ea7,10,9,little_mcp,0,0.176986130409139,1.0
05c116dc4ea7,10,10,little_pip,0,0.21163029091125996,1.0
05c116dc4ea7,11,0,thumb_cmc,0,0.22417322448242888,1.0
05c116dc4ea7,11,1,thumb_mcp,0,0.3804509699920749,1.0
05c116dc4ea7,11,2,thumb_ip,0,0.3458229931959257,1.0
05c116dc4ea7,11,3,index_mcp,0,0.13934625379127594,1.0
05c116dc4ea7,11,4,index_pip,0,0.1352412242259129,1.0
05c116dc4ea7,11,5,middle_mcp,0,0.16085377314433455,1.0
05c116dc4ea7,11,6,middle_pip,0,0.4377061787150926,1.0
05c116dc4ea7,11,7,ring_mcp,0,0.11719117863978522,1.0
05c116dc4ea7,11,8,ring_pip,0,0.6540252950391324,1.0
05c116dc4ea7,11,9,little_mcp,0,0.19953351432062894,1.0
05c116dc4ea7,11,10,little_pip,0,0.26444116742873414,1.0
05c116dc4ea7,12,0,thumb_cmc,0,0.8220027161082364,1.0
05c116dc4ea7,12,1,thumb_mcp,0,0.5289018115722609,1.0
05c116dc4ea7,12,2,thumb_ip,0,0.6851920375152882,1.0
05c116dc4ea7,12,3,index_mcp,0,0.11269871262815988,1.0
05c116dc4ea7,12,4,index_pip,0,0.3609582766807435,1.0
05c116dc4ea7,12,5,middle_mcp,0,0.36346082931772294,1.0
05c116dc4ea7,12,6,middle_pip,0,0.3151015754028636,1.0
05c116dc4ea7,12,7,ring_mcp,0,0.1161801792265485,1.0
05c116dc4ea7,12,8,ring_pip,0,0.6134018744098776,1.0
05c116dc4ea7,12,9,little_mcp,0,0.21172839442971067,1.0
05c116dc4ea7,12,10,little_pip,0,0.5559122755666319,1.0
05c116dc4ea7,13,0,thumb_cmc,0,0.3470501240901195,1.0
05c116dc4ea7,13,1,thumb_mcp,0,0.6410622332215586,1.0
05c116dc4ea7,13,2,thumb_ip,0,0.2355360085162852,1.0
05c116dc4ea7,13,3,index_mcp,0,0.050178942940501056,1.0
05c116dc4ea7,13,4,index_pip,0,0.5129598375254214,1.0
05c116dc4ea7,13,5,middle_mcp,0,0.40827618638275015,1.0
05c116dc4ea7,13,6,middle_pip,0,0.3925019449201771,1.0
05c116dc4ea7,13,7,ring_mcp,0,0.5059754069497491,1.0
05c116dc4ea7,13,8,ring_pip,0,0.4304795983234578,1.0
05c116dc4ea7,13,9,little_mcp,0,0.0792693824818996,1.0
05c116dc4ea7,13,10,little_pip,0,0.28427290966710533,1.0
05c116dc4ea7,14,0,thumb_cmc,0,0.6507442795233886,1.0
05c116dc4ea7,14,1,thumb_mcp,0,0.25696720456560757,1.0
05c116dc4ea7,14,2,thumb_ip,0,0.3178619778531781,1.0
05c116dc4ea7,14,3,index_mcp,0,0.3021286580830529,1.0
05c116dc4ea7,14,4,index_pip,0,0.16901619990201652,1.0
05c116dc4ea7,14,5,middle_mcp,0,0.15398049717534207,1.0
05c116dc4ea7,14,6,middle_pip,0,0.60171349449589,1.0
05c116dc4ea7,14,7,ring_mcp,0,0.6429615213488787,1.0
05c116dc4ea7,14,8,ring_pip,0,0.4752691445958627,1.0
05c116dc4ea7,14,9,little_mcp,0,0.15138792225717151,1.0
05c116dc4ea7,14,10,little_pip,0,0.08405972409789524,1.0
05c116dc4ea7,15,0,thumb_cmc,0,0.37463250896138117,1.0
05c116dc4ea7,15,1,thumb_mcp,0,0.4397287749523979,1.0
05c116dc4ea7,15,2,thumb_ip,0,0.4427555824563206,1.0
05c116dc4ea7,15,3,index_mcp,0,0.10707726322375169,1.0
05c116dc4ea7,15,4,index_pip,0,0.542011167398615,1.0
05c116dc4ea7,15,5,middle_mcp,0,0.6201028305386985,1.0
05c116dc4ea7,15,6,middle_pip,0,0.737524010539258,1.0
05c116dc4ea7,15,7,ring_mcp,0,0.22511543548621918,1.0
05c116dc4ea7,15,8,ring_pip,0,0.6270933672734865,1.0
05c116dc4ea7,15,9,little_mcp,0,0.47722971938228315,1.0
05c116dc4ea7,15,10,little_pip,0,0.33768463259917353,1.0
05c116dc4ea7,16,0,thumb_cmc,0,0.32710135454251926,1.0
05c116dc4ea7,16,1,thumb_mcp,0,0.5342679582153852,1.0
05c116dc4ea7,16,2,thumb_ip,0,0.675285479603799,1.0
05c116dc4ea7,16,3,index_mcp,0,0.23247247925154568,1.0
05c116dc4ea7,16,4,index_pip,0,0.32460333346242154,1.0
05c116dc4ea7,16,5,middle_mcp,0,0.372131982324561,1.0
05c116dc4ea7,16,6,middle_pip,0,0.2748754609487868,1.0
05c116dc4ea7,16,7,ring_mcp,0,0.1120131748116843,1.0
05c116dc4ea7,16,8,ring_pip,0,0.17483321573183297,1.0
05c116dc4ea7,16,9,little_mcp,0,0.6742462504614805,1.0
05c116dc4ea7,16,10,little_pip,0,0.3246491694571413,1.0
05c116dc4ea7,17,0,thumb_cmc,0,0.38862255067092183,1.0
05c116dc4ea7,17,1,thumb_mcp,0,0.6431794180065008,1.0
05c116dc4ea7,17,2,thumb_ip,0,0.36480212260387285,1.0
05c116dc4ea7,17,3,index_mcp,0,0.6871804340643421,1.0
05c116dc4ea7,17,4,index_pip,0,0.49427496347278016,1.0
05c116dc4ea7,17,5,middle_mcp,0,0.6459993432550223,1.0
05c116dc4ea7,17,6,middle_pip,0,0.416995510115099,1.0
05c116dc4ea7,17,7,ring_mcp,0,0.38654366830693326,1.0
05c116dc4ea7,17,8,ring_pip,0,0.3281186137876218,1.0
05c116dc4ea7,17,9,little_mcp,0,0.5934413915888638,1.0
05c116dc4ea7,17,10,little_pip,0,0.5297777162900195,1.0
05c116dc4ea7,18,0,thumb_cmc,0,0.4674693707413161,1.0
05c116dc4ea7,18,1,thumb_mcp,0,0.8506989020030199,1.0
05c116dc4ea7,18,2,thumb_ip,0,0.7410098221940415,1.0
05c116dc4ea7,18,3,index_mcp,0,0.38983958704619864,1.0
05c116dc4ea7,18,4,index_pip,0,0.4607687531864863,1.0
05c116dc4ea7,18,5,middle_mcp,0,0.5779880243212299,1.0
05c116dc4ea7,18,6,middle_pip,0,0.5240987902013361,1.0
05c116dc4ea7,18,7,ring_mcp,0,0.5209872406682643,1.0
05c116dc4ea7,18,8,ring_pip,0,0.48646105710613213,1.0
05c116dc4ea7,18,9,little_mcp,0,0.4499018413251938,1.0
05c116dc4ea7,18,10,little_pip,0,0.6574698709381639,1.0
05c116dc4ea7,19,0,thumb_cmc,0,0.5519531989216613,1.0
05c116dc4ea7,19,1,thumb_mcp,0,0.7368268737150813,1.0
05c116dc4ea7,19,2,thumb_ip,0,0.7392116890858478,1.0
05c116dc4ea7,19,3,index_mcp,0,0.46473024388170214,1.0
05c116dc4ea7,19,4,index_pip,0,0.7521387678733398,1.0
05c116dc4ea7,19,5,middle_mcp,0,0.7348286654447735,1.0
05c116dc4ea7,19,6,middle_pip,0,0.6703208101002787,1.0
05c116dc4ea7,19,7,ring_mcp,0,0.6323404356361864,1.0
05c116dc4ea7,19,8,ring_pip,0,0.6456780217153287,1.0
05c116dc4ea7,19,9,little_mcp,0,0.6992538730370702,1.0
05c116dc4ea7,19,10,little_pip,0,0.797278391121164,1.0
05c116dc4ea7,20,0,thumb_cmc,0,0.5120080605743116,1.0
05c116dc4ea7,20,1,thumb_mcp,0,0.738758893272954,1.0
05c116dc4ea7,20,2,thumb_ip,0,0.5514506978131699,1.0
05c116dc4ea7,20,3,index_mcp,0,0.6744513022448947,1.0
05c116dc4ea7,20,4,index_pip,0,0.6584753722675564,1.0
05c116dc4ea7,20,5,middle_mcp,0,0.7886904571992884,1.0
05c116dc4ea7,20,6,middle_pip,0,0.7937737462550042,1.0
05c116dc4ea7,20,7,ring_mcp,0,0.7801090519291405,1.0
05c116dc4ea7,20,8,ring_pip,0,0.6943512130928193,1.0
05c116dc4ea7,20,9,little_mcp,0,0.6987996410974064,1.0
05c116dc4ea7,20,10,little_pip,0,0.8491551863005191,1.0
05c116dc4ea7,21,0,thumb_cmc,0,0.7782826830727432,1.0
05c116dc4ea7,21,1,thumb_mcp,0,0.8758272270052163,1.0
05c116dc4ea7,21,2,thumb_ip,0,0.7247268633419394,1.0
05c116dc4ea7,21,3,index_mcp,0,0.8880251738312192,1.0
05c116dc4ea7,21,4,index_pip,0,0.7042452355442881,1.0
05c116dc4ea7,21,5,middle_mcp,0,0.9377691381355038,1.0
05c116dc4ea7,21,6,middle_pip,0,0.8385441817253577,1.0
05c116dc4ea7,21,7,ring_mcp,0,0.9312975412744301,1.0
05c116dc4ea7,21,8,ring_pip,0,0.8753908701237866,1.0
05c116dc4ea7,21,9,little_mcp,0,0.8141828073286448,1.0
05c116dc4ea7,21,10,little_pip,0,0.9235426355193348,1.0
05c116dc4ea7,22,0,thumb_cmc,0,0.873512112162794,1.0
05c116dc4ea7,22,1,thumb_mcp,0,0.9343321754675362,1.0
05c116dc4ea7,22,2,thumb_ip,0,0.777977593147703,1.0
05c116dc4ea7,22,3,index_mcp,0,0.8248122005872417,1.0
05c116dc4ea7,22,4,index_pip,0,0.8290651144848868,1.0
05c116dc4ea7,22,5,middle_mcp,0,0.8751905907066013,1.0
05c116dc4ea7,22,6,middle_pip,0,0.8897528949890328,1.0
05c116dc4ea7,22,7,ring_mcp,0,0.7682348149443853,1.0
05c116dc4ea7,22,8,ring_pip,0,0.7790052220971206,1.0
05c116dc4ea7,22,9,little_mcp,0,0.7178871575154124,1.0
05c116dc4ea7,22,10,little_pip,0,0.7355762618409069,1.0
05c116dc4ea7,23,0,thumb_cmc,0,0.8488774976975125,1.0
05c116dc4ea7,23,1,thumb_mcp,0,0.9372976769200819,1.0
05c116dc4ea7,23,2,thumb_ip,0,0.848146609949548,1.0
05c116dc4ea7,23,3,index_mcp,0,0.8716859041133087,1.0
05c116dc4ea7,23,4,index_pip,0,0.9366253471877924,1.0
05c116dc4ea7,23,5,middle_mcp,0,0.7913093288356214,1.0
05c116dc4ea7,23,6,middle_pip,0,0.7265660436898485,1.0
05c116dc4ea7,23,7,ring_mcp,0,0.8413644616003834,1.0
05c116dc4ea7,23,8,ring_pip,0,0.822328064878291,1.0
05c116dc4ea7,23,9,little_mcp,0,0.833792708111057,1.0
05c116dc4ea7,23,10,little_pip,0,0.8709643144770398,1.0
05c116dc4ea7,24,0,thumb_cmc,0,0.8411875725621002,1.0
05c116dc4ea7,24,1,thumb_mcp,0,0.707169916009682,1.0
05c116dc4ea7,24,2,thumb_ip,0,0.6512932670380431,1.0
05c116dc4ea7,24,3,index_mcp,0,0.5729965664011976,1.0
05c116dc4ea7,24,4,index_pip,0,0.7430107464118922,1.0
05c116dc4ea7,24,5,middle_mcp,0,0.7480744713754186,1.0
05c116dc4ea7,24,6,middle_pip,0,0.8789381029388942,1.0
05c116dc4ea7,24,7,ring_mcp,0,0.824652856259096,1.0
05c116dc4ea7,24,8,ring_pip,0,0.863694888086723,1.0
05c116dc4ea7,24,9,little_mcp,0,0.6345860151315466,1.0
05c116dc4ea7,24,10,little_pip,0,0.9015490718722659,1.0
05c116dc4ea7,25,0,thumb_cmc,0,0.8281301724462486,1.0
05c116dc4ea7,25,1,thumb_mcp,0,0.8896879072706668,1.0
05c116dc4ea7,25,2,thumb_ip,0,0.8316987896370827,1.0
05c116dc4ea7,25,3,index_mcp,0,0.8241047505344723,1.0
05c116dc4ea7,25,4,index_pip,0,0.831850207936297,1.0
05c116dc4ea7,25,5,middle_mcp,1,0.9222579064271691,0.0
05c116dc4ea7,25,6,middle_pip,1,0.9642686673597924,0.0
05c116dc4ea7,25,7,ring_mcp,0,0.9400726309793616,1.0
05c116dc4ea7,25,8,ring_pip,0,0.9073218112445685,1.0
05c116dc4ea7,25,9,little_mcp,0,0.8699109896003503,1.0
05c116dc4ea7,25,10,little_pip,0,0.9365628485937418,1.0
05c116dc4ea7,26,0,thumb_cmc,0,0.816047117083035,1.0
05c116dc4ea7,26,1,thumb_mcp,0,0.7684597895039053,1.0
05c116dc4ea7,26,2,thumb_ip,0,0.724557741203571,1.0
05c116dc4ea7,26,3,index_mcp,0,0.775718419364631,1.0
05c116dc4ea7,26,4,index_pip,0,0.6821398642248678,1.0
05c116dc4ea7,26,5,middle_mcp,1,0.9622238956494577,0.0
05c116dc4ea7,26,6,middle_pip,1,0.995244858328539,0.0
05c116dc4ea7,26,7,ring_mcp,0,0.9060156595134731,1.0
05c116dc4ea7,26,8,ring_pip,0,0.8713855372498623,1.0
05c116dc4ea7,26,9,little_mcp,0,0.8302322267467271,1.0
05c116dc4ea7,26,10,little_pip,0,0.8166855584371814,1.0
05c116dc4ea7,27,0,thumb_cmc,0,0.6879776724587954,1.0
05c116dc4ea7,27,1,thumb_mcp,0,0.7286030109650716,1.0
05c116dc4ea7,27,2,thumb_ip,0,0.731076218331076,1.0
05c116dc4ea7,27,3,index_mcp,0,0.7236101919507633,1.0
05c116dc4ea7,27,4,index_pip,0,0.6624948896941802,1.0
05c116dc4ea7,27,5,middle_mcp,1,0.9977114418675417,0.0
05c116dc4ea7,27,6,middle_pip,1,0.9989420332593933,0.0
05c116dc4ea7,27,7,ring_mcp,0,0.91615614829592,1.0
05c116dc4ea7,27,8,ring_pip,0,0.8732960223119889,1.0
05c116dc4ea7,27,9,little_mcp,0,0.7912888169879745,1.0
05c116dc4ea7,27,10,little_pip,0,0.8157953070143509,1.0
05c116dc4ea7,28,0,thumb_cmc,0,0.5650952205681958,1.0
05c116dc4ea7,28,1,thumb_mcp,0,0.5251750429843969,1.0
05c116dc4ea7,28,2,thumb_ip,0,0.40237739887550555,1.0
05c116dc4ea7,28,3,index_mcp,0,0.3970169651825164,1.0
05c116dc4ea7,28,4,index_pip,0,0.18783572398784792,1.0
05c116dc4ea7,28,5,middle_mcp,1,0.9987121242758757,0.0
05c116dc4ea7,28,6,middle_pip,1,0.9999854198362494,0.0
05c116dc4ea7,28,7,ring_mcp,0,0.7553284986487842,1.0
05c116dc4ea7,28,8,ring_pip,0,0.3965934604259198,1.0
05c116dc4ea7,28,9,little_mcp,0,0.5317816146043625,1.0
05c116dc4ea7,28,10,little_pip,0,0.28775432371278825,1.0
05c116dc4ea7,29,0,thumb_cmc,0,0.6292197102800354,1.0
05c116dc4ea7,29,1,thumb_mcp,0,0.770785575279136,1.0
05c116dc4ea7,29,2,thumb_ip,0,0.6396810887249835,1.0
05c116dc4ea7,29,3,index_mcp,0,0.4706148625328338,1.0
05c116dc4ea7,29,4,index_pip,0,0.2817752444525279,1.0
05c116dc4ea7,29,5,middle_mcp,1,0.99999475565931,0.0
05c116dc4ea7,29,6,middle_pip,1,0.9999989048824817,0.0
05c116dc4ea7,29,7,ring_mcp,0,0.6421939840888266,1.0
05c116dc4ea7,29,8,ring_pip,0,0.5470910781123489,1.0
05c116dc4ea7,29,9,little_mcp,0,0.6114499680413037,1.0
05c116dc4ea7,29,10,little_pip,0,0.28276805695780566,1.0
05c116dc4ea7,30,0,thumb_cmc,0,0.6207771891515513,1.0
05c116dc4ea7,30,1,thumb_mcp,0,0.6933407472833972,1.0
05c116dc4ea7,30,2,thumb_ip,0,0.7097732424613841,1.0
05c116dc4ea7,30,3,index_mcp,0,0.4978408245440835,1.0
05c116dc4ea7,30,4,index_pip,0,0.6195892527009933,1.0
05c116dc4ea7,30,5,middle_mcp,0,0.73616605422343,1.0
05c116dc4ea7,30,6,middle_pip,0,0.4985170699043773,1.0
05c116dc4ea7,30,7,ring_mcp,0,0.5476838521122721,1.0
05c116dc4ea7,30,8,ring_pip,0,0.6606030286067224,1.0
05c116dc4ea7,30,9,little_mcp,0,0.4418041499855421,1.0
05c116dc4ea7,30,10,little_pip,0,0.5975956210360298,1.0
05c116dc4ea7,31,0,thumb_cmc,0,0.3335397158853945,1.0
05c116dc4ea7,31,1,thumb_mcp,0,0.45458821704501295,1.0
05c116dc4ea7,31,2,thumb_ip,0,0.5248149376544206,1.0
05c116dc4ea7,31,3,index_mcp,0,0.16814731261580326,1.0
05c116dc4ea7,31,4,index_pip,0,0.5063169372681244,1.0
05c116dc4ea7,31,5,middle_mcp,0,0.9030697898397799,1.0
05c116dc4ea7,31,6,middle_pip,0,0.6084241415714208,1.0
05c116dc4ea7,31,7,ring_mcp,0,0.8070405872921093,1.0
05c116dc4ea7,31,8,ring_pip,0,0.4133843450856434,1.0
05c116dc4ea7,31,9,little_mcp,0,0.3168904384055641,1.0
05c116dc4ea7,31,10,little_pip,0,0.2778774785802916,1.0
05c116dc4ea7,32,0,thumb_cmc,0,0.3677875991508281,1.0
05c116dc4ea7,32,1,thumb_mcp,0,0.6246172258527355,1.0
05c116dc4ea7,32,2,thumb_ip,0,0.3941868422149428,1.0
05c116dc4ea7,32,3,index_mcp,0,0.7671339641498508,1.0
05c116dc4ea7,32,4,index_pip,0,0.14907869388422104,1.0
05c116dc4ea7,32,5,middle_mcp,0,0.8322234073500125,1.0
05c116dc4ea7,32,6,middle_pip,0,0.7366729565101391,1.0
05c116dc4ea7,32,7,ring_mcp,0,0.6699548064884001,1.0
05c116dc4ea7,32,8,ring_pip,0,0.555362155839658,1.0
05c116dc4ea7,32,9,little_mcp,0,0.4637256370399913,1.0
05c116dc4ea7,32,10,little_pip,0,0.28714284247135663,1.0
05c116dc4ea7,33,0,thumb_cmc,0,0.6610744671226105,1.0
05c116dc4ea7,33,1,thumb_mcp,0,0.8538563458998518,1.0
05c116dc4ea7,33,2,thumb_ip,0,0.6441181069968084,1.0
05c116dc4ea7,33,3,index_mcp,0,0.8328933746313141,1.0
05c116dc4ea7,33,4,index_pip,0,0.11280146707993985,1.0
05c116dc4ea7,33,5,middle_mcp,0,0.8519937232221645,1.0
05c116dc4ea7,33,6,middle_pip,0,0.8822942804122013,1.0
05c116dc4ea7,33,7,ring_mcp,0,0.810349746456999,1.0
05c116dc4ea7,33,8,ring_pip,0,0.8144824563067203,1.0
05c116dc4ea7,33,9,little_mcp,0,0.8749102551844371,1.0
05c116dc4ea7,33,10,little_pip,0,0.5691209597993514,1.0
05c116dc4ea7,34,0,thumb_cmc,0,0.7104641982985049,1.0
05c116dc4ea7,34,1,thumb_mcp,0,0.6855106564935441,1.0
05c116dc4ea7,34,2,thumb_ip,0,0.6036187773491684,1.0
05c116dc4ea7,34,3,index_mcp,0,0.8025700368698963,1.0
05c116dc4ea7,34,4,index_pip,0,0.16007827814821943,1.0
05c116dc4ea7,34,5,middle_mcp,0,0.5753473781602318,1.0
05c116dc4ea7,34,6,middle_pip,0,0.49854752482409087,1.0
05c116dc4ea7,34,7,ring_mcp,0,0.489053071198727,1.0
05c116dc4ea7,34,8,ring_pip,0,0.7324852411688634,1.0
05c116dc4ea7,34,9,little_mcp,0,0.5471177798164469,1.0
05c116dc4ea7,34,10,little_pip,0,0.6209974109086437,1.0
05c116dc4ea7,35,0,thumb_cmc,0,0.22531342314816924,1.0
05c116dc4ea7,35,1,thumb_mcp,0,0.3074827120879614,1.0
05c116dc4ea7,35,2,thumb_ip,0,0.29674773488262113,1.0
05c116dc4ea7,35,3,index_mcp,0,0.30537281084615453,1.0
05c116dc4ea7,35,4,index_pip,0,0.2810382879002184,1.0
05c116dc4ea7,35,5,middle_mcp,0,0.6620301870100099,1.0
05c116dc4ea7,35,6,middle_pip,0,0.5159962289283915,1.0
05c116dc4ea7,35,7,ring_mcp,0,0.7682643704255283,1.0
05c116dc4ea7,35,8,ring_pip,0,0.3297014630534541,1.0
05c116dc4ea7,35,9,little_mcp,0,0.509979156248968,1.0
05c116dc4ea7,35,10,little_pip,0,0.20768518421106497,1.0
05c116dc4ea7,36,0,thumb_cmc,0,0.5630282035903188,1.0
05c116dc4ea7,36,1,thumb_mcp,0,0.7500251913643569,1.0
05c116dc4ea7,36,2,thumb_ip,0,0.6122083305146986,1.0
05c116dc4ea7,36,3,index_mcp,0,0.2899252481803749,1.0
05c116dc4ea7,36,4,index_pip,0,0.19161417728556263,1.0
05c116dc4ea7,36,5,middle_mcp,0,0.3150095175673841,1.0
05c116dc4ea7,36,6,middle_pip,0,0.6106379965189733,1.0
05c116dc4ea7,36,7,ring_mcp,0,0.44821435275593946,1.0
05c116dc4ea7,36,8,ring_pip,0,0.40227137404690827,1.0
05c116dc4ea7,36,9,little_mcp,0,0.4499366917151913,1.0
05c116dc4ea7,36,10,little_pip,0,0.2060452341077257,1.0
05c116dc4ea7,37,0,thumb_cmc,0,0.5095327318589415,1.0
05c116dc4ea7,37,1,thumb_mcp,0,0.8010603376199198,1.0
05c116dc4ea7,37,2,thumb_ip,0,0.6142249066566907,1.0
05c116dc4ea7,37,3,index_mcp,0,0.5674956463864278,1.0
05c116dc4ea7,37,4,index_pip,0,0.21651903348707036,1.0
05c116dc4ea7,37,5,middle_mcp,0,0.7331009159525186,1.0
05c116dc4ea7,37,6,middle_pip,0,0.8579228474982594,1.0
05c116dc4ea7,37,7,ring_mcp,0,0.8135017351625949,1.0
05c116dc4ea7,37,8,ring_pip,0,0.7443991636132735,1.0
05c116dc4ea7,37,9,little_mcp,0,0.5233724571494079,1.0
05c116dc4ea7,37,10,little_pip,0,0.2405388593832609,1.0
05c116dc4ea7,38,0,thumb_cmc,0,0.7881982501334845,1.0
05c116dc4ea7,38,1,thumb_mcp,0,0.8940218708110437,1.0
05c116dc4ea7,38,2,thumb_ip,0,0.7362109947007299,1.0
05c116dc4ea7,38,3,index_mcp,0,0.6365382716263839,1.0
05c116dc4ea7,38,4,index_pip,0,0.4758247961353562,1.0
05c116dc4ea7,38,5,middle_mcp,0,0.7432563483256432,1.0
05c116dc4ea7,38,6,middle_pip,0,0.8237273110222695,1.0
05c116dc4ea7,38,7,ring_mcp,0,0.7528715608098951,1.0
05c116dc4ea7,38,8,ring_pip,0,0.5691200449374293,1.0
05c116dc4ea7,38,9,little_mcp,0,0.8039835678049404,1.0
05c116dc4ea7,38,10,little_pip,0,0.6929434274380232,1.0
05c116dc4ea7,39,0,thumb_cmc,0,0.6996018198918875,1.0
05c116dc4ea7,39,1,thumb_mcp,0,0.7663858285594166,1.0
05c116dc4ea7,39,2,thumb_ip,0,0.5737161129105954,1.0
05c116dc4ea7,39,3,index_mcp,0,0.41927976772651837,1.0
05c116dc4ea7,39,4,index_pip,0,0.6439316755964722,1.0
05c116dc4ea7,39,5,middle_mcp,0,0.6584885082962671,1.0
05c116dc4ea7,39,6,middle_pip,0,0.6770701201225761,1.0
05c116dc4ea7,39,7,ring_mcp,0,0.7234637606334187,1.0
05c116dc4ea7,39,8,ring_pip,0,0.66104441579281,1.0
05c116dc4ea7,39,9,little_mcp,0,0.6002153453671347,1.0
05c116dc4ea7,39,10,little_pip,0,0.7431949668533762,1.0
05c116dc4ea7,40,0,thumb_cmc,0,0.44804127193638515,1.0
05c116dc4ea7,40,1,thumb_mcp,0,0.798708029424432,1.0
05c116dc4ea7,40,2,thumb_ip,0,0.7651959149074213,1.0
05c116dc4ea7,40,3,index_mcp,0,0.5307623848925284,1.0
05c116dc4ea7,40,4,index_pip,0,0.6817795049615023,1.0
05c116dc4ea7,40,5,middle_mcp,0,0.6288312602803923,1.0
05c116dc4ea7,40,6,middle_pip,0,0.7958028701869293,1.0
05c116dc4ea7,40,7,ring_mcp,0,0.5154036506311911,1.0
05c116dc4ea7,40,8,ring_pip,0,0.8077123015510557,1.0
05c116dc4ea7,40,9,little_mcp,0,0.34808576438651423,1.0
05c116dc4ea7,40,10,little_pip,0,0.5435977178731601,1.0
05c116dc4ea7,41,0,thumb_cmc,0,0.6058530134006075,1.0
05c116dc4ea7,41,1,thumb_mcp,0,0.927526802116674,1.0
05c116dc4ea7,41,2,thumb_ip,0,0.78156846577468,1.0
05c116dc4ea7,41,3,index_mcp,0,0.7005186164331739,1.0
05c116dc4ea7,41,4,index_pip,0,0.7621840659408147,1.0
05c116dc4ea7,41,5,middle_mcp,0,0.7742500447041347,1.0
05c116dc4ea7,41,6,middle_pip,0,0.9431660810977608,1.0
05c116dc4ea7,41,7,ring_mcp,0,0.761696817675471,1.0
05c116dc4ea7,41,8,ring_pip,0,0.9222686269557433,1.0
05c116dc4ea7,41,9,little_mcp,0,0.7096263933604408,1.0
05c116dc4ea7,41,10,little_pip,0,0.9071719594729951,1.0
088859eb0563,0,0,thumb_cmc,1,1.0,0.0
088859eb0563,0,1,thumb_mcp,1,1.0,0.0
088859eb0563,0,2,thumb_ip,1,1.0,0.0
088859eb0563,0,3,index_mcp,1,1.0,0.0
088859eb0563,0,4,index_pip,1,1.0,0.0
088859eb0563,0,5,middle_mcp,1,1.0,0.0
088859eb0563,0,6,middle_pip,1,1.0,0.0
088859eb0563,0,7,ring_mcp,1,1.0,0.0
088859eb0563,0,8,ring_pip,1,1.0,0.0
088859eb0563,0,9,little_mcp,1,1.0,0.0
088859eb0563,0,10,little_pip,1,1.0,0.0
088859eb0563,1,0,thumb_cmc,1,0.23789805729204608,0.0
088859eb0563,1,1,thumb_mcp,1,0.208503387149357,0.0
088859eb0563,1,2,thumb_ip,1,0.7832358715807687,0.0
088859eb0563,1,3,index_mcp,1,0.5202927623109443,0.0
088859eb0563,1,4,index_pip,1,0.5410811773071194,0.0
088859eb0563,1,5,middle_mcp,1,0.32780089255278644,0.0
088859eb0563,1,6,middle_pip,1,0.5364342203144168,0.0
088859eb0563,1,7,ring_mcp,1,0.5164880897169238,0.0
088859eb0563,1,8,ring_pip,1,0.31402670651037756,0.0
088859eb0563,1,9,little_mcp,1,0.4643748414569809,0.0
088859eb0563,1,10,little_pip,1,0.4180232428463069,0.0
088859eb0563,2,0,thumb_cmc,1,0.5440869010614539,0.0
088859eb0563,2,1,thumb_mcp,1,0.4161014903245776,0.0
088859eb0563,2,2,thumb_ip,1,0.2570474579804332,0.0
088859eb0563,2,3,index_mcp,1,0.6866442412373105,0.0
088859eb0563,2,4,index_pip,1,0.5569048140705795,0.0
088859eb0563,2,5,middle_mcp,1,0.38901836430800885,0.0
088859eb0563,2,6,middle_pip,1,0.5000644520268336,0.0
088859eb0563,2,7,ring_mcp,1,0.3740562257488777,0.0
088859eb0563,2,8,ring_pip,1,0.7987677586943903,0.0
088859eb0563,2,9,little_mcp,1,0.4093379610643934,0.0
088859eb0563,2,10,little_pip,1,0.26795218532813675,0.0
088859eb0563,3,0,thumb_cmc,1,0.09782459682604926,0.0
088859eb0563,3,1,thumb_mcp,1,0.16051753025519688,0.0
088859eb0563,3,2,thumb_ip,1,0.02825125841270404,0.0
088859eb0563,3,3,index_mcp,1,0.3564455554177459,0.0
088859eb0563,3,4,index_pip,1,0.6127937983491307,0.0
088859eb0563,3,5,middle_mcp,1,0.5195455512081094,0.0
088859eb0563,3,6,middle_pip,1,0.7731973868186555,0.0
088859eb0563,3,7,ring_mcp,1,0.2957302911477831,0.0
088859eb0563,3,8,ring_pip,1,0.6994518917013013,0.0
088859eb0563,3,9,little_mcp,1,0.6852774292065116,0.0
088859eb0563,3,10,little_pip,1,0.31396350376573146,0.0
088859eb0563,4,0,thumb_cmc,1,0.17045231939164895,0.0
088859eb0563,4,1,thumb_mcp,1,0.6016403361363324,0.0
088859eb0563,4,2,thumb_ip,1,0.05474910564331416,0.0
088859eb0563,4,3,index_mcp,1,0.2123169742692611,0.0
088859eb0563,4,4,index_pip,1,0.6599758509003841,0.0
088859eb0563,4,5,middle_mcp,1,0.49090054713555636,0.0
088859eb0563,4,6,middle_pip,1,0.35530083347615077,0.0
088859eb0563,4,7,ring_mcp,1,0.4242775208735214,0.0
088859eb0563,4,8,ring_pip,1,0.5089088808535154,0.0
088859eb0563,4,9,little_mcp,1,0.6782657500389089,0.0
088859eb0563,4,10,little_pip,1,0.3465609905738827,0.0
088859eb0563,5,0,thumb_cmc,1,0.10432204002697662,0.0
088859eb0563,5,1,thumb_mcp,1,0.5326214376763228,0.0
088859eb0563,5,2,thumb_ip,1,0.0212601629668155,0.0
088859eb0563,5,3,index_mcp,1,0.6514661765214039,0.0
088859eb0563,5,4,index_pip,1,0.26321891223547067,0.0
088859eb0563,5,5,middle_mcp,1,0.27705523789512954,0.0
088859eb0563,5,6,middle_pip,1,0.29368750115959846,0.0
088859eb0563,5,7,ring_mcp,1,0.470898538575671,0.0
088859eb0563,5,8,ring_pip,1,0.3573538343413733,0.0
088859eb0563,5,9,little_mcp,1,0.7598598182218363,0.0
088859eb0563,5,10,little_pip,1,0.18697912609900597,0.0
088859eb0563,6,0,thumb_cmc,1,0.12235184153645921,0.0
088859eb0563,6,1,thumb_mcp,1,0.1498518337762691,0.0
088859eb0563,6,2,thumb_ip,1,0.1589281563605961,0.0
088859eb0563,6,3,index_mcp,1,0.594758016342804,0.0
088859eb0563,6,4,index_pip,1,0.3345147852389733,0.0
088859eb0563,6,5,middle_mcp,1,0.10417650726089314,0.0
088859eb0563,6,6,middle_pip,1,0.4808075209293079,0.0
088859eb0563,6,7,ring_mcp,1,0.5797643848305712,0.0
088859eb0563,6,8,ring_pip,1,0.3976352632784597,0.0
088859eb0563,6,9,little_mcp,1,0.18674677524376815,0.0
088859eb0563,6,10,little_pip,1,0.3130679392198801,0.0
088859eb0563,7,0,thumb_cmc,1,0.09264388405021809,0.0
088859eb0563,7,1,thumb_mcp,1,0.236787134031737,0.0
088859eb0563,7,2,thumb_ip,1,0.33064468942662695,0.0
088859eb0563,7,3,index_mcp,1,0.5304870013110081,0.0
088859eb0563,7,4,index_pip,1,0.20707545758471202,0.0
088859eb0563,7,5,middle_mcp,1,0.08801335581785019,0.0
088859eb0563,7,6,middle_pip,1,0.5131824015392172,0.0
088859eb0563,7,7,ring_mcp,1,0.3197607449772955,0.0
088859eb0563,7,8,ring_pip,1,0.3657613996136079,0.0
088859eb0563,7,9,little_mcp,1,0.1935443407427085,0.0
088859eb0563,7,10,little_pip,1,0.40159120190035946,0.0
088859eb0563,8,0,thumb_cmc,1,0.2585302249470243,0.0
088859eb0563,8,1,thumb_mcp,1,0.4456293107408074,0.0
088859eb0563,8,2,thumb_ip,1,0.14990579210814692,0.0
088859eb0563,8,3,index_mcp,1,0.14425290000686322,0.0
088859eb0563,8,4,index_pip,1,0.00010196030781860269,0.0
088859eb0563,8,5,middle_mcp,1,0.6392699109354696,0.0
088859eb0563,8,6,middle_pip,1,0.057886652061117434,0.0
088859eb0563,8,7,ring_mcp,1,0.29869075763155906,0.0
088859eb0563,8,8,ring_pip,1,0.8320286372621104,0.0
088859eb0563,8,9,little_mcp,1,0.2737158136226081,0.0
088859eb0563,8,10,little_pip,1,0.3629640906802171,0.0
088859eb0563,9,0,thumb_cmc,1,0.42410727164781503,0.0
088859eb0563,9,1,thumb_mcp,1,0.6533505127782301,0.0
088859eb0563,9,2,thumb_ip,1,0.1084733638899935,0.0
088859eb0563,9,3,index_mcp,1,0.5850945305593507,0.0
088859eb0563,9,4,index_pip,1,0.08286078612476883,0.0
088859eb0563,9,5,middle_mcp,1,0.4585585807173971,0.0
088859eb0563,9,6,middle_pip,1,0.23707137661385982,0.0
088859eb0563,9,7,ring_mcp,1,0.24968156208175796,0.0
088859eb0563,9,8,ring_pip,1,0.4268369490000643,0.0
088859eb0563,9,9,little_mcp,1,0.4986553756937224,0.0
088859eb0563,9,10,little_pip,1,0.2384380496461847,0.0
088859eb0563,10,0,thumb_cmc,1,0.4402717297084551,0.0
088859eb0563,10,1,thumb_mcp,1,0.2514375088721623,0.0
088859eb0563,10,2,thumb_ip,1,0.23171867316821004,0.0
088859eb0563,10,3,index_mcp,1,0.38615426141509007,0.0
088859eb0563,10,4,index_pip,1,0.003623136806423085,0.0
088859eb0563,10,5,middle_mcp,1,0.7436079863200415,0.0
088859eb0563,10,6,middle_pip,1,0.6586755675565016,0.0
088859eb0563,10,7,ring_mcp,1,0.24725728916548906,0.0
088859eb0563,10,8,ring_pip,1,0.6892458575142415,0.0
088859eb0563,10,9,little_mcp,1,0.43325836177300053,0.0
088859eb0563,10,10,little_pip,1,0.3379262302750852,0.0
088859eb0563,11,0,thumb_cmc,1,0.034351831353757294,0.0
088859eb0563,11,1,thumb_mcp,1,0.08370248770982544,0.0
088859eb0563,11,2,thumb_ip,1,0.3998175586276186,0.0
088859eb0563,11,3,index_mcp,1,0.16244401786053553,0.0
088859eb0563,11,4,index_pip,1,0.39374881030760034,0.0
088859eb0563,11,5,middle_mcp,1,0.2376772166443379,0.0
088859eb0563,11,6,middle_pip,1,0.23766248420362435,0.0
088859eb0563,11,7,ring_mcp,1,0.09927550826457475,0.0
088859eb0563,11,8,ring_pip,1,0.5266435261887743,0.0
088859eb0563,11,9,little_mcp,1,0.6165688184116114,0.0
088859eb0563,11,10,little_pip,1,0.6537888678797571,0.0
088859eb0563,12,0,thumb_cmc,1,0.10149027252940626,0.0
088859eb0563,12,1,thumb_mcp,1,0.2950818504988275,0.0
088859eb0563,12,2,thumb_ip,1,0.07189685406505841,0.0
088859eb0563,12,3,index_mcp,1,0.3000553008641538,0.0
088859eb0563,12,4,index_pip,1,0.162994925400905,0.0
088859eb0563,12,5,middle_mcp,1,0.758600415939388,0.0
088859eb0563,12,6,middle_pip,1,0.25287511128416407,0.0
088859eb0563,12,7,ring_mcp,1,0.579041623375344,0.0
088859eb0563,12,8,ring_pip,1,0.4332036138899174,0.0
088859eb0563,12,9,little_mcp,1,0.47015799053425167,0.0
088859eb0563,12,10,little_pip,1,0.4561019850984934,0.0
088859eb0563,13,0,thumb_cmc,1,0.28509123811407,0.0
088859eb0563,13,1,thumb_mcp,1,0.3606977967085522,0.0
088859eb0563,13,2,thumb_ip,1,0.005315868573546868,0.0
088859eb0563,13,3,index_mcp,1,0.38995031700476734,0.0
088859eb0563,13,4,index_pip,1,0.07029484081430008,0.0
088859eb0563,13,5,middle_mcp,1,0.39324120155615544,0.0
088859eb0563,13,6,middle_pip,1,0.11838174380349319,0.0
088859eb0563,13,7,ring_mcp,1,0.6292709724979167,0.0
088859eb0563,13,8,ring_pip,1,0.6901728831218964,0.0
088859eb0563,13,9,little_mcp,1,0.7178843949247812,0.0
088859eb0563,13,10,little_pip,1,0.347308815481125,0.0
088859eb0563,14,0,thumb_cmc,1,0.3155943247033673,0.0
088859eb0563,14,1,thumb_mcp,1,0.2718234130863708,0.0
088859eb0563,14,2,thumb_ip,1,0.01215146549645948,0.0
088859eb0563,14,3,index_mcp,1,0.44494657710153357,0.0
088859eb0563,14,4,index_pip,1,0.2457701044830312,0.0
088859eb0563,14,5,middle_mcp,1,0.17509627557814714,0.0
088859eb0563,14,6,middle_pip,1,0.10779726708673572,0.0
088859eb0563,14,7,ring_mcp,1,0.4085535570868855,0.0
088859eb0563,14,8,ring_pip,1,0.5805495311523666,0.0
088859eb0563,14,9,little_mcp,1,0.5031057585700889,0.0
088859eb0563,14,10,little_pip,1,0.37195199530071926,0.0
088859eb0563,15,0,thumb_cmc,1,0.014919801963775473,0.0
088859eb0563,15,1,thumb_mcp,1,0.2138093427264165,0.0
088859eb0563,15,2,thumb_ip,1,0.04058308854119859,0.0
088859eb0563,15,3,index_mcp,1,0.4618352172115268,0.0
088859eb0563,15,4,index_pip,1,0.3968260945772516,0.0
088859eb0563,15,5,middle_mcp,1,0.3839123559197614,0.0
088859eb0563,15,6,middle_pip,1,0.21474568906787236,0.0
088859eb0563,15,7,ring_mcp,1,0.3475477788516408,0.0
088859eb0563,15,8,ring_pip,1,0.45461376255509506,0.0
088859eb0563,15,9,little_mcp,1,0.26693660660324586,0.0
088859eb0563,15,10,little_pip,1,0.17629393395101478,0.0
088859eb0563,16,0,thumb_cmc,1,0.16145038532081898,0.0
088859eb0563,16,1,thumb_mcp,1,0.40467539391074325,0.0
088859eb0563,16,2,thumb_ip,1,0.04162373312127566,0.0
088859eb0563,16,3,index_mcp,1,0.5072101587637097,0.0
088859eb0563,16,4,index_pip,1,0.14532995633695936,0.0
088859eb0563,16,5,middle_mcp,1,0.6067744703268891,0.0
088859eb0563,16,6,middle_pip,1,0.2667430402304757,0.0
088859eb0563,16,7,ring_mcp,1,0.24727816374862244,0.0
088859eb0563,16,8,ring_pip,1,0.303477226441249,0.0
088859eb0563,16,9,little_mcp,1,0.4121332431819541,0.0
088859eb0563,16,10,little_pip,1,0.350668847012482,0.0
088859eb0563,17,0,thumb_cmc,1,0.3756396503381378,0.0
088859eb0563,17,1,thumb_mcp,1,0.11195420409063818,0.0
088859eb0563,17,2,thumb_ip,1,0.31408606883614243,0.0
088859eb0563,17,3,index_mcp,1,0.20105310193166817,0.0
088859eb0563,17,4,index_pip,1,0.23452791570530543,0.0
088859eb0563,17,5,middle_mcp,1,0.3614583241996208,0.0
088859eb0563,17,6,middle_pip,1,0.37455665828054224,0.0
088859eb0563,17,7,ring_mcp,1,0.1862582260897393,0.0
088859eb0563,17,8,ring_pip,1,0.1938420988631541,0.0
088859eb0563,17,9,little_mcp,1,0.4303861817952878,0.0
088859eb0563,17,10,little_pip,1,0.5380308643039209,0.0
088859eb0563,18,0,thumb_cmc,1,0.2585690171533248,0.0
088859eb0563,18,1,thumb_mcp,1,0.057789052603985314,0.0
088859eb0563,18,2,thumb_ip,1,0.09159242008827086,0.0
088859eb0563,18,3,index_mcp,1,0.1526764314397204,0.0
088859eb0563,18,4,index_pip,1,0.23600160651155644,0.0
088859eb0563,18,5,middle_mcp,1,0.36245115243634146,0.0
088859eb0563,18,6,middle_pip,1,0.6072875525769806,0.0
088859eb0563,18,7,ring_mcp,1,0.6733914119234718,0.0
088859eb0563,18,8,ring_pip,1,0.25864926598434096,0.0
088859eb0563,18,9,little_mcp,1,0.2896565578518862,0.0
088859eb0563,18,10,little_pip,1,0.46004780331770256,0.0
088859eb0563,19,0,thumb_cmc,1,0.09278018485339072,0.0
088859eb0563,19,1,thumb_mcp,1,0.0314982471779542,0.0
088859eb0563,19,2,thumb_ip,1,0.05889403931696881,0.0
088859eb0563,19,3,index_mcp,1,0.36812991459567296,0.0
088859eb0563,19,4,index_pip,1,0.2785375602652797,0.0
088859eb0563,19,5,middle_mcp,1,0.5961102390994362,0.0
088859eb0563,19,6,middle_pip,1,0.3446485810177806,0.0
088859eb0563,19,7,ring_mcp,1,0.23765977268153116,0.0
088859eb0563,19,8,ring_pip,1,0.25904287668429493,0.0
088859eb0563,19,9,little_mcp,1,0.5366943753773928,0.0
088859eb0563,19,10,little_pip,1,0.19875469957436348,0.0
088859eb0563,20,0,thumb_cmc,1,0.018589573662565584,0.0
088859eb0563,20,1,thumb_mcp,1,0.03335406506493684,0.0
088859eb0563,20,2,thumb_ip,1,0.38704667327951264,0.0
088859eb0563,20,3,index_mcp,1,0.09996407784248085,0.0
088859eb0563,20,4,index_pip,1,0.25543385399092217,0.0
088859eb0563,20,5,middle_mcp,1,0.5995493585983198,0.0
088859eb0563,20,6,middle_pip,1,0.7318105209298075,0.0
088859eb0563,20,7,ring_mcp,1,0.8586630771044146,0.0
088859eb0563,20,8,ring_pip,1,0.32640015647884885,0.0
088859eb0563,20,9,little_mcp,1,0.1889984366468447,0.0
088859eb0563,20,10,little_pip,1,0.5689194695312337,0.0
088859eb0563,21,0,thumb_cmc,1,0.46259999467326435,0.0
088859eb0563,21,1,thumb_mcp,1,0.3241456583403015,0.0
088859eb0563,21,2,thumb_ip,1,0.32091263842045864,0.0
088859eb0563,21,3,index_mcp,1,0.6315149574429202,0.0
088859eb0563,21,4,index_pip,1,0.2872370358091443,0.0
088859eb0563,21,5,middle_mcp,1,0.4384236089394282,0.0
088859eb0563,21,6,middle_pip,1,0.6061025788774677,0.0
088859eb0563,21,7,ring_mcp,1,0.22356858748604896,0.0
088859eb0563,21,8,ring_pip,1,0.2686415380605154,0.0
088859eb0563,21,9,little_mcp,1,0.47581315213494824,0.0
088859eb0563,21,10,little_pip,1,0.5905520133259526,0.0
088859eb0563,22,0,thumb_cmc,1,0.07946290922484538,0.0
088859eb0563,22,1,thumb_mcp,1,0.19159198282951492,0.0
088859eb0563,22,2,thumb_ip,1,0.1960689304316626,0.0
088859eb0563,22,3,index_mcp,1,0.15484934796558655,0.0
088859eb0563,22,4,index_pip,1,0.3485421024598923,0.0
088859eb0563,22,5,middle_mcp,1,0.4067851482667133,0.0
088859eb0563,22,6,middle_pip,1,0.7310663060596528,0.0
088859eb0563,22,7,ring_mcp,1,0.5012010275231257,0.0
088859eb0563,22,8,ring_pip,1,0.6028376346487383,0.0
088859eb0563,22,9,little_mcp,1,0.5600009164695727,0.0
088859eb0563,22,10,little_pip,1,0.3311268892573105,0.0
088859eb0563,23,0,thumb_cmc,1,0.09527894946222629,0.0
088859eb0563,23,1,thumb_mcp,1,0.4842814552225091,0.0
088859eb0563,23,2,thumb_ip,1,0.5788742561930994,0.0
088859eb0563,23,3,index_mcp,1,0.6444316743150218,0.0
088859eb0563,23,4,index_pip,1,0.5566010543205907,0.0
088859eb0563,23,5,middle_mcp,1,0.5701706479303676,0.0
088859eb0563,23,6,middle_pip,1,0.7453317053352663,0.0
088859eb0563,23,7,ring_mcp,1,0.02036097260331369,0.0
088859eb0563,23,8,ring_pip,1,0.0735544722895638,0.0
088859eb0563,23,9,little_mcp,1,0.45357550977743316,0.0
088859eb0563,23,10,little_pip,1,0.3497202475708905,0.0
088859eb0563,24,0,thumb_cmc,1,0.38243790147322576,0.0
088859eb0563,24,1,thumb_mcp,1,0.09940438920230714,0.0
088859eb0563,24,2,thumb_ip,1,0.1951094009948377,0.0
088859eb0563,24,3,index_mcp,1,0.16740663039188539,0.0
088859eb0563,24,4,index_pip,1,0.7760426492617633,0.0
088859eb0563,24,5,middle_mcp,1,0.3891337085086879,0.0
088859eb0563,24,6,middle_pip,1,0.7845412687341842,0.0
088859eb0563,24,7,ring_mcp,1,0.024791057990766124,0.0
088859eb0563,24,8,ring_pip,1,0.13569888306810945,0.0
088859eb0563,24,9,little_mcp,1,0.38325163768191023,0.0
088859eb0563,24,10,little_pip,1,0.5809404543196198,0.0
088859eb0563,25,0,thumb_cmc,1,0.4292186381281376,0.0
088859eb0563,25,1,thumb_mcp,1,0.23958734137889484,0.0
088859eb0563,25,2,thumb_ip,1,0.14617176446196187,0.0
088859eb0563,25,3,index_mcp,1,0.3419959981566561,0.0
088859eb0563,25,4,index_pip,1,0.4349539182187113,0.0
088859eb0563,25,5,middle_mcp,1,0.3146143841438598,0.0
088859eb0563,25,6,middle_pip,1,0.6007202323637264,0.0
088859eb0563,25,7,ring_mcp,1,0.0677604418363857,0.0
088859eb0563,25,8,ring_pip,1,0.442776193062637,0.0
088859eb0563,25,9,little_mcp,1,0.39195057928367527,0.0
088859eb0563,25,10,little_pip,1,0.1432573376990586,0.0
088859eb0563,26,0,thumb_cmc,1,0.05790133157675596,0.0
088859eb0563,26,1,thumb_mcp,1,0.08671975098138615,0.0
088859eb0563,26,2,thumb_ip,1,0.42797147722926493,0.0
088859eb0563,26,3,index_mcp,1,0.67861016025341,0.0
088859eb0563,26,4,index_pip,1,0.5391658823436242,0.0
088859eb0563,26,5,middle_mcp,1,0.7460003845725078,0.0
088859eb0563,26,6,middle_pip,1,0.6750076578100759,0.0
088859eb0563,26,7,ring_mcp,1,0.35530447256321274,0.0
088859eb0563,26,8,ring_pip,1,0.27851442553984435,0.0
088859eb0563,26,9,little_mcp,1,0.11451640451987165,0.0
088859eb0563,26,10,little_pip,1,0.12943206593156198,0.0
088859eb0563,27,0,thumb_cmc,1,0.007317750582903423,0.0
088859eb0563,27,1,thumb_mcp,1,0.058870919315854975,0.0
088859eb0563,27,2,thumb_ip,1,0.2062288954216679,0.0
088859eb0563,27,3,index_mcp,1,0.41640235495685796,0.0
088859eb0563,27,4,index_pip,1,0.14265178588124064,0.0
088859eb0563,27,5,middle_mcp,1,0.5848664244417459,0.0
088859eb0563,27,6,middle_pip,1,0.7619089958826921,0.0
088859eb0563,27,7,ring_mcp,1,0.23713282914587416,0.0
088859eb0563,27,8,ring_pip,1,0.3815186841555644,0.0
088859eb0563,27,9,little_mcp,1,0.688792772021916,0.0
088859eb0563,27,10,little_pip,1,0.4186128960406595,0.0
088859eb0563,28,0,thumb_cmc,1,0.2599470920461719,0.0
088859eb0563,28,1,thumb_mcp,1,0.1761840176228293,0.0
088859eb0563,28,2,thumb_ip,1,0.6675212721911411,0.0
088859eb0563,28,3,index_mcp,1,0.23115081905148957,0.0
088859eb0563,28,4,index_pip,1,0.5288344123407103,0.0
088859eb0563,28,5,middle_mcp,1,0.7136309315441696,0.0
088859eb0563,28,6,middle_pip,1,0.7747972733267202,0.0
088859eb0563,28,7,ring_mcp,1,0.14595135421665703,0.0
088859eb0563,28,8,ring_pip,1,0.17043525458656136,0.0
088859eb0563,28,9,little_mcp,1,0.22520758421708018,0.0
088859eb0563,28,10,little_pip,1,0.24301677896585203,0.0
088859eb0563,29,0,thumb_cmc,1,0.4587869409062051,0.0
088859eb0563,29,1,thumb_mcp,1,0.02710910503551088,0.0
088859eb0563,29,2,thumb_ip,1,0.2832159261176345,0.0
088859eb0563,29,3,index_mcp,1,0.5986392122717303,0.0
088859eb0563,29,4,index_pip,1,0.21281116276173692,0.0
088859eb0563,29,5,middle_mcp,1,0.22947784826190884,0.0
088859eb0563,29,6,middle_pip,1,0.6434264670714335,0.0
088859eb0563,29,7,ring_mcp,1,0.04201376023415254,0.0
088859eb0563,29,8,ring_pip,1,0.3981548821137148,0.0
088859eb0563,29,9,little_mcp,1,0.6185044416779125,0.0
088859eb0563,29,10,little_pip,1,0.4998628670014837,0.0
088859eb0563,30,0,thumb_cmc,1,0.47879574818822945,0.0
088859eb0563,30,1,thumb_mcp,1,0.24845207847250925,0.0
088859eb0563,30,2,thumb_ip,1,0.26449949133246325,0.0
088859eb0563,30,3,index_mcp,1,0.46511331365750097,0.0
088859eb0563,30,4,index_pip,1,0.5798398451792165,0.0
088859eb0563,30,5,middle_mcp,1,0.8895711985205431,0.0
088859eb0563,30,6,middle_pip,1,0.6094132600693203,0.0
088859eb0563,30,7,ring_mcp,1,0.23848119352999042,0.0
088859eb0563,30,8,ring_pip,1,0.565986836807127,0.0
088859eb0563,30,9,little_mcp,1,0.5299884618671123,0.0
088859eb0563,30,10,little_pip,1,0.5256665783061291,0.0
088859eb0563,31,0,thumb_cmc,1,0.05773699104583655,0.0
088859eb0563,31,1,thumb_mcp,1,0.532990223116213,0.0
088859eb0563,31,2,thumb_ip,1,0.10215046942298986,0.0
088859eb0563,31,3,index_mcp,1,0.5763234422822047,0.0
088859eb0563,31,4,index_pip,1,0.4273279140926536,0.0
088859eb0563,31,5,middle_mcp,1,0.44815677384855823,0.0
088859eb0563,31,6,middle_pip,1,0.34644004914729787,0.0
088859eb0563,31,7,ring_mcp,1,0.05955598138691069,0.0
088859eb0563,31,8,ring_pip,1,0.20504248041700424,0.0
088859eb0563,31,9,little_mcp,1,0.2679957614559267,0.0
088859eb0563,31,10,little_pip,1,0.3892373999103501,0.0
088859eb0563,32,0,thumb_cmc,1,0.10296428561189237,0.0
088859eb0563,32,1,thumb_mcp,1,0.10787717615511615,0.0
088859eb0563,32,2,thumb_ip,1,0.6424916111901329,0.0
088859eb0563,32,3,index_mcp,1,0.725489712983091,0.0
088859eb0563,32,4,index_pip,1,0.3466166267050916,0.0
088859eb0563,32,5,middle_mcp,1,0.1344162865716594,0.0
088859eb0563,32,6,middle_pip,1,0.5007378318522715,0.0
088859eb0563,32,7,ring_mcp,1,0.0837956699640259,0.0
088859eb0563,32,8,ring_pip,1,0.6178769634049656,0.0
088859eb0563,32,9,little_mcp,1,0.39709029309806043,0.0
088859eb0563,32,10,little_pip,1,0.27061650492960493,0.0
088859eb0563,33,0,thumb_cmc,1,0.051069474689392935,0.0
088859eb0563,33,1,thumb_mcp,1,0.03256018979552209,0.0
088859eb0563,33,2,thumb_ip,1,0.017426614419633887,0.0
088859eb0563,33,3,index_mcp,1,0.8127088522301872,0.0
088859eb0563,33,4,index_pip,1,0.8327465703121202,0.0
088859eb0563,33,5,middle_mcp,1,0.32830691890079144,0.0
088859eb0563,33,6,middle_pip,1,0.2957102286418607,0.0
088859eb0563,33,7,ring_mcp,1,0.03351152007378246,0.0
088859eb0563,33,8,ring_pip,1,0.7267005230921969,0.0
088859eb0563,33,9,little_mcp,1,0.43136160120013123,0.0
088859eb0563,33,10,little_pip,1,0.3108173241360265,0.0
088859eb0563,34,0,thumb_cmc,1,0.013917023534158897,0.0
088859eb0563,34,1,thumb_mcp,1,0.09960734837762754,0.0
088859eb0563,34,2,thumb_ip,1,0.008250452403699005,0.0
088859eb0563,34,3,index_mcp,1,0.7021294748463363,0.0
088859eb0563,34,4,index_pip,1,0.30639465225838775,0.0
088859eb0563,34,5,middle_mcp,1,0.11801973173962214,0.0
088859eb0563,34,6,middle_pip,1,0.6180608267130744,0.0
088859eb0563,34,7,ring_mcp,1,0.04958704482780082,0.0
088859eb0563,34,8,ring_pip,1,0.35632620260992687,0.0
088859eb0563,34,9,little_mcp,1,0.7996985973936409,0.0
088859eb0563,34,10,little_pip,1,0.7996681463748327,0.0
088859eb0563,35,0,thumb_cmc,1,0.2877038493644077,0.0
088859eb0563,35,1,thumb_mcp,1,0.45146133295368496,0.0
088859eb0563,35,2,thumb_ip,1,0.012066700346705967,0.0
088859eb0563,35,3,index_mcp,1,0.4979834122970159,0.0
088859eb0563,35,4,index_pip,1,0.5199448946612688,0.0
088859eb0563,35,5,middle_mcp,1,0.3301907989322938,0.0
088859eb0563,35,6,middle_pip,1,0.4982549581333401,0.0
088859eb0563,35,7,ring_mcp,1,0.07777788074331857,0.0
088859eb0563,35,8,ring_pip,1,0.42012554084434073,0.0
088859eb0563,35,9,little_mcp,1,0.5299953616222217,0.0
088859eb0563,35,10,little_pip,1,0.32947180940456117,0.0
088859eb0563,36,0,thumb_cmc,1,0.004336373205839937,0.0
088859eb0563,36,1,thumb_mcp,1,0.04747025281636448,0.0
088859eb0563,36,2,thumb_ip,1,0.003203374298852369,0.0
088859eb0563,36,3,index_mcp,1,0.47739081388536175,0.0
088859eb0563,36,4,index_pip,1,0.4748717423953011,0.0
088859eb0563,36,5,middle_mcp,1,0.06823735981140283,0.0
088859eb0563,36,6,middle_pip,1,0.4698476436396431,0.0
088859eb0563,36,7,ring_mcp,1,0.07111842702158973,0.0
088859eb0563,36,8,ring_pip,1,0.36799595949420105,0.0
088859eb0563,36,9,little_mcp,1,0.15770519590097967,0.0
088859eb0563,36,10,little_pip,1,0.4294042525105237,0.0
088859eb0563,37,0,thumb_cmc,1,0.08936578104368371,0.0
088859eb0563,37,1,thumb_mcp,1,0.0364223855967793,0.0
088859eb0563,37,2,thumb_ip,1,0.0778336549209834,0.0
088859eb0563,37,3,index_mcp,1,0.32482570908325986,0.0
088859eb0563,37,4,index_pip,1,0.5210001969916627,0.0
088859eb0563,37,5,middle_mcp,1,0.2096155756174346,0.0
088859eb0563,37,6,middle_pip,1,0.5933298295644736,0.0
088859eb0563,37,7,ring_mcp,1,0.050228445555637845,0.0
088859eb0563,37,8,ring_pip,1,0.6015589948719006,0.0
088859eb0563,37,9,little_mcp,1,0.7997031139410499,0.0
088859eb0563,37,10,little_pip,1,0.6430977043038638,0.0
088859eb0563,38,0,thumb_cmc,1,0.22842411717549901,0.0
088859eb0563,38,1,thumb_mcp,1,0.027992870890477355,0.0
088859eb0563,38,2,thumb_ip,1,0.004337245596111572,0.0
088859eb0563,38,3,index_mcp,1,0.5607176953740751,0.0
088859eb0563,38,4,index_pip,1,0.38718310164377645,0.0
088859eb0563,38,5,middle_mcp,1,0.09020807943448816,0.0
088859eb0563,38,6,middle_pip,1,0.538331429067708,0.0
088859eb0563,38,7,ring_mcp,1,0.12778362113446914,0.0
088859eb0563,38,8,ring_pip,1,0.4299939240488414,0.0
088859eb0563,38,9,little_mcp,1,0.42925862841964924,0.0
088859eb0563,38,10,little_pip,1,0.2891684207477687,0.0
088859eb0563,39,0,thumb_cmc,1,0.2739583224645049,0.0
088859eb0563,39,1,thumb_mcp,1,0.2754803076513738,0.0
088859eb0563,39,2,thumb_ip,1,0.3432020000399069,0.0
088859eb0563,39,3,index_mcp,1,0.7196955086628473,0.0
088859eb0563,39,4,index_pip,1,0.3053774150039236,0.0
088859eb0563,39,5,middle_mcp,1,0.5849440379210182,0.0
088859eb0563,39,6,middle_pip,1,0.4409753862740244,0.0
088859eb0563,39,7,ring_mcp,1,0.6144974677354589,0.0
088859eb0563,39,8,ring_pip,1,0.2712180383646142,0.0
088859eb0563,39,9,little_mcp,1,0.27505945953671956,0.0
088859eb0563,39,10,little_pip,1,0.2624141396708256,0.0
088859eb0563,40,0,thumb_cmc,1,0.17659755662632193,0.0
088859eb0563,40,1,thumb_mcp,1,0.17145808405778828,0.0
088859eb0563,40,2,thumb_ip,1,0.19674304061101952,0.0
088859eb0563,40,3,index_mcp,1,0.5847862280623335,0.0
088859eb0563,40,4,index_pip,1,0.7033864066039419,0.0
088859eb0563,40,5,middle_mcp,1,0.3635679492932207,0.0
088859eb0563,40,6,middle_pip,1,0.7374828801837648,0.0
088859eb0563,40,7,ring_mcp,1,0.42044573275414454,0.0
088859eb0563,40,8,ring_pip,1,0.7585520609177472,0.0
088859eb0563,40,9,little_mcp,1,0.5765984682430711,0.0
088859eb0563,40,10,little_pip,1,0.15856104202111707,0.0
088859eb0563,41,0,thumb_cmc,1,0.1968608097067731,0.0
088859eb0563,41,1,thumb_mcp,1,0.2058634810650348,0.0
088859eb0563,41,2,thumb_ip,1,0.06150303565138784,0.0
088859eb0563,41,3,index_mcp,1,0.6493745320381229,0.0
088859eb0563,41,4,index_pip,1,0.3237439660618191,0.0
088859eb0563,41,5,middle_mcp,1,0.557662584776132,0.0
088859eb0563,41,6,middle_pip,1,0.7222157941028232,0.0
088859eb0563,41,7,ring_mcp,1,0.39840523905973435,0.0
088859eb0563,41,8,ring_pip,1,0.3323175788394853,0.0
088859eb0563,41,9,little_mcp,1,0.08288976967204496,0.0
088859eb0563,41,10,little_pip,1,0.2111506358801312,0.0
088859eb0563,42,0,thumb_cmc,1,0.11968324816450367,0.0
088859eb0563,42,1,thumb_mcp,1,0.2061247678329636,0.0
088859eb0563,42,2,thumb_ip,1,0.3153569673600691,0.0
088859eb0563,42,3,index_mcp,1,0.06066884696872404,0.0
088859eb0563,42,4,index_pip,1,0.12904373947580197,0.0
088859eb0563,42,5,middle_mcp,1,0.34578408521095744,0.0
088859eb0563,42,6,middle_pip,1,0.7545945977926641,0.0
088859eb0563,42,7,ring_mcp,1,0.31016114682222046,0.0
088859eb0563,42,8,ring_pip,1,0.5355727616330885,0.0
088859eb0563,42,9,little_mcp,1,0.21850135099822482,0.0
088859eb0563,42,10,little_pip,1,0.05382931020979657,0.0
088859eb0563,43,0,thumb_cmc,1,0.35421774936096956,0.0
088859eb0563,43,1,thumb_mcp,1,0.2638386039072843,0.0
088859eb0563,43,2,thumb_ip,1,0.10369783834535301,0.0
088859eb0563,43,3,index_mcp,1,0.5669625176670618,0.0
088859eb0563,43,4,index_pip,1,0.3342690827149767,0.0
088859eb0563,43,5,middle_mcp,1,0.06818987054877985,0.0
088859eb0563,43,6,middle_pip,1,0.17195196767956547,0.0
088859eb0563,43,7,ring_mcp,1,0.21070859825089464,0.0
088859eb0563,43,8,ring_pip,1,0.45827370389690425,0.0
088859eb0563,43,9,little_mcp,1,0.1670200257286966,0.0
088859eb0563,43,10,little_pip,1,0.13787768092803912,0.0
088859eb0563,44,0,thumb_cmc,1,0.35721618409159783,0.0
088859eb0563,44,1,thumb_mcp,1,0.10975502489086174,0.0
088859eb0563,44,2,thumb_ip,1,0.04606998910374642,0.0
088859eb0563,44,3,index_mcp,1,0.6354230016381519,0.0
088859eb0563,44,4,index_pip,1,0.20840940319021647,0.0
088859eb0563,44,5,middle_mcp,1,0.5181441304745346,0.0
088859eb0563,44,6,middle_pip,1,0.40526341914561076,0.0
088859eb0563,44,7,ring_mcp,1,0.48423407733274076,0.0
088859eb0563,44,8,ring_pip,1,0.4802681782943305,0.0
088859eb0563,44,9,little_mcp,1,0.20976130378075786,0.0
088859eb0563,44,10,little_pip,1,0.2021500944925399,0.0
088859eb0563,45,0,thumb_cmc,1,0.20884145209620616,0.0
088859eb0563,45,1,thumb_mcp,1,0.19032571881245822,0.0
088859eb0563,45,2,thumb_ip,1,0.024966561572968622,0.0
088859eb0563,45,3,index_mcp,1,0.07782383345531475,0.0
088859eb0563,45,4,index_pip,1,0.42658951465552297,0.0
088859eb0563,45,5,middle_mcp,1,0.279713473887268,0.0
088859eb0563,45,6,middle_pip,1,0.3036874347939449,0.0
088859eb0563,45,7,ring_mcp,1,0.22618131460985405,0.0
088859eb0563,45,8,ring_pip,1,0.5923577123856497,0.0
088859eb0563,45,9,little_mcp,1,0.3094699593825577,0.0
088859eb0563,45,10,little_pip,1,0.42929884475059776,0.0
088859eb0563,46,0,thumb_cmc,1,0.1136202083816328,0.0
088859eb0563,46,1,thumb_mcp,1,0.06955690129433019,0.0
088859eb0563,46,2,thumb_ip,1,0.006180419839529216,0.0
088859eb0563,46,3,index_mcp,1,0.1505417488416437,0.0
088859eb0563,46,4,index_pip,1,0.27611158252670054,0.0
088859eb0563,46,5,middle_mcp,1,0.4598840881075264,0.0
088859eb0563,46,6,middle_pip,1,0.31928951195082467,0.0
088859eb0563,46,7,ring_mcp,1,0.3327766058597924,0.0
088859eb0563,46,8,ring_pip,1,0.2145571052932719,0.0
088859eb0563,46,9,little_mcp,1,0.5803595861903361,0.0
088859eb0563,46,10,little_pip,1,0.33422294399746816,0.0
088859eb0563,47,0,thumb_cmc,1,0.043269249726937284,0.0
088859eb0563,47,1,thumb_mcp,1,0.16185995736271225,0.0
088859eb0563,47,2,thumb_ip,1,0.019391611027473773,0.0
088859eb0563,47,3,index_mcp,1,0.40879159063146325,0.0
088859eb0563,47,4,index_pip,1,0.5312524996677361,0.0
088859eb0563,47,5,middle_mcp,1,0.5621371682863379,0.0
088859eb0563,47,6,middle_pip,1,0.506783259171346,0.0
088859eb0563,47,7,ring_mcp,1,0.22980372226309573,0.0
088859eb0563,47,8,ring_pip,1,0.4065042671799354,0.0
088859eb0563,47,9,little_mcp,1,0.6450531152780313,0.0
088859eb0563,47,10,little_pip,1,0.8918200561008682,0.0
088859eb0563,48,0,thumb_cmc,1,0.13444777285166684,0.0
088859eb0563,48,1,thumb_mcp,1,0.20960559175016721,0.0
088859eb0563,48,2,thumb_ip,1,0.1856211097350712,0.0
088859eb0563,48,3,index_mcp,1,0.2938060722850308,0.0
088859eb0563,48,4,index_pip,1,0.3657177746421617,0.0
088859eb0563,48,5,middle_mcp,1,0.5152658702021787,0.0
088859eb0563,48,6,middle_pip,1,0.6296237789707608,0.0
088859eb0563,48,7,ring_mcp,1,0.20400134520536362,0.0
088859eb0563,48,8,ring_pip,1,0.39256300508158914,0.0
088859eb0563,48,9,little_mcp,1,0.3605220262672605,0.0
088859eb0563,48,10,little_pip,1,0.588653581200279,0.0
088859eb0563,49,0,thumb_cmc,1,0.14087566864853784,0.0
088859eb0563,49,1,thumb_mcp,1,0.2515468589994033,0.0
088859eb0563,49,2,thumb_ip,1,0.1741523051531018,0.0
088859eb0563,49,3,index_mcp,1,0.1713124647815692,0.0
088859eb0563,49,4,index_pip,1,0.26545181231093784,0.0
088859eb0563,49,5,middle_mcp,1,0.23488545441334638,0.0
088859eb0563,49,6,middle_pip,1,0.12510531034905617,0.0
088859eb0563,49,7,ring_mcp,1,0.32861436956519596,0.0
088859eb0563,49,8,ring_pip,1,0.4776616011362026,0.0
088859eb0563,49,9,little_mcp,1,0.23039197526820349,0.0
088859eb0563,49,10,little_pip,1,0.3289215293248704,0.0
088859eb0563,50,0,thumb_cmc,1,0.3771976599613412,0.0
088859eb0563,50,1,thumb_mcp,1,0.22401340622064,0.0
088859eb0563,50,2,thumb_ip,1,0.0589372526743565,0.0
088859eb0563,50,3,index_mcp,1,0.4380841433027644,0.0
088859eb0563,50,4,index_pip,1,0.14293816758092695,0.0
088859eb0563,50,5,middle_mcp,1,0.2141572973279028,0.0
088859eb0563,50,6,middle_pip,1,0.14920384037611728,0.0
088859eb0563,50,7,ring_mcp,1,0.14030416164269227,0.0
088859eb0563,50,8,ring_pip,1,0.45435858736191265,0.0
088859eb0563,50,9,little_mcp,1,0.3268582072587159,0.0
088859eb0563,50,10,little_pip,1,0.2505467616167987,0.0
088859eb0563,51,0,thumb_cmc,1,0.49958841028118667,0.0
088859eb0563,51,1,thumb_mcp,1,0.5293175074155624,0.0
088859eb0563,51,2,thumb_ip,1,0.09047706712154399,0.0
088859eb0563,51,3,index_mcp,1,0.24704902371341633,0.0
088859eb0563,51,4,index_pip,1,0.11195816244806919,0.0
088859eb0563,51,5,middle_mcp,1,0.2901451752228929,0.0
088859eb0563,51,6,middle_pip,1,0.11295510126351967,0.0
088859eb0563,51,7,ring_mcp,1,0.16846438044100656,0.0
088859eb0563,51,8,ring_pip,1,0.412351732732428,0.0
088859eb0563,51,9,little_mcp,1,0.7627925917246533,0.0
088859eb0563,51,10,little_pip,1,0.5087257368415425,0.0
088859eb0563,52,0,thumb_cmc,1,0.04588349031886394,0.0
088859eb0563,52,1,thumb_mcp,1,0.2783163750460768,0.0
088859eb0563,52,2,thumb_ip,1,0.27037373184190794,0.0
088859eb0563,52,3,index_mcp,1,0.6690342607655564,0.0
088859eb0563,52,4,index_pip,1,0.167665926894898,0.0
088859eb0563,52,5,middle_mcp,1,0.4115525315561258,0.0
088859eb0563,52,6,middle_pip,1,0.22585491946794967,0.0
088859eb0563,52,7,ring_mcp,1,0.3708248612973696,0.0
088859eb0563,52,8,ring_pip,1,0.4199643960263422,0.0
088859eb0563,52,9,little_mcp,1,0.29884672939396756,0.0
088859eb0563,52,10,little_pip,1,0.36558788948098503,0.0
088859eb0563,53,0,thumb_cmc,1,0.1791625324527535,0.0
088859eb0563,53,1,thumb_mcp,1,0.12014513612444128,0.0
088859eb0563,53,2,thumb_ip,1,0.10378552701764342,0.0
088859eb0563,53,3,index_mcp,1,0.27668243845497287,0.0
088859eb0563,53,4,index_pip,1,0.24190860310132437,0.0
088859eb0563,53,5,middle_mcp,1,0.4272255489438911,0.0
088859eb0563,53,6,middle_pip,1,0.13710634197959792,0.0
088859eb0563,53,7,ring_mcp,1,0.32818417751511314,0.0
088859eb0563,53,8,ring_pip,1,0.5222079345351809,0.0
088859eb0563,53,9,little_mcp,1,0.4167040967908618,0.0
088859eb0563,53,10,little_pip,1,0.4150436189433365,0.0
088859eb0563,54,0,thumb_cmc,1,0.46209821380224375,0.0
088859eb0563,54,1,thumb_mcp,1,0.09411678695762403,0.0
088859eb0563,54,2,thumb_ip,1,0.31797604340481944,0.0
088859eb0563,54,3,index_mcp,1,0.4794028023305213,0.0
088859eb0563,54,4,index_pip,1,0.4561847648734124,0.0
088859eb0563,54,5,middle_mcp,1,0.6822862213234593,0.0
088859eb0563,54,6,middle_pip,1,0.4058153056308741,0.0
088859eb0563,54,7,ring_mcp,1,0.6794478001191853,0.0
088859eb0563,54,8,ring_pip,1,0.5502145174242489,0.0
088859eb0563,54,9,little_mcp,1,0.1839294104078132,0.0
088859eb0563,54,10,little_pip,1,0.17803735387293557,0.0
088859eb0563,55,0,thumb_cmc,1,0.018209304657505646,0.0
088859eb0563,55,1,thumb_mcp,1,0.410409694736096,0.0
088859eb0563,55,2,thumb_ip,1,0.1648916840076303,0.0
088859eb0563,55,3,index_mcp,1,0.22994632978905166,0.0
088859eb0563,55,4,index_pip,1,0.29485295986240173,0.0
088859eb0563,55,5,middle_mcp,1,0.5701680557515169,0.0
088859eb0563,55,6,middle_pip,1,0.5354558206017652,0.0
088859eb0563,55,7,ring_mcp,1,0.3238061032445569,0.0
088859eb0563,55,8,ring_pip,1,0.6882682342667023,0.0
088859eb0563,55,9,little_mcp,1,0.5374916677898067,0.0
088859eb0563,55,10,little_pip,1,0.6610217022839066,0.0
088859eb0563,56,0,thumb_cmc,1,0.44328209039913874,0.0
088859eb0563,56,1,thumb_mcp,1,0.1236124322287925,0.0
088859eb0563,56,2,thumb_ip,1,0.03691033719017273,0.0
088859eb0563,56,3,index_mcp,1,0.5526084317502571,0.0
088859eb0563,56,4,index_pip,1,0.5365372544519744,0.0
088859eb0563,56,5,middle_mcp,1,0.313483399974156,0.0
088859eb0563,56,6,middle_pip,1,0.42623223813988376,0.0
088859eb0563,56,7,ring_mcp,1,0.4828736619368629,0.0
088859eb0563,56,8,ring_pip,1,0.3931293424167251,0.0
088859eb0563,56,9,little_mcp,1,0.8372001263065455,0.0
088859eb0563,56,10,little_pip,1,0.39687267758225325,0.0
088859eb0563,57,0,thumb_cmc,1,0.016515694753529372,0.0
088859eb0563,57,1,thumb_mcp,1,0.14962550616019504,0.0
088859eb0563,57,2,thumb_ip,1,0.05371295513287472,0.0
088859eb0563,57,3,index_mcp,1,0.39479977679067824,0.0
088859eb0563,57,4,index_pip,1,0.21407806465007528,0.0
088859eb0563,57,5,middle_mcp,1,0.2553209001670183,0.0
088859eb0563,57,6,middle_pip,1,0.4093598007992141,0.0
088859eb0563,57,7,ring_mcp,1,0.0861556832470912,0.0
088859eb0563,57,8,ring_pip,1,0.24491019404870124,0.0
088859eb0563,57,9,little_mcp,1,0.31930302542418004,0.0
088859eb0563,57,10,little_pip,1,0.31514143394906863,0.0
088859eb0563,58,0,thumb_cmc,1,0.051932611709377935,0.0
088859eb0563,58,1,thumb_mcp,1,0.018149471830150768,0.0
088859eb0563,58,2,thumb_ip,1,0.17089473432383834,0.0
088859eb0563,58,3,index_mcp,1,0.5899637958309804,0.0
088859eb0563,58,4,index_pip,1,0.13754198780552387,0.0
088859eb0563,58,5,middle_mcp,1,0.3323475953408249,0.0
088859eb0563,58,6,middle_pip,1,0.6847080704079458,0.0
088859eb0563,58,7,ring_mcp,1,0.2223005275526042,0.0
088859eb0563,58,8,ring_pip,1,0.5532846698840759,0.0
088859eb0563,58,9,little_mcp,1,0.1622302801955271,0.0
088859eb0563,58,10,little_pip,1,0.2563168437904738,0.0
088859eb0563,59,0,thumb_cmc,1,0.11476514519079621,0.0
088859eb0563,59,1,thumb_mcp,1,0.023566038024356254,0.0
088859eb0563,59,2,thumb_ip,1,0.08902963127751656,0.0
088859eb0563,59,3,index_mcp,1,0.4807656042269853,0.0
088859eb0563,59,4,index_pip,1,0.21418076423492727,0.0
088859eb0563,59,5,middle_mcp,1,0.19982943218657187,0.0
088859eb0563,59,6,middle_pip,1,0.21132095245700544,0.0
088859eb0563,59,7,ring_mcp,1,0.25800374039154805,0.0
088859eb0563,59,8,ring_pip,1,0.4764077062189895,0.0
088859eb0563,59,9,little_mcp,1,0.37325183180211385,0.0
088859eb0563,59,10,little_pip,1,0.326722253306598,0.0
088859eb0563,60,0,thumb_cmc,1,0.019611796356835114,0.0
088859eb0563,60,1,thumb_mcp,1,0.3293869079623145,0.0
088859eb0563,60,2,thumb_ip,1,0.12699982754324568,0.0
088859eb0563,60,3,index_mcp,1,0.5474782321971124,0.0
088859eb0563,60,4,index_pip,1,0.35747964995605946,0.0
088859eb0563,60,5,middle_mcp,1,0.6515532121529033,0.0
088859eb0563,60,6,middle_pip,1,0.3989976132824773,0.0
088859eb0563,60,7,ring_mcp,1,0.055787411672226464,0.0
088859eb0563,60,8,ring_pip,1,0.43598768698999674,0.0
088859eb0563,60,9,little_mcp,1,0.445831030488947,0.0
088859eb0563,60,10,little_pip,1,0.14938339783588195,0.0
088859eb0563,61,0,thumb_cmc,1,0.03462824170663257,0.0
088859eb0563,61,1,thumb_mcp,1,0.014481915726108616,0.0
088859eb0563,61,2,thumb_ip,1,0.1817167957326707,0.0
088859eb0563,61,3,index_mcp,1,0.17822038298428214,0.0
088859eb0563,61,4,index_pip,1,0.4482082691884482,0.0
088859eb0563,61,5,middle_mcp,1,0.35461133519749577,0.0
088859eb0563,61,6,middle_pip,1,0.54310090153133,0.0
088859eb0563,61,7,ring_mcp,1,0.21793138250116773,0.0
088859eb0563,61,8,ring_pip,1,0.540662537689235,0.0
088859eb0563,61,9,little_mcp,1,0.4663240755659323,0.0
088859eb0563,61,10,little_pip,1,0.2548576507823706,0.0
088859eb0563,62,0,thumb_cmc,1,0.43014665785912054,0.0
088859eb0563,62,1,thumb_mcp,1,0.039570760935256626,0.0
088859eb0563,62,2,thumb_ip,1,0.2865339463480558,0.0
088859eb0563,62,3,index_mcp,1,0.44296120824570456,0.0
088859eb0563,62,4,index_pip,1,0.36144255217998994,0.0
088859eb0563,62,5,middle_mcp,1,0.027749908542829115,0.0
088859eb0563,62,6,middle_pip,1,0.32010922958743726,0.0
088859eb0563,62,7,ring_mcp,1,0.27165624358932045,0.0
088859eb0563,62,8,ring_pip,1,0.3738602689418162,0.0
088859eb0563,62,9,little_mcp,1,0.6258641901400108,0.0
088859eb0563,62,10,little_pip,1,0.34746534086894243,0.0
088859eb0563,63,0,thumb_cmc,1,0.0276429387312055,0.0
088859eb0563,63,1,thumb_mcp,1,0.3167120447208926,0.0
088859eb0563,63,2,thumb_ip,1,0.07645399167627481,0.0
088859eb0563,63,3,index_mcp,1,0.5518201998149062,0.0
088859eb0563,63,4,index_pip,1,0.5195287592602942,0.0
088859eb0563,63,5,middle_mcp,1,0.10477852498347133,0.0
088859eb0563,63,6,middle_pip,1,0.49452120382808135,0.0
088859eb0563,63,7,ring_mcp,1,0.4039888102097909,0.0
088859eb0563,63,8,ring_pip,1,0.7517066332231986,0.0
088859eb0563,63,9,little_mcp,1,0.232118268638681,0.0
088859eb0563,63,10,little_pip,1,0.31656562454656423,0.0
088859eb0563,64,0,thumb_cmc,1,0.16806475066599752,0.0
088859eb0563,64,1,thumb_mcp,1,0.0796366970786395,0.0
088859eb0563,64,2,thumb_ip,1,0.1319752864980038,0.0
088859eb0563,64,3,index_mcp,1,0.4533034639356732,0.0
088859eb0563,64,4,index_pip,1,0.6798305189850273,0.0
088859eb0563,64,5,middle_mcp,1,0.17540680888755425,0.0
088859eb0563,64,6,middle_pip,1,0.25093100408780267,0.0
088859eb0563,64,7,ring_mcp,1,0.22444227430967892,0.0
088859eb0563,64,8,ring_pip,1,0.5475710729706266,0.0
088859eb0563,64,9,little_mcp,1,0.7141223598790115,0.0
088859eb0563,64,10,little_pip,1,0.44755815458735954,0.0
088859eb0563,65,0,thumb_cmc,1,0.21485797995399558,0.0
088859eb0563,65,1,thumb_mcp,1,0.07970607947504675,0.0
088859eb0563,65,2,thumb_ip,1,0.01729950459589732,0.0
088859eb0563,65,3,index_mcp,1,0.26370361440166357,0.0
088859eb0563,65,4,index_pip,1,0.35392118185912075,0.0
088859eb0563,65,5,middle_mcp,1,0.4352726212561688,0.0
088859eb0563,65,6,middle_pip,1,0.26770714324503686,0.0
088859eb0563,65,7,ring_mcp,1,0.11099915659735114,0.0
088859eb0563,65,8,ring_pip,1,0.5987883008695266,0.0
088859eb0563,65,9,little_mcp,1,0.8371023570558217,0.0
088859eb0563,65,10,little_pip,1,0.1763859056490156,0.0
088859eb0563,66,0,thumb_cmc,1,0.2089440485335761,0.0
088859eb0563,66,1,thumb_mcp,1,0.00010655303404089022,0.0
088859eb0563,66,2,thumb_ip,1,0.004708803540029261,0.0
088859eb0563,66,3,index_mcp,1,0.4954404013100485,0.0
088859eb0563,66,4,index_pip,1,0.13823772373204543,0.0
088859eb0563,66,5,middle_mcp,1,0.7173223136576391,0.0
088859eb0563,66,6,middle_pip,1,0.49564337783346574,0.0
088859eb0563,66,7,ring_mcp,1,0.3047560241033707,0.0
088859eb0563,66,8,ring_pip,1,0.517013572193888,0.0
088859eb0563,66,9,little_mcp,1,0.658502523520489,0.0
088859eb0563,66,10,little_pip,1,0.11045145233613178,0.0
088859eb0563,67,0,thumb_cmc,1,0.15130385372065774,0.0
088859eb0563,67,1,thumb_mcp,1,0.007228009079134822,0.0
088859eb0563,67,2,thumb_ip,1,0.05576270108164648,0.0
088859eb0563,67,3,index_mcp,1,0.2185039904814961,0.0
088859eb0563,67,4,index_pip,1,0.5777467180948692,0.0
088859eb0563,67,5,middle_mcp,1,0.13486793528858745,0.0
088859eb0563,67,6,middle_pip,1,0.4141647167223679,0.0
088859eb0563,67,7,ring_mcp,1,0.4665686027923036,0.0
088859eb0563,67,8,ring_pip,1,0.4633019048347,0.0
088859eb0563,67,9,little_mcp,1,0.38400747883614617,0.0
088859eb0563,67,10,little_pip,1,0.4313671159642511,0.0
088859eb0563,68,0,thumb_cmc,1,0.20309824338986202,0.0
088859eb0563,68,1,thumb_mcp,1,0.02479618054804264,0.0
088859eb0563,68,2,thumb_ip,1,0.3514813817746807,0.0
088859eb0563,68,3,index_mcp,1,0.1978683502263749,0.0
088859eb0563,68,4,index_pip,1,0.5406965106984524,0.0
088859eb0563,68,5,middle_mcp,1,0.40779355244905585,0.0
088859eb0563,68,6,middle_pip,1,0.4535202321765868,0.0
088859eb0563,68,7,ring_mcp,1,0.4689948773321523,0.0
088859eb0563,68,8,ring_pip,1,0.5612046600013468,0.0
088859eb0563,68,9,little_mcp,1,0.2869468051012835,0.0
088859eb0563,68,10,little_pip,1,0.3850603438983063,0.0
088859eb0563,69,0,thumb_cmc,1,0.7338074003963564,0.0
088859eb0563,69,1,thumb_mcp,1,0.009086862045070171,0.0
088859eb0563,69,2,thumb_ip,1,0.09788910920430532,0.0
088859eb0563,69,3,index_mcp,1,0.534706033601314,0.0
088859eb0563,69,4,index_pip,1,0.7239438166968785,0.0
088859eb0563,69,5,middle_mcp,1,0.18687893435011613,0.0
088859eb0563,69,6,middle_pip,1,0.5064112399437889,0.0
088859eb0563,69,7,ring_mcp,1,0.2426636273821833,0.0
088859eb0563,69,8,ring_pip,1,0.5927865034711834,0.0
088859eb0563,69,9,little_mcp,1,0.25984064691657094,0.0
088859eb0563,69,10,little_pip,1,0.3404111959548221,0.0
088859eb0563,70,0,thumb_cmc,1,0.33175408584187754,0.0
088859eb0563,70,1,thumb_mcp,1,0.023734458724036973,0.0
088859eb0563,70,2,thumb_ip,1,0.23559755203446572,0.0
088859eb0563,70,3,index_mcp,1,0.5174719523241892,0.0
088859eb0563,70,4,index_pip,1,0.452039193373031,0.0
088859eb0563,70,5,middle_mcp,1,0.12517327763493347,0.0
088859eb0563,70,6,middle_pip,1,0.504260823433386,0.0
088859eb0563,70,7,ring_mcp,1,0.21072229906211218,0.0
088859eb0563,70,8,ring_pip,1,0.5200504015639913,0.0
088859eb0563,70,9,little_mcp,1,0.1590378857090932,0.0
088859eb0563,70,10,little_pip,1,0.3824418480667917,0.0
088859eb0563,71,0,thumb_cmc,1,0.42617418708179283,0.0
088859eb0563,71,1,thumb_mcp,1,0.0016407117899396792,0.0
088859eb0563,71,2,thumb_ip,1,0.09525564241356684,0.0
088859eb0563,71,3,index_mcp,1,0.5700949500342722,0.0
088859eb0563,71,4,index_pip,1,0.26815416667058456,0.0
088859eb0563,71,5,middle_mcp,1,0.20557262128123127,0.0
088859eb0563,71,6,middle_pip,1,0.6084749029618363,0.0
088859eb0563,71,7,ring_mcp,1,0.5113459593452443,0.0
088859eb0563,71,8,ring_pip,1,0.3662243644250917,0.0
088859eb0563,71,9,little_mcp,1,0.3697084183053039,0.0
088859eb0563,71,10,little_pip,1,0.8353069296396275,0.0
088859eb0563,72,0,thumb_cmc,1,0.0902025431636247,0.0
088859eb0563,72,1,thumb_mcp,1,0.09025234636977351,0.0
088859eb0563,72,2,thumb_ip,1,0.5475657914933995,0.0
088859eb0563,72,3,index_mcp,1,0.3225531111553388,0.0
088859eb0563,72,4,index_pip,1,0.23623820975824508,0.0
088859eb0563,72,5,middle_mcp,1,0.39488273190218914,0.0
088859eb0563,72,6,middle_pip,1,0.7338825498275985,0.0
088859eb0563,72,7,ring_mcp,1,0.09271869718138998,0.0
088859eb0563,72,8,ring_pip,1,0.4959239217118036,0.0
088859eb0563,72,9,little_mcp,1,0.8061469549696673,0.0
088859eb0563,72,10,little_pip,1,0.41342759578190147,0.0
088859eb0563,73,0,thumb_cmc,1,0.16084864153614462,0.0
088859eb0563,73,1,thumb_mcp,1,0.001981023786749315,0.0
088859eb0563,73,2,thumb_ip,1,0.004789984124718068,0.0
088859eb0563,73,3,index_mcp,1,0.33137572319584974,0.0
088859eb0563,73,4,index_pip,1,0.08392300420907041,0.0
088859eb0563,73,5,middle_mcp,1,0.37604288356299564,0.0
088859eb0563,73,6,middle_pip,1,0.2761795356987489,0.0
088859eb0563,73,7,ring_mcp,1,0.19618396383718573,0.0
088859eb0563,73,8,ring_pip,1,0.3060328132371841,0.0
088859eb0563,73,9,little_mcp,1,0.6959788223698093,0.0
088859eb0563,73,10,little_pip,1,0.5477263021071932,0.0
088859eb0563,74,0,thumb_cmc,1,0.17177185374643691,0.0
088859eb0563,74,1,thumb_mcp,1,0.0008764879551460716,0.0
088859eb0563,74,2,thumb_ip,1,0.10407990491649798,0.0
088859eb0563,74,3,index_mcp,1,0.3704076544879826,0.0
088859eb0563,74,4,index_pip,1,0.3983831460597542,0.0
088859eb0563,74,5,middle_mcp,1,0.300448759587586,0.0
088859eb0563,74,6,middle_pip,1,0.36542247781891646,0.0
088859eb0563,74,7,ring_mcp,1,0.3755311958343152,0.0
088859eb0563,74,8,ring_pip,1,0.5430895620026397,0.0
088859eb0563,74,9,little_mcp,1,0.5972649650124067,0.0
088859eb0563,74,10,little_pip,1,0.1415426523805842,0.0
088859eb0563,75,0,thumb_cmc,1,0.7480865287089268,0.0
088859eb0563,75,1,thumb_mcp,1,0.06303932753013643,0.0
088859eb0563,75,2,thumb_ip,1,0.06597043061222511,0.0
088859eb0563,75,3,index_mcp,1,0.4352273140904138,0.0
088859eb0563,75,4,index_pip,1,0.3283114273033884,0.0
088859eb0563,75,5,middle_mcp,1,0.42115655469118796,0.0
088859eb0563,75,6,middle_pip,1,0.4041349597301598,0.0
088859eb0563,75,7,ring_mcp,1,0.16709137843938876,0.0
088859eb0563,75,8,ring_pip,1,0.6909746001049931,0.0
088859eb0563,75,9,little_mcp,1,0.2567275440320735,0.0
088859eb0563,75,10,little_pip,1,0.11736789990358187,0.0
088859eb0563,76,0,thumb_cmc,1,0.3994521403815958,0.0
088859eb0563,76,1,thumb_mcp,1,0.0017223258991187452,0.0
088859eb0563,76,2,thumb_ip,1,0.18453723651368856,0.0
088859eb0563,76,3,index_mcp,1,0.48505857780477785,0.0
088859eb0563,76,4,index_pip,1,0.40630736558774555,0.0
088859eb0563,76,5,middle_mcp,1,0.32793316423971397,0.0
088859eb0563,76,6,middle_pip,1,0.3008108699933577,0.0
088859eb0563,76,7,ring_mcp,1,0.3671754091952602,0.0
088859eb0563,76,8,ring_pip,1,0.5591113485355736,0.0
088859eb0563,76,9,little_mcp,1,0.2067646052406181,0.0
088859eb0563,76,10,little_pip,1,0.3006031552200844,0.0
088859eb0563,77,0,thumb_cmc,1,0.3767477955467637,0.0
088859eb0563,77,1,thumb_mcp,1,0.04797437264182999,0.0
088859eb0563,77,2,thumb_ip,1,0.1446101731373712,0.0
088859eb0563,77,3,index_mcp,1,0.3150059757677481,0.0
088859eb0563,77,4,index_pip,1,0.3262934717125681,0.0
088859eb0563,77,5,middle_mcp,1,0.6157590526442598,0.0
088859eb0563,77,6,middle_pip,1,0.6440462491823906,0.0
088859eb0563,77,7,ring_mcp,1,0.1624801372228082,0.0
088859eb0563,77,8,ring_pip,1,0.1550492185111722,0.0
088859eb0563,77,9,little_mcp,1,0.5204156402029556,0.0
088859eb0563,77,10,little_pip,1,0.4277983663683168,0.0
088859eb0563,78,0,thumb_cmc,1,0.070197915439061,0.0
088859eb0563,78,1,thumb_mcp,1,0.021272592555243303,0.0
088859eb0563,78,2,thumb_ip,1,0.31950304995707,0.0
088859eb0563,78,3,index_mcp,1,0.4603443018648028,0.0
088859eb0563,78,4,index_pip,1,0.6951464576988551,0.0
088859eb0563,78,5,middle_mcp,1,0.26538472584720285,0.0
088859eb0563,78,6,middle_pip,1,0.6093681862778493,0.0
088859eb0563,78,7,ring_mcp,1,0.09117583704267408,0.0
088859eb0563,78,8,ring_pip,1,0.6524650735415095,0.0
088859eb0563,78,9,little_mcp,1,0.23853278893894375,0.0
088859eb0563,78,10,little_pip,1,0.5784109494147768,0.0
088859eb0563,79,0,thumb_cmc,1,0.08055103707014677,0.0
088859eb0563,79,1,thumb_mcp,1,0.17333474075837005,0.0
088859eb0563,79,2,thumb_ip,1,0.02707532133149705,0.0
088859eb0563,79,3,index_mcp,1,0.6072132589557779,0.0
088859eb0563,79,4,index_pip,1,0.6353407225815217,0.0
088859eb0563,79,5,middle_mcp,1,0.2322662109918035,0.0
088859eb0563,79,6,middle_pip,1,0.8177661573388391,0.0
088859eb0563,79,7,ring_mcp,1,0.14490106919370765,0.0
088859eb0563,79,8,ring_pip,1,0.5572878157807566,0.0
088859eb0563,79,9,little_mcp,1,0.21070633248713144,0.0
088859eb0563,79,10,little_pip,1,0.17114319016167495,0.0
088859eb0563,80,0,thumb_cmc,1,0.1931500902367606,0.0
088859eb0563,80,1,thumb_mcp,1,0.022701005255961575,0.0
088859eb0563,80,2,thumb_ip,1,0.16339190339756518,0.0
088859eb0563,80,3,index_mcp,1,0.5436372546777355,0.0
088859eb0563,80,4,index_pip,1,0.5777044657557416,0.0
088859eb0563,80,5,middle_mcp,1,0.572112865365837,0.0
088859eb0563,80,6,middle_pip,1,0.6005751303321767,0.0
088859eb0563,80,7,ring_mcp,1,0.10398223324743242,0.0
088859eb0563,80,8,ring_pip,1,0.42461010855021625,0.0
088859eb0563,80,9,little_mcp,1,0.14758833611166935,0.0
088859eb0563,80,10,little_pip,1,0.11948950313135105,0.0
088859eb0563,81,0,thumb_cmc,1,0.4271510114918466,0.0
088859eb0563,81,1,thumb_mcp,1,0.2791464249171914,0.0
088859eb0563,81,2,thumb_ip,1,0.022897065767191478,0.0
088859eb0563,81,3,index_mcp,1,0.32888123552254395,0.0
088859eb0563,81,4,index_pip,1,0.4515942621492308,0.0
088859eb0563,81,5,middle_mcp,1,0.5283133822481674,0.0
088859eb0563,81,6,middle_pip,1,0.7076031588312043,0.0
088859eb0563,81,7,ring_mcp,1,0.07768635972139078,0.0
088859eb0563,81,8,ring_pip,1,0.5801249305819858,0.0
088859eb0563,81,9,little_mcp,1,0.532977519153817,0.0
088859eb0563,81,10,little_pip,1,0.5029651002592209,0.0
088859eb0563,82,0,thumb_cmc,1,0.0824089702653039,0.0
088859eb0563,82,1,thumb_mcp,1,0.41898668816732976,0.0
088859eb0563,82,2,thumb_ip,1,0.05832882227902321,0.0
088859eb0563,82,3,index_mcp,1,0.6915158185936198,0.0
088859eb0563,82,4,index_pip,1,0.6039492051504899,0.0
088859eb0563,82,5,middle_mcp,1,0.11290301411157208,0.0
088859eb0563,82,6,middle_pip,1,0.18951403674681572,0.0
088859eb0563,82,7,ring_mcp,1,0.473898057649738,0.0
088859eb0563,82,8,ring_pip,1,0.2982390281797507,0.0
088859eb0563,82,9,little_mcp,1,0.11037480301262856,0.0
088859eb0563,82,10,little_pip,1,0.16859862093689906,0.0
088859eb0563,83,0,thumb_cmc,1,0.250040213385232,0.0
088859eb0563,83,1,thumb_mcp,1,0.6183792517431508,0.0
088859eb0563,83,2,thumb_ip,1,0.1311570259978238,0.0
088859eb0563,83,3,index_mcp,1,0.2053943716641434,0.0
088859eb0563,83,4,index_pip,1,0.7127510982588633,0.0
088859eb0563,83,5,middle_mcp,1,0.1808562396016657,0.0
088859eb0563,83,6,middle_pip,1,0.4992131576277861,0.0
088859eb0563,83,7,ring_mcp,1,0.6862973641171399,0.0
088859eb0563,83,8,ring_pip,1,0.5559989846428284,0.0
088859eb0563,83,9,little_mcp,1,0.15930300876224662,0.0
088859eb0563,83,10,little_pip,1,0.31196077083740226,0.0
088859eb0563,84,0,thumb_cmc,1,0.17964674463875716,0.0
088859eb0563,84,1,thumb_mcp,1,0.12461905257203279,0.0
088859eb0563,84,2,thumb_ip,1,0.29604611445231666,0.0
088859eb0563,84,3,index_mcp,1,0.23135836912474242,0.0
088859eb0563,84,4,index_pip,1,0.07061890538095951,0.0
088859eb0563,84,5,middle_mcp,1,0.06504919999489038,0.0
088859eb0563,84,6,middle_pip,1,0.407321048401062,0.0
088859eb0563,84,7,ring_mcp,1,0.1952606634708047,0.0
088859eb0563,84,8,ring_pip,1,0.44083299444154106,0.0
088859eb0563,84,9,little_mcp,1,0.5504379805256725,0.0
088859eb0563,84,10,little_pip,1,0.32577784536039905,0.0
088859eb0563,85,0,thumb_cmc,1,0.21608088606411627,0.0
088859eb0563,85,1,thumb_mcp,1,0.39003933528976276,0.0
088859eb0563,85,2,thumb_ip,1,0.349543670673386,0.0
088859eb0563,85,3,index_mcp,1,0.351128106885612,0.0
088859eb0563,85,4,index_pip,1,0.18346267397167182,0.0
088859eb0563,85,5,middle_mcp,1,0.07461351874306249,0.0
088859eb0563,85,6,middle_pip,1,0.7303480932330222,0.0
088859eb0563,85,7,ring_mcp,1,0.2311267538640412,0.0
088859eb0563,85,8,ring_pip,1,0.3313408161182119,0.0
088859eb0563,85,9,little_mcp,1,0.5991681756864894,0.0
088859eb0563,85,10,little_pip,1,0.18372149297419188,0.0
088859eb0563,86,0,thumb_cmc,1,0.14977692845930507,0.0
088859eb0563,86,1,thumb_mcp,1,0.04593668567960494,0.0
088859eb0563,86,2,thumb_ip,1,0.18290259301497683,0.0
088859eb0563,86,3,index_mcp,1,0.6058431970557748,0.0
088859eb0563,86,4,index_pip,1,0.177981188619383,0.0
088859eb0563,86,5,middle_mcp,1,0.31097837217166274,0.0
088859eb0563,86,6,middle_pip,1,0.46233515538770886,0.0
088859eb0563,86,7,ring_mcp,1,0.3490547247270182,0.0
088859eb0563,86,8,ring_pip,1,0.2743292124153199,0.0
088859eb0563,86,9,little_mcp,1,0.15350095699757657,0.0
088859eb0563,86,10,little_pip,1,0.4686938425626692,0.0
088859eb0563,87,0,thumb_cmc,1,0.10526545289731465,0.0
088859eb0563,87,1,thumb_mcp,1,0.6321706135701531,0.0
088859eb0563,87,2,thumb_ip,1,0.24937609042752468,0.0
088859eb0563,87,3,index_mcp,1,0.39664158448722825,0.0
088859eb0563,87,4,index_pip,1,0.3366839013743399,0.0
088859eb0563,87,5,middle_mcp,1,0.5416103107396755,0.0
088859eb0563,87,6,middle_pip,1,0.7039138548582031,0.0
088859eb0563,87,7,ring_mcp,1,0.17861810974560374,0.0
088859eb0563,87,8,ring_pip,1,0.3218115327512793,0.0
088859eb0563,87,9,little_mcp,1,0.22028858999848666,0.0
088859eb0563,87,10,little_pip,1,0.4617255500888956,0.0
088859eb0563,88,0,thumb_cmc,1,0.18954520699647262,0.0
088859eb0563,88,1,thumb_mcp,1,0.5517032968256719,0.0
088859eb0563,88,2,thumb_ip,1,0.3654446426679882,0.0
088859eb0563,88,3,index_mcp,1,0.40437128970567565,0.0
088859eb0563,88,4,index_pip,1,0.635154646877579,0.0
088859eb0563,88,5,middle_mcp,1,0.5961293834306538,0.0
088859eb0563,88,6,middle_pip,1,0.533711277408075,0.0
088859eb0563,88,7,ring_mcp,1,0.25632793630392353,0.0
088859eb0563,88,8,ring_pip,1,0.5512153626765574,0.0
088859eb0563,88,9,little_mcp,1,0.17890409016253964,0.0
088859eb0563,88,10,little_pip,1,0.49711539196076054,0.0
088859eb0563,89,0,thumb_cmc,1,0.5450400847608486,0.0
088859eb0563,89,1,thumb_mcp,1,0.2292589167526762,0.0
088859eb0563,89,2,thumb_ip,1,0.19993410471304943,0.0
088859eb0563,89,3,index_mcp,1,0.5714918148810008,0.0
088859eb0563,89,4,index_pip,1,0.5424870778551665,0.0
088859eb0563,89,5,middle_mcp,1,0.6267613320548234,0.0
088859eb0563,89,6,middle_pip,1,0.6195409186895362,0.0
088859eb0563,89,7,ring_mcp,1,0.12794470164231872,0.0
088859eb0563,89,8,ring_pip,1,0.37034307104024516,0.0
088859eb0563,89,9,little_mcp,1,0.48115819604080035,0.0
088859eb0563,89,10,little_pip,1,0.48341496528763167,0.0
088859eb0563,90,0,thumb_cmc,1,0.17780095298533835,0.0
088859eb0563,90,1,thumb_mcp,1,0.43778226141963916,0.0
088859eb0563,90,2,thumb_ip,1,0.5792348836569511,0.0
088859eb0563,90,3,index_mcp,1,0.5038795047967357,0.0
088859eb0563,90,4,index_pip,1,0.6387570249060798,0.0
088859eb0563,90,5,middle_mcp,1,0.740549335150548,0.0
088859eb0563,90,6,middle_pip,1,0.5330380705025421,0.0
088859eb0563,90,7,ring_mcp,1,0.6654823369960965,0.0
088859eb0563,90,8,ring_pip,1,0.4784808401395489,0.0
088859eb0563,90,9,little_mcp,1,0.7502980758719082,0.0
088859eb0563,90,10,little_pip,1,0.5524226693619425,0.0
088859eb0563,91,0,thumb_cmc,1,0.11766548422629092,0.0
088859eb0563,91,1,thumb_mcp,1,0.2946702458680826,0.0
088859eb0563,91,2,thumb_ip,1,0.35466495173403845,0.0
088859eb0563,91,3,index_mcp,1,0.5304688696564733,0.0
088859eb0563,91,4,index_pip,1,0.5699661090447645,0.0
088859eb0563,91,5,middle_mcp,1,0.550580947048588,0.0
088859eb0563,91,6,middle_pip,1,0.3288027484073862,0.0
088859eb0563,91,7,ring_mcp,1,0.44000949041802456,0.0
088859eb0563,91,8,ring_pip,1,0.3742785372073531,0.0
088859eb0563,91,9,little_mcp,1,0.5058815031738035,0.0
088859eb0563,91,10,little_pip,1,0.39438407333702374,0.0
088859eb0563,92,0,thumb_cmc,1,0.11791730563326036,0.0
088859eb0563,92,1,thumb_mcp,1,0.03998641141329705,0.0
088859eb0563,92,2,thumb_ip,1,0.07942629937773091,0.0
088859eb0563,92,3,index_mcp,1,0.10788667698115409,0.0
088859eb0563,92,4,index_pip,1,0.20178008710394796,0.0
088859eb0563,92,5,middle_mcp,1,0.10818469255769285,0.0
088859eb0563,92,6,middle_pip,1,0.26114826734955227,0.0
088859eb0563,92,7,ring_mcp,1,0.1881908185451357,0.0
088859eb0563,92,8,ring_pip,1,0.126914487687331,0.0
088859eb0563,92,9,little_mcp,1,0.03810182626636249,0.0
088859eb0563,92,10,little_pip,1,0.1614156879425591,0.0
088859eb0563,93,0,thumb_cmc,1,0.10339277834469963,0.0
088859eb0563,93,1,thumb_mcp,1,0.48788415773279376,0.0
088859eb0563,93,2,thumb_ip,1,0.30123089328252256,0.0
088859eb0563,93,3,index_mcp,1,0.1778969923603497,0.0
088859eb0563,93,4,index_pip,1,0.5536666958529743,0.0
088859eb0563,93,5,middle_mcp,1,0.30664121887657486,0.0
088859eb0563,93,6,middle_pip,1,0.2719316964469525,0.0
088859eb0563,93,7,ring_mcp,1,0.4592626173624519,0.0
088859eb0563,93,8,ring_pip,1,0.4221410160359158,0.0
088859eb0563,93,9,little_mcp,1,0.056454811760689186,0.0
088859eb0563,93,10,little_pip,1,0.1859374380076097,0.0
088859eb0563,94,0,thumb_cmc,1,0.22633686758793004,0.0
088859eb0563,94,1,thumb_mcp,1,0.19018491021503722,0.0
088859eb0563,94,2,thumb_ip,1,0.1989701693728022,0.0
088859eb0563,94,3,index_mcp,1,0.1404717329448847,0.0
088859eb0563,94,4,index_pip,1,0.21050412911576982,0.0
088859eb0563,94,5,middle_mcp,1,0.0613488588805516,0.0
088859eb0563,94,6,middle_pip,1,0.20121663242677612,0.0
088859eb0563,94,7,ring_mcp,1,0.0584406634379316,0.0
088859eb0563,94,8,ring_pip,1,0.15295001892696997,0.0
088859eb0563,94,9,little_mcp,1,0.1257707774415423,0.0
088859eb0563,94,10,little_pip,1,0.35782825294528,0.0
088859eb0563,95,0,thumb_cmc,1,0.5049422994881543,0.0
088859eb0563,95,1,thumb_mcp,1,0.08068679362752265,0.0
088859eb0563,95,2,thumb_ip,1,0.04407776079259439,0.0
088859eb0563,95,3,index_mcp,1,0.14252400519209155,0.0
088859eb0563,95,4,index_pip,1,0.18402440682204055,0.0
088859eb0563,95,5,middle_mcp,1,0.2150945425129445,0.0
088859eb0563,95,6,middle_pip,1,0.42621324027951013,0.0
088859eb0563,95,7,ring_mcp,1,0.572513783044104,0.0
088859eb0563,95,8,ring_pip,1,0.2794761055631584,0.0
088859eb0563,95,9,little_mcp,1,0.06480781125903416,0.0
088859eb0563,95,10,little_pip,1,0.21354081771485287,0.0
088859eb0563,96,0,thumb_cmc,1,0.18803598420977954,0.0
088859eb0563,96,1,thumb_mcp,1,0.10784273531314284,0.0
088859eb0563,96,2,thumb_ip,1,0.16370049066763315,0.0
088859eb0563,96,3,index_mcp,1,0.6622044281381783,0.0
088859eb0563,96,4,index_pip,1,0.2937703007919415,0.0
088859eb0563,96,5,middle_mcp,1,0.33443446867720306,0.0
088859eb0563,96,6,middle_pip,1,0.3227510167787687,0.0
088859eb0563,96,7,ring_mcp,1,0.2530678146819464,0.0
088859eb0563,96,8,ring_pip,1,0.19439904620831616,0.0
088859eb0563,96,9,little_mcp,1,0.042189291051153925,0.0
088859eb0563,96,10,little_pip,1,0.09576106042612514,0.0
088859eb0563,97,0,thumb_cmc,1,0.007834430811395742,0.0
088859eb0563,97,1,thumb_mcp,1,0.07941086174280527,0.0
088859eb0563,97,2,thumb_ip,1,0.039871423078642707,0.0
088859eb0563,97,3,index_mcp,1,0.574275137814824,0.0
088859eb0563,97,4,index_pip,1,0.6450406937065973,0.0
088859eb0563,97,5,middle_mcp,1,0.13032230072634612,0.0
088859eb0563,97,6,middle_pip,1,0.5088752806475548,0.0
088859eb0563,97,7,ring_mcp,1,0.46076158483343815,0.0
088859eb0563,97,8,ring_pip,1,0.45022991171777094,0.0
088859eb0563,97,9,little_mcp,1,0.14120134543459067,0.0
088859eb0563,97,10,little_pip,1,0.4615062307608214,0.0
088859eb0563,98,0,thumb_cmc,1,0.2994382437614948,0.0
088859eb0563,98,1,thumb_mcp,1,0.0034056542532753505,0.0
088859eb0563,98,2,thumb_ip,1,0.0072069865153692,0.0
088859eb0563,98,3,index_mcp,1,0.22020122544301612,0.0
088859eb0563,98,4,index_pip,1,0.33183828794215137,0.0
088859eb0563,98,5,middle_mcp,1,0.5211574226892919,0.0
088859eb0563,98,6,middle_pip,1,0.7025318383499022,0.0
088859eb0563,98,7,ring_mcp,1,0.6363865465717427,0.0
088859eb0563,98,8,ring_pip,1,0.7134094166600959,0.0
088859eb0563,98,9,little_mcp,1,0.19419773111558192,0.0
088859eb0563,98,10,little_pip,1,0.5533171558301271,0.0
088859eb0563,99,0,thumb_cmc,1,0.08833771387678546,0.0
088859eb0563,99,1,thumb_mcp,1,0.02518194829645292,0.0
088859eb0563,99,2,thumb_ip,1,0.02027530035687723,0.0
088859eb0563,99,3,index_mcp,1,0.16494483426455733,0.0
088859eb0563,99,4,index_pip,1,0.33544281125832465,0.0
088859eb0563,99,5,middle_mcp,1,0.6671215919111251,0.0
088859eb0563,99,6,middle_pip,1,0.25236399950878413,0.0
088859eb0563,99,7,ring_mcp,1,0.7307290826096156,0.0
088859eb0563,99,8,ring_pip,1,0.355872137402233,0.0
088859eb0563,99,9,little_mcp,1,0.6763692371316415,0.0
088859eb0563,99,10,little_pip,1,0.2770561899180901,0.0
088859eb0563,100,0,thumb_cmc,1,0.010481781367132468,0.0
088859eb0563,100,1,thumb_mcp,1,0.010897495791449899,0.0
088859eb0563,100,2,thumb_ip,1,0.18478912581811097,0.0
088859eb0563,100,3,index_mcp,1,0.08700179043889308,0.0
088859eb0563,100,4,index_pip,1,0.3877137378419495,0.0
088859eb0563,100,5,middle_mcp,1,0.33292100558323867,0.0
088859eb0563,100,6,middle_pip,1,0.3087347144473566,0.0
088859eb0563,100,7,ring_mcp,1,0.1306770783272807,0.0
088859eb0563,100,8,ring_pip,1,0.4796782424938376,0.0
088859eb0563,100,9,little_mcp,1,0.6301947299545789,0.0
088859eb0563,100,10,little_pip,1,0.2036187628110657,0.0
088859eb0563,101,0,thumb_cmc,1,0.10618578962270382,0.0
088859eb0563,101,1,thumb_mcp,1,0.00033724772102481173,0.0
088859eb0563,101,2,thumb_ip,1,0.01538717601482283,0.0
088859eb0563,101,3,index_mcp,1,0.07468138252549944,0.0
088859eb0563,101,4,index_pip,1,0.5739145618931966,0.0
088859eb0563,101,5,middle_mcp,1,0.14106531734990707,0.0
088859eb0563,101,6,middle_pip,1,0.24598062562215567,0.0
088859eb0563,101,7,ring_mcp,1,0.322395437906955,0.0
088859eb0563,101,8,ring_pip,1,0.21435387619002183,0.0
088859eb0563,101,9,little_mcp,1,0.451898646699926,0.0
088859eb0563,101,10,little_pip,1,0.46046984355062853,0.0
088859eb0563,102,0,thumb_cmc,1,0.10701215537085658,0.0
088859eb0563,102,1,thumb_mcp,1,0.008866095596306156,0.0
088859eb0563,102,2,thumb_ip,1,0.02028438463596751,0.0
088859eb0563,102,3,index_mcp,1,0.223191004874201,0.0
088859eb0563,102,4,index_pip,1,0.2019883155340837,0.0
088859eb0563,102,5,middle_mcp,1,0.1853829249378975,0.0
088859eb0563,102,6,middle_pip,1,0.3057117360797142,0.0
088859eb0563,102,7,ring_mcp,1,0.512710665186576,0.0
088859eb0563,102,8,ring_pip,1,0.13614330514799494,0.0
088859eb0563,102,9,little_mcp,1,0.6343012460588876,0.0
088859eb0563,102,10,little_pip,1,0.36330497390206445,0.0
088859eb0563,103,0,thumb_cmc,1,0.4309470423296868,0.0
088859eb0563,103,1,thumb_mcp,1,0.005647739024706321,0.0
088859eb0563,103,2,thumb_ip,1,0.09142667941783265,0.0
088859eb0563,103,3,index_mcp,1,0.637109798010466,0.0
088859eb0563,103,4,index_pip,1,0.582230962646124,0.0
088859eb0563,103,5,middle_mcp,1,0.2642178350787581,0.0
088859eb0563,103,6,middle_pip,1,0.46215972271752154,0.0
088859eb0563,103,7,ring_mcp,1,0.19267513611540524,0.0
088859eb0563,103,8,ring_pip,1,0.18288258180803962,0.0
088859eb0563,103,9,little_mcp,1,0.21310048172145696,0.0
088859eb0563,103,10,little_pip,1,0.3087875931423495,0.0
088859eb0563,104,0,thumb_cmc,1,0.338490411806038,0.0
088859eb0563,104,1,thumb_mcp,1,0.005318301627071564,0.0
088859eb0563,104,2,thumb_ip,1,0.33408074531921905,0.0
088859eb0563,104,3,index_mcp,1,0.22772903127363742,0.0
088859eb0563,104,4,index_pip,1,0.5681150723296122,0.0
088859eb0563,104,5,middle_mcp,1,0.1032686918550793,0.0
088859eb0563,104,6,middle_pip,1,0.5478133933525156,0.0
088859eb0563,104,7,ring_mcp,1,0.12122067665410105,0.0
088859eb0563,104,8,ring_pip,1,0.1618683970716648,0.0
088859eb0563,104,9,little_mcp,1,0.2699022355547842,0.0
088859eb0563,104,10,little_pip,1,0.42339021844181635,0.0
088859eb0563,105,0,thumb_cmc,1,0.018801175370319084,0.0
088859eb0563,105,1,thumb_mcp,1,0.07933268899640719,0.0
088859eb0563,105,2,thumb_ip,1,0.16968294490388688,0.0
088859eb0563,105,3,index_mcp,1,0.4376819343737436,0.0
088859eb0563,105,4,index_pip,1,0.5847143073848252,0.0
088859eb0563,105,5,middle_mcp,1,0.6832362272549762,0.0
088859eb0563,105,6,middle_pip,1,0.49749545622156105,0.0
088859eb0563,105,7,ring_mcp,1,0.13003348357595984,0.0
088859eb0563,105,8,ring_pip,1,0.5996083313372891,0.0
088859eb0563,105,9,little_mcp,1,0.5392159832322222,0.0
088859eb0563,105,10,little_pip,1,0.6472573044842398,0.0
088859eb0563,106,0,thumb_cmc,1,0.11730293946779453,0.0
088859eb0563,106,1,thumb_mcp,1,0.0686819657544262,0.0
088859eb0563,106,2,thumb_ip,1,0.2113272616944205,0.0
088859eb0563,106,3,index_mcp,1,0.5836518455198735,0.0
088859eb0563,106,4,index_pip,1,0.673761655672916,0.0
088859eb0563,106,5,middle_mcp,1,0.2469976455392958,0.0
088859eb0563,106,6,middle_pip,1,0.5720764780390172,0.0
088859eb0563,106,7,ring_mcp,1,0.2905221786732222,0.0
088859eb0563,106,8,ring_pip,1,0.4374702779167862,0.0
088859eb0563,106,9,little_mcp,1,0.2832321675727511,0.0
088859eb0563,106,10,little_pip,1,0.35976720889247826,0.0
088859eb0563,107,0,thumb_cmc,1,0.4642324769882095,0.0
088859eb0563,107,1,thumb_mcp,1,0.17722727573294333,0.0
088859eb0563,107,2,thumb_ip,1,0.21785896505433833,0.0
088859eb0563,107,3,index_mcp,1,0.299450433054156,0.0
088859eb0563,107,4,index_pip,1,0.405272684856306,0.0
088859eb0563,107,5,middle_mcp,1,0.48324455891746676,0.0
088859eb0563,107,6,middle_pip,1,0.5252646999170943,0.0
088859eb0563,107,7,ring_mcp,1,0.69071164675097,0.0
088859eb0563,107,8,ring_pip,1,0.4503200232616492,0.0
088859eb0563,107,9,little_mcp,1,0.8416079158537977,0.0
088859eb0563,107,10,little_pip,1,0.6494929094146268,0.0
0c54bf5d9c80,0,0,thumb_cmc,0,1.0,1.0
0c54bf5d9c80,0,1,thumb_mcp,0,1.0,1.0
0c54bf5d9c80,0,2,thumb_ip,0,1.0,1.0
0c54bf5d9c80,0,3,index_mcp,0,1.0,1.0
0c54bf5d9c80,0,4,index_pip,0,1.0,1.0
0c54bf5d9c80,0,5,middle_mcp,0,1.0,1.0
0c54bf5d9c80,0,6,middle_pip,0,1.0,1.0
0c54bf5d9c80,0,7,ring_mcp,0,1.0,1.0
0c54bf5d9c80,0,8,ring_pip,0,1.0,1.0
0c54bf5d9c80,0,9,little_mcp,0,1.0,1.0
0c54bf5d9c80,0,10,little_pip,0,1.0,1.0
0c54bf5d9c80,1,0,thumb_cmc,0,0.8410415149530128,1.0
0c54bf5d9c80,1,1,thumb_mcp,0,0.8684114268071731,1.0
0c54bf5d9c80,1,2,thumb_ip,0,0.7779036951636196,1.0
0c54bf5d9c80,1,3,index_mcp,0,0.9309589597519812,1.0
0c54bf5d9c80,1,4,index_pip,0,0.9410234409068945,1.0
0c54bf5d9c80,1,5,middle_mcp,0,0.9428621146370906,1.0
0c54bf5d9c80,1,6,middle_pip,0,0.9469451935138482,1.0
0c54bf5d9c80,1,7,ring_mcp,0,0.9661658854808778,1.0
0c54bf5d9c80,1,8,ring_pip,0,0.9608356974382875,1.0
0c54bf5d9c80,1,9,little_mcp,0,0.9150694761992524,1.0
0c54bf5d9c80,1,10,little_pip,0,0.9270654161880008,1.0
0c54bf5d9c80,2,0,thumb_cmc,0,0.5973447748770315,1.0
0c54bf5d9c80,2,1,thumb_mcp,0,0.41138929969188953,1.0
0c54bf5d9c80,2,2,thumb_ip,0,0.762231824348024,1.0
0c54bf5d9c80,2,3,index_mcp,0,0.540854894306049,1.0
0c54bf5d9c80,2,4,index_pip,0,0.6310260545126171,1.0
0c54bf5d9c80,2,5,middle_mcp,0,0.8488976929307918,1.0
0c54bf5d9c80,2,6,middle_pip,0,0.7958329384870096,1.0
0c54bf5d9c80,2,7,ring_mcp,0,0.7178196587247723,1.0
0c54bf5d9c80,2,8,ring_pip,0,0.7797950684786803,1.0
0c54bf5d9c80,2,9,little_mcp,0,0.844837062698333,1.0
0c54bf5d9c80,2,10,little_pip,0,0.7304298913443158,1.0
0c54bf5d9c80,3,0,thumb_cmc,0,0.8876588301456906,1.0
0c54bf5d9c80,3,1,thumb_mcp,0,0.7202530630738508,1.0
0c54bf5d9c80,3,2,thumb_ip,0,0.828704949149476,1.0
0c54bf5d9c80,3,3,index_mcp,0,0.8475833551416748,1.0
0c54bf5d9c80,3,4,index_pip,0,0.9091418576571847,1.0
0c54bf5d9c80,3,5,middle_mcp,0,0.9084443406093065,1.0
0c54bf5d9c80,3,6,middle_pip,0,0.9424948887743657,1.0
0c54bf5d9c80,3,7,ring_mcp,0,0.8526386875979659,1.0
0c54bf5d9c80,3,8,ring_pip,0,0.9296147099003187,1.0
0c54bf5d9c80,3,9,little_mcp,0,0.8206125931500736,1.0
0c54bf5d9c80,3,10,little_pip,0,0.8737693174887555,1.0
0c54bf5d9c80,4,0,thumb_cmc,0,0.33838378665362673,1.0
0c54bf5d9c80,4,1,thumb_mcp,0,0.2909732036590376,1.0
0c54bf5d9c80,4,2,thumb_ip,0,0.764151522313308,1.0
0c54bf5d9c80,4,3,index_mcp,0,0.6304847427806151,1.0
0c54bf5d9c80,4,4,index_pip,0,0.8249485350577539,1.0
0c54bf5d9c80,4,5,middle_mcp,0,0.8569566464095607,1.0
0c54bf5d9c80,4,6,middle_pip,0,0.8913778910685889,1.0
0c54bf5d9c80,4,7,ring_mcp,0,0.864481594278079,1.0
0c54bf5d9c80,4,8,ring_pip,0,0.8506913644143193,1.0
0c54bf5d9c80,4,9,little_mcp,0,0.9139015055511039,1.0
0c54bf5d9c80,4,10,little_pip,0,0.8295438886416874,1.0
0c54bf5d9c80,5,0,thumb_cmc,0,0.3484548751649813,1.0
0c54bf5d9c80,5,1,thumb_mcp,0,0.2752064174662973,1.0
0c54bf5d9c80,5,2,thumb_ip,0,0.7094398286214705,1.0
0c54bf5d9c80,5,3,index_mcp,0,0.5171105989253214,1.0
0c54bf5d9c80,5,4,index_pip,0,0.8622784364371182,1.0
0c54bf5d9c80,5,5,middle_mcp,0,0.7816410880770056,1.0
0c54bf5d9c80,5,6,middle_pip,0,0.6385494591468514,1.0
0c54bf5d9c80,5,7,ring_mcp,0,0.8714037837695215,1.0
0c54bf5d9c80,5,8,ring_pip,0,0.9292700978607217,1.0
0c54bf5d9c80,5,9,little_mcp,0,0.7891905184592021,1.0
0c54bf5d9c80,5,10,little_pip,0,0.8184402382703331,1.0
0c54bf5d9c80,6,0,thumb_cmc,0,0.1632193799821336,1.0
0c54bf5d9c80,6,1,thumb_mcp,0,0.450919063121156,1.0
0c54bf5d9c80,6,2,thumb_ip,0,0.48874198172271277,1.0
0c54bf5d9c80,6,3,index_mcp,0,0.6006251708014416,1.0
0c54bf5d9c80,6,4,index_pip,0,0.7188172009227394,1.0
0c54bf5d9c80,6,5,middle_mcp,0,0.7124267592347976,1.0
0c54bf5d9c80,6,6,middle_pip,0,0.5989774627035638,1.0
0c54bf5d9c80,6,7,ring_mcp,0,0.7326612913334298,1.0
0c54bf5d9c80,6,8,ring_pip,0,0.8625073554869447,1.0
0c54bf5d9c80,6,9,little_mcp,0,0.7235991051095654,1.0
0c54bf5d9c80,6,10,little_pip,0,0.7791974062892916,1.0
0c54bf5d9c80,7,0,thumb_cmc,0,0.6679163259328501,1.0
0c54bf5d9c80,7,1,thumb_mcp,0,0.7557361586335959,1.0
0c54bf5d9c80,7,2,thumb_ip,0,0.7006868938321661,1.0
0c54bf5d9c80,7,3,index_mcp,0,0.46502101526775,1.0
0c54bf5d9c80,7,4,index_pip,0,0.7237423237604095,1.0
0c54bf5d9c80,7,5,middle_mcp,0,0.5718928820694898,1.0
0c54bf5d9c80,7,6,middle_pip,0,0.6005480073734695,1.0
0c54bf5d9c80,7,7,ring_mcp,0,0.64985162468826,1.0
0c54bf5d9c80,7,8,ring_pip,0,0.77744956925283,1.0
0c54bf5d9c80,7,9,little_mcp,0,0.795787857819581,1.0
0c54bf5d9c80,7,10,little_pip,0,0.8270210946004708,1.0
0c54bf5d9c80,8,0,thumb_cmc,0,0.6989690713704235,1.0
0c54bf5d9c80,8,1,thumb_mcp,0,0.6295311626303209,1.0
0c54bf5d9c80,8,2,thumb_ip,0,0.7946368466922464,1.0
0c54bf5d9c80,8,3,index_mcp,0,0.6205432857917509,1.0
0c54bf5d9c80,8,4,index_pip,0,0.7961937445147736,1.0
0c54bf5d9c80,8,5,middle_mcp,0,0.7471394214791556,1.0
0c54bf5d9c80,8,6,middle_pip,0,0.8167700500239329,1.0
0c54bf5d9c80,8,7,ring_mcp,0,0.8641970197292363,1.0
0c54bf5d9c80,8,8,ring_pip,0,0.9246187990308998,1.0
0c54bf5d9c80,8,9,little_mcp,0,0.7934317191245592,1.0
0c54bf5d9c80,8,10,little_pip,0,0.8512471429519571,1.0
0c54bf5d9c80,9,0,thumb_cmc,0,0.7303936386083971,1.0
0c54bf5d9c80,9,1,thumb_mcp,0,0.8042719014700551,1.0
0c54bf5d9c80,9,2,thumb_ip,0,0.725319997766615,1.0
0c54bf5d9c80,9,3,index_mcp,0,0.8361925288058774,1.0
0c54bf5d9c80,9,4,index_pip,0,0.8083956585739507,1.0
0c54bf5d9c80,9,5,middle_mcp,0,0.8144758490157588,1.0
0c54bf5d9c80,9,6,middle_pip,0,0.8426532720415865,1.0
0c54bf5d9c80,9,7,ring_mcp,0,0.693575929068245,1.0
0c54bf5d9c80,9,8,ring_pip,0,0.915724573270528,1.0
0c54bf5d9c80,9,9,little_mcp,0,0.6724752818615043,1.0
0c54bf5d9c80,9,10,little_pip,0,0.8603704292142589,1.0
0c54bf5d9c80,10,0,thumb_cmc,0,0.47398044467143063,1.0
0c54bf5d9c80,10,1,thumb_mcp,0,0.6024836496447387,1.0
0c54bf5d9c80,10,2,thumb_ip,0,0.696623832092737,1.0
0c54bf5d9c80,10,3,index_mcp,0,0.6984594258370473,1.0
0c54bf5d9c80,10,4,index_pip,0,0.6412874596837804,1.0
0c54bf5d9c80,10,5,middle_mcp,0,0.48330020976790783,1.0
0c54bf5d9c80,10,6,middle_pip,0,0.7683515095956402,1.0
0c54bf5d9c80,10,7,ring_mcp,0,0.5625533672805354,1.0
0c54bf5d9c80,10,8,ring_pip,0,0.7861903145678659,1.0
0c54bf5d9c80,10,9,little_mcp,0,0.7496851705554376,1.0
0c54bf5d9c80,10,10,little_pip,0,0.9090422905232768,1.0
0c54bf5d9c80,11,0,thumb_cmc,0,0.512541933208727,1.0
0c54bf5d9c80,11,1,thumb_mcp,0,0.8542221847341752,1.0
0c54bf5d9c80,11,2,thumb_ip,0,0.5788808855148591,1.0
0c54bf5d9c80,11,3,index_mcp,0,0.8484397196109861,1.0
0c54bf5d9c80,11,4,index_pip,0,0.8994257980912187,1.0
0c54bf5d9c80,11,5,middle_mcp,0,0.8147245501273993,1.0
0c54bf5d9c80,11,6,middle_pip,0,0.7863628640226038,1.0
0c54bf5d9c80,11,7,ring_mcp,0,0.7033452964497895,1.0
0c54bf5d9c80,11,8,ring_pip,0,0.8310974579982832,1.0
0c54bf5d9c80,11,9,little_mcp,0,0.8619493360663357,1.0
0c54bf5d9c80,11,10,little_pip,0,0.925673092042328,1.0
0c54bf5d9c80,12,0,thumb_cmc,0,0.6636611533812049,1.0
0c54bf5d9c80,12,1,thumb_mcp,0,0.8204393589330298,1.0
0c54bf5d9c80,12,2,thumb_ip,0,0.5736652500013713,1.0
0c54bf5d9c80,12,3,index_mcp,0,0.8629985710523633,1.0
0c54bf5d9c80,12,4,index_pip,0,0.891659073373873,1.0
0c54bf5d9c80,12,5,middle_mcp,0,0.7548175841425012,1.0
0c54bf5d9c80,12,6,middle_pip,0,0.5179086383537314,1.0
0c54bf5d9c80,12,7,ring_mcp,0,0.8259906359730518,1.0
0c54bf5d9c80,12,8,ring_pip,0,0.7905286236649189,1.0
0c54bf5d9c80,12,9,little_mcp,0,0.7017962855269911,1.0
0c54bf5d9c80,12,10,little_pip,0,0.842370528103091,1.0
0c54bf5d9c80,13,0,thumb_cmc,0,0.5715255305258373,1.0
0c54bf5d9c80,13,1,thumb_mcp,0,0.8939220471063382,1.0
0c54bf5d9c80,13,2,thumb_ip,0,0.7626727320969423,1.0
0c54bf5d9c80,13,3,index_mcp,0,0.6560761352407157,1.0
0c54bf5d9c80,13,4,index_pip,0,0.7051747871125522,1.0
0c54bf5d9c80,13,5,middle_mcp,0,0.8460229074464353,1.0
0c54bf5d9c80,13,6,middle_pip,0,0.42228342899114313,1.0
0c54bf5d9c80,13,7,ring_mcp,0,0.9054926345035506,1.0
0c54bf5d9c80,13,8,ring_pip,0,0.7538908260586104,1.0
0c54bf5d9c80,13,9,little_mcp,0,0.8307084354742416,1.0
0c54bf5d9c80,13,10,little_pip,0,0.8995983386352006,1.0
0c54bf5d9c80,14,0,thumb_cmc,0,0.7503964932944099,1.0
0c54bf5d9c80,14,1,thumb_mcp,0,0.7680723691340426,1.0
0c54bf5d9c80,14,2,thumb_ip,0,0.638076597326615,1.0
0c54bf5d9c80,14,3,index_mcp,0,0.8280280173738486,1.0
0c54bf5d9c80,14,4,index_pip,0,0.9075089595436253,1.0
0c54bf5d9c80,14,5,middle_mcp,0,0.8199761036039148,1.0
0c54bf5d9c80,14,6,middle_pip,0,0.6753247531930857,1.0
0c54bf5d9c80,14,7,ring_mcp,0,0.9328088187408374,1.0
0c54bf5d9c80,14,8,ring_pip,0,0.834201497644229,1.0
0c54bf5d9c80,14,9,little_mcp,0,0.8329635134369675,1.0
0c54bf5d9c80,14,10,little_pip,0,0.8652717989060049,1.0
0c54bf5d9c80,15,0,thumb_cmc,0,0.5116735505954988,1.0
0c54bf5d9c80,15,1,thumb_mcp,0,0.7626088352554494,1.0
0c54bf5d9c80,15,2,thumb_ip,0,0.46425086162865675,1.0
0c54bf5d9c80,15,3,index_mcp,0,0.4927551275743834,1.0
0c54bf5d9c80,15,4,index_pip,0,0.20003752988603682,1.0
0c54bf5d9c80,15,5,middle_mcp,0,0.6075097482262933,1.0
0c54bf5d9c80,15,6,middle_pip,0,0.13371382289241646,1.0
0c54bf5d9c80,15,7,ring_mcp,0,0.6463262201276192,1.0
0c54bf5d9c80,15,8,ring_pip,0,0.3602037587673355,1.0
0c54bf5d9c80,15,9,little_mcp,0,0.8054113156238646,1.0
0c54bf5d9c80,15,10,little_pip,0,0.6171271748492462,1.0
0c54bf5d9c80,16,0,thumb_cmc,0,0.6803759173149455,1.0
0c54bf5d9c80,16,1,thumb_mcp,0,0.7522027514170497,1.0
0c54bf5d9c80,16,2,thumb_ip,0,0.19862549351599337,1.0
0c54bf5d9c80,16,3,index_mcp,0,0.7022525123153841,1.0
0c54bf5d9c80,16,4,index_pip,0,0.2540120232783204,1.0
0c54bf5d9c80,16,5,middle_mcp,0,0.4566370396715353,1.0
0c54bf5d9c80,16,6,middle_pip,0,0.13644505163718412,1.0
0c54bf5d9c80,16,7,ring_mcp,0,0.4564607628504456,1.0
0c54bf5d9c80,16,8,ring_pip,0,0.45258740275772646,1.0
0c54bf5d9c80,16,9,little_mcp,0,0.7231299519540828,1.0
0c54bf5d9c80,16,10,little_pip,0,0.4702082642511142,1.0
0c54bf5d9c80,17,0,thumb_cmc,1,5.663695909895311e-07,0.0
0c54bf5d9c80,17,1,thumb_mcp,1,0.0025420639232773463,0.0
0c54bf5d9c80,17,2,thumb_ip,0,0.45779478966338005,1.0
0c54bf5d9c80,17,3,index_mcp,0,0.5080104861290867,1.0
0c54bf5d9c80,17,4,index_pip,0,0.28027027773086627,1.0
0c54bf5d9c80,17,5,middle_mcp,0,0.5128064275332997,1.0
0c54bf5d9c80,17,6,middle_pip,0,0.25178251398205326,1.0
0c54bf5d9c80,17,7,ring_mcp,0,0.36975896636431355,1.0
0c54bf5d9c80,17,8,ring_pip,0,0.7400075916362392,1.0
0c54bf5d9c80,17,9,little_mcp,0,0.5077329161212392,1.0
0c54bf5d9c80,17,10,little_pip,0,0.7090471530898266,1.0
0c54bf5d9c80,18,0,thumb_cmc,1,3.2813547543221516e-06,0.0
0c54bf5d9c80,18,1,thumb_mcp,1,0.014431470249563098,0.0
0c54bf5d9c80,18,2,thumb_ip,0,0.7612320234237223,1.0
0c54bf5d9c80,18,3,index_mcp,0,0.9327399614820666,1.0
0c54bf5d9c80,18,4,index_pip,0,0.6459640271955461,1.0
0c54bf5d9c80,18,5,middle_mcp,0,0.797765450039312,1.0
0c54bf5d9c80,18,6,middle_pip,0,0.4300022955801341,1.0
0c54bf5d9c80,18,7,ring_mcp,0,0.8499509903721097,1.0
0c54bf5d9c80,18,8,ring_pip,0,0.7388816775915985,1.0
0c54bf5d9c80,18,9,little_mcp,0,0.7779657972328989,1.0
0c54bf5d9c80,18,10,little_pip,0,0.7892365275415255,1.0
0c54bf5d9c80,19,0,thumb_cmc,1,2.8833625517441934e-06,0.0
0c54bf5d9c80,19,1,thumb_mcp,1,0.008804267849044096,0.0
0c54bf5d9c80,19,2,thumb_ip,0,0.8175247732772671,1.0
0c54bf5d9c80,19,3,index_mcp,0,0.42326974800137857,1.0
0c54bf5d9c80,19,4,index_pip,0,0.48092721818324247,1.0
0c54bf5d9c80,19,5,middle_mcp,0,0.46127491794330394,1.0
0c54bf5d9c80,19,6,middle_pip,0,0.5765678264152466,1.0
0c54bf5d9c80,19,7,ring_mcp,0,0.6915668579721062,1.0
0c54bf5d9c80,19,8,ring_pip,0,0.5746279457393055,1.0
0c54bf5d9c80,19,9,little_mcp,0,0.7655913557531402,1.0
0c54bf5d9c80,19,10,little_pip,0,0.8257042597230906,1.0
0c54bf5d9c80,20,0,thumb_cmc,0,0.03475447053858584,1.0
0c54bf5d9c80,20,1,thumb_mcp,0,0.08267628549810054,1.0
0c54bf5d9c80,20,2,thumb_ip,0,0.6704992966859569,1.0
0c54bf5d9c80,20,3,index_mcp,0,0.40373085293557776,1.0
0c54bf5d9c80,20,4,index_pip,0,0.1966328024529591,1.0
0c54bf5d9c80,20,5,middle_mcp,0,0.2883586573520616,1.0
0c54bf5d9c80,20,6,middle_pip,0,0.4429928755936999,1.0
0c54bf5d9c80,20,7,ring_mcp,0,0.3181790107383934,1.0
0c54bf5d9c80,20,8,ring_pip,0,0.7435429562684961,1.0
0c54bf5d9c80,20,9,little_mcp,0,0.7369099553330563,1.0
0c54bf5d9c80,20,10,little_pip,0,0.8086028415383246,1.0
0c54bf5d9c80,21,0,thumb_cmc,0,0.16282318723031283,1.0
0c54bf5d9c80,21,1,thumb_mcp,0,0.40193241731284723,1.0
0c54bf5d9c80,21,2,thumb_ip,0,0.8205428030173642,1.0
0c54bf5d9c80,21,3,index_mcp,0,0.607053730422821,1.0
0c54bf5d9c80,21,4,index_pip,0,0.5061726251909197,1.0
0c54bf5d9c80,21,5,middle_mcp,0,0.5112646133015853,1.0
0c54bf5d9c80,21,6,middle_pip,0,0.7268704268744366,1.0
0c54bf5d9c80,21,7,ring_mcp,0,0.5917900951698303,1.0
0c54bf5d9c80,21,8,ring_pip,0,0.6206407685327006,1.0
0c54bf5d9c80,21,9,little_mcp,0,0.7074549653136751,1.0
0c54bf5d9c80,21,10,little_pip,0,0.7560019252892138,1.0
0c54bf5d9c80,22,0,thumb_cmc,0,0.09151966979600783,1.0
0c54bf5d9c80,22,1,thumb_mcp,0,0.3152589115896701,1.0
0c54bf5d9c80,22,2,thumb_ip,0,0.2976173132607413,1.0
0c54bf5d9c80,22,3,index_mcp,0,0.44732685501335606,1.0
0c54bf5d9c80,22,4,index_pip,0,0.5907685482914193,1.0
0c54bf5d9c80,22,5,middle_mcp,0,0.2773259652988661,1.0
0c54bf5d9c80,22,6,middle_pip,0,0.58062614660878,1.0
0c54bf5d9c80,22,7,ring_mcp,0,0.5606546834397559,1.0
0c54bf5d9c80,22,8,ring_pip,0,0.46984984440613764,1.0
0c54bf5d9c80,22,9,little_mcp,0,0.4691361917306122,1.0
0c54bf5d9c80,22,10,little_pip,0,0.49443265452103025,1.0
0c54bf5d9c80,23,0,thumb_cmc,0,0.08694195742304496,1.0
0c54bf5d9c80,23,1,thumb_mcp,0,0.537932297015054,1.0
0c54bf5d9c80,23,2,thumb_ip,0,0.3342700169925028,1.0
0c54bf5d9c80,23,3,index_mcp,0,0.5865871914070949,1.0
0c54bf5d9c80,23,4,index_pip,0,0.2986796685737951,1.0
0c54bf5d9c80,23,5,middle_mcp,0,0.25043704169888736,1.0
0c54bf5d9c80,23,6,middle_pip,0,0.6380896320483002,1.0
0c54bf5d9c80,23,7,ring_mcp,0,0.5547945385569141,1.0
0c54bf5d9c80,23,8,ring_pip,0,0.5541350169708116,1.0
0c54bf5d9c80,23,9,little_mcp,0,0.746749102458048,1.0
0c54bf5d9c80,23,10,little_pip,0,0.7374106902063832,1.0
0c54bf5d9c80,24,0,thumb_cmc,0,0.13451957909609324,1.0
0c54bf5d9c80,24,1,thumb_mcp,0,0.6849838958084682,1.0
0c54bf5d9c80,24,2,thumb_ip,0,0.5627035830443208,1.0
0c54bf5d9c80,24,3,index_mcp,0,0.6780869068490599,1.0
0c54bf5d9c80,24,4,index_pip,0,0.5117566442593199,1.0
0c54bf5d9c80,24,5,middle_mcp,0,0.26863454759566546,1.0
0c54bf5d9c80,24,6,middle_pip,0,0.5852169340720262,1.0
0c54bf5d9c80,24,7,ring_mcp,0,0.6035336465878297,1.0
0c54bf5d9c80,24,8,ring_pip,0,0.7049007739319598,1.0
0c54bf5d9c80,24,9,little_mcp,0,0.6609508552967834,1.0
0c54bf5d9c80,24,10,little_pip,0,0.7818871089696976,1.0
0c54bf5d9c80,25,0,thumb_cmc,0,0.1439291041454226,1.0
0c54bf5d9c80,25,1,thumb_mcp,0,0.7604565206873294,1.0
0c54bf5d9c80,25,2,thumb_ip,0,0.25046739747588254,1.0
0c54bf5d9c80,25,3,index_mcp,0,0.6253245272447261,1.0
0c54bf5d9c80,25,4,index_pip,0,0.6184247554061066,1.0
0c54bf5d9c80,25,5,middle_mcp,0,0.4952514195788698,1.0
0c54bf5d9c80,25,6,middle_pip,0,0.5890058875791095,1.0
0c54bf5d9c80,25,7,ring_mcp,0,0.616312876259175,1.0
0c54bf5d9c80,25,8,ring_pip,0,0.7242876329482061,1.0
0c54bf5d9c80,25,9,little_mcp,0,0.8101567145781109,1.0
0c54bf5d9c80,25,10,little_pip,0,0.8491458666481931,1.0
0c54bf5d9c80,26,0,thumb_cmc,0,0.4716042189275279,1.0
0c54bf5d9c80,26,1,thumb_mcp,0,0.5422610508778738,1.0
0c54bf5d9c80,26,2,thumb_ip,0,0.19398875855068443,1.0
0c54bf5d9c80,26,3,index_mcp,0,0.5366118171052615,1.0
0c54bf5d9c80,26,4,index_pip,0,0.4435874761042087,1.0
0c54bf5d9c80,26,5,middle_mcp,0,0.47391615038368334,1.0
0c54bf5d9c80,26,6,middle_pip,0,0.1778362810664063,1.0
0c54bf5d9c80,26,7,ring_mcp,0,0.6119489932688397,1.0
0c54bf5d9c80,26,8,ring_pip,0,0.6609661010642145,1.0
0c54bf5d9c80,26,9,little_mcp,0,0.7497597358567498,1.0
0c54bf5d9c80,26,10,little_pip,0,0.8197954389753458,1.0
0c54bf5d9c80,27,0,thumb_cmc,0,0.5458567123590338,1.0
0c54bf5d9c80,27,1,thumb_mcp,0,0.6478999999803239,1.0
0c54bf5d9c80,27,2,thumb_ip,0,0.3542734891453165,1.0
0c54bf5d9c80,27,3,index_mcp,0,0.5389093298294573,1.0
0c54bf5d9c80,27,4,index_pip,0,0.4206280240596348,1.0
0c54bf5d9c80,27,5,middle_mcp,0,0.5126334071168079,1.0
0c54bf5d9c80,27,6,middle_pip,0,0.21170797856398607,1.0
0c54bf5d9c80,27,7,ring_mcp,0,0.7372221398308011,1.0
0c54bf5d9c80,27,8,ring_pip,0,0.6984109418103368,1.0
0c54bf5d9c80,27,9,little_mcp,0,0.8456156035878168,1.0
0c54bf5d9c80,27,10,little_pip,0,0.9047754471451706,1.0
0c54bf5d9c80,28,0,thumb_cmc,0,0.38964121708595506,1.0
0c54bf5d9c80,28,1,thumb_mcp,0,0.329160168762123,1.0
0c54bf5d9c80,28,2,thumb_ip,0,0.3589870145880828,1.0
0c54bf5d9c80,28,3,index_mcp,0,0.7845186317801953,1.0
0c54bf5d9c80,28,4,index_pip,0,0.6109194895116797,1.0
0c54bf5d9c80,28,5,middle_mcp,0,0.6777037955404474,1.0
0c54bf5d9c80,28,6,middle_pip,0,0.3460533629500786,1.0
0c54bf5d9c80,28,7,ring_mcp,0,0.776708620408571,1.0
0c54bf5d9c80,28,8,ring_pip,0,0.6966665934677513,1.0
0c54bf5d9c80,28,9,little_mcp,0,0.7750746957771756,1.0
0c54bf5d9c80,28,10,little_pip,0,0.970035519939064,1.0
0c54bf5d9c80,29,0,thumb_cmc,0,0.433963030242533,1.0
0c54bf5d9c80,29,1,thumb_mcp,0,0.37093840180537335,1.0
0c54bf5d9c80,29,2,thumb_ip,0,0.502292617542093,1.0
0c54bf5d9c80,29,3,index_mcp,0,0.6403513222511565,1.0
0c54bf5d9c80,29,4,index_pip,0,0.5382289559420601,1.0
0c54bf5d9c80,29,5,middle_mcp,0,0.43093381324245655,1.0
0c54bf5d9c80,29,6,middle_pip,0,0.13552822727834002,1.0
0c54bf5d9c80,29,7,ring_mcp,0,0.6662897873912142,1.0
0c54bf5d9c80,29,8,ring_pip,0,0.6233664612692638,1.0
0c54bf5d9c80,29,9,little_mcp,0,0.6010750633145484,1.0
0c54bf5d9c80,29,10,little_pip,0,0.8533873129842391,1.0
0c54bf5d9c80,30,0,thumb_cmc,0,0.7096520124335112,1.0
0c54bf5d9c80,30,1,thumb_mcp,0,0.7802165503603258,1.0
0c54bf5d9c80,30,2,thumb_ip,0,0.32711557243153455,1.0
0c54bf5d9c80,30,3,index_mcp,0,0.8163629744224482,1.0
0c54bf5d9c80,30,4,index_pip,0,0.5679224615073433,1.0
0c54bf5d9c80,30,5,middle_mcp,0,0.576450502802189,1.0
0c54bf5d9c80,30,6,middle_pip,0,0.15535687198599904,1.0
0c54bf5d9c80,30,7,ring_mcp,0,0.8614681418965112,1.0
0c54bf5d9c80,30,8,ring_pip,0,0.8695768172969479,1.0
0c54bf5d9c80,30,9,little_mcp,0,0.8138673608489246,1.0
0c54bf5d9c80,30,10,little_pip,0,0.8631843585656764,1.0
0c54bf5d9c80,31,0,thumb_cmc,0,0.925589531756975,1.0
0c54bf5d9c80,31,1,thumb_mcp,0,0.7923240939779582,1.0
0c54bf5d9c80,31,2,thumb_ip,0,0.41640226141857817,1.0
0c54bf5d9c80,31,3,index_mcp,0,0.8891119542481993,1.0
0c54bf5d9c80,31,4,index_pip,0,0.7906564495605128,1.0
0c54bf5d9c80,31,5,middle_mcp,0,0.8066834624974816,1.0
0c54bf5d9c80,31,6,middle_pip,0,0.2805119564880263,1.0
0c54bf5d9c80,31,7,ring_mcp,0,0.7833027946942229,1.0
0c54bf5d9c80,31,8,ring_pip,0,0.8687669144311355,1.0
0c54bf5d9c80,31,9,little_mcp,0,0.8099028058044547,1.0
0c54bf5d9c80,31,10,little_pip,0,0.9008732304204351,1.0
0c54bf5d9c80,32,0,thumb_cmc,0,0.6599716332667246,1.0
0c54bf5d9c80,32,1,thumb_mcp,0,0.5378963303752742,1.0
0c54bf5d9c80,32,2,thumb_ip,0,0.24113673739237174,1.0
0c54bf5d9c80,32,3,index_mcp,0,0.6052605086075226,1.0
0c54bf5d9c80,32,4,index_pip,0,0.048755662826111316,1.0
0c54bf5d9c80,32,5,middle_mcp,0,0.8927812027365039,1.0
0c54bf5d9c80,32,6,middle_pip,0,0.4474386815707957,1.0
0c54bf5d9c80,32,7,ring_mcp,0,0.9093338937360914,1.0
0c54bf5d9c80,32,8,ring_pip,0,0.8228544624828801,1.0
0c54bf5d9c80,32,9,little_mcp,0,0.8359171708931591,1.0
0c54bf5d9c80,32,10,little_pip,0,0.8575146203964541,1.0
0c54bf5d9c80,33,0,thumb_cmc,0,0.8089464739187113,1.0
0c54bf5d9c80,33,1,thumb_mcp,0,0.7497566627958634,1.0
0c54bf5d9c80,33,2,thumb_ip,0,0.584056364335605,1.0
0c54bf5d9c80,33,3,index_mcp,0,0.5710015788890017,1.0
0c54bf5d9c80,33,4,index_pip,0,0.1955915474184802,1.0
0c54bf5d9c80,33,5,middle_mcp,0,0.6264551416776604,1.0
0c54bf5d9c80,33,6,middle_pip,0,0.6566057974316221,1.0
0c54bf5d9c80,33,7,ring_mcp,0,0.7048265481392958,1.0
0c54bf5d9c80,33,8,ring_pip,0,0.8960542450493254,1.0
0c54bf5d9c80,33,9,little_mcp,0,0.7422714809970073,1.0
0c54bf5d9c80,33,10,little_pip,0,0.8185814155941225,1.0
0c54bf5d9c80,34,0,thumb_cmc,0,0.8848250851030259,1.0
0c54bf5d9c80,34,1,thumb_mcp,0,0.7424449392621245,1.0
0c54bf5d9c80,34,2,thumb_ip,0,0.43245286714453285,1.0
0c54bf5d9c80,34,3,index_mcp,0,0.6385067187180918,1.0
0c54bf5d9c80,34,4,index_pip,0,0.5817045220475855,1.0
0c54bf5d9c80,34,5,middle_mcp,0,0.730301653517951,1.0
0c54bf5d9c80,34,6,middle_pip,0,0.7598817984894616,1.0
0c54bf5d9c80,34,7,ring_mcp,0,0.7861615305294359,1.0
0c54bf5d9c80,34,8,ring_pip,0,0.8385550046248809,1.0
0c54bf5d9c80,34,9,little_mcp,0,0.8962010695680186,1.0
0c54bf5d9c80,34,10,little_pip,0,0.9213020093879495,1.0
0c54bf5d9c80,35,0,thumb_cmc,0,0.8814345512722918,1.0
0c54bf5d9c80,35,1,thumb_mcp,0,0.8637051002839274,1.0
0c54bf5d9c80,35,2,thumb_ip,0,0.2624455828415079,1.0
0c54bf5d9c80,35,3,index_mcp,0,0.7052116379503892,1.0
0c54bf5d9c80,35,4,index_pip,0,0.7468838706366668,1.0
0c54bf5d9c80,35,5,middle_mcp,0,0.7099473556418374,1.0
0c54bf5d9c80,35,6,middle_pip,0,0.669141872795018,1.0
0c54bf5d9c80,35,7,ring_mcp,0,0.7774989107619171,1.0
0c54bf5d9c80,35,8,ring_pip,0,0.9061924660769143,1.0
0c54bf5d9c80,35,9,little_mcp,0,0.814268461162012,1.0
0c54bf5d9c80,35,10,little_pip,0,0.8301277881946101,1.0
224a51a1dd12,0,0,thumb_cmc,0,1.0,1.0
224a51a1dd12,0,1,thumb_mcp,0,1.0,1.0
224a51a1dd12,0,2,thumb_ip,0,1.0,1.0
224a51a1dd12,0,3,index_mcp,0,1.0,1.0
224a51a1dd12,0,4,index_pip,0,1.0,1.0
224a51a1dd12,0,5,middle_mcp,0,1.0,1.0
224a51a1dd12,0,6,middle_pip,0,1.0,1.0
224a51a1dd12,0,7,ring_mcp,0,1.0,1.0
224a51a1dd12,0,8,ring_pip,0,1.0,1.0
224a51a1dd12,0,9,little_mcp,0,1.0,1.0
224a51a1dd12,0,10,little_pip,0,1.0,1.0
224a51a1dd12,1,0,thumb_cmc,0,0.8981840406786027,1.0
224a51a1dd12,1,1,thumb_mcp,0,0.638790238698744,1.0
224a51a1dd12,1,2,thumb_ip,0,0.8197840205274843,1.0
224a51a1dd12,1,3,index_mcp,0,0.9055093583002604,1.0
224a51a1dd12,1,4,index_pip,0,0.9507114066966655,1.0
224a51a1dd12,1,5,middle_mcp,0,0.872806297532661,1.0
224a51a1dd12,1,6,middle_pip,0,0.9608723424760751,1.0
224a51a1dd12,1,7,ring_mcp,0,0.882235103878054,1.0
224a51a1dd12,1,8,ring_pip,0,0.9021545032489953,1.0
224a51a1dd12,1,9,little_mcp,0,0.832400964303025,1.0
224a51a1dd12,1,10,little_pip,0,0.848891889133997,1.0
224a51a1dd12,2,0,thumb_cmc,0,0.3696534532634187,1.0
224a51a1dd12,2,1,thumb_mcp,0,0.5672025878812845,1.0
224a51a1dd12,2,2,thumb_ip,0,0.5858272681331465,1.0
224a51a1dd12,2,3,index_mcp,0,0.6167554490721525,1.0
224a51a1dd12,2,4,index_pip,0,0.6467274429574752,1.0
224a51a1dd12,2,5,middle_mcp,0,0.8670970075380282,1.0
224a51a1dd12,2,6,middle_pip,0,0.7199926385017744,1.0
224a51a1dd12,2,7,ring_mcp,0,0.8007321127972434,1.0
224a51a1dd12,2,8,ring_pip,0,0.7617505921179761,1.0
224a51a1dd12,2,9,little_mcp,0,0.601632374313315,1.0
224a51a1dd12,2,10,little_pip,0,0.6615621880129071,1.0
224a51a1dd12,3,0,thumb_cmc,0,0.26999485313880117,1.0
224a51a1dd12,3,1,thumb_mcp,0,0.45995380384995593,1.0
224a51a1dd12,3,2,thumb_ip,0,0.6030184023849865,1.0
224a51a1dd12,3,3,index_mcp,1,0.9136704784320482,0.0
224a51a1dd12,3,4,index_pip,1,0.9147968735861334,0.0
224a51a1dd12,3,5,middle_mcp,0,0.6347560013411542,1.0
224a51a1dd12,3,6,middle_pip,0,0.667350687835074,1.0
224a51a1dd12,3,7,ring_mcp,0,0.6200022576575924,1.0
224a51a1dd12,3,8,ring_pip,0,0.623022354982443,1.0
224a51a1dd12,3,9,little_mcp,0,0.36074925339100633,1.0
224a51a1dd12,3,10,little_pip,0,0.6464948036811972,1.0
224a51a1dd12,4,0,thumb_cmc,0,0.19484415925489357,1.0
224a51a1dd12,4,1,thumb_mcp,0,0.26441297518566936,1.0
224a51a1dd12,4,2,thumb_ip,0,0.843751103745941,1.0
224a51a1dd12,4,3,index_mcp,1,0.9561295019870866,0.0
224a51a1dd12,4,4,index_pip,1,0.9559284887738216,0.0
224a51a1dd12,4,5,middle_mcp,0,0.5193174734069945,1.0
224a51a1dd12,4,6,middle_pip,0,0.9195859503245166,1.0
224a51a1dd12,4,7,ring_mcp,0,0.4446350275115008,1.0
224a51a1dd12,4,8,ring_pip,0,0.7345336909424703,1.0
224a51a1dd12,4,9,little_mcp,0,0.39756969464197894,1.0
224a51a1dd12,4,10,little_pip,0,0.8171475280248724,1.0
224a51a1dd12,5,0,thumb_cmc,0,0.4613026425722104,1.0
224a51a1dd12,5,1,thumb_mcp,0,0.2431006988183954,1.0
224a51a1dd12,5,2,thumb_ip,0,0.7407677010784254,1.0
224a51a1dd12,5,3,index_mcp,1,0.9972520717252384,0.0
224a51a1dd12,5,4,index_pip,1,0.9961146919192839,0.0
224a51a1dd12,5,5,middle_mcp,0,0.4581203890805964,1.0
224a51a1dd12,5,6,middle_pip,0,0.8537419422528102,1.0
224a51a1dd12,5,7,ring_mcp,0,0.4740626716796946,1.0
224a51a1dd12,5,8,ring_pip,0,0.41250007209058576,1.0
224a51a1dd12,5,9,little_mcp,0,0.6593135946716068,1.0
224a51a1dd12,5,10,little_pip,0,0.7586743751907626,1.0
224a51a1dd12,6,0,thumb_cmc,0,0.6961017375269568,1.0
224a51a1dd12,6,1,thumb_mcp,0,0.6033218801689606,1.0
224a51a1dd12,6,2,thumb_ip,0,0.7906816499228028,1.0
224a51a1dd12,6,3,index_mcp,1,0.99826547290582,0.0
224a51a1dd12,6,4,index_pip,1,0.9982069979506946,0.0
224a51a1dd12,6,5,middle_mcp,0,0.6874144141664157,1.0
224a51a1dd12,6,6,middle_pip,0,0.931721304631279,1.0
224a51a1dd12,6,7,ring_mcp,0,0.8785808984635426,1.0
224a51a1dd12,6,8,ring_pip,0,0.7746183345354459,1.0
224a51a1dd12,6,9,little_mcp,0,0.729422788547951,1.0
224a51a1dd12,6,10,little_pip,0,0.7112787037840431,1.0
224a51a1dd12,7,0,thumb_cmc,0,0.8144697045992432,1.0
224a51a1dd12,7,1,thumb_mcp,0,0.6816337090311069,1.0
224a51a1dd12,7,2,thumb_ip,0,0.9185189767556535,1.0
224a51a1dd12,7,3,index_mcp,1,0.9999891451706169,0.0
224a51a1dd12,7,4,index_pip,1,0.9999846352131581,0.0
224a51a1dd12,7,5,middle_mcp,0,0.6532453747247757,1.0
224a51a1dd12,7,6,middle_pip,0,0.8127664526343347,1.0
224a51a1dd12,7,7,ring_mcp,0,0.92021982843281,1.0
224a51a1dd12,7,8,ring_pip,0,0.8172136563793218,1.0
224a51a1dd12,7,9,little_mcp,0,0.727439859213066,1.0
224a51a1dd12,7,10,little_pip,0,0.415237548921104,1.0
224a51a1dd12,8,0,thumb_cmc,0,0.6580896769966279,1.0
224a51a1dd12,8,1,thumb_mcp,0,0.7835027833026582,1.0
224a51a1dd12,8,2,thumb_ip,0,0.9611525853255805,1.0
224a51a1dd12,8,3,index_mcp,0,0.5627415055018995,1.0
224a51a1dd12,8,4,index_pip,0,0.2702529635488916,1.0
224a51a1dd12,8,5,middle_mcp,0,0.6505269510578324,1.0
224a51a1dd12,8,6,middle_pip,0,0.8082779311254864,1.0
224a51a1dd12,8,7,ring_mcp,0,0.906918807744465,1.0
224a51a1dd12,8,8,ring_pip,0,0.8952158228533712,1.0
224a51a1dd12,8,9,little_mcp,0,0.850388503506096,1.0
224a51a1dd12,8,10,little_pip,0,0.6312526535053608,1.0
224a51a1dd12,9,0,thumb_cmc,0,0.4058457298645314,1.0
224a51a1dd12,9,1,thumb_mcp,0,0.5591873204779151,1.0
224a51a1dd12,9,2,thumb_ip,0,0.7214730123012213,1.0
224a51a1dd12,9,3,index_mcp,0,0.5281986974205523,1.0
224a51a1dd12,9,4,index_pip,0,0.590948242991859,1.0
224a51a1dd12,9,5,middle_mcp,0,0.49385946399722574,1.0
224a51a1dd12,9,6,middle_pip,0,0.8195480895518426,1.0
224a51a1dd12,9,7,ring_mcp,0,0.45099838349876664,1.0
224a51a1dd12,9,8,ring_pip,0,0.5746867365879892,1.0
224a51a1dd12,9,9,little_mcp,0,0.640670512683061,1.0
224a51a1dd12,9,10,little_pip,0,0.4647725135498191,1.0
224a51a1dd12,10,0,thumb_cmc,0,0.38827316129419376,1.0
224a51a1dd12,10,1,thumb_mcp,0,0.38830290350371494,1.0
224a51a1dd12,10,2,thumb_ip,0,0.27381130114620716,1.0
224a51a1dd12,10,3,index_mcp,0,0.7667663182823883,1.0
224a51a1dd12,10,4,index_pip,0,0.8006878259184353,1.0
224a51a1dd12,10,5,middle_mcp,0,0.4388828882483049,1.0
224a51a1dd12,10,6,middle_pip,0,0.018880412972555775,1.0
224a51a1dd12,10,7,ring_mcp,0,0.20513147894516753,1.0
224a51a1dd12,10,8,ring_pip,0,0.6251041138280884,1.0
224a51a1dd12,10,9,little_mcp,0,0.22123271595101557,1.0
224a51a1dd12,10,10,little_pip,0,0.1308720982394495,1.0
224a51a1dd12,11,0,thumb_cmc,0,0.45664045210614806,1.0
224a51a1dd12,11,1,thumb_mcp,0,0.16830471314875645,1.0
224a51a1dd12,11,2,thumb_ip,0,0.43689224232553475,1.0
224a51a1dd12,11,3,index_mcp,0,0.4992753153319248,1.0
224a51a1dd12,11,4,index_pip,0,0.6476861194633389,1.0
224a51a1dd12,11,5,middle_mcp,0,0.45292657967477706,1.0
224a51a1dd12,11,6,middle_pip,0,0.15010184561938247,1.0
224a51a1dd12,11,7,ring_mcp,0,0.48362110784662277,1.0
224a51a1dd12,11,8,ring_pip,0,0.8482303597691935,1.0
224a51a1dd12,11,9,little_mcp,0,0.2805271855157025,1.0
224a51a1dd12,11,10,little_pip,0,0.4504421254055623,1.0
224a51a1dd12,12,0,thumb_cmc,0,0.4447878520065381,1.0
224a51a1dd12,12,1,thumb_mcp,0,0.09660479144083621,1.0
224a51a1dd12,12,2,thumb_ip,0,0.4935108755942632,1.0
224a51a1dd12,12,3,index_mcp,0,0.5493401281673895,1.0
224a51a1dd12,12,4,index_pip,0,0.6996435507412049,1.0
224a51a1dd12,12,5,middle_mcp,0,0.36035579823189723,1.0
224a51a1dd12,12,6,middle_pip,0,0.26575263659868603,1.0
224a51a1dd12,12,7,ring_mcp,0,0.8177370749373142,1.0
224a51a1dd12,12,8,ring_pip,0,0.8123171750339546,1.0
224a51a1dd12,12,9,little_mcp,0,0.7542015149290484,1.0
224a51a1dd12,12,10,little_pip,0,0.7961954562525084,1.0
224a51a1dd12,13,0,thumb_cmc,0,0.7395846352458546,1.0
224a51a1dd12,13,1,thumb_mcp,0,0.16986683712726008,1.0
224a51a1dd12,13,2,thumb_ip,0,0.5309455965835093,1.0
224a51a1dd12,13,3,index_mcp,0,0.7331410900580251,1.0
224a51a1dd12,13,4,index_pip,0,0.8707708461021963,1.0
224a51a1dd12,13,5,middle_mcp,0,0.794796251977654,1.0
224a51a1dd12,13,6,middle_pip,0,0.7666276338370164,1.0
224a51a1dd12,13,7,ring_mcp,0,0.8933097228466682,1.0
224a51a1dd12,13,8,ring_pip,0,0.9176936532835984,1.0
224a51a1dd12,13,9,little_mcp,0,0.6910107347869707,1.0
224a51a1dd12,13,10,little_pip,0,0.8675243898115308,1.0
224a51a1dd12,14,0,thumb_cmc,0,0.759136222748039,1.0
224a51a1dd12,14,1,thumb_mcp,0,0.27732306683131164,1.0
224a51a1dd12,14,2,thumb_ip,0,0.6615525506853596,1.0
224a51a1dd12,14,3,index_mcp,0,0.4706463763676311,1.0
224a51a1dd12,14,4,index_pip,0,0.07578050126634267,1.0
224a51a1dd12,14,5,middle_mcp,0,0.36733169344007116,1.0
224a51a1dd12,14,6,middle_pip,0,0.38290616296161434,1.0
224a51a1dd12,14,7,ring_mcp,0,0.5653570892257364,1.0
224a51a1dd12,14,8,ring_pip,0,0.8473946699290115,1.0
224a51a1dd12,14,9,little_mcp,0,0.5723079092078609,1.0
224a51a1dd12,14,10,little_pip,0,0.797596007220024,1.0
224a51a1dd12,15,0,thumb_cmc,0,0.688329937118698,1.0
224a51a1dd12,15,1,thumb_mcp,0,0.5148913153959443,1.0
224a51a1dd12,15,2,thumb_ip,0,0.6700890723240434,1.0
224a51a1dd12,15,3,index_mcp,0,0.4824362403907631,1.0
224a51a1dd12,15,4,index_pip,0,0.17609068430320657,1.0
224a51a1dd12,15,5,middle_mcp,0,0.1525017679429603,1.0
224a51a1dd12,15,6,middle_pip,0,0.24748473806270388,1.0
224a51a1dd12,15,7,ring_mcp,0,0.8377424100693551,1.0
224a51a1dd12,15,8,ring_pip,0,0.9052678248774259,1.0
224a51a1dd12,15,9,little_mcp,0,0.7211593492862232,1.0
224a51a1dd12,15,10,little_pip,0,0.8496090067436106,1.0
224a51a1dd12,16,0,thumb_cmc,0,0.5321473515274251,1.0
224a51a1dd12,16,1,thumb_mcp,0,0.5220685976855783,1.0
224a51a1dd12,16,2,thumb_ip,0,0.7968971081152688,1.0
224a51a1dd12,16,3,index_mcp,0,0.43191328090408787,1.0
224a51a1dd12,16,4,index_pip,0,0.3988388488491547,1.0
224a51a1dd12,16,5,middle_mcp,0,0.2580776680890568,1.0
224a51a1dd12,16,6,middle_pip,0,0.6063570631750348,1.0
224a51a1dd12,16,7,ring_mcp,0,0.8327507828648174,1.0
224a51a1dd12,16,8,ring_pip,0,0.8584553148571114,1.0
224a51a1dd12,16,9,little_mcp,0,0.6549589917057523,1.0
224a51a1dd12,16,10,little_pip,0,0.8676212880746862,1.0
224a51a1dd12,17,0,thumb_cmc,0,0.8293919634776253,1.0
224a51a1dd12,17,1,thumb_mcp,0,0.5111367979278024,1.0
224a51a1dd12,17,2,thumb_ip,0,0.9114581418234039,1.0
224a51a1dd12,17,3,index_mcp,0,0.7441157481573281,1.0
224a51a1dd12,17,4,index_pip,0,0.7860501399044285,1.0
224a51a1dd12,17,5,middle_mcp,0,0.5000410112474696,1.0
224a51a1dd12,17,6,middle_pip,0,0.7848034366503195,1.0
224a51a1dd12,17,7,ring_mcp,0,0.8622754029173578,1.0
224a51a1dd12,17,8,ring_pip,0,0.8513683921318023,1.0
224a51a1dd12,17,9,little_mcp,0,0.7930962858073793,1.0
224a51a1dd12,17,10,little_pip,0,0.9469418054143541,1.0
224a51a1dd12,18,0,thumb_cmc,0,0.728576347033261,1.0
224a51a1dd12,18,1,thumb_mcp,0,0.5756408990804,1.0
224a51a1dd12,18,2,thumb_ip,0,0.8530599203256091,1.0
224a51a1dd12,18,3,index_mcp,0,0.7636167360836391,1.0
224a51a1dd12,18,4,index_pip,0,0.7887392451234975,1.0
224a51a1dd12,18,5,middle_mcp,0,0.7326750816050327,1.0
224a51a1dd12,18,6,middle_pip,0,0.8410898961441193,1.0
224a51a1dd12,18,7,ring_mcp,0,0.5189597356407142,1.0
224a51a1dd12,18,8,ring_pip,0,0.7228133764275722,1.0
224a51a1dd12,18,9,little_mcp,0,0.44366606605952347,1.0
224a51a1dd12,18,10,little_pip,0,0.8423941679117251,1.0
224a51a1dd12,19,0,thumb_cmc,0,0.8343814793799859,1.0
224a51a1dd12,19,1,thumb_mcp,0,0.8172119999076242,1.0
224a51a1dd12,19,2,thumb_ip,0,0.8193131795678394,1.0
224a51a1dd12,19,3,index_mcp,0,0.7416233699169926,1.0
224a51a1dd12,19,4,index_pip,0,0.8349993410261723,1.0
224a51a1dd12,19,5,middle_mcp,0,0.4091106030688847,1.0
224a51a1dd12,19,6,middle_pip,0,0.8470249900339409,1.0
224a51a1dd12,19,7,ring_mcp,0,0.5839148789402998,1.0
224a51a1dd12,19,8,ring_pip,0,0.8497023270280064,1.0
224a51a1dd12,19,9,little_mcp,0,0.47872047010659624,1.0
224a51a1dd12,19,10,little_pip,0,0.8849701890801402,1.0
224a51a1dd12,20,0,thumb_cmc,0,0.6989637140213006,1.0
224a51a1dd12,20,1,thumb_mcp,0,0.8681593022957151,1.0
224a51a1dd12,20,2,thumb_ip,0,0.7819098196653771,1.0
224a51a1dd12,20,3,index_mcp,0,0.5375657865784873,1.0
224a51a1dd12,20,4,index_pip,0,0.8258900870543443,1.0
224a51a1dd12,20,5,middle_mcp,0,0.7353038258544344,1.0
224a51a1dd12,20,6,middle_pip,0,0.745286972326032,1.0
224a51a1dd12,20,7,ring_mcp,0,0.7592358151397014,1.0
224a51a1dd12,20,8,ring_pip,0,0.8253310930888321,1.0
224a51a1dd12,20,9,little_mcp,0,0.646178605592139,1.0
224a51a1dd12,20,10,little_pip,0,0.8596880030436573,1.0
224a51a1dd12,21,0,thumb_cmc,0,0.7437430568901162,1.0
224a51a1dd12,21,1,thumb_mcp,0,0.8712478851358423,1.0
224a51a1dd12,21,2,thumb_ip,0,0.8628681302009042,1.0
224a51a1dd12,21,3,index_mcp,0,0.49862911115700087,1.0
224a51a1dd12,21,4,index_pip,0,0.7414911394412353,1.0
224a51a1dd12,21,5,middle_mcp,0,0.6232597898744521,1.0
224a51a1dd12,21,6,middle_pip,0,0.8955864966810909,1.0
224a51a1dd12,21,7,ring_mcp,0,0.6038585705124548,1.0
224a51a1dd12,21,8,ring_pip,0,0.8417797822660168,1.0
224a51a1dd12,21,9,little_mcp,0,0.6439383127437694,1.0
224a51a1dd12,21,10,little_pip,0,0.9284246206916589,1.0
224a51a1dd12,22,0,thumb_cmc,0,0.8126727895256758,1.0
224a51a1dd12,22,1,thumb_mcp,0,0.9792411357788605,1.0
224a51a1dd12,22,2,thumb_ip,0,0.933386123932271,1.0
224a51a1dd12,22,3,index_mcp,0,0.805362625589478,1.0
224a51a1dd12,22,4,index_pip,0,0.8185757409840821,1.0
224a51a1dd12,22,5,middle_mcp,0,0.826378032140947,1.0
224a51a1dd12,22,6,middle_pip,0,0.9278133489861318,1.0
224a51a1dd12,22,7,ring_mcp,0,0.793968183143873,1.0
224a51a1dd12,22,8,ring_pip,0,0.9250702943244858,1.0
224a51a1dd12,22,9,little_mcp,0,0.8542784032461279,1.0
224a51a1dd12,22,10,little_pip,0,0.9127532435095052,1.0
224a51a1dd12,23,0,thumb_cmc,0,0.7701912050709723,1.0
224a51a1dd12,23,1,thumb_mcp,0,0.8554440895286523,1.0
224a51a1dd12,23,2,thumb_ip,0,0.8943469972511485,1.0
224a51a1dd12,23,3,index_mcp,0,0.7768101876446989,1.0
224a51a1dd12,23,4,index_pip,0,0.8827536773624857,1.0
224a51a1dd12,23,5,middle_mcp,0,0.7506158028628379,1.0
224a51a1dd12,23,6,middle_pip,0,0.8755777871707005,1.0
224a51a1dd12,23,7,ring_mcp,0,0.8048062574130104,1.0
224a51a1dd12,23,8,ring_pip,0,0.8671523685498073,1.0
224a51a1dd12,23,9,little_mcp,0,0.8117273706100573,1.0
224a51a1dd12,23,10,little_pip,0,0.8398085440000248,1.0
224a51a1dd12,24,0,thumb_cmc,0,0.9841009173382158,1.0
224a51a1dd12,24,1,thumb_mcp,0,0.8525395330267934,1.0
224a51a1dd12,24,2,thumb_ip,0,0.8832619420860891,1.0
224a51a1dd12,24,3,index_mcp,0,0.860524780554703,1.0
224a51a1dd12,24,4,index_pip,0,0.9216070273350115,1.0
224a51a1dd12,24,5,middle_mcp,0,0.8900915347160763,1.0
224a51a1dd12,24,6,middle_pip,0,0.9416910627328654,1.0
224a51a1dd12,24,7,ring_mcp,0,0.8298481606557887,1.0
224a51a1dd12,24,8,ring_pip,0,0.927130812296448,1.0
224a51a1dd12,24,9,little_mcp,0,0.8596027452477466,1.0
224a51a1dd12,24,10,little_pip,0,0.9100299873383402,1.0
224a51a1dd12,25,0,thumb_cmc,0,0.7992113108747753,1.0
224a51a1dd12,25,1,thumb_mcp,0,0.8561120995670274,1.0
224a51a1dd12,25,2,thumb_ip,0,0.8601056610237355,1.0
224a51a1dd12,25,3,index_mcp,0,0.7705810390990988,1.0
224a51a1dd12,25,4,index_pip,0,0.8425701038113717,1.0
224a51a1dd12,25,5,middle_mcp,0,0.7333434787232637,1.0
224a51a1dd12,25,6,middle_pip,0,0.8859031741803216,1.0
224a51a1dd12,25,7,ring_mcp,0,0.7249018563152728,1.0
224a51a1dd12,25,8,ring_pip,0,0.905048090763266,1.0
224a51a1dd12,25,9,little_mcp,0,0.8103771122865826,1.0
224a51a1dd12,25,10,little_pip,0,0.8898091278727379,1.0
224a51a1dd12,26,0,thumb_cmc,0,0.8549431823936555,1.0
224a51a1dd12,26,1,thumb_mcp,0,0.8951929304009963,1.0
224a51a1dd12,26,2,thumb_ip,0,0.8101698120473362,1.0
224a51a1dd12,26,3,index_mcp,0,0.8707256294156529,1.0
224a51a1dd12,26,4,index_pip,0,0.9219621653320557,1.0
224a51a1dd12,26,5,middle_mcp,0,0.9286992108424089,1.0
224a51a1dd12,26,6,middle_pip,0,0.9111708287895158,1.0
224a51a1dd12,26,7,ring_mcp,0,0.9300352512021092,1.0
224a51a1dd12,26,8,ring_pip,0,0.9348527230656278,1.0
224a51a1dd12,26,9,little_mcp,0,0.8098010010402673,1.0
224a51a1dd12,26,10,little_pip,0,0.9349908463430117,1.0
224a51a1dd12,27,0,thumb_cmc,0,0.6901409892508614,1.0
224a51a1dd12,27,1,thumb_mcp,0,0.8783390213944156,1.0
224a51a1dd12,27,2,thumb_ip,0,0.7104420390455138,1.0
224a51a1dd12,27,3,index_mcp,0,0.5383210001850074,1.0
224a51a1dd12,27,4,index_pip,0,0.7933366988096464,1.0
224a51a1dd12,27,5,middle_mcp,0,0.20187782775294086,1.0
224a51a1dd12,27,6,middle_pip,0,0.5281144326394264,1.0
224a51a1dd12,27,7,ring_mcp,0,0.4539702321612354,1.0
224a51a1dd12,27,8,ring_pip,0,0.8753019999799488,1.0
224a51a1dd12,27,9,little_mcp,0,0.5282763291578257,1.0
224a51a1dd12,27,10,little_pip,0,0.8157164556746105,1.0
224a51a1dd12,28,0,thumb_cmc,0,0.7395137336198869,1.0
224a51a1dd12,28,1,thumb_mcp,0,0.8527571967468055,1.0
224a51a1dd12,28,2,thumb_ip,0,0.7984779881305013,1.0
224a51a1dd12,28,3,index_mcp,0,0.7786170401373439,1.0
224a51a1dd12,28,4,index_pip,0,0.8815080845056591,1.0
224a51a1dd12,28,5,middle_mcp,0,0.45749744295937034,1.0
224a51a1dd12,28,6,middle_pip,0,0.8748275717929138,1.0
224a51a1dd12,28,7,ring_mcp,0,0.7197378955552901,1.0
224a51a1dd12,28,8,ring_pip,0,0.9379430114240739,1.0
224a51a1dd12,28,9,little_mcp,0,0.7767349066406047,1.0
224a51a1dd12,28,10,little_pip,0,0.9093806766010639,1.0
224a51a1dd12,29,0,thumb_cmc,0,0.7079495120508756,1.0
224a51a1dd12,29,1,thumb_mcp,0,0.6427261576506053,1.0
224a51a1dd12,29,2,thumb_ip,0,0.7800406109245103,1.0
224a51a1dd12,29,3,index_mcp,0,0.5629235184562643,1.0
224a51a1dd12,29,4,index_pip,0,0.7555870757807265,1.0
224a51a1dd12,29,5,middle_mcp,0,0.654014026652144,1.0
224a51a1dd12,29,6,middle_pip,0,0.9126526213679026,1.0
224a51a1dd12,29,7,ring_mcp,0,0.7908836729810235,1.0
224a51a1dd12,29,8,ring_pip,0,0.8886442213274394,1.0
224a51a1dd12,29,9,little_mcp,0,0.34579617449994604,1.0
224a51a1dd12,29,10,little_pip,0,0.6692469252921815,1.0
224a51a1dd12,30,0,thumb_cmc,0,0.6027977325076868,1.0
224a51a1dd12,30,1,thumb_mcp,0,0.6349264733570523,1.0
224a51a1dd12,30,2,thumb_ip,0,0.7618016040973731,1.0
224a51a1dd12,30,3,index_mcp,0,0.6667689998435966,1.0
224a51a1dd12,30,4,index_pip,0,0.6057575254772172,1.0
224a51a1dd12,30,5,middle_mcp,0,0.7892239167420624,1.0
224a51a1dd12,30,6,middle_pip,0,0.9426380573185749,1.0
224a51a1dd12,30,7,ring_mcp,0,0.8249285483609933,1.0
224a51a1dd12,30,8,ring_pip,0,0.9157763739222278,1.0
224a51a1dd12,30,9,little_mcp,0,0.4529156891243656,1.0
224a51a1dd12,30,10,little_pip,0,0.8945405028705496,1.0
224a51a1dd12,31,0,thumb_cmc,0,0.6837515727029142,1.0
224a51a1dd12,31,1,thumb_mcp,0,0.7152247214627153,1.0
224a51a1dd12,31,2,thumb_ip,0,0.8129052775007126,1.0
224a51a1dd12,31,3,index_mcp,0,0.7437358880018262,1.0
224a51a1dd12,31,4,index_pip,0,0.7872479283358764,1.0
224a51a1dd12,31,5,middle_mcp,0,0.8169489489828607,1.0
224a51a1dd12,31,6,middle_pip,0,0.9123748287263231,1.0
224a51a1dd12,31,7,ring_mcp,0,0.9112120242725754,1.0
224a51a1dd12,31,8,ring_pip,0,0.9522204274570579,1.0
224a51a1dd12,31,9,little_mcp,0,0.7564965561329349,1.0
224a51a1dd12,31,10,little_pip,0,0.9202007799143892,1.0
