sequence_id,label,frame_index,landmark_id,finger_group,corruption_type,severity,duration,random_seed
0078bb88405b,prayer_beads,0,0,all,gaussian,medium,0,42
0078bb88405b,prayer_beads,0,1,all,gaussian,medium,0,42
0078bb88405b,prayer_beads,0,2,all,gaussian,medium,0,42
0078bb88405b,prayer_beads,0,3,all,gaussian,medium,0,42
0078bb88405b,prayer_beads,0,4,all,gaussian,medium,0,42
0078bb88405b,prayer_beads,0,5,all,gaussian,medium,0,42
0078bb88405b,prayer_beads,0,6,all,gaussian,medium,0,42
0078bb88405b,prayer_beads,0,7,all,gaussian,medium,0,42
0078bb88405b,prayer_beads,0,8,all,gaussian,medium,0,42
0078bb88405b,prayer_beads,0,9,all,gaussian,medium,0,42
0078bb88405b,prayer_beads,0,10,all,gaussian,medium,0,42
0078bb88405b,prayer_beads,0,11,all,gaussian,medium,0,42
0078bb88405b,prayer_beads,0,12,all,gaussian,medium,0,42
0078bb88405b,prayer_beads,0,13,all,gaussian,medium,0,42
0078bb88405b,prayer_beads,0,14,all,gaussian,medium,0,42
0078bb88405b,prayer_beads,0,15,all,gaussian,medium,0,42
0078bb88405b,prayer_beads,0,16,all,gaussian,medium,0,42
0078bb88405b,prayer_beads,0,17,all,gaussian,medium,0,42
0078bb88405b,prayer_beads,0,18,all,gaussian,medium,0,42
0078bb88405b,prayer_beads,0,19,all,gaussian,medium,0,42
0078bb88405b,prayer_beads,0,20,all,gaussian,medium,0,42
0078bb88405b,prayer_beads,1,0,all,gaussian,medium,0,42
0078bb88405b,prayer_beads,1,1,all,gaussian,medium,0,42
0078bb88405b,prayer_beads,1,2,all,gaussian,medium,0,42
0078bb88405b,prayer_beads,1,3,all,gaussian,medium,0,42
0078bb88405b,prayer_beads,1,4,all,gaussian,medium,0,42
0078bb88405b,prayer_beads,1,5,all,gaussian,medium,0,42
0078bb88405b,prayer_beads,1,6,all,gaussian,medium,0,42
0078bb88405b,prayer_beads,1,7,all,gaussian,medium,0,42
0078bb88405b,prayer_beads,1,8,all,gaussian,medium,0,42
0078bb88405b,prayer_beads,1,9,all,gaussian,medium,0,42
0078bb88405b,prayer_beads,1,10,all,gaussian,medium,0,42
0078bb88405b,prayer_beads,1,11,all,gaussian,medium,0,42
0078bb88405b,prayer_beads,1,12,all,gaussian,medium,0,42
0078bb88405b,prayer_beads,1,13,all,gaussian,medium,0,42
0078bb88405b,prayer_beads,1,14,all,gaussian,medium,0,42
0078bb88405b,prayer_beads,1,15,all,gaussian,medium,0,42
0078bb88405b,prayer_beads,1,16,all,gaussian,medium,0,42
0078bb88405b,prayer_beads,1,17,all,gaussian,medium,0,42
0078bb88405b,prayer_beads,1,18,all,gaussian,medium,0,42
0078bb88405b,prayer_beads,1,19,all,gaussian,medium,0,42
0078bb88405b,prayer_beads,1,20,all,gaussian,medium,0,42
0078bb88405b,prayer_beads,2,0,all,gaussian,medium,0,42
0078bb88405b,prayer_beads,2,1,all,gaussian,medium,0,42
0078bb88405b,prayer_beads,2,2,all,gaussian,medium,0,42
0078bb88405b,prayer_beads,2,3,all,gaussian,medium,0,42
0078bb88405b,prayer_beads,2,4,all,gaussian,medium,0,42
0078bb88405b,prayer_beads,2,5,all,gaussian,medium,0,42
0078bb88405b,prayer_beads,2,6,all,gaussian,medium,0,42
0078bb88405b,prayer_beads,2,7,all,gaussian,medium,0,42
0078bb88405b,prayer_beads,2,8,all,gaussian,medium,0,42
0078bb88405b,prayer_beads,2,9,all,gaussian,medium,0,42
0078bb88405b,prayer_beads,2,10,all,gaussian,medium,0,42
0078bb88405b,prayer_beads,2,11,all,gaussian,medium,0,42
0078bb88405b,prayer_beads,2,12,all,gaussian,medium,0,42
0078bb88405b,prayer_beads,2,13,all,gaussian,medium,0,42
0078bb88405b,prayer_beads,2,14,all,gaussian,medium,0,42
0078bb88405b,prayer_beads,2,15,all,gaussian,medium,0,42
0078bb88405b,prayer_beads,2,16,all,gaussian,medium,0,42
0078bb88405b,prayer_beads,2,17,all,gaussian,medium,0,42
0078bb88405b,prayer_beads,2,18,all,gaussian,medium,0,42
0078bb88405b,prayer_beads,2,19,all,gaussian,medium,0,42
0078bb88405b,prayer_beads,2,20,all,gaussian,medium,0,42
0078bb88405b,prayer_beads,3,0,all,gaussian,medium,0,42
0078bb88405b,prayer_beads,3,1,all,gaussian,medium,0,42
0078bb88405b,prayer_beads,3,2,all,gaussian,medium,0,42
0078bb88405b,prayer_beads,3,3,all,gaussian,medium,0,42
0078bb88405b,prayer_beads,3,4,all,gaussian,medium,0,42
0078bb88405b,prayer_beads,3,5,all,gaussian,medium,0,42
0078bb88405b,prayer_beads,3,6,all,gaussian,medium,0,42
0078bb88405b,prayer_beads,3,7,all,gaussian,medium,0,42
0078bb88405b,prayer_beads,3,8,all,gaussian,medium,0,42
0078bb88405b,prayer_beads,3,9,all,gaussian,medium,0,42
0078bb88405b,prayer_beads,3,10,all,gaussian,medium,0,42
0078bb88405b,prayer_beads,3,11,all,gaussian,medium,0,42
0078bb88405b,prayer_beads,3,12,all,gaussian,medium,0,42
0078bb88405b,prayer_beads,3,13,all,gaussian,medium,0,42
0078bb88405b,prayer_beads,3,14,all,gaussian,medium,0,42
0078bb88405b,prayer_beads,3,15,all,gaussian,medium,0,42
0078bb88405b,prayer_beads,3,16,all,gaussian,medium,0,42
0078bb88405b,prayer_beads,3,17,all,gaussian,medium,0,42
0078bb88405b,prayer_beads,3,18,all,gaussian,medium,0,42
0078bb88405b,prayer_beads,3,19,all,gaussian,medium,0,42
0078bb88405b,prayer_beads,3,20,all,gaussian,medium,0,42
0078bb88405b,prayer_beads,4,0,all,gaussian,medium,0,42
0078bb88405b,prayer_beads,4,1,all,gaussian,medium,0,42
0078bb88405b,prayer_beads,4,2,all,gaussian,medium,0,42
0078bb88405b,prayer_beads,4,3,all,gaussian,medium,0,42
0078bb88405b,prayer_beads,4,4,all,gaussian,medium,0,42
0078bb88405b,prayer_beads,4,5,all,gaussian,medium,0,42
0078bb88405b,prayer_beads,4,6,all,gaussian,medium,0,42
0078bb88405b,prayer_beads,4,7,all,gaussian,medium,0,42
0078bb88405b,prayer_beads,4,8,all,gaussian,medium,0,42
0078bb88405b,prayer_beads,4,9,all,gaussian,medium,0,42
0078bb88405b,prayer_beads,4,10,all,gaussian,medium,0,42
0078bb88405b,prayer_beads,4,11,all,gaussian,medium,0,42
0078bb88405b,prayer_beads,4,12,all,gaussian,medium,0,42
0078bb88405b,prayer_beads,4,13,all,gaussian,medium,0,42
0078bb88405b,prayer_beads,4,14,all,gaussian,medium,0,42
0078bb88405b,prayer_beads,4,15,all,gaussian,medium,0,42
0078bb88405b,prayer_beads,4,16,all,gaussian,medium,0,42
0078bb88405b,prayer_beads,4,17,all,gaussian,medium,0,42
0078bb88405b,prayer_beads,4,18,all,gaussian,medium,0,42
0078bb88405b,prayer_beads,4,19,all,gaussian,medium,0,42
0078bb88405b,prayer_beads,4,20,all,gaussian,medium,0,42
0078bb88405b,prayer_beads,5,0,all,gaussian,medium,0,42
0078bb88405b,prayer_beads,5,1,all,gaussian,medium,0,42
0078bb88405b,prayer_beads,5,2,all,gaussian,medium,0,42
0078bb88405b,prayer_beads,5,3,all,gaussian,medium,0,42
0078bb88405b,prayer_beads,5,4,all,gaussian,medium,0,42
0078bb88405b,prayer_beads,5,5,all,gaussian,medium,0,42
0078bb88405b,prayer_beads,5,6,all,gaussian,medium,0,42
0078bb88405b,prayer_beads,5,7,all,gaussian,medium,0,42
0078bb88405b,prayer_beads,5,8,all,gaussian,medium,0,42
0078bb88405b,prayer_beads,5,9,all,gaussian,medium,0,42
0078bb88405b,prayer_beads,5,10,all,gaussian,medium,0,42
0078bb88405b,prayer_beads,5,11,all,gaussian,medium,0,42
0078bb88405b,prayer_beads,5,12,all,gaussian,medium,0,42
0078bb88405b,prayer_beads,5,13,all,gaussian,medium,0,42
0078bb88405b,prayer_beads,5,14,all,gaussian,medium,0,42
0078bb88405b,prayer_beads,5,15,all,gaussian,medium,0,42
0078bb88405b,prayer_beads,5,16,all,gaussian,medium,0,42
0078bb88405b,prayer_beads,5,17,all,gaussian,medium,0,42
0078bb88405b,prayer_beads,5,18,all,gaussian,medium,0,42
0078bb88405b,prayer_beads,5,19,all,gaussian,medium,0,42
0078bb88405b,prayer_beads,5,20,all,gaussian,medium,0,42
0078bb88405b,prayer_beads,6,0,all,gaussian,medium,0,42
0078bb88405b,prayer_beads,6,1,all,gaussian,medium,0,42
0078bb88405b,prayer_beads,6,2,all,gaussian,medium,0,42
0078bb88405b,prayer_beads,6,3,all,gaussian,medium,0,42
0078bb88405b,prayer_beads,6,4,all,gaussian,medium,0,42
0078bb88405b,prayer_beads,6,5,all,gaussian,medium,0,42
0078bb88405b,prayer_beads,6,6,all,gaussian,medium,0,42
0078bb88405b,prayer_beads,6,7,all,gaussian,medium,0,42
0078bb88405b,prayer_beads,6,8,all,gaussian,medium,0,42
0078bb88405b,prayer_beads,6,9,all,gaussian,medium,0,42
0078bb88405b,prayer_beads,6,10,all,gaussian,medium,0,42
0078bb88405b,prayer_beads,6,11,all,gaussian,medium,0,42
0078bb88405b,prayer_beads,6,12,all,gaussian,medium,0,42
0078bb88405b,prayer_beads,6,13,all,gaussian,medium,0,42
0078bb88405b,prayer_beads,6,14,all,gaussian,medium,0,42
0078bb88405b,prayer_beads,6,15,all,gaussian,medium,0,42
0078bb88405b,prayer_beads,6,16,all,gaussian,medium,0,42
0078bb88405b,prayer_beads,6,17,all,gaussian,medium,0,42
0078bb88405b,prayer_beads,6,18,all,gaussian,medium,0,42
0078bb88405b,prayer_beads,6,19,all,gaussian,medium,0,42
0078bb88405b,prayer_beads,6,20,all,gaussian,medium,0,42
0078bb88405b,prayer_beads,7,0,all,gaussian,medium,0,42
0078bb88405b,prayer_beads,7,1,all,gaussian,medium,0,42
0078bb88405b,prayer_beads,7,2,all,gaussian,medium,0,42
0078bb88405b,prayer_beads,7,3,all,gaussian,medium,0,42
0078bb88405b,prayer_beads,7,4,all,gaussian,medium,0,42
0078bb88405b,prayer_beads,7,5,all,gaussian,medium,0,42
0078bb88405b,prayer_beads,7,6,all,gaussian,medium,0,42
0078bb88405b,prayer_beads,7,7,all,gaussian,medium,0,42
0078bb88405b,prayer_beads,7,8,all,gaussian,medium,0,42
0078bb88405b,prayer_beads,7,9,all,gaussian,medium,0,42
0078bb88405b,prayer_beads,7,10,all,gaussian,medium,0,42
0078bb88405b,prayer_beads,7,11,all,gaussian,medium,0,42
0078bb88405b,prayer_beads,7,12,all,gaussian,medium,0,42
0078bb88405b,prayer_beads,7,13,all,gaussian,medium,0,42
0078bb88405b,prayer_beads,7,14,all,gaussian,medium,0,42
0078bb88405b,prayer_beads,7,15,all,gaussian,medium,0,42
0078bb88405b,prayer_beads,7,16,all,gaussian,medium,0,42
0078bb88405b,prayer_beads,7,17,all,gaussian,medium,0,42
0078bb88405b,prayer_beads,7,18,all,gaussian,medium,0,42
0078bb88405b,prayer_beads,7,19,all,gaussian,medium,0,42
0078bb88405b,prayer_beads,7,20,all,gaussian,medium,0,42
0078bb88405b,prayer_beads,8,0,all,gaussian,medium,0,42
0078bb88405b,prayer_beads,8,1,all,gaussian,medium,0,42
0078bb88405b,prayer_beads,8,2,all,gaussian,medium,0,42
0078bb88405b,prayer_beads,8,3,all,gaussian,medium,0,42
0078bb88405b,prayer_beads,8,4,all,gaussian,medium,0,42
0078bb88405b,prayer_beads,8,5,all,gaussian,medium,0,42
0078bb88405b,prayer_beads,8,6,all,gaussian,medium,0,42
0078bb88405b,prayer_beads,8,7,all,gaussian,medium,0,42
0078bb88405b,prayer_beads,8,8,all,gaussian,medium,0,42
0078bb88405b,prayer_beads,8,9,all,gaussian,medium,0,42
0078bb88405b,prayer_beads,8,10,all,gaussian,medium,0,42
0078bb88405b,prayer_beads,8,11,all,gaussian,medium,0,42
0078bb88405b,prayer_beads,8,12,all,gaussian,medium,0,42
0078bb88405b,prayer_beads,8,13,all,gaussian,medium,0,42
0078bb88405b,prayer_beads,8,14,all,gaussian,medium,0,42
0078bb88405b,prayer_beads,8,15,all,gaussian,medium,0,42
0078bb88405b,prayer_beads,8,16,all,gaussian,medium,0,42
0078bb88405b,prayer_beads,8,17,all,gaussian,medium,0,42
0078bb88405b,prayer_beads,8,18,all,gaussian,medium,0,42
0078bb88405b,prayer_beads,8,19,all,gaussian,medium,0,42
0078bb88405b,prayer_beads,8,20,all,gaussian,medium,0,42
0078bb88405b,prayer_beads,9,0,all,gaussian,medium,0,42
0078bb88405b,prayer_beads,9,1,all,gaussian,medium,0,42
0078bb88405b,prayer_beads,9,2,all,gaussian,medium,0,42
0078bb88405b,prayer_beads,9,3,all,gaussian,medium,0,42
0078bb88405b,prayer_beads,9,4,all,gaussian,medium,0,42
0078bb88405b,prayer_beads,9,5,all,gaussian,medium,0,42
0078bb88405b,prayer_beads,9,6,all,gaussian,medium,0,42
0078bb88405b,prayer_beads,9,7,all,gaussian,medium,0,42
0078bb88405b,prayer_beads,9,8,all,gaussian,medium,0,42
0078bb88405b,prayer_beads,9,9,all,gaussian,medium,0,42
0078bb88405b,prayer_beads,9,10,all,gaussian,medium,0,42
0078bb88405b,prayer_beads,9,11,all,gaussian,medium,0,42
0078bb88405b,prayer_beads,9,12,all,gaussian,medium,0,42
0078bb88405b,prayer_beads,9,13,all,gaussian,medium,0,42
0078bb88405b,prayer_beads,9,14,all,gaussian,medium,0,42
0078bb88405b,prayer_beads,9,15,all,gaussian,medium,0,42
0078bb88405b,prayer_beads,9,16,all,gaussian,medium,0,42
0078bb88405b,prayer_beads,9,17,all,gaussian,medium,0,42
0078bb88405b,prayer_beads,9,18,all,gaussian,medium,0,42
0078bb88405b,prayer_beads,9,19,all,gaussian,medium,0,42
0078bb88405b,prayer_beads,9,20,all,gaussian,medium,0,42
0078bb88405b,prayer_beads,10,0,all,gaussian,medium,0,42
0078bb88405b,prayer_beads,10,1,all,gaussian,medium,0,42
0078bb88405b,prayer_beads,10,2,all,gaussian,medium,0,42
0078bb88405b,prayer_beads,10,3,all,gaussian,medium,0,42
0078bb88405b,prayer_beads,10,4,all,gaussian,medium,0,42
0078bb88405b,prayer_beads,10,5,all,gaussian,medium,0,42
0078bb88405b,prayer_beads,10,6,all,gaussian,medium,0,42
0078bb88405b,prayer_beads,10,7,all,gaussian,medium,0,42
0078bb88405b,prayer_beads,10,8,all,gaussian,medium,0,42
0078bb88405b,prayer_beads,10,9,all,gaussian,medium,0,42
0078bb88405b,prayer_beads,10,10,all,gaussian,medium,0,42
0078bb88405b,prayer_beads,10,11,all,gaussian,medium,0,42
0078bb88405b,prayer_beads,10,12,all,gaussian,medium,0,42
0078bb88405b,prayer_beads,10,13,all,gaussian,medium,0,42
0078bb88405b,prayer_beads,10,14,all,gaussian,medium,0,42
0078bb88405b,prayer_beads,10,15,all,gaussian,medium,0,42
0078bb88405b,prayer_beads,10,16,all,gaussian,medium,0,42
0078bb88405b,prayer_beads,10,17,all,gaussian,medium,0,42
0078bb88405b,prayer_beads,10,18,all,gaussian,medium,0,42
0078bb88405b,prayer_beads,10,19,all,gaussian,medium,0,42
0078bb88405b,prayer_beads,10,20,all,gaussian,medium,0,42
0078bb88405b,prayer_beads,11,0,all,gaussian,medium,0,42
0078bb88405b,prayer_beads,11,1,all,gaussian,medium,0,42
0078bb88405b,prayer_beads,11,2,all,gaussian,medium,0,42
0078bb88405b,prayer_beads,11,3,all,gaussian,medium,0,42
0078bb88405b,prayer_beads,11,4,all,gaussian,medium,0,42
0078bb88405b,prayer_beads,11,5,all,gaussian,medium,0,42
0078bb88405b,prayer_beads,11,6,all,gaussian,medium,0,42
0078bb88405b,prayer_beads,11,7,all,gaussian,medium,0,42
0078bb88405b,prayer_beads,11,8,all,gaussian,medium,0,42
0078bb88405b,prayer_beads,11,9,all,gaussian,medium,0,42
0078bb88405b,prayer_beads,11,10,all,gaussian,medium,0,42
0078bb88405b,prayer_beads,11,11,all,gaussian,medium,0,42
0078bb88405b,prayer_beads,11,12,all,gaussian,medium,0,42
0078bb88405b,prayer_beads,11,13,all,gaussian,medium,0,42
0078bb88405b,prayer_beads,11,14,all,gaussian,medium,0,42
0078bb88405b,prayer_beads,11,15,all,gaussian,medium,0,42
0078bb88405b,prayer_beads,11,16,all,gaussian,medium,0,42
0078bb88405b,prayer_beads,11,17,all,gaussian,medium,0,42
0078bb88405b,prayer_beads,11,18,all,gaussian,medium,0,42
0078bb88405b,prayer_beads,11,19,all,gaussian,medium,0,42
0078bb88405b,prayer_beads,11,20,all,gaussian,medium,0,42
0078bb88405b,prayer_beads,12,0,all,gaussian,medium,0,42
0078bb88405b,prayer_beads,12,1,all,gaussian,medium,0,42
0078bb88405b,prayer_beads,12,2,all,gaussian,medium,0,42
0078bb88405b,prayer_beads,12,3,all,gaussian,medium,0,42
0078bb88405b,prayer_beads,12,4,all,gaussian,medium,0,42
0078bb88405b,prayer_beads,12,5,all,gaussian,medium,0,42
0078bb88405b,prayer_beads,12,6,all,gaussian,medium,0,42
0078bb88405b,prayer_beads,12,7,all,gaussian,medium,0,42
0078bb88405b,prayer_beads,12,8,all,gaussian,medium,0,42
0078bb88405b,prayer_beads,12,9,all,gaussian,medium,0,42
0078bb88405b,prayer_beads,12,10,all,gaussian,medium,0,42
0078bb88405b,prayer_beads,12,11,all,gaussian,medium,0,42
0078bb88405b,prayer_beads,12,12,all,gaussian,medium,0,42
0078bb88405b,prayer_beads,12,13,all,gaussian,medium,0,42
0078bb88405b,prayer_beads,12,14,all,gaussian,medium,0,42
0078bb88405b,prayer_beads,12,15,all,gaussian,medium,0,42
0078bb88405b,prayer_beads,12,16,all,gaussian,medium,0,42
0078bb88405b,prayer_beads,12,17,all,gaussian,medium,0,42
0078bb88405b,prayer_beads,12,18,all,gaussian,medium,0,42
0078bb88405b,prayer_beads,12,19,all,gaussian,medium,0,42
0078bb88405b,prayer_beads,12,20,all,gaussian,medium,0,42
0078bb88405b,prayer_beads,13,0,all,gaussian,medium,0,42
0078bb88405b,prayer_beads,13,1,all,gaussian,medium,0,42
0078bb88405b,prayer_beads,13,2,all,gaussian,medium,0,42
0078bb88405b,prayer_beads,13,3,all,gaussian,medium,0,42
0078bb88405b,prayer_beads,13,4,all,gaussian,medium,0,42
0078bb88405b,prayer_beads,13,5,all,gaussian,medium,0,42
0078bb88405b,prayer_beads,13,6,all,gaussian,medium,0,42
0078bb88405b,prayer_beads,13,7,all,gaussian,medium,0,42
0078bb88405b,prayer_beads,13,8,all,gaussian,medium,0,42
0078bb88405b,prayer_beads,13,9,all,gaussian,medium,0,42
0078bb88405b,prayer_beads,13,10,all,gaussian,medium,0,42
0078bb88405b,prayer_beads,13,11,all,gaussian,medium,0,42
0078bb88405b,prayer_beads,13,12,all,gaussian,medium,0,42
0078bb88405b,prayer_beads,13,13,all,gaussian,medium,0,42
0078bb88405b,prayer_beads,13,14,all,gaussian,medium,0,42
0078bb88405b,prayer_beads,13,15,all,gaussian,medium,0,42
0078bb88405b,prayer_beads,13,16,all,gaussian,medium,0,42
0078bb88405b,prayer_beads,13,17,all,gaussian,medium,0,42
0078bb88405b,prayer_beads,13,18,all,gaussian,medium,0,42
0078bb88405b,prayer_beads,13,19,all,gaussian,medium,0,42
0078bb88405b,prayer_beads,13,20,all,gaussian,medium,0,42
0078bb88405b,prayer_beads,14,0,all,gaussian,medium,0,42
0078bb88405b,prayer_beads,14,1,all,gaussian,medium,0,42
0078bb88405b,prayer_beads,14,2,all,gaussian,medium,0,42
0078bb88405b,prayer_beads,14,3,all,gaussian,medium,0,42
0078bb88405b,prayer_beads,14,4,all,gaussian,medium,0,42
0078bb88405b,prayer_beads,14,5,all,gaussian,medium,0,42
0078bb88405b,prayer_beads,14,6,all,gaussian,medium,0,42
0078bb88405b,prayer_beads,14,7,all,gaussian,medium,0,42
0078bb88405b,prayer_beads,14,8,all,gaussian,medium,0,42
0078bb88405b,prayer_beads,14,9,all,gaussian,medium,0,42
0078bb88405b,prayer_beads,14,10,all,gaussian,medium,0,42
0078bb88405b,prayer_beads,14,11,all,gaussian,medium,0,42
0078bb88405b,prayer_beads,14,12,all,gaussian,medium,0,42
0078bb88405b,prayer_beads,14,13,all,gaussian,medium,0,42
0078bb88405b,prayer_beads,14,14,all,gaussian,medium,0,42
0078bb88405b,prayer_beads,14,15,all,gaussian,medium,0,42
0078bb88405b,prayer_beads,14,16,all,gaussian,medium,0,42
0078bb88405b,prayer_beads,14,17,all,gaussian,medium,0,42
0078bb88405b,prayer_beads,14,18,all,gaussian,medium,0,42
0078bb88405b,prayer_beads,14,19,all,gaussian,medium,0,42
0078bb88405b,prayer_beads,14,20,all,gaussian,medium,0,42
0078bb88405b,prayer_beads,15,0,all,gaussian,medium,0,42
0078bb88405b,prayer_beads,15,1,all,gaussian,medium,0,42
0078bb88405b,prayer_beads,15,2,all,gaussian,medium,0,42
0078bb88405b,prayer_beads,15,3,all,gaussian,medium,0,42
0078bb88405b,prayer_beads,15,4,all,gaussian,medium,0,42
0078bb88405b,prayer_beads,15,5,all,gaussian,medium,0,42
0078bb88405b,prayer_beads,15,6,all,gaussian,medium,0,42
0078bb88405b,prayer_beads,15,7,all,gaussian,medium,0,42
0078bb88405b,prayer_beads,15,8,all,gaussian,medium,0,42
0078bb88405b,prayer_beads,15,9,all,gaussian,medium,0,42
0078bb88405b,prayer_beads,15,10,all,gaussian,medium,0,42
0078bb88405b,prayer_beads,15,11,all,gaussian,medium,0,42
0078bb88405b,prayer_beads,15,12,all,gaussian,medium,0,42
0078bb88405b,prayer_beads,15,13,all,gaussian,medium,0,42
0078bb88405b,prayer_beads,15,14,all,gaussian,medium,0,42
0078bb88405b,prayer_beads,15,15,all,gaussian,medium,0,42
0078bb88405b,prayer_beads,15,16,all,gaussian,medium,0,42
0078bb88405b,prayer_beads,15,17,all,gaussian,medium,0,42
0078bb88405b,prayer_beads,15,18,all,gaussian,medium,0,42
0078bb88405b,prayer_beads,15,19,all,gaussian,medium,0,42
0078bb88405b,prayer_beads,15,20,all,gaussian,medium,0,42
0078bb88405b,prayer_beads,16,0,all,gaussian,medium,0,42
0078bb88405b,prayer_beads,16,1,all,gaussian,medium,0,42
0078bb88405b,prayer_beads,16,2,all,gaussian,medium,0,42
0078bb88405b,prayer_beads,16,3,all,gaussian,medium,0,42
0078bb88405b,prayer_beads,16,4,all,gaussian,medium,0,42
0078bb88405b,prayer_beads,16,5,all,gaussian,medium,0,42
0078bb88405b,prayer_beads,16,6,all,gaussian,medium,0,42
0078bb88405b,prayer_beads,16,7,all,gaussian,medium,0,42
0078bb88405b,prayer_beads,16,8,all,gaussian,medium,0,42
0078bb88405b,prayer_beads,16,9,all,gaussian,medium,0,42
0078bb88405b,prayer_beads,16,10,all,gaussian,medium,0,42
0078bb88405b,prayer_beads,16,11,all,gaussian,medium,0,42
0078bb88405b,prayer_beads,16,12,all,gaussian,medium,0,42
0078bb88405b,prayer_beads,16,13,all,gaussian,medium,0,42
0078bb88405b,prayer_beads,16,14,all,gaussian,medium,0,42
0078bb88405b,prayer_beads,16,15,all,gaussian,medium,0,42
0078bb88405b,prayer_beads,16,16,all,gaussian,medium,0,42
0078bb88405b,prayer_beads,16,17,all,gaussian,medium,0,42
0078bb88405b,prayer_beads,16,18,all,gaussian,medium,0,42
0078bb88405b,prayer_beads,16,19,all,gaussian,medium,0,42
0078bb88405b,prayer_beads,16,20,all,gaussian,medium,0,42
0078bb88405b,prayer_beads,17,0,all,gaussian,medium,0,42
0078bb88405b,prayer_beads,17,1,all,gaussian,medium,0,42
0078bb88405b,prayer_beads,17,2,all,gaussian,medium,0,42
0078bb88405b,prayer_beads,17,3,all,gaussian,medium,0,42
0078bb88405b,prayer_beads,17,4,all,gaussian,medium,0,42
0078bb88405b,prayer_beads,17,5,all,gaussian,medium,0,42
0078bb88405b,prayer_beads,17,6,all,gaussian,medium,0,42
0078bb88405b,prayer_beads,17,7,all,gaussian,medium,0,42
0078bb88405b,prayer_beads,17,8,all,gaussian,medium,0,42
0078bb88405b,prayer_beads,17,9,all,gaussian,medium,0,42
0078bb88405b,prayer_beads,17,10,all,gaussian,medium,0,42
0078bb88405b,prayer_beads,17,11,all,gaussian,medium,0,42
0078bb88405b,prayer_beads,17,12,all,gaussian,medium,0,42
0078bb88405b,prayer_beads,17,13,all,gaussian,medium,0,42
0078bb88405b,prayer_beads,17,14,all,gaussian,medium,0,42
0078bb88405b,prayer_beads,17,15,all,gaussian,medium,0,42
0078bb88405b,prayer_beads,17,16,all,gaussian,medium,0,42
0078bb88405b,prayer_beads,17,17,all,gaussian,medium,0,42
0078bb88405b,prayer_beads,17,18,all,gaussian,medium,0,42
0078bb88405b,prayer_beads,17,19,all,gaussian,medium,0,42
0078bb88405b,prayer_beads,17,20,all,gaussian,medium,0,42
0078bb88405b,prayer_beads,18,0,all,gaussian,medium,0,42
0078bb88405b,prayer_beads,18,1,all,gaussian,medium,0,42
0078bb88405b,prayer_beads,18,2,all,gaussian,medium,0,42
0078bb88405b,prayer_beads,18,3,all,gaussian,medium,0,42
0078bb88405b,prayer_beads,18,4,all,gaussian,medium,0,42
0078bb88405b,prayer_beads,18,5,all,gaussian,medium,0,42
0078bb88405b,prayer_beads,18,6,all,gaussian,medium,0,42
0078bb88405b,prayer_beads,18,7,all,gaussian,medium,0,42
0078bb88405b,prayer_beads,18,8,all,gaussian,medium,0,42
0078bb88405b,prayer_beads,18,9,all,gaussian,medium,0,42
0078bb88405b,prayer_beads,18,10,all,gaussian,medium,0,42
0078bb88405b,prayer_beads,18,11,all,gaussian,medium,0,42
0078bb88405b,prayer_beads,18,12,all,gaussian,medium,0,42
0078bb88405b,prayer_beads,18,13,all,gaussian,medium,0,42
0078bb88405b,prayer_beads,18,14,all,gaussian,medium,0,42
0078bb88405b,prayer_beads,18,15,all,gaussian,medium,0,42
0078bb88405b,prayer_beads,18,16,all,gaussian,medium,0,42
0078bb88405b,prayer_beads,18,17,all,gaussian,medium,0,42
0078bb88405b,prayer_beads,18,18,all,gaussian,medium,0,42
0078bb88405b,prayer_beads,18,19,all,gaussian,medium,0,42
0078bb88405b,prayer_beads,18,20,all,gaussian,medium,0,42
0078bb88405b,prayer_beads,19,0,all,gaussian,medium,0,42
0078bb88405b,prayer_beads,19,1,all,gaussian,medium,0,42
0078bb88405b,prayer_beads,19,2,all,gaussian,medium,0,42
0078bb88405b,prayer_beads,19,3,all,gaussian,medium,0,42
0078bb88405b,prayer_beads,19,4,all,gaussian,medium,0,42
0078bb88405b,prayer_beads,19,5,all,gaussian,medium,0,42
0078bb88405b,prayer_beads,19,6,all,gaussian,medium,0,42
0078bb88405b,prayer_beads,19,7,all,gaussian,medium,0,42
0078bb88405b,prayer_beads,19,8,all,gaussian,medium,0,42
0078bb88405b,prayer_beads,19,9,all,gaussian,medium,0,42
0078bb88405b,prayer_beads,19,10,all,gaussian,medium,0,42
0078bb88405b,prayer_beads,19,11,all,gaussian,medium,0,42
0078bb88405b,prayer_beads,19,12,all,gaussian,medium,0,42
0078bb88405b,prayer_beads,19,13,all,gaussian,medium,0,42
0078bb88405b,prayer_beads,19,14,all,gaussian,medium,0,42
0078bb88405b,prayer_beads,19,15,all,gaussian,medium,0,42
0078bb88405b,prayer_beads,19,16,all,gaussian,medium,0,42
0078bb88405b,prayer_beads,19,17,all,gaussian,medium,0,42
0078bb88405b,prayer_beads,19,18,all,gaussian,medium,0,42
0078bb88405b,prayer_beads,19,19,all,gaussian,medium,0,42
0078bb88405b,prayer_beads,19,20,all,gaussian,medium,0,42
0078bb88405b,prayer_beads,20,0,all,gaussian,medium,0,42
0078bb88405b,prayer_beads,20,1,all,gaussian,medium,0,42
0078bb88405b,prayer_beads,20,2,all,gaussian,medium,0,42
0078bb88405b,prayer_beads,20,3,all,gaussian,medium,0,42
0078bb88405b,prayer_beads,20,4,all,gaussian,medium,0,42
0078bb88405b,prayer_beads,20,5,all,gaussian,medium,0,42
0078bb88405b,prayer_beads,20,6,all,gaussian,medium,0,42
0078bb88405b,prayer_beads,20,7,all,gaussian,medium,0,42
0078bb88405b,prayer_beads,20,8,all,gaussian,medium,0,42
0078bb88405b,prayer_beads,20,9,all,gaussian,medium,0,42
0078bb88405b,prayer_beads,20,10,all,gaussian,medium,0,42
0078bb88405b,prayer_beads,20,11,all,gaussian,medium,0,42
0078bb88405b,prayer_beads,20,12,all,gaussian,medium,0,42
0078bb88405b,prayer_beads,20,13,all,gaussian,medium,0,42
0078bb88405b,prayer_beads,20,14,all,gaussian,medium,0,42
0078bb88405b,prayer_beads,20,15,all,gaussian,medium,0,42
0078bb88405b,prayer_beads,20,16,all,gaussian,medium,0,42
0078bb88405b,prayer_beads,20,17,all,gaussian,medium,0,42
0078bb88405b,prayer_beads,20,18,all,gaussian,medium,0,42
0078bb88405b,prayer_beads,20,19,all,gaussian,medium,0,42
0078bb88405b,prayer_beads,20,20,all,gaussian,medium,0,42
0078bb88405b,prayer_beads,21,0,all,gaussian,medium,0,42
0078bb88405b,prayer_beads,21,1,all,gaussian,medium,0,42
0078bb88405b,prayer_beads,21,2,all,gaussian,medium,0,42
0078bb88405b,prayer_beads,21,3,all,gaussian,medium,0,42
0078bb88405b,prayer_beads,21,4,all,gaussian,medium,0,42
0078bb88405b,prayer_beads,21,5,all,gaussian,medium,0,42
0078bb88405b,prayer_beads,21,6,all,gaussian,medium,0,42
0078bb88405b,prayer_beads,21,7,all,gaussian,medium,0,42
0078bb88405b,prayer_beads,21,8,all,gaussian,medium,0,42
0078bb88405b,prayer_beads,21,9,all,gaussian,medium,0,42
0078bb88405b,prayer_beads,21,10,all,gaussian,medium,0,42
0078bb88405b,prayer_beads,21,11,all,gaussian,medium,0,42
0078bb88405b,prayer_beads,21,12,all,gaussian,medium,0,42
0078bb88405b,prayer_beads,21,13,all,gaussian,medium,0,42
0078bb88405b,prayer_beads,21,14,all,gaussian,medium,0,42
0078bb88405b,prayer_beads,21,15,all,gaussian,medium,0,42
0078bb88405b,prayer_beads,21,16,all,gaussian,medium,0,42
0078bb88405b,prayer_beads,21,17,all,gaussian,medium,0,42
0078bb88405b,prayer_beads,21,18,all,gaussian,medium,0,42
0078bb88405b,prayer_beads,21,19,all,gaussian,medium,0,42
0078bb88405b,prayer_beads,21,20,all,gaussian,medium,0,42
0078bb88405b,prayer_beads,22,0,all,gaussian,medium,0,42
0078bb88405b,prayer_beads,22,1,all,gaussian,medium,0,42
0078bb88405b,prayer_beads,22,2,all,gaussian,medium,0,42
0078bb88405b,prayer_beads,22,3,all,gaussian,medium,0,42
0078bb88405b,prayer_beads,22,4,all,gaussian,medium,0,42
0078bb88405b,prayer_beads,22,5,all,gaussian,medium,0,42
0078bb88405b,prayer_beads,22,6,all,gaussian,medium,0,42
0078bb88405b,prayer_beads,22,7,all,gaussian,medium,0,42
0078bb88405b,prayer_beads,22,8,all,gaussian,medium,0,42
0078bb88405b,prayer_beads,22,9,all,gaussian,medium,0,42
0078bb88405b,prayer_beads,22,10,all,gaussian,medium,0,42
0078bb88405b,prayer_beads,22,11,all,gaussian,medium,0,42
0078bb88405b,prayer_beads,22,12,all,gaussian,medium,0,42
0078bb88405b,prayer_beads,22,13,all,gaussian,medium,0,42
0078bb88405b,prayer_beads,22,14,all,gaussian,medium,0,42
0078bb88405b,prayer_beads,22,15,all,gaussian,medium,0,42
0078bb88405b,prayer_beads,22,16,all,gaussian,medium,0,42
0078bb88405b,prayer_beads,22,17,all,gaussian,medium,0,42
0078bb88405b,prayer_beads,22,18,all,gaussian,medium,0,42
0078bb88405b,prayer_beads,22,19,all,gaussian,medium,0,42
0078bb88405b,prayer_beads,22,20,all,gaussian,medium,0,42
0078bb88405b,prayer_beads,23,0,all,gaussian,medium,0,42
0078bb88405b,prayer_beads,23,1,all,gaussian,medium,0,42
0078bb88405b,prayer_beads,23,2,all,gaussian,medium,0,42
0078bb88405b,prayer_beads,23,3,all,gaussian,medium,0,42
0078bb88405b,prayer_beads,23,4,all,gaussian,medium,0,42
0078bb88405b,prayer_beads,23,5,all,gaussian,medium,0,42
0078bb88405b,prayer_beads,23,6,all,gaussian,medium,0,42
0078bb88405b,prayer_beads,23,7,all,gaussian,medium,0,42
0078bb88405b,prayer_beads,23,8,all,gaussian,medium,0,42
0078bb88405b,prayer_beads,23,9,all,gaussian,medium,0,42
0078bb88405b,prayer_beads,23,10,all,gaussian,medium,0,42
0078bb88405b,prayer_beads,23,11,all,gaussian,medium,0,42
0078bb88405b,prayer_beads,23,12,all,gaussian,medium,0,42
0078bb88405b,prayer_beads,23,13,all,gaussian,medium,0,42
0078bb88405b,prayer_beads,23,14,all,gaussian,medium,0,42
0078bb88405b,prayer_beads,23,15,all,gaussian,medium,0,42
0078bb88405b,prayer_beads,23,16,all,gaussian,medium,0,42
0078bb88405b,prayer_beads,23,17,all,gaussian,medium,0,42
0078bb88405b,prayer_beads,23,18,all,gaussian,medium,0,42
0078bb88405b,prayer_beads,23,19,all,gaussian,medium,0,42
0078bb88405b,prayer_beads,23,20,all,gaussian,medium,0,42
0078bb88405b,prayer_beads,24,0,all,gaussian,medium,0,42
0078bb88405b,prayer_beads,24,1,all,gaussian,medium,0,42
0078bb88405b,prayer_beads,24,2,all,gaussian,medium,0,42
0078bb88405b,prayer_beads,24,3,all,gaussian,medium,0,42
0078bb88405b,prayer_beads,24,4,all,gaussian,medium,0,42
0078bb88405b,prayer_beads,24,5,all,gaussian,medium,0,42
0078bb88405b,prayer_beads,24,6,all,gaussian,medium,0,42
0078bb88405b,prayer_beads,24,7,all,gaussian,medium,0,42
0078bb88405b,prayer_beads,24,8,all,gaussian,medium,0,42
0078bb88405b,prayer_beads,24,9,all,gaussian,medium,0,42
0078bb88405b,prayer_beads,24,10,all,gaussian,medium,0,42
0078bb88405b,prayer_beads,24,11,all,gaussian,medium,0,42
0078bb88405b,prayer_beads,24,12,all,gaussian,medium,0,42
0078bb88405b,prayer_beads,24,13,all,gaussian,medium,0,42
0078bb88405b,prayer_beads,24,14,all,gaussian,medium,0,42
0078bb88405b,prayer_beads,24,15,all,gaussian,medium,0,42
0078bb88405b,prayer_beads,24,16,all,gaussian,medium,0,42
0078bb88405b,prayer_beads,24,17,all,gaussian,medium,0,42
0078bb88405b,prayer_beads,24,18,all,gaussian,medium,0,42
0078bb88405b,prayer_beads,24,19,all,gaussian,medium,0,42
0078bb88405b,prayer_beads,24,20,all,gaussian,medium,0,42
0078bb88405b,prayer_beads,25,0,all,gaussian,medium,0,42
0078bb88405b,prayer_beads,25,1,all,gaussian,medium,0,42
0078bb88405b,prayer_beads,25,2,all,gaussian,medium,0,42
0078bb88405b,prayer_beads,25,3,all,gaussian,medium,0,42
0078bb88405b,prayer_beads,25,4,all,gaussian,medium,0,42
0078bb88405b,prayer_beads,25,5,all,gaussian,medium,0,42
0078bb88405b,prayer_beads,25,6,all,gaussian,medium,0,42
0078bb88405b,prayer_beads,25,7,all,gaussian,medium,0,42
0078bb88405b,prayer_beads,25,8,all,gaussian,medium,0,42
0078bb88405b,prayer_beads,25,9,all,gaussian,medium,0,42
0078bb88405b,prayer_beads,25,10,all,gaussian,medium,0,42
0078bb88405b,prayer_beads,25,11,all,gaussian,medium,0,42
0078bb88405b,prayer_beads,25,12,all,gaussian,medium,0,42
0078bb88405b,prayer_beads,25,13,all,gaussian,medium,0,42
0078bb88405b,prayer_beads,25,14,all,gaussian,medium,0,42
0078bb88405b,prayer_beads,25,15,all,gaussian,medium,0,42
0078bb88405b,prayer_beads,25,16,all,gaussian,medium,0,42
0078bb88405b,prayer_beads,25,17,all,gaussian,medium,0,42
0078bb88405b,prayer_beads,25,18,all,gaussian,medium,0,42
0078bb88405b,prayer_beads,25,19,all,gaussian,medium,0,42
0078bb88405b,prayer_beads,25,20,all,gaussian,medium,0,42
0078bb88405b,prayer_beads,26,0,all,gaussian,medium,0,42
0078bb88405b,prayer_beads,26,1,all,gaussian,medium,0,42
0078bb88405b,prayer_beads,26,2,all,gaussian,medium,0,42
0078bb88405b,prayer_beads,26,3,all,gaussian,medium,0,42
0078bb88405b,prayer_beads,26,4,all,gaussian,medium,0,42
0078bb88405b,prayer_beads,26,5,all,gaussian,medium,0,42
0078bb88405b,prayer_beads,26,6,all,gaussian,medium,0,42
0078bb88405b,prayer_beads,26,7,all,gaussian,medium,0,42
0078bb88405b,prayer_beads,26,8,all,gaussian,medium,0,42
0078bb88405b,prayer_beads,26,9,all,gaussian,medium,0,42
0078bb88405b,prayer_beads,26,10,all,gaussian,medium,0,42
0078bb88405b,prayer_beads,26,11,all,gaussian,medium,0,42
0078bb88405b,prayer_beads,26,12,all,gaussian,medium,0,42
0078bb88405b,prayer_beads,26,13,all,gaussian,medium,0,42
0078bb88405b,prayer_beads,26,14,all,gaussian,medium,0,42
0078bb88405b,prayer_beads,26,15,all,gaussian,medium,0,42
0078bb88405b,prayer_beads,26,16,all,gaussian,medium,0,42
0078bb88405b,prayer_beads,26,17,all,gaussian,medium,0,42
0078bb88405b,prayer_beads,26,18,all,gaussian,medium,0,42
0078bb88405b,prayer_beads,26,19,all,gaussian,medium,0,42
0078bb88405b,prayer_beads,26,20,all,gaussian,medium,0,42
0078bb88405b,prayer_beads,27,0,all,gaussian,medium,0,42
0078bb88405b,prayer_beads,27,1,all,gaussian,medium,0,42
0078bb88405b,prayer_beads,27,2,all,gaussian,medium,0,42
0078bb88405b,prayer_beads,27,3,all,gaussian,medium,0,42
0078bb88405b,prayer_beads,27,4,all,gaussian,medium,0,42
0078bb88405b,prayer_beads,27,5,all,gaussian,medium,0,42
0078bb88405b,prayer_beads,27,6,all,gaussian,medium,0,42
0078bb88405b,prayer_beads,27,7,all,gaussian,medium,0,42
0078bb88405b,prayer_beads,27,8,all,gaussian,medium,0,42
0078bb88405b,prayer_beads,27,9,all,gaussian,medium,0,42
0078bb88405b,prayer_beads,27,10,all,gaussian,medium,0,42
0078bb88405b,prayer_beads,27,11,all,gaussian,medium,0,42
0078bb88405b,prayer_beads,27,12,all,gaussian,medium,0,42
0078bb88405b,prayer_beads,27,13,all,gaussian,medium,0,42
0078bb88405b,prayer_beads,27,14,all,gaussian,medium,0,42
0078bb88405b,prayer_beads,27,15,all,gaussian,medium,0,42
0078bb88405b,prayer_beads,27,16,all,gaussian,medium,0,42
0078bb88405b,prayer_beads,27,17,all,gaussian,medium,0,42
0078bb88405b,prayer_beads,27,18,all,gaussian,medium,0,42
0078bb88405b,prayer_beads,27,19,all,gaussian,medium,0,42
0078bb88405b,prayer_beads,27,20,all,gaussian,medium,0,42
0078bb88405b,prayer_beads,28,0,all,gaussian,medium,0,42
0078bb88405b,prayer_beads,28,1,all,gaussian,medium,0,42
0078bb88405b,prayer_beads,28,2,all,gaussian,medium,0,42
0078bb88405b,prayer_beads,28,3,all,gaussian,medium,0,42
0078bb88405b,prayer_beads,28,4,all,gaussian,medium,0,42
0078bb88405b,prayer_beads,28,5,all,gaussian,medium,0,42
0078bb88405b,prayer_beads,28,6,all,gaussian,medium,0,42
0078bb88405b,prayer_beads,28,7,all,gaussian,medium,0,42
0078bb88405b,prayer_beads,28,8,all,gaussian,medium,0,42
0078bb88405b,prayer_beads,28,9,all,gaussian,medium,0,42
0078bb88405b,prayer_beads,28,10,all,gaussian,medium,0,42
0078bb88405b,prayer_beads,28,11,all,gaussian,medium,0,42
0078bb88405b,prayer_beads,28,12,all,gaussian,medium,0,42
0078bb88405b,prayer_beads,28,13,all,gaussian,medium,0,42
0078bb88405b,prayer_beads,28,14,all,gaussian,medium,0,42
0078bb88405b,prayer_beads,28,15,all,gaussian,medium,0,42
0078bb88405b,prayer_beads,28,16,all,gaussian,medium,0,42
0078bb88405b,prayer_beads,28,17,all,gaussian,medium,0,42
0078bb88405b,prayer_beads,28,18,all,gaussian,medium,0,42
0078bb88405b,prayer_beads,28,19,all,gaussian,medium,0,42
0078bb88405b,prayer_beads,28,20,all,gaussian,medium,0,42
0078bb88405b,prayer_beads,29,0,all,gaussian,medium,0,42
0078bb88405b,prayer_beads,29,1,all,gaussian,medium,0,42
0078bb88405b,prayer_beads,29,2,all,gaussian,medium,0,42
0078bb88405b,prayer_beads,29,3,all,gaussian,medium,0,42
0078bb88405b,prayer_beads,29,4,all,gaussian,medium,0,42
0078bb88405b,prayer_beads,29,5,all,gaussian,medium,0,42
0078bb88405b,prayer_beads,29,6,all,gaussian,medium,0,42
0078bb88405b,prayer_beads,29,7,all,gaussian,medium,0,42
0078bb88405b,prayer_beads,29,8,all,gaussian,medium,0,42
0078bb88405b,prayer_beads,29,9,all,gaussian,medium,0,42
0078bb88405b,prayer_beads,29,10,all,gaussian,medium,0,42
0078bb88405b,prayer_beads,29,11,all,gaussian,medium,0,42
0078bb88405b,prayer_beads,29,12,all,gaussian,medium,0,42
0078bb88405b,prayer_beads,29,13,all,gaussian,medium,0,42
0078bb88405b,prayer_beads,29,14,all,gaussian,medium,0,42
0078bb88405b,prayer_beads,29,15,all,gaussian,medium,0,42
0078bb88405b,prayer_beads,29,16,all,gaussian,medium,0,42
0078bb88405b,prayer_beads,29,17,all,gaussian,medium,0,42
0078bb88405b,prayer_beads,29,18,all,gaussian,medium,0,42
0078bb88405b,prayer_beads,29,19,all,gaussian,medium,0,42
0078bb88405b,prayer_beads,29,20,all,gaussian,medium,0,42
0078bb88405b,prayer_beads,30,0,all,gaussian,medium,0,42
0078bb88405b,prayer_beads,30,1,all,gaussian,medium,0,42
0078bb88405b,prayer_beads,30,2,all,gaussian,medium,0,42
0078bb88405b,prayer_beads,30,3,all,gaussian,medium,0,42
0078bb88405b,prayer_beads,30,4,all,gaussian,medium,0,42
0078bb88405b,prayer_beads,30,5,all,gaussian,medium,0,42
0078bb88405b,prayer_beads,30,6,all,gaussian,medium,0,42
0078bb88405b,prayer_beads,30,7,all,gaussian,medium,0,42
0078bb88405b,prayer_beads,30,8,all,gaussian,medium,0,42
0078bb88405b,prayer_beads,30,9,all,gaussian,medium,0,42
0078bb88405b,prayer_beads,30,10,all,gaussian,medium,0,42
0078bb88405b,prayer_beads,30,11,all,gaussian,medium,0,42
0078bb88405b,prayer_beads,30,12,all,gaussian,medium,0,42
0078bb88405b,prayer_beads,30,13,all,gaussian,medium,0,42
0078bb88405b,prayer_beads,30,14,all,gaussian,medium,0,42
0078bb88405b,prayer_beads,30,15,all,gaussian,medium,0,42
0078bb88405b,prayer_beads,30,16,all,gaussian,medium,0,42
0078bb88405b,prayer_beads,30,17,all,gaussian,medium,0,42
0078bb88405b,prayer_beads,30,18,all,gaussian,medium,0,42
0078bb88405b,prayer_beads,30,19,all,gaussian,medium,0,42
0078bb88405b,prayer_beads,30,20,all,gaussian,medium,0,42
0078bb88405b,prayer_beads,31,0,all,gaussian,medium,0,42
0078bb88405b,prayer_beads,31,1,all,gaussian,medium,0,42
0078bb88405b,prayer_beads,31,2,all,gaussian,medium,0,42
0078bb88405b,prayer_beads,31,3,all,gaussian,medium,0,42
0078bb88405b,prayer_beads,31,4,all,gaussian,medium,0,42
0078bb88405b,prayer_beads,31,5,all,gaussian,medium,0,42
0078bb88405b,prayer_beads,31,6,all,gaussian,medium,0,42
0078bb88405b,prayer_beads,31,7,all,gaussian,medium,0,42
0078bb88405b,prayer_beads,31,8,all,gaussian,medium,0,42
0078bb88405b,prayer_beads,31,9,all,gaussian,medium,0,42
0078bb88405b,prayer_beads,31,10,all,gaussian,medium,0,42
0078bb88405b,prayer_beads,31,11,all,gaussian,medium,0,42
0078bb88405b,prayer_beads,31,12,all,gaussian,medium,0,42
0078bb88405b,prayer_beads,31,13,all,gaussian,medium,0,42
0078bb88405b,prayer_beads,31,14,all,gaussian,medium,0,42
0078bb88405b,prayer_beads,31,15,all,gaussian,medium,0,42
0078bb88405b,prayer_beads,31,16,all,gaussian,medium,0,42
0078bb88405b,prayer_beads,31,17,all,gaussian,medium,0,42
0078bb88405b,prayer_beads,31,18,all,gaussian,medium,0,42
0078bb88405b,prayer_beads,31,19,all,gaussian,medium,0,42
0078bb88405b,prayer_beads,31,20,all,gaussian,medium,0,42
0078bb88405b,prayer_beads,32,0,all,gaussian,medium,0,42
0078bb88405b,prayer_beads,32,1,all,gaussian,medium,0,42
0078bb88405b,prayer_beads,32,2,all,gaussian,medium,0,42
0078bb88405b,prayer_beads,32,3,all,gaussian,medium,0,42
0078bb88405b,prayer_beads,32,4,all,gaussian,medium,0,42
0078bb88405b,prayer_beads,32,5,all,gaussian,medium,0,42
0078bb88405b,prayer_beads,32,6,all,gaussian,medium,0,42
0078bb88405b,prayer_beads,32,7,all,gaussian,medium,0,42
0078bb88405b,prayer_beads,32,8,all,gaussian,medium,0,42
0078bb88405b,prayer_beads,32,9,all,gaussian,medium,0,42
0078bb88405b,prayer_beads,32,10,all,gaussian,medium,0,42
0078bb88405b,prayer_beads,32,11,all,gaussian,medium,0,42
0078bb88405b,prayer_beads,32,12,all,gaussian,medium,0,42
0078bb88405b,prayer_beads,32,13,all,gaussian,medium,0,42
0078bb88405b,prayer_beads,32,14,all,gaussian,medium,0,42
0078bb88405b,prayer_beads,32,15,all,gaussian,medium,0,42
0078bb88405b,prayer_beads,32,16,all,gaussian,medium,0,42
0078bb88405b,prayer_beads,32,17,all,gaussian,medium,0,42
0078bb88405b,prayer_beads,32,18,all,gaussian,medium,0,42
0078bb88405b,prayer_beads,32,19,all,gaussian,medium,0,42
0078bb88405b,prayer_beads,32,20,all,gaussian,medium,0,42
0078bb88405b,prayer_beads,33,0,all,gaussian,medium,0,42
0078bb88405b,prayer_beads,33,1,all,gaussian,medium,0,42
0078bb88405b,prayer_beads,33,2,all,gaussian,medium,0,42
0078bb88405b,prayer_beads,33,3,all,gaussian,medium,0,42
0078bb88405b,prayer_beads,33,4,all,gaussian,medium,0,42
0078bb88405b,prayer_beads,33,5,all,gaussian,medium,0,42
0078bb88405b,prayer_beads,33,6,all,gaussian,medium,0,42
0078bb88405b,prayer_beads,33,7,all,gaussian,medium,0,42
0078bb88405b,prayer_beads,33,8,all,gaussian,medium,0,42
0078bb88405b,prayer_beads,33,9,all,gaussian,medium,0,42
0078bb88405b,prayer_beads,33,10,all,gaussian,medium,0,42
0078bb88405b,prayer_beads,33,11,all,gaussian,medium,0,42
0078bb88405b,prayer_beads,33,12,all,gaussian,medium,0,42
0078bb88405b,prayer_beads,33,13,all,gaussian,medium,0,42
0078bb88405b,prayer_beads,33,14,all,gaussian,medium,0,42
0078bb88405b,prayer_beads,33,15,all,gaussian,medium,0,42
0078bb88405b,prayer_beads,33,16,all,gaussian,medium,0,42
0078bb88405b,prayer_beads,33,17,all,gaussian,medium,0,42
0078bb88405b,prayer_beads,33,18,all,gaussian,medium,0,42
0078bb88405b,prayer_beads,33,19,all,gaussian,medium,0,42
0078bb88405b,prayer_beads,33,20,all,gaussian,medium,0,42
010a5011bcfd,orchid_finger,19,14,ring,spike,fixed,3,43
010a5011bcfd,orchid_finger,20,14,ring,spike,fixed,3,43
010a5011bcfd,orchid_finger,21,14,ring,spike,fixed,3,43
05c116dc4ea7,three_finger_bent,25,9,middle,occlusion,short,5,44
05c116dc4ea7,three_finger_bent,25,10,middle,occlusion,short,5,44
05c116dc4ea7,three_finger_bent,25,11,middle,occlusion,short,5,44
05c116dc4ea7,three_finger_bent,25,12,middle,occlusion,short,5,44
05c116dc4ea7,three_finger_bent,26,9,middle,occlusion,short,5,44
05c116dc4ea7,three_finger_bent,26,10,middle,occlusion,short,5,44
05c116dc4ea7,three_finger_bent,26,11,middle,occlusion,short,5,44
05c116dc4ea7,three_finger_bent,26,12,middle,occlusion,short,5,44
05c116dc4ea7,three_finger_bent,27,9,middle,occlusion,short,5,44
05c116dc4ea7,three_finger_bent,27,10,middle,occlusion,short,5,44
05c116dc4ea7,three_finger_bent,27,11,middle,occlusion,short,5,44
05c116dc4ea7,three_finger_bent,27,12,middle,occlusion,short,5,44
05c116dc4ea7,three_finger_bent,28,9,middle,occlusion,short,5,44
05c116dc4ea7,three_finger_bent,28,10,middle,occlusion,short,5,44
05c116dc4ea7,three_finger_bent,28,11,middle,occlusion,short,5,44
05c116dc4ea7,three_finger_bent,28,12,middle,occlusion,short,5,44
05c116dc4ea7,three_finger_bent,29,9,middle,occlusion,short,5,44
05c116dc4ea7,three_finger_bent,29,10,middle,occlusion,short,5,44
05c116dc4ea7,three_finger_bent,29,11,middle,occlusion,short,5,44
05c116dc4ea7,three_finger_bent,29,12,middle,occlusion,short,5,44
088859eb0563,deer_horn,0,0,all,gaussian,medium,0,45
088859eb0563,deer_horn,0,1,all,gaussian,medium,0,45
088859eb0563,deer_horn,0,2,all,gaussian,medium,0,45
088859eb0563,deer_horn,0,3,all,gaussian,medium,0,45
088859eb0563,deer_horn,0,4,all,gaussian,medium,0,45
088859eb0563,deer_horn,0,5,all,gaussian,medium,0,45
088859eb0563,deer_horn,0,6,all,gaussian,medium,0,45
088859eb0563,deer_horn,0,7,all,gaussian,medium,0,45
088859eb0563,deer_horn,0,8,all,gaussian,medium,0,45
088859eb0563,deer_horn,0,9,all,gaussian,medium,0,45
088859eb0563,deer_horn,0,10,all,gaussian,medium,0,45
088859eb0563,deer_horn,0,11,all,gaussian,medium,0,45
088859eb0563,deer_horn,0,12,all,gaussian,medium,0,45
088859eb0563,deer_horn,0,13,all,gaussian,medium,0,45
088859eb0563,deer_horn,0,14,all,gaussian,medium,0,45
088859eb0563,deer_horn,0,15,all,gaussian,medium,0,45
088859eb0563,deer_horn,0,16,all,gaussian,medium,0,45
088859eb0563,deer_horn,0,17,all,gaussian,medium,0,45
088859eb0563,deer_horn,0,18,all,gaussian,medium,0,45
088859eb0563,deer_horn,0,19,all,gaussian,medium,0,45
088859eb0563,deer_horn,0,20,all,gaussian,medium,0,45
088859eb0563,deer_horn,1,0,all,gaussian,medium,0,45
088859eb0563,deer_horn,1,1,all,gaussian,medium,0,45
088859eb0563,deer_horn,1,2,all,gaussian,medium,0,45
088859eb0563,deer_horn,1,3,all,gaussian,medium,0,45
088859eb0563,deer_horn,1,4,all,gaussian,medium,0,45
088859eb0563,deer_horn,1,5,all,gaussian,medium,0,45
088859eb0563,deer_horn,1,6,all,gaussian,medium,0,45
088859eb0563,deer_horn,1,7,all,gaussian,medium,0,45
088859eb0563,deer_horn,1,8,all,gaussian,medium,0,45
088859eb0563,deer_horn,1,9,all,gaussian,medium,0,45
088859eb0563,deer_horn,1,10,all,gaussian,medium,0,45
088859eb0563,deer_horn,1,11,all,gaussian,medium,0,45
088859eb0563,deer_horn,1,12,all,gaussian,medium,0,45
088859eb0563,deer_horn,1,13,all,gaussian,medium,0,45
088859eb0563,deer_horn,1,14,all,gaussian,medium,0,45
088859eb0563,deer_horn,1,15,all,gaussian,medium,0,45
088859eb0563,deer_horn,1,16,all,gaussian,medium,0,45
088859eb0563,deer_horn,1,17,all,gaussian,medium,0,45
088859eb0563,deer_horn,1,18,all,gaussian,medium,0,45
088859eb0563,deer_horn,1,19,all,gaussian,medium,0,45
088859eb0563,deer_horn,1,20,all,gaussian,medium,0,45
088859eb0563,deer_horn,2,0,all,gaussian,medium,0,45
088859eb0563,deer_horn,2,1,all,gaussian,medium,0,45
088859eb0563,deer_horn,2,2,all,gaussian,medium,0,45
088859eb0563,deer_horn,2,3,all,gaussian,medium,0,45
088859eb0563,deer_horn,2,4,all,gaussian,medium,0,45
088859eb0563,deer_horn,2,5,all,gaussian,medium,0,45
088859eb0563,deer_horn,2,6,all,gaussian,medium,0,45
088859eb0563,deer_horn,2,7,all,gaussian,medium,0,45
088859eb0563,deer_horn,2,8,all,gaussian,medium,0,45
088859eb0563,deer_horn,2,9,all,gaussian,medium,0,45
088859eb0563,deer_horn,2,10,all,gaussian,medium,0,45
088859eb0563,deer_horn,2,11,all,gaussian,medium,0,45
088859eb0563,deer_horn,2,12,all,gaussian,medium,0,45
088859eb0563,deer_horn,2,13,all,gaussian,medium,0,45
088859eb0563,deer_horn,2,14,all,gaussian,medium,0,45
088859eb0563,deer_horn,2,15,all,gaussian,medium,0,45
088859eb0563,deer_horn,2,16,all,gaussian,medium,0,45
088859eb0563,deer_horn,2,17,all,gaussian,medium,0,45
088859eb0563,deer_horn,2,18,all,gaussian,medium,0,45
088859eb0563,deer_horn,2,19,all,gaussian,medium,0,45
088859eb0563,deer_horn,2,20,all,gaussian,medium,0,45
088859eb0563,deer_horn,3,0,all,gaussian,medium,0,45
088859eb0563,deer_horn,3,1,all,gaussian,medium,0,45
088859eb0563,deer_horn,3,2,all,gaussian,medium,0,45
088859eb0563,deer_horn,3,3,all,gaussian,medium,0,45
088859eb0563,deer_horn,3,4,all,gaussian,medium,0,45
088859eb0563,deer_horn,3,5,all,gaussian,medium,0,45
088859eb0563,deer_horn,3,6,all,gaussian,medium,0,45
088859eb0563,deer_horn,3,7,all,gaussian,medium,0,45
088859eb0563,deer_horn,3,8,all,gaussian,medium,0,45
088859eb0563,deer_horn,3,9,all,gaussian,medium,0,45
088859eb0563,deer_horn,3,10,all,gaussian,medium,0,45
088859eb0563,deer_horn,3,11,all,gaussian,medium,0,45
088859eb0563,deer_horn,3,12,all,gaussian,medium,0,45
088859eb0563,deer_horn,3,13,all,gaussian,medium,0,45
088859eb0563,deer_horn,3,14,all,gaussian,medium,0,45
088859eb0563,deer_horn,3,15,all,gaussian,medium,0,45
088859eb0563,deer_horn,3,16,all,gaussian,medium,0,45
088859eb0563,deer_horn,3,17,all,gaussian,medium,0,45
088859eb0563,deer_horn,3,18,all,gaussian,medium,0,45
088859eb0563,deer_horn,3,19,all,gaussian,medium,0,45
088859eb0563,deer_horn,3,20,all,gaussian,medium,0,45
088859eb0563,deer_horn,4,0,all,gaussian,medium,0,45
088859eb0563,deer_horn,4,1,all,gaussian,medium,0,45
088859eb0563,deer_horn,4,2,all,gaussian,medium,0,45
088859eb0563,deer_horn,4,3,all,gaussian,medium,0,45
088859eb0563,deer_horn,4,4,all,gaussian,medium,0,45
088859eb0563,deer_horn,4,5,all,gaussian,medium,0,45
088859eb0563,deer_horn,4,6,all,gaussian,medium,0,45
088859eb0563,deer_horn,4,7,all,gaussian,medium,0,45
088859eb0563,deer_horn,4,8,all,gaussian,medium,0,45
088859eb0563,deer_horn,4,9,all,gaussian,medium,0,45
088859eb0563,deer_horn,4,10,all,gaussian,medium,0,45
088859eb0563,deer_horn,4,11,all,gaussian,medium,0,45
088859eb0563,deer_horn,4,12,all,gaussian,medium,0,45
088859eb0563,deer_horn,4,13,all,gaussian,medium,0,45
088859eb0563,deer_horn,4,14,all,gaussian,medium,0,45
088859eb0563,deer_horn,4,15,all,gaussian,medium,0,45
088859eb0563,deer_horn,4,16,all,gaussian,medium,0,45
088859eb0563,deer_horn,4,17,all,gaussian,medium,0,45
088859eb0563,deer_horn,4,18,all,gaussian,medium,0,45
088859eb0563,deer_horn,4,19,all,gaussian,medium,0,45
088859eb0563,deer_horn,4,20,all,gaussian,medium,0,45
088859eb0563,deer_horn,5,0,all,gaussian,medium,0,45
088859eb0563,deer_horn,5,1,all,gaussian,medium,0,45
088859eb0563,deer_horn,5,2,all,gaussian,medium,0,45
088859eb0563,deer_horn,5,3,all,gaussian,medium,0,45
088859eb0563,deer_horn,5,4,all,gaussian,medium,0,45
088859eb0563,deer_horn,5,5,all,gaussian,medium,0,45
088859eb0563,deer_horn,5,6,all,gaussian,medium,0,45
088859eb0563,deer_horn,5,7,all,gaussian,medium,0,45
088859eb0563,deer_horn,5,8,all,gaussian,medium,0,45
088859eb0563,deer_horn,5,9,all,gaussian,medium,0,45
088859eb0563,deer_horn,5,10,all,gaussian,medium,0,45
088859eb0563,deer_horn,5,11,all,gaussian,medium,0,45
088859eb0563,deer_horn,5,12,all,gaussian,medium,0,45
088859eb0563,deer_horn,5,13,all,gaussian,medium,0,45
088859eb0563,deer_horn,5,14,all,gaussian,medium,0,45
088859eb0563,deer_horn,5,15,all,gaussian,medium,0,45
088859eb0563,deer_horn,5,16,all,gaussian,medium,0,45
088859eb0563,deer_horn,5,17,all,gaussian,medium,0,45
088859eb0563,deer_horn,5,18,all,gaussian,medium,0,45
088859eb0563,deer_horn,5,19,all,gaussian,medium,0,45
088859eb0563,deer_horn,5,20,all,gaussian,medium,0,45
088859eb0563,deer_horn,6,0,all,gaussian,medium,0,45
088859eb0563,deer_horn,6,1,all,gaussian,medium,0,45
088859eb0563,deer_horn,6,2,all,gaussian,medium,0,45
088859eb0563,deer_horn,6,3,all,gaussian,medium,0,45
088859eb0563,deer_horn,6,4,all,gaussian,medium,0,45
088859eb0563,deer_horn,6,5,all,gaussian,medium,0,45
088859eb0563,deer_horn,6,6,all,gaussian,medium,0,45
088859eb0563,deer_horn,6,7,all,gaussian,medium,0,45
088859eb0563,deer_horn,6,8,all,gaussian,medium,0,45
088859eb0563,deer_horn,6,9,all,gaussian,medium,0,45
088859eb0563,deer_horn,6,10,all,gaussian,medium,0,45
088859eb0563,deer_horn,6,11,all,gaussian,medium,0,45
088859eb0563,deer_horn,6,12,all,gaussian,medium,0,45
088859eb0563,deer_horn,6,13,all,gaussian,medium,0,45
088859eb0563,deer_horn,6,14,all,gaussian,medium,0,45
088859eb0563,deer_horn,6,15,all,gaussian,medium,0,45
088859eb0563,deer_horn,6,16,all,gaussian,medium,0,45
088859eb0563,deer_horn,6,17,all,gaussian,medium,0,45
088859eb0563,deer_horn,6,18,all,gaussian,medium,0,45
088859eb0563,deer_horn,6,19,all,gaussian,medium,0,45
088859eb0563,deer_horn,6,20,all,gaussian,medium,0,45
088859eb0563,deer_horn,7,0,all,gaussian,medium,0,45
088859eb0563,deer_horn,7,1,all,gaussian,medium,0,45
088859eb0563,deer_horn,7,2,all,gaussian,medium,0,45
088859eb0563,deer_horn,7,3,all,gaussian,medium,0,45
088859eb0563,deer_horn,7,4,all,gaussian,medium,0,45
088859eb0563,deer_horn,7,5,all,gaussian,medium,0,45
088859eb0563,deer_horn,7,6,all,gaussian,medium,0,45
088859eb0563,deer_horn,7,7,all,gaussian,medium,0,45
088859eb0563,deer_horn,7,8,all,gaussian,medium,0,45
088859eb0563,deer_horn,7,9,all,gaussian,medium,0,45
088859eb0563,deer_horn,7,10,all,gaussian,medium,0,45
088859eb0563,deer_horn,7,11,all,gaussian,medium,0,45
088859eb0563,deer_horn,7,12,all,gaussian,medium,0,45
088859eb0563,deer_horn,7,13,all,gaussian,medium,0,45
088859eb0563,deer_horn,7,14,all,gaussian,medium,0,45
088859eb0563,deer_horn,7,15,all,gaussian,medium,0,45
088859eb0563,deer_horn,7,16,all,gaussian,medium,0,45
088859eb0563,deer_horn,7,17,all,gaussian,medium,0,45
088859eb0563,deer_horn,7,18,all,gaussian,medium,0,45
088859eb0563,deer_horn,7,19,all,gaussian,medium,0,45
088859eb0563,deer_horn,7,20,all,gaussian,medium,0,45
088859eb0563,deer_horn,8,0,all,gaussian,medium,0,45
088859eb0563,deer_horn,8,1,all,gaussian,medium,0,45
088859eb0563,deer_horn,8,2,all,gaussian,medium,0,45
088859eb0563,deer_horn,8,3,all,gaussian,medium,0,45
088859eb0563,deer_horn,8,4,all,gaussian,medium,0,45
088859eb0563,deer_horn,8,5,all,gaussian,medium,0,45
088859eb0563,deer_horn,8,6,all,gaussian,medium,0,45
088859eb0563,deer_horn,8,7,all,gaussian,medium,0,45
088859eb0563,deer_horn,8,8,all,gaussian,medium,0,45
088859eb0563,deer_horn,8,9,all,gaussian,medium,0,45
088859eb0563,deer_horn,8,10,all,gaussian,medium,0,45
088859eb0563,deer_horn,8,11,all,gaussian,medium,0,45
088859eb0563,deer_horn,8,12,all,gaussian,medium,0,45
088859eb0563,deer_horn,8,13,all,gaussian,medium,0,45
088859eb0563,deer_horn,8,14,all,gaussian,medium,0,45
088859eb0563,deer_horn,8,15,all,gaussian,medium,0,45
088859eb0563,deer_horn,8,16,all,gaussian,medium,0,45
088859eb0563,deer_horn,8,17,all,gaussian,medium,0,45
088859eb0563,deer_horn,8,18,all,gaussian,medium,0,45
088859eb0563,deer_horn,8,19,all,gaussian,medium,0,45
088859eb0563,deer_horn,8,20,all,gaussian,medium,0,45
088859eb0563,deer_horn,9,0,all,gaussian,medium,0,45
088859eb0563,deer_horn,9,1,all,gaussian,medium,0,45
088859eb0563,deer_horn,9,2,all,gaussian,medium,0,45
088859eb0563,deer_horn,9,3,all,gaussian,medium,0,45
088859eb0563,deer_horn,9,4,all,gaussian,medium,0,45
088859eb0563,deer_horn,9,5,all,gaussian,medium,0,45
088859eb0563,deer_horn,9,6,all,gaussian,medium,0,45
088859eb0563,deer_horn,9,7,all,gaussian,medium,0,45
088859eb0563,deer_horn,9,8,all,gaussian,medium,0,45
088859eb0563,deer_horn,9,9,all,gaussian,medium,0,45
088859eb0563,deer_horn,9,10,all,gaussian,medium,0,45
088859eb0563,deer_horn,9,11,all,gaussian,medium,0,45
088859eb0563,deer_horn,9,12,all,gaussian,medium,0,45
088859eb0563,deer_horn,9,13,all,gaussian,medium,0,45
088859eb0563,deer_horn,9,14,all,gaussian,medium,0,45
088859eb0563,deer_horn,9,15,all,gaussian,medium,0,45
088859eb0563,deer_horn,9,16,all,gaussian,medium,0,45
088859eb0563,deer_horn,9,17,all,gaussian,medium,0,45
088859eb0563,deer_horn,9,18,all,gaussian,medium,0,45
088859eb0563,deer_horn,9,19,all,gaussian,medium,0,45
088859eb0563,deer_horn,9,20,all,gaussian,medium,0,45
088859eb0563,deer_horn,10,0,all,gaussian,medium,0,45
088859eb0563,deer_horn,10,1,all,gaussian,medium,0,45
088859eb0563,deer_horn,10,2,all,gaussian,medium,0,45
088859eb0563,deer_horn,10,3,all,gaussian,medium,0,45
088859eb0563,deer_horn,10,4,all,gaussian,medium,0,45
088859eb0563,deer_horn,10,5,all,gaussian,medium,0,45
088859eb0563,deer_horn,10,6,all,gaussian,medium,0,45
088859eb0563,deer_horn,10,7,all,gaussian,medium,0,45
088859eb0563,deer_horn,10,8,all,gaussian,medium,0,45
088859eb0563,deer_horn,10,9,all,gaussian,medium,0,45
088859eb0563,deer_horn,10,10,all,gaussian,medium,0,45
088859eb0563,deer_horn,10,11,all,gaussian,medium,0,45
088859eb0563,deer_horn,10,12,all,gaussian,medium,0,45
088859eb0563,deer_horn,10,13,all,gaussian,medium,0,45
088859eb0563,deer_horn,10,14,all,gaussian,medium,0,45
088859eb0563,deer_horn,10,15,all,gaussian,medium,0,45
088859eb0563,deer_horn,10,16,all,gaussian,medium,0,45
088859eb0563,deer_horn,10,17,all,gaussian,medium,0,45
088859eb0563,deer_horn,10,18,all,gaussian,medium,0,45
088859eb0563,deer_horn,10,19,all,gaussian,medium,0,45
088859eb0563,deer_horn,10,20,all,gaussian,medium,0,45
088859eb0563,deer_horn,11,0,all,gaussian,medium,0,45
088859eb0563,deer_horn,11,1,all,gaussian,medium,0,45
088859eb0563,deer_horn,11,2,all,gaussian,medium,0,45
088859eb0563,deer_horn,11,3,all,gaussian,medium,0,45
088859eb0563,deer_horn,11,4,all,gaussian,medium,0,45
088859eb0563,deer_horn,11,5,all,gaussian,medium,0,45
088859eb0563,deer_horn,11,6,all,gaussian,medium,0,45
088859eb0563,deer_horn,11,7,all,gaussian,medium,0,45
088859eb0563,deer_horn,11,8,all,gaussian,medium,0,45
088859eb0563,deer_horn,11,9,all,gaussian,medium,0,45
088859eb0563,deer_horn,11,10,all,gaussian,medium,0,45
088859eb0563,deer_horn,11,11,all,gaussian,medium,0,45
088859eb0563,deer_horn,11,12,all,gaussian,medium,0,45
088859eb0563,deer_horn,11,13,all,gaussian,medium,0,45
088859eb0563,deer_horn,11,14,all,gaussian,medium,0,45
088859eb0563,deer_horn,11,15,all,gaussian,medium,0,45
088859eb0563,deer_horn,11,16,all,gaussian,medium,0,45
088859eb0563,deer_horn,11,17,all,gaussian,medium,0,45
088859eb0563,deer_horn,11,18,all,gaussian,medium,0,45
088859eb0563,deer_horn,11,19,all,gaussian,medium,0,45
088859eb0563,deer_horn,11,20,all,gaussian,medium,0,45
088859eb0563,deer_horn,12,0,all,gaussian,medium,0,45
088859eb0563,deer_horn,12,1,all,gaussian,medium,0,45
088859eb0563,deer_horn,12,2,all,gaussian,medium,0,45
088859eb0563,deer_horn,12,3,all,gaussian,medium,0,45
088859eb0563,deer_horn,12,4,all,gaussian,medium,0,45
088859eb0563,deer_horn,12,5,all,gaussian,medium,0,45
088859eb0563,deer_horn,12,6,all,gaussian,medium,0,45
088859eb0563,deer_horn,12,7,all,gaussian,medium,0,45
088859eb0563,deer_horn,12,8,all,gaussian,medium,0,45
088859eb0563,deer_horn,12,9,all,gaussian,medium,0,45
088859eb0563,deer_horn,12,10,all,gaussian,medium,0,45
088859eb0563,deer_horn,12,11,all,gaussian,medium,0,45
088859eb0563,deer_horn,12,12,all,gaussian,medium,0,45
088859eb0563,deer_horn,12,13,all,gaussian,medium,0,45
088859eb0563,deer_horn,12,14,all,gaussian,medium,0,45
088859eb0563,deer_horn,12,15,all,gaussian,medium,0,45
088859eb0563,deer_horn,12,16,all,gaussian,medium,0,45
088859eb0563,deer_horn,12,17,all,gaussian,medium,0,45
088859eb0563,deer_horn,12,18,all,gaussian,medium,0,45
088859eb0563,deer_horn,12,19,all,gaussian,medium,0,45
088859eb0563,deer_horn,12,20,all,gaussian,medium,0,45
088859eb0563,deer_horn,13,0,all,gaussian,medium,0,45
088859eb0563,deer_horn,13,1,all,gaussian,medium,0,45
088859eb0563,deer_horn,13,2,all,gaussian,medium,0,45
088859eb0563,deer_horn,13,3,all,gaussian,medium,0,45
088859eb0563,deer_horn,13,4,all,gaussian,medium,0,45
088859eb0563,deer_horn,13,5,all,gaussian,medium,0,45
088859eb0563,deer_horn,13,6,all,gaussian,medium,0,45
088859eb0563,deer_horn,13,7,all,gaussian,medium,0,45
088859eb0563,deer_horn,13,8,all,gaussian,medium,0,45
088859eb0563,deer_horn,13,9,all,gaussian,medium,0,45
088859eb0563,deer_horn,13,10,all,gaussian,medium,0,45
088859eb0563,deer_horn,13,11,all,gaussian,medium,0,45
088859eb0563,deer_horn,13,12,all,gaussian,medium,0,45
088859eb0563,deer_horn,13,13,all,gaussian,medium,0,45
088859eb0563,deer_horn,13,14,all,gaussian,medium,0,45
088859eb0563,deer_horn,13,15,all,gaussian,medium,0,45
088859eb0563,deer_horn,13,16,all,gaussian,medium,0,45
088859eb0563,deer_horn,13,17,all,gaussian,medium,0,45
088859eb0563,deer_horn,13,18,all,gaussian,medium,0,45
088859eb0563,deer_horn,13,19,all,gaussian,medium,0,45
088859eb0563,deer_horn,13,20,all,gaussian,medium,0,45
088859eb0563,deer_horn,14,0,all,gaussian,medium,0,45
088859eb0563,deer_horn,14,1,all,gaussian,medium,0,45
088859eb0563,deer_horn,14,2,all,gaussian,medium,0,45
088859eb0563,deer_horn,14,3,all,gaussian,medium,0,45
088859eb0563,deer_horn,14,4,all,gaussian,medium,0,45
088859eb0563,deer_horn,14,5,all,gaussian,medium,0,45
088859eb0563,deer_horn,14,6,all,gaussian,medium,0,45
088859eb0563,deer_horn,14,7,all,gaussian,medium,0,45
088859eb0563,deer_horn,14,8,all,gaussian,medium,0,45
088859eb0563,deer_horn,14,9,all,gaussian,medium,0,45
088859eb0563,deer_horn,14,10,all,gaussian,medium,0,45
088859eb0563,deer_horn,14,11,all,gaussian,medium,0,45
088859eb0563,deer_horn,14,12,all,gaussian,medium,0,45
088859eb0563,deer_horn,14,13,all,gaussian,medium,0,45
088859eb0563,deer_horn,14,14,all,gaussian,medium,0,45
088859eb0563,deer_horn,14,15,all,gaussian,medium,0,45
088859eb0563,deer_horn,14,16,all,gaussian,medium,0,45
088859eb0563,deer_horn,14,17,all,gaussian,medium,0,45
088859eb0563,deer_horn,14,18,all,gaussian,medium,0,45
088859eb0563,deer_horn,14,19,all,gaussian,medium,0,45
088859eb0563,deer_horn,14,20,all,gaussian,medium,0,45
088859eb0563,deer_horn,15,0,all,gaussian,medium,0,45
088859eb0563,deer_horn,15,1,all,gaussian,medium,0,45
088859eb0563,deer_horn,15,2,all,gaussian,medium,0,45
088859eb0563,deer_horn,15,3,all,gaussian,medium,0,45
088859eb0563,deer_horn,15,4,all,gaussian,medium,0,45
088859eb0563,deer_horn,15,5,all,gaussian,medium,0,45
088859eb0563,deer_horn,15,6,all,gaussian,medium,0,45
088859eb0563,deer_horn,15,7,all,gaussian,medium,0,45
088859eb0563,deer_horn,15,8,all,gaussian,medium,0,45
088859eb0563,deer_horn,15,9,all,gaussian,medium,0,45
088859eb0563,deer_horn,15,10,all,gaussian,medium,0,45
088859eb0563,deer_horn,15,11,all,gaussian,medium,0,45
088859eb0563,deer_horn,15,12,all,gaussian,medium,0,45
088859eb0563,deer_horn,15,13,all,gaussian,medium,0,45
088859eb0563,deer_horn,15,14,all,gaussian,medium,0,45
088859eb0563,deer_horn,15,15,all,gaussian,medium,0,45
088859eb0563,deer_horn,15,16,all,gaussian,medium,0,45
088859eb0563,deer_horn,15,17,all,gaussian,medium,0,45
088859eb0563,deer_horn,15,18,all,gaussian,medium,0,45
088859eb0563,deer_horn,15,19,all,gaussian,medium,0,45
088859eb0563,deer_horn,15,20,all,gaussian,medium,0,45
088859eb0563,deer_horn,16,0,all,gaussian,medium,0,45
088859eb0563,deer_horn,16,1,all,gaussian,medium,0,45
088859eb0563,deer_horn,16,2,all,gaussian,medium,0,45
088859eb0563,deer_horn,16,3,all,gaussian,medium,0,45
088859eb0563,deer_horn,16,4,all,gaussian,medium,0,45
088859eb0563,deer_horn,16,5,all,gaussian,medium,0,45
088859eb0563,deer_horn,16,6,all,gaussian,medium,0,45
088859eb0563,deer_horn,16,7,all,gaussian,medium,0,45
088859eb0563,deer_horn,16,8,all,gaussian,medium,0,45
088859eb0563,deer_horn,16,9,all,gaussian,medium,0,45
088859eb0563,deer_horn,16,10,all,gaussian,medium,0,45
088859eb0563,deer_horn,16,11,all,gaussian,medium,0,45
088859eb0563,deer_horn,16,12,all,gaussian,medium,0,45
088859eb0563,deer_horn,16,13,all,gaussian,medium,0,45
088859eb0563,deer_horn,16,14,all,gaussian,medium,0,45
088859eb0563,deer_horn,16,15,all,gaussian,medium,0,45
088859eb0563,deer_horn,16,16,all,gaussian,medium,0,45
088859eb0563,deer_horn,16,17,all,gaussian,medium,0,45
088859eb0563,deer_horn,16,18,all,gaussian,medium,0,45
088859eb0563,deer_horn,16,19,all,gaussian,medium,0,45
088859eb0563,deer_horn,16,20,all,gaussian,medium,0,45
088859eb0563,deer_horn,17,0,all,gaussian,medium,0,45
088859eb0563,deer_horn,17,1,all,gaussian,medium,0,45
088859eb0563,deer_horn,17,2,all,gaussian,medium,0,45
088859eb0563,deer_horn,17,3,all,gaussian,medium,0,45
088859eb0563,deer_horn,17,4,all,gaussian,medium,0,45
088859eb0563,deer_horn,17,5,all,gaussian,medium,0,45
088859eb0563,deer_horn,17,6,all,gaussian,medium,0,45
088859eb0563,deer_horn,17,7,all,gaussian,medium,0,45
088859eb0563,deer_horn,17,8,all,gaussian,medium,0,45
088859eb0563,deer_horn,17,9,all,gaussian,medium,0,45
088859eb0563,deer_horn,17,10,all,gaussian,medium,0,45
088859eb0563,deer_horn,17,11,all,gaussian,medium,0,45
088859eb0563,deer_horn,17,12,all,gaussian,medium,0,45
088859eb0563,deer_horn,17,13,all,gaussian,medium,0,45
088859eb0563,deer_horn,17,14,all,gaussian,medium,0,45
088859eb0563,deer_horn,17,15,all,gaussian,medium,0,45
088859eb0563,deer_horn,17,16,all,gaussian,medium,0,45
088859eb0563,deer_horn,17,17,all,gaussian,medium,0,45
088859eb0563,deer_horn,17,18,all,gaussian,medium,0,45
088859eb0563,deer_horn,17,19,all,gaussian,medium,0,45
088859eb0563,deer_horn,17,20,all,gaussian,medium,0,45
088859eb0563,deer_horn,18,0,all,gaussian,medium,0,45
088859eb0563,deer_horn,18,1,all,gaussian,medium,0,45
088859eb0563,deer_horn,18,2,all,gaussian,medium,0,45
088859eb0563,deer_horn,18,3,all,gaussian,medium,0,45
088859eb0563,deer_horn,18,4,all,gaussian,medium,0,45
088859eb0563,deer_horn,18,5,all,gaussian,medium,0,45
088859eb0563,deer_horn,18,6,all,gaussian,medium,0,45
088859eb0563,deer_horn,18,7,all,gaussian,medium,0,45
088859eb0563,deer_horn,18,8,all,gaussian,medium,0,45
088859eb0563,deer_horn,18,9,all,gaussian,medium,0,45
088859eb0563,deer_horn,18,10,all,gaussian,medium,0,45
088859eb0563,deer_horn,18,11,all,gaussian,medium,0,45
088859eb0563,deer_horn,18,12,all,gaussian,medium,0,45
088859eb0563,deer_horn,18,13,all,gaussian,medium,0,45
088859eb0563,deer_horn,18,14,all,gaussian,medium,0,45
088859eb0563,deer_horn,18,15,all,gaussian,medium,0,45
088859eb0563,deer_horn,18,16,all,gaussian,medium,0,45
088859eb0563,deer_horn,18,17,all,gaussian,medium,0,45
088859eb0563,deer_horn,18,18,all,gaussian,medium,0,45
088859eb0563,deer_horn,18,19,all,gaussian,medium,0,45
088859eb0563,deer_horn,18,20,all,gaussian,medium,0,45
088859eb0563,deer_horn,19,0,all,gaussian,medium,0,45
088859eb0563,deer_horn,19,1,all,gaussian,medium,0,45
088859eb0563,deer_horn,19,2,all,gaussian,medium,0,45
088859eb0563,deer_horn,19,3,all,gaussian,medium,0,45
088859eb0563,deer_horn,19,4,all,gaussian,medium,0,45
088859eb0563,deer_horn,19,5,all,gaussian,medium,0,45
088859eb0563,deer_horn,19,6,all,gaussian,medium,0,45
088859eb0563,deer_horn,19,7,all,gaussian,medium,0,45
088859eb0563,deer_horn,19,8,all,gaussian,medium,0,45
088859eb0563,deer_horn,19,9,all,gaussian,medium,0,45
088859eb0563,deer_horn,19,10,all,gaussian,medium,0,45
088859eb0563,deer_horn,19,11,all,gaussian,medium,0,45
088859eb0563,deer_horn,19,12,all,gaussian,medium,0,45
088859eb0563,deer_horn,19,13,all,gaussian,medium,0,45
088859eb0563,deer_horn,19,14,all,gaussian,medium,0,45
088859eb0563,deer_horn,19,15,all,gaussian,medium,0,45
088859eb0563,deer_horn,19,16,all,gaussian,medium,0,45
088859eb0563,deer_horn,19,17,all,gaussian,medium,0,45
088859eb0563,deer_horn,19,18,all,gaussian,medium,0,45
088859eb0563,deer_horn,19,19,all,gaussian,medium,0,45
088859eb0563,deer_horn,19,20,all,gaussian,medium,0,45
088859eb0563,deer_horn,20,0,all,gaussian,medium,0,45
088859eb0563,deer_horn,20,1,all,gaussian,medium,0,45
088859eb0563,deer_horn,20,2,all,gaussian,medium,0,45
088859eb0563,deer_horn,20,3,all,gaussian,medium,0,45
088859eb0563,deer_horn,20,4,all,gaussian,medium,0,45
088859eb0563,deer_horn,20,5,all,gaussian,medium,0,45
088859eb0563,deer_horn,20,6,all,gaussian,medium,0,45
088859eb0563,deer_horn,20,7,all,gaussian,medium,0,45
088859eb0563,deer_horn,20,8,all,gaussian,medium,0,45
088859eb0563,deer_horn,20,9,all,gaussian,medium,0,45
088859eb0563,deer_horn,20,10,all,gaussian,medium,0,45
088859eb0563,deer_horn,20,11,all,gaussian,medium,0,45
088859eb0563,deer_horn,20,12,all,gaussian,medium,0,45
088859eb0563,deer_horn,20,13,all,gaussian,medium,0,45
088859eb0563,deer_horn,20,14,all,gaussian,medium,0,45
088859eb0563,deer_horn,20,15,all,gaussian,medium,0,45
088859eb0563,deer_horn,20,16,all,gaussian,medium,0,45
088859eb0563,deer_horn,20,17,all,gaussian,medium,0,45
088859eb0563,deer_horn,20,18,all,gaussian,medium,0,45
088859eb0563,deer_horn,20,19,all,gaussian,medium,0,45
088859eb0563,deer_horn,20,20,all,gaussian,medium,0,45
088859eb0563,deer_horn,21,0,all,gaussian,medium,0,45
088859eb0563,deer_horn,21,1,all,gaussian,medium,0,45
088859eb0563,deer_horn,21,2,all,gaussian,medium,0,45
088859eb0563,deer_horn,21,3,all,gaussian,medium,0,45
088859eb0563,deer_horn,21,4,all,gaussian,medium,0,45
088859eb0563,deer_horn,21,5,all,gaussian,medium,0,45
088859eb0563,deer_horn,21,6,all,gaussian,medium,0,45
088859eb0563,deer_horn,21,7,all,gaussian,medium,0,45
088859eb0563,deer_horn,21,8,all,gaussian,medium,0,45
088859eb0563,deer_horn,21,9,all,gaussian,medium,0,45
088859eb0563,deer_horn,21,10,all,gaussian,medium,0,45
088859eb0563,deer_horn,21,11,all,gaussian,medium,0,45
088859eb0563,deer_horn,21,12,all,gaussian,medium,0,45
088859eb0563,deer_horn,21,13,all,gaussian,medium,0,45
088859eb0563,deer_horn,21,14,all,gaussian,medium,0,45
088859eb0563,deer_horn,21,15,all,gaussian,medium,0,45
088859eb0563,deer_horn,21,16,all,gaussian,medium,0,45
088859eb0563,deer_horn,21,17,all,gaussian,medium,0,45
088859eb0563,deer_horn,21,18,all,gaussian,medium,0,45
088859eb0563,deer_horn,21,19,all,gaussian,medium,0,45
088859eb0563,deer_horn,21,20,all,gaussian,medium,0,45
088859eb0563,deer_horn,22,0,all,gaussian,medium,0,45
088859eb0563,deer_horn,22,1,all,gaussian,medium,0,45
088859eb0563,deer_horn,22,2,all,gaussian,medium,0,45
088859eb0563,deer_horn,22,3,all,gaussian,medium,0,45
088859eb0563,deer_horn,22,4,all,gaussian,medium,0,45
088859eb0563,deer_horn,22,5,all,gaussian,medium,0,45
088859eb0563,deer_horn,22,6,all,gaussian,medium,0,45
088859eb0563,deer_horn,22,7,all,gaussian,medium,0,45
088859eb0563,deer_horn,22,8,all,gaussian,medium,0,45
088859eb0563,deer_horn,22,9,all,gaussian,medium,0,45
088859eb0563,deer_horn,22,10,all,gaussian,medium,0,45
088859eb0563,deer_horn,22,11,all,gaussian,medium,0,45
088859eb0563,deer_horn,22,12,all,gaussian,medium,0,45
088859eb0563,deer_horn,22,13,all,gaussian,medium,0,45
088859eb0563,deer_horn,22,14,all,gaussian,medium,0,45
088859eb0563,deer_horn,22,15,all,gaussian,medium,0,45
088859eb0563,deer_horn,22,16,all,gaussian,medium,0,45
088859eb0563,deer_horn,22,17,all,gaussian,medium,0,45
088859eb0563,deer_horn,22,18,all,gaussian,medium,0,45
088859eb0563,deer_horn,22,19,all,gaussian,medium,0,45
088859eb0563,deer_horn,22,20,all,gaussian,medium,0,45
088859eb0563,deer_horn,23,0,all,gaussian,medium,0,45
088859eb0563,deer_horn,23,1,all,gaussian,medium,0,45
088859eb0563,deer_horn,23,2,all,gaussian,medium,0,45
088859eb0563,deer_horn,23,3,all,gaussian,medium,0,45
088859eb0563,deer_horn,23,4,all,gaussian,medium,0,45
088859eb0563,deer_horn,23,5,all,gaussian,medium,0,45
088859eb0563,deer_horn,23,6,all,gaussian,medium,0,45
088859eb0563,deer_horn,23,7,all,gaussian,medium,0,45
088859eb0563,deer_horn,23,8,all,gaussian,medium,0,45
088859eb0563,deer_horn,23,9,all,gaussian,medium,0,45
088859eb0563,deer_horn,23,10,all,gaussian,medium,0,45
088859eb0563,deer_horn,23,11,all,gaussian,medium,0,45
088859eb0563,deer_horn,23,12,all,gaussian,medium,0,45
088859eb0563,deer_horn,23,13,all,gaussian,medium,0,45
088859eb0563,deer_horn,23,14,all,gaussian,medium,0,45
088859eb0563,deer_horn,23,15,all,gaussian,medium,0,45
088859eb0563,deer_horn,23,16,all,gaussian,medium,0,45
088859eb0563,deer_horn,23,17,all,gaussian,medium,0,45
088859eb0563,deer_horn,23,18,all,gaussian,medium,0,45
088859eb0563,deer_horn,23,19,all,gaussian,medium,0,45
088859eb0563,deer_horn,23,20,all,gaussian,medium,0,45
088859eb0563,deer_horn,24,0,all,gaussian,medium,0,45
088859eb0563,deer_horn,24,1,all,gaussian,medium,0,45
088859eb0563,deer_horn,24,2,all,gaussian,medium,0,45
088859eb0563,deer_horn,24,3,all,gaussian,medium,0,45
088859eb0563,deer_horn,24,4,all,gaussian,medium,0,45
088859eb0563,deer_horn,24,5,all,gaussian,medium,0,45
088859eb0563,deer_horn,24,6,all,gaussian,medium,0,45
088859eb0563,deer_horn,24,7,all,gaussian,medium,0,45
088859eb0563,deer_horn,24,8,all,gaussian,medium,0,45
088859eb0563,deer_horn,24,9,all,gaussian,medium,0,45
088859eb0563,deer_horn,24,10,all,gaussian,medium,0,45
088859eb0563,deer_horn,24,11,all,gaussian,medium,0,45
088859eb0563,deer_horn,24,12,all,gaussian,medium,0,45
088859eb0563,deer_horn,24,13,all,gaussian,medium,0,45
088859eb0563,deer_horn,24,14,all,gaussian,medium,0,45
088859eb0563,deer_horn,24,15,all,gaussian,medium,0,45
088859eb0563,deer_horn,24,16,all,gaussian,medium,0,45
088859eb0563,deer_horn,24,17,all,gaussian,medium,0,45
088859eb0563,deer_horn,24,18,all,gaussian,medium,0,45
088859eb0563,deer_horn,24,19,all,gaussian,medium,0,45
088859eb0563,deer_horn,24,20,all,gaussian,medium,0,45
088859eb0563,deer_horn,25,0,all,gaussian,medium,0,45
088859eb0563,deer_horn,25,1,all,gaussian,medium,0,45
088859eb0563,deer_horn,25,2,all,gaussian,medium,0,45
088859eb0563,deer_horn,25,3,all,gaussian,medium,0,45
088859eb0563,deer_horn,25,4,all,gaussian,medium,0,45
088859eb0563,deer_horn,25,5,all,gaussian,medium,0,45
088859eb0563,deer_horn,25,6,all,gaussian,medium,0,45
088859eb0563,deer_horn,25,7,all,gaussian,medium,0,45
088859eb0563,deer_horn,25,8,all,gaussian,medium,0,45
088859eb0563,deer_horn,25,9,all,gaussian,medium,0,45
088859eb0563,deer_horn,25,10,all,gaussian,medium,0,45
088859eb0563,deer_horn,25,11,all,gaussian,medium,0,45
088859eb0563,deer_horn,25,12,all,gaussian,medium,0,45
088859eb0563,deer_horn,25,13,all,gaussian,medium,0,45
088859eb0563,deer_horn,25,14,all,gaussian,medium,0,45
088859eb0563,deer_horn,25,15,all,gaussian,medium,0,45
088859eb0563,deer_horn,25,16,all,gaussian,medium,0,45
088859eb0563,deer_horn,25,17,all,gaussian,medium,0,45
088859eb0563,deer_horn,25,18,all,gaussian,medium,0,45
088859eb0563,deer_horn,25,19,all,gaussian,medium,0,45
088859eb0563,deer_horn,25,20,all,gaussian,medium,0,45
088859eb0563,deer_horn,26,0,all,gaussian,medium,0,45
088859eb0563,deer_horn,26,1,all,gaussian,medium,0,45
088859eb0563,deer_horn,26,2,all,gaussian,medium,0,45
088859eb0563,deer_horn,26,3,all,gaussian,medium,0,45
088859eb0563,deer_horn,26,4,all,gaussian,medium,0,45
088859eb0563,deer_horn,26,5,all,gaussian,medium,0,45
088859eb0563,deer_horn,26,6,all,gaussian,medium,0,45
088859eb0563,deer_horn,26,7,all,gaussian,medium,0,45
088859eb0563,deer_horn,26,8,all,gaussian,medium,0,45
088859eb0563,deer_horn,26,9,all,gaussian,medium,0,45
088859eb0563,deer_horn,26,10,all,gaussian,medium,0,45
088859eb0563,deer_horn,26,11,all,gaussian,medium,0,45
088859eb0563,deer_horn,26,12,all,gaussian,medium,0,45
088859eb0563,deer_horn,26,13,all,gaussian,medium,0,45
088859eb0563,deer_horn,26,14,all,gaussian,medium,0,45
088859eb0563,deer_horn,26,15,all,gaussian,medium,0,45
088859eb0563,deer_horn,26,16,all,gaussian,medium,0,45
088859eb0563,deer_horn,26,17,all,gaussian,medium,0,45
088859eb0563,deer_horn,26,18,all,gaussian,medium,0,45
088859eb0563,deer_horn,26,19,all,gaussian,medium,0,45
088859eb0563,deer_horn,26,20,all,gaussian,medium,0,45
088859eb0563,deer_horn,27,0,all,gaussian,medium,0,45
088859eb0563,deer_horn,27,1,all,gaussian,medium,0,45
088859eb0563,deer_horn,27,2,all,gaussian,medium,0,45
088859eb0563,deer_horn,27,3,all,gaussian,medium,0,45
088859eb0563,deer_horn,27,4,all,gaussian,medium,0,45
088859eb0563,deer_horn,27,5,all,gaussian,medium,0,45
088859eb0563,deer_horn,27,6,all,gaussian,medium,0,45
088859eb0563,deer_horn,27,7,all,gaussian,medium,0,45
088859eb0563,deer_horn,27,8,all,gaussian,medium,0,45
088859eb0563,deer_horn,27,9,all,gaussian,medium,0,45
088859eb0563,deer_horn,27,10,all,gaussian,medium,0,45
088859eb0563,deer_horn,27,11,all,gaussian,medium,0,45
088859eb0563,deer_horn,27,12,all,gaussian,medium,0,45
088859eb0563,deer_horn,27,13,all,gaussian,medium,0,45
088859eb0563,deer_horn,27,14,all,gaussian,medium,0,45
088859eb0563,deer_horn,27,15,all,gaussian,medium,0,45
088859eb0563,deer_horn,27,16,all,gaussian,medium,0,45
088859eb0563,deer_horn,27,17,all,gaussian,medium,0,45
088859eb0563,deer_horn,27,18,all,gaussian,medium,0,45
088859eb0563,deer_horn,27,19,all,gaussian,medium,0,45
088859eb0563,deer_horn,27,20,all,gaussian,medium,0,45
088859eb0563,deer_horn,28,0,all,gaussian,medium,0,45
088859eb0563,deer_horn,28,1,all,gaussian,medium,0,45
088859eb0563,deer_horn,28,2,all,gaussian,medium,0,45
088859eb0563,deer_horn,28,3,all,gaussian,medium,0,45
088859eb0563,deer_horn,28,4,all,gaussian,medium,0,45
088859eb0563,deer_horn,28,5,all,gaussian,medium,0,45
088859eb0563,deer_horn,28,6,all,gaussian,medium,0,45
088859eb0563,deer_horn,28,7,all,gaussian,medium,0,45
088859eb0563,deer_horn,28,8,all,gaussian,medium,0,45
088859eb0563,deer_horn,28,9,all,gaussian,medium,0,45
088859eb0563,deer_horn,28,10,all,gaussian,medium,0,45
088859eb0563,deer_horn,28,11,all,gaussian,medium,0,45
088859eb0563,deer_horn,28,12,all,gaussian,medium,0,45
088859eb0563,deer_horn,28,13,all,gaussian,medium,0,45
088859eb0563,deer_horn,28,14,all,gaussian,medium,0,45
088859eb0563,deer_horn,28,15,all,gaussian,medium,0,45
088859eb0563,deer_horn,28,16,all,gaussian,medium,0,45
088859eb0563,deer_horn,28,17,all,gaussian,medium,0,45
088859eb0563,deer_horn,28,18,all,gaussian,medium,0,45
088859eb0563,deer_horn,28,19,all,gaussian,medium,0,45
088859eb0563,deer_horn,28,20,all,gaussian,medium,0,45
088859eb0563,deer_horn,29,0,all,gaussian,medium,0,45
088859eb0563,deer_horn,29,1,all,gaussian,medium,0,45
088859eb0563,deer_horn,29,2,all,gaussian,medium,0,45
088859eb0563,deer_horn,29,3,all,gaussian,medium,0,45
088859eb0563,deer_horn,29,4,all,gaussian,medium,0,45
088859eb0563,deer_horn,29,5,all,gaussian,medium,0,45
088859eb0563,deer_horn,29,6,all,gaussian,medium,0,45
088859eb0563,deer_horn,29,7,all,gaussian,medium,0,45
088859eb0563,deer_horn,29,8,all,gaussian,medium,0,45
088859eb0563,deer_horn,29,9,all,gaussian,medium,0,45
088859eb0563,deer_horn,29,10,all,gaussian,medium,0,45
088859eb0563,deer_horn,29,11,all,gaussian,medium,0,45
088859eb0563,deer_horn,29,12,all,gaussian,medium,0,45
088859eb0563,deer_horn,29,13,all,gaussian,medium,0,45
088859eb0563,deer_horn,29,14,all,gaussian,medium,0,45
088859eb0563,deer_horn,29,15,all,gaussian,medium,0,45
088859eb0563,deer_horn,29,16,all,gaussian,medium,0,45
088859eb0563,deer_horn,29,17,all,gaussian,medium,0,45
088859eb0563,deer_horn,29,18,all,gaussian,medium,0,45
088859eb0563,deer_horn,29,19,all,gaussian,medium,0,45
088859eb0563,deer_horn,29,20,all,gaussian,medium,0,45
088859eb0563,deer_horn,30,0,all,gaussian,medium,0,45
088859eb0563,deer_horn,30,1,all,gaussian,medium,0,45
088859eb0563,deer_horn,30,2,all,gaussian,medium,0,45
088859eb0563,deer_horn,30,3,all,gaussian,medium,0,45
088859eb0563,deer_horn,30,4,all,gaussian,medium,0,45
088859eb0563,deer_horn,30,5,all,gaussian,medium,0,45
088859eb0563,deer_horn,30,6,all,gaussian,medium,0,45
088859eb0563,deer_horn,30,7,all,gaussian,medium,0,45
088859eb0563,deer_horn,30,8,all,gaussian,medium,0,45
088859eb0563,deer_horn,30,9,all,gaussian,medium,0,45
088859eb0563,deer_horn,30,10,all,gaussian,medium,0,45
088859eb0563,deer_horn,30,11,all,gaussian,medium,0,45
088859eb0563,deer_horn,30,12,all,gaussian,medium,0,45
088859eb0563,deer_horn,30,13,all,gaussian,medium,0,45
088859eb0563,deer_horn,30,14,all,gaussian,medium,0,45
088859eb0563,deer_horn,30,15,all,gaussian,medium,0,45
088859eb0563,deer_horn,30,16,all,gaussian,medium,0,45
088859eb0563,deer_horn,30,17,all,gaussian,medium,0,45
088859eb0563,deer_horn,30,18,all,gaussian,medium,0,45
088859eb0563,deer_horn,30,19,all,gaussian,medium,0,45
088859eb0563,deer_horn,30,20,all,gaussian,medium,0,45
088859eb0563,deer_horn,31,0,all,gaussian,medium,0,45
088859eb0563,deer_horn,31,1,all,gaussian,medium,0,45
088859eb0563,deer_horn,31,2,all,gaussian,medium,0,45
088859eb0563,deer_horn,31,3,all,gaussian,medium,0,45
088859eb0563,deer_horn,31,4,all,gaussian,medium,0,45
088859eb0563,deer_horn,31,5,all,gaussian,medium,0,45
088859eb0563,deer_horn,31,6,all,gaussian,medium,0,45
088859eb0563,deer_horn,31,7,all,gaussian,medium,0,45
088859eb0563,deer_horn,31,8,all,gaussian,medium,0,45
088859eb0563,deer_horn,31,9,all,gaussian,medium,0,45
088859eb0563,deer_horn,31,10,all,gaussian,medium,0,45
088859eb0563,deer_horn,31,11,all,gaussian,medium,0,45
088859eb0563,deer_horn,31,12,all,gaussian,medium,0,45
088859eb0563,deer_horn,31,13,all,gaussian,medium,0,45
088859eb0563,deer_horn,31,14,all,gaussian,medium,0,45
088859eb0563,deer_horn,31,15,all,gaussian,medium,0,45
088859eb0563,deer_horn,31,16,all,gaussian,medium,0,45
088859eb0563,deer_horn,31,17,all,gaussian,medium,0,45
088859eb0563,deer_horn,31,18,all,gaussian,medium,0,45
088859eb0563,deer_horn,31,19,all,gaussian,medium,0,45
088859eb0563,deer_horn,31,20,all,gaussian,medium,0,45
088859eb0563,deer_horn,32,0,all,gaussian,medium,0,45
088859eb0563,deer_horn,32,1,all,gaussian,medium,0,45
088859eb0563,deer_horn,32,2,all,gaussian,medium,0,45
088859eb0563,deer_horn,32,3,all,gaussian,medium,0,45
088859eb0563,deer_horn,32,4,all,gaussian,medium,0,45
088859eb0563,deer_horn,32,5,all,gaussian,medium,0,45
088859eb0563,deer_horn,32,6,all,gaussian,medium,0,45
088859eb0563,deer_horn,32,7,all,gaussian,medium,0,45
088859eb0563,deer_horn,32,8,all,gaussian,medium,0,45
088859eb0563,deer_horn,32,9,all,gaussian,medium,0,45
088859eb0563,deer_horn,32,10,all,gaussian,medium,0,45
088859eb0563,deer_horn,32,11,all,gaussian,medium,0,45
088859eb0563,deer_horn,32,12,all,gaussian,medium,0,45
088859eb0563,deer_horn,32,13,all,gaussian,medium,0,45
088859eb0563,deer_horn,32,14,all,gaussian,medium,0,45
088859eb0563,deer_horn,32,15,all,gaussian,medium,0,45
088859eb0563,deer_horn,32,16,all,gaussian,medium,0,45
088859eb0563,deer_horn,32,17,all,gaussian,medium,0,45
088859eb0563,deer_horn,32,18,all,gaussian,medium,0,45
088859eb0563,deer_horn,32,19,all,gaussian,medium,0,45
088859eb0563,deer_horn,32,20,all,gaussian,medium,0,45
088859eb0563,deer_horn,33,0,all,gaussian,medium,0,45
088859eb0563,deer_horn,33,1,all,gaussian,medium,0,45
088859eb0563,deer_horn,33,2,all,gaussian,medium,0,45
088859eb0563,deer_horn,33,3,all,gaussian,medium,0,45
088859eb0563,deer_horn,33,4,all,gaussian,medium,0,45
088859eb0563,deer_horn,33,5,all,gaussian,medium,0,45
088859eb0563,deer_horn,33,6,all,gaussian,medium,0,45
088859eb0563,deer_horn,33,7,all,gaussian,medium,0,45
088859eb0563,deer_horn,33,8,all,gaussian,medium,0,45
088859eb0563,deer_horn,33,9,all,gaussian,medium,0,45
088859eb0563,deer_horn,33,10,all,gaussian,medium,0,45
088859eb0563,deer_horn,33,11,all,gaussian,medium,0,45
088859eb0563,deer_horn,33,12,all,gaussian,medium,0,45
088859eb0563,deer_horn,33,13,all,gaussian,medium,0,45
088859eb0563,deer_horn,33,14,all,gaussian,medium,0,45
088859eb0563,deer_horn,33,15,all,gaussian,medium,0,45
088859eb0563,deer_horn,33,16,all,gaussian,medium,0,45
088859eb0563,deer_horn,33,17,all,gaussian,medium,0,45
088859eb0563,deer_horn,33,18,all,gaussian,medium,0,45
088859eb0563,deer_horn,33,19,all,gaussian,medium,0,45
088859eb0563,deer_horn,33,20,all,gaussian,medium,0,45
088859eb0563,deer_horn,34,0,all,gaussian,medium,0,45
088859eb0563,deer_horn,34,1,all,gaussian,medium,0,45
088859eb0563,deer_horn,34,2,all,gaussian,medium,0,45
088859eb0563,deer_horn,34,3,all,gaussian,medium,0,45
088859eb0563,deer_horn,34,4,all,gaussian,medium,0,45
088859eb0563,deer_horn,34,5,all,gaussian,medium,0,45
088859eb0563,deer_horn,34,6,all,gaussian,medium,0,45
088859eb0563,deer_horn,34,7,all,gaussian,medium,0,45
088859eb0563,deer_horn,34,8,all,gaussian,medium,0,45
088859eb0563,deer_horn,34,9,all,gaussian,medium,0,45
088859eb0563,deer_horn,34,10,all,gaussian,medium,0,45
088859eb0563,deer_horn,34,11,all,gaussian,medium,0,45
088859eb0563,deer_horn,34,12,all,gaussian,medium,0,45
088859eb0563,deer_horn,34,13,all,gaussian,medium,0,45
088859eb0563,deer_horn,34,14,all,gaussian,medium,0,45
088859eb0563,deer_horn,34,15,all,gaussian,medium,0,45
088859eb0563,deer_horn,34,16,all,gaussian,medium,0,45
088859eb0563,deer_horn,34,17,all,gaussian,medium,0,45
088859eb0563,deer_horn,34,18,all,gaussian,medium,0,45
088859eb0563,deer_horn,34,19,all,gaussian,medium,0,45
088859eb0563,deer_horn,34,20,all,gaussian,medium,0,45
088859eb0563,deer_horn,35,0,all,gaussian,medium,0,45
088859eb0563,deer_horn,35,1,all,gaussian,medium,0,45
088859eb0563,deer_horn,35,2,all,gaussian,medium,0,45
088859eb0563,deer_horn,35,3,all,gaussian,medium,0,45
088859eb0563,deer_horn,35,4,all,gaussian,medium,0,45
088859eb0563,deer_horn,35,5,all,gaussian,medium,0,45
088859eb0563,deer_horn,35,6,all,gaussian,medium,0,45
088859eb0563,deer_horn,35,7,all,gaussian,medium,0,45
088859eb0563,deer_horn,35,8,all,gaussian,medium,0,45
088859eb0563,deer_horn,35,9,all,gaussian,medium,0,45
088859eb0563,deer_horn,35,10,all,gaussian,medium,0,45
088859eb0563,deer_horn,35,11,all,gaussian,medium,0,45
088859eb0563,deer_horn,35,12,all,gaussian,medium,0,45
088859eb0563,deer_horn,35,13,all,gaussian,medium,0,45
088859eb0563,deer_horn,35,14,all,gaussian,medium,0,45
088859eb0563,deer_horn,35,15,all,gaussian,medium,0,45
088859eb0563,deer_horn,35,16,all,gaussian,medium,0,45
088859eb0563,deer_horn,35,17,all,gaussian,medium,0,45
088859eb0563,deer_horn,35,18,all,gaussian,medium,0,45
088859eb0563,deer_horn,35,19,all,gaussian,medium,0,45
088859eb0563,deer_horn,35,20,all,gaussian,medium,0,45
088859eb0563,deer_horn,36,0,all,gaussian,medium,0,45
088859eb0563,deer_horn,36,1,all,gaussian,medium,0,45
088859eb0563,deer_horn,36,2,all,gaussian,medium,0,45
088859eb0563,deer_horn,36,3,all,gaussian,medium,0,45
088859eb0563,deer_horn,36,4,all,gaussian,medium,0,45
088859eb0563,deer_horn,36,5,all,gaussian,medium,0,45
088859eb0563,deer_horn,36,6,all,gaussian,medium,0,45
088859eb0563,deer_horn,36,7,all,gaussian,medium,0,45
088859eb0563,deer_horn,36,8,all,gaussian,medium,0,45
088859eb0563,deer_horn,36,9,all,gaussian,medium,0,45
088859eb0563,deer_horn,36,10,all,gaussian,medium,0,45
088859eb0563,deer_horn,36,11,all,gaussian,medium,0,45
088859eb0563,deer_horn,36,12,all,gaussian,medium,0,45
088859eb0563,deer_horn,36,13,all,gaussian,medium,0,45
088859eb0563,deer_horn,36,14,all,gaussian,medium,0,45
088859eb0563,deer_horn,36,15,all,gaussian,medium,0,45
088859eb0563,deer_horn,36,16,all,gaussian,medium,0,45
088859eb0563,deer_horn,36,17,all,gaussian,medium,0,45
088859eb0563,deer_horn,36,18,all,gaussian,medium,0,45
088859eb0563,deer_horn,36,19,all,gaussian,medium,0,45
088859eb0563,deer_horn,36,20,all,gaussian,medium,0,45
088859eb0563,deer_horn,37,0,all,gaussian,medium,0,45
088859eb0563,deer_horn,37,1,all,gaussian,medium,0,45
088859eb0563,deer_horn,37,2,all,gaussian,medium,0,45
088859eb0563,deer_horn,37,3,all,gaussian,medium,0,45
088859eb0563,deer_horn,37,4,all,gaussian,medium,0,45
088859eb0563,deer_horn,37,5,all,gaussian,medium,0,45
088859eb0563,deer_horn,37,6,all,gaussian,medium,0,45
088859eb0563,deer_horn,37,7,all,gaussian,medium,0,45
088859eb0563,deer_horn,37,8,all,gaussian,medium,0,45
088859eb0563,deer_horn,37,9,all,gaussian,medium,0,45
088859eb0563,deer_horn,37,10,all,gaussian,medium,0,45
088859eb0563,deer_horn,37,11,all,gaussian,medium,0,45
088859eb0563,deer_horn,37,12,all,gaussian,medium,0,45
088859eb0563,deer_horn,37,13,all,gaussian,medium,0,45
088859eb0563,deer_horn,37,14,all,gaussian,medium,0,45
088859eb0563,deer_horn,37,15,all,gaussian,medium,0,45
088859eb0563,deer_horn,37,16,all,gaussian,medium,0,45
088859eb0563,deer_horn,37,17,all,gaussian,medium,0,45
088859eb0563,deer_horn,37,18,all,gaussian,medium,0,45
088859eb0563,deer_horn,37,19,all,gaussian,medium,0,45
088859eb0563,deer_horn,37,20,all,gaussian,medium,0,45
088859eb0563,deer_horn,38,0,all,gaussian,medium,0,45
088859eb0563,deer_horn,38,1,all,gaussian,medium,0,45
088859eb0563,deer_horn,38,2,all,gaussian,medium,0,45
088859eb0563,deer_horn,38,3,all,gaussian,medium,0,45
088859eb0563,deer_horn,38,4,all,gaussian,medium,0,45
088859eb0563,deer_horn,38,5,all,gaussian,medium,0,45
088859eb0563,deer_horn,38,6,all,gaussian,medium,0,45
088859eb0563,deer_horn,38,7,all,gaussian,medium,0,45
088859eb0563,deer_horn,38,8,all,gaussian,medium,0,45
088859eb0563,deer_horn,38,9,all,gaussian,medium,0,45
088859eb0563,deer_horn,38,10,all,gaussian,medium,0,45
088859eb0563,deer_horn,38,11,all,gaussian,medium,0,45
088859eb0563,deer_horn,38,12,all,gaussian,medium,0,45
088859eb0563,deer_horn,38,13,all,gaussian,medium,0,45
088859eb0563,deer_horn,38,14,all,gaussian,medium,0,45
088859eb0563,deer_horn,38,15,all,gaussian,medium,0,45
088859eb0563,deer_horn,38,16,all,gaussian,medium,0,45
088859eb0563,deer_horn,38,17,all,gaussian,medium,0,45
088859eb0563,deer_horn,38,18,all,gaussian,medium,0,45
088859eb0563,deer_horn,38,19,all,gaussian,medium,0,45
088859eb0563,deer_horn,38,20,all,gaussian,medium,0,45
088859eb0563,deer_horn,39,0,all,gaussian,medium,0,45
088859eb0563,deer_horn,39,1,all,gaussian,medium,0,45
088859eb0563,deer_horn,39,2,all,gaussian,medium,0,45
088859eb0563,deer_horn,39,3,all,gaussian,medium,0,45
088859eb0563,deer_horn,39,4,all,gaussian,medium,0,45
088859eb0563,deer_horn,39,5,all,gaussian,medium,0,45
088859eb0563,deer_horn,39,6,all,gaussian,medium,0,45
088859eb0563,deer_horn,39,7,all,gaussian,medium,0,45
088859eb0563,deer_horn,39,8,all,gaussian,medium,0,45
088859eb0563,deer_horn,39,9,all,gaussian,medium,0,45
088859eb0563,deer_horn,39,10,all,gaussian,medium,0,45
088859eb0563,deer_horn,39,11,all,gaussian,medium,0,45
088859eb0563,deer_horn,39,12,all,gaussian,medium,0,45
088859eb0563,deer_horn,39,13,all,gaussian,medium,0,45
088859eb0563,deer_horn,39,14,all,gaussian,medium,0,45
088859eb0563,deer_horn,39,15,all,gaussian,medium,0,45
088859eb0563,deer_horn,39,16,all,gaussian,medium,0,45
088859eb0563,deer_horn,39,17,all,gaussian,medium,0,45
088859eb0563,deer_horn,39,18,all,gaussian,medium,0,45
088859eb0563,deer_horn,39,19,all,gaussian,medium,0,45
088859eb0563,deer_horn,39,20,all,gaussian,medium,0,45
088859eb0563,deer_horn,40,0,all,gaussian,medium,0,45
088859eb0563,deer_horn,40,1,all,gaussian,medium,0,45
088859eb0563,deer_horn,40,2,all,gaussian,medium,0,45
088859eb0563,deer_horn,40,3,all,gaussian,medium,0,45
088859eb0563,deer_horn,40,4,all,gaussian,medium,0,45
088859eb0563,deer_horn,40,5,all,gaussian,medium,0,45
088859eb0563,deer_horn,40,6,all,gaussian,medium,0,45
088859eb0563,deer_horn,40,7,all,gaussian,medium,0,45
088859eb0563,deer_horn,40,8,all,gaussian,medium,0,45
088859eb0563,deer_horn,40,9,all,gaussian,medium,0,45
088859eb0563,deer_horn,40,10,all,gaussian,medium,0,45
088859eb0563,deer_horn,40,11,all,gaussian,medium,0,45
088859eb0563,deer_horn,40,12,all,gaussian,medium,0,45
088859eb0563,deer_horn,40,13,all,gaussian,medium,0,45
088859eb0563,deer_horn,40,14,all,gaussian,medium,0,45
088859eb0563,deer_horn,40,15,all,gaussian,medium,0,45
088859eb0563,deer_horn,40,16,all,gaussian,medium,0,45
088859eb0563,deer_horn,40,17,all,gaussian,medium,0,45
088859eb0563,deer_horn,40,18,all,gaussian,medium,0,45
088859eb0563,deer_horn,40,19,all,gaussian,medium,0,45
088859eb0563,deer_horn,40,20,all,gaussian,medium,0,45
088859eb0563,deer_horn,41,0,all,gaussian,medium,0,45
088859eb0563,deer_horn,41,1,all,gaussian,medium,0,45
088859eb0563,deer_horn,41,2,all,gaussian,medium,0,45
088859eb0563,deer_horn,41,3,all,gaussian,medium,0,45
088859eb0563,deer_horn,41,4,all,gaussian,medium,0,45
088859eb0563,deer_horn,41,5,all,gaussian,medium,0,45
088859eb0563,deer_horn,41,6,all,gaussian,medium,0,45
088859eb0563,deer_horn,41,7,all,gaussian,medium,0,45
088859eb0563,deer_horn,41,8,all,gaussian,medium,0,45
088859eb0563,deer_horn,41,9,all,gaussian,medium,0,45
088859eb0563,deer_horn,41,10,all,gaussian,medium,0,45
088859eb0563,deer_horn,41,11,all,gaussian,medium,0,45
088859eb0563,deer_horn,41,12,all,gaussian,medium,0,45
088859eb0563,deer_horn,41,13,all,gaussian,medium,0,45
088859eb0563,deer_horn,41,14,all,gaussian,medium,0,45
088859eb0563,deer_horn,41,15,all,gaussian,medium,0,45
088859eb0563,deer_horn,41,16,all,gaussian,medium,0,45
088859eb0563,deer_horn,41,17,all,gaussian,medium,0,45
088859eb0563,deer_horn,41,18,all,gaussian,medium,0,45
088859eb0563,deer_horn,41,19,all,gaussian,medium,0,45
088859eb0563,deer_horn,41,20,all,gaussian,medium,0,45
088859eb0563,deer_horn,42,0,all,gaussian,medium,0,45
088859eb0563,deer_horn,42,1,all,gaussian,medium,0,45
088859eb0563,deer_horn,42,2,all,gaussian,medium,0,45
088859eb0563,deer_horn,42,3,all,gaussian,medium,0,45
088859eb0563,deer_horn,42,4,all,gaussian,medium,0,45
088859eb0563,deer_horn,42,5,all,gaussian,medium,0,45
088859eb0563,deer_horn,42,6,all,gaussian,medium,0,45
088859eb0563,deer_horn,42,7,all,gaussian,medium,0,45
088859eb0563,deer_horn,42,8,all,gaussian,medium,0,45
088859eb0563,deer_horn,42,9,all,gaussian,medium,0,45
088859eb0563,deer_horn,42,10,all,gaussian,medium,0,45
088859eb0563,deer_horn,42,11,all,gaussian,medium,0,45
088859eb0563,deer_horn,42,12,all,gaussian,medium,0,45
088859eb0563,deer_horn,42,13,all,gaussian,medium,0,45
088859eb0563,deer_horn,42,14,all,gaussian,medium,0,45
088859eb0563,deer_horn,42,15,all,gaussian,medium,0,45
088859eb0563,deer_horn,42,16,all,gaussian,medium,0,45
088859eb0563,deer_horn,42,17,all,gaussian,medium,0,45
088859eb0563,deer_horn,42,18,all,gaussian,medium,0,45
088859eb0563,deer_horn,42,19,all,gaussian,medium,0,45
088859eb0563,deer_horn,42,20,all,gaussian,medium,0,45
088859eb0563,deer_horn,43,0,all,gaussian,medium,0,45
088859eb0563,deer_horn,43,1,all,gaussian,medium,0,45
088859eb0563,deer_horn,43,2,all,gaussian,medium,0,45
088859eb0563,deer_horn,43,3,all,gaussian,medium,0,45
088859eb0563,deer_horn,43,4,all,gaussian,medium,0,45
088859eb0563,deer_horn,43,5,all,gaussian,medium,0,45
088859eb0563,deer_horn,43,6,all,gaussian,medium,0,45
088859eb0563,deer_horn,43,7,all,gaussian,medium,0,45
088859eb0563,deer_horn,43,8,all,gaussian,medium,0,45
088859eb0563,deer_horn,43,9,all,gaussian,medium,0,45
088859eb0563,deer_horn,43,10,all,gaussian,medium,0,45
088859eb0563,deer_horn,43,11,all,gaussian,medium,0,45
088859eb0563,deer_horn,43,12,all,gaussian,medium,0,45
088859eb0563,deer_horn,43,13,all,gaussian,medium,0,45
088859eb0563,deer_horn,43,14,all,gaussian,medium,0,45
088859eb0563,deer_horn,43,15,all,gaussian,medium,0,45
088859eb0563,deer_horn,43,16,all,gaussian,medium,0,45
088859eb0563,deer_horn,43,17,all,gaussian,medium,0,45
088859eb0563,deer_horn,43,18,all,gaussian,medium,0,45
088859eb0563,deer_horn,43,19,all,gaussian,medium,0,45
088859eb0563,deer_horn,43,20,all,gaussian,medium,0,45
088859eb0563,deer_horn,44,0,all,gaussian,medium,0,45
088859eb0563,deer_horn,44,1,all,gaussian,medium,0,45
088859eb0563,deer_horn,44,2,all,gaussian,medium,0,45
088859eb0563,deer_horn,44,3,all,gaussian,medium,0,45
088859eb0563,deer_horn,44,4,all,gaussian,medium,0,45
088859eb0563,deer_horn,44,5,all,gaussian,medium,0,45
088859eb0563,deer_horn,44,6,all,gaussian,medium,0,45
088859eb0563,deer_horn,44,7,all,gaussian,medium,0,45
088859eb0563,deer_horn,44,8,all,gaussian,medium,0,45
088859eb0563,deer_horn,44,9,all,gaussian,medium,0,45
088859eb0563,deer_horn,44,10,all,gaussian,medium,0,45
088859eb0563,deer_horn,44,11,all,gaussian,medium,0,45
088859eb0563,deer_horn,44,12,all,gaussian,medium,0,45
088859eb0563,deer_horn,44,13,all,gaussian,medium,0,45
088859eb0563,deer_horn,44,14,all,gaussian,medium,0,45
088859eb0563,deer_horn,44,15,all,gaussian,medium,0,45
088859eb0563,deer_horn,44,16,all,gaussian,medium,0,45
088859eb0563,deer_horn,44,17,all,gaussian,medium,0,45
088859eb0563,deer_horn,44,18,all,gaussian,medium,0,45
088859eb0563,deer_horn,44,19,all,gaussian,medium,0,45
088859eb0563,deer_horn,44,20,all,gaussian,medium,0,45
088859eb0563,deer_horn,45,0,all,gaussian,medium,0,45
088859eb0563,deer_horn,45,1,all,gaussian,medium,0,45
088859eb0563,deer_horn,45,2,all,gaussian,medium,0,45
088859eb0563,deer_horn,45,3,all,gaussian,medium,0,45
088859eb0563,deer_horn,45,4,all,gaussian,medium,0,45
088859eb0563,deer_horn,45,5,all,gaussian,medium,0,45
088859eb0563,deer_horn,45,6,all,gaussian,medium,0,45
088859eb0563,deer_horn,45,7,all,gaussian,medium,0,45
088859eb0563,deer_horn,45,8,all,gaussian,medium,0,45
088859eb0563,deer_horn,45,9,all,gaussian,medium,0,45
088859eb0563,deer_horn,45,10,all,gaussian,medium,0,45
088859eb0563,deer_horn,45,11,all,gaussian,medium,0,45
088859eb0563,deer_horn,45,12,all,gaussian,medium,0,45
088859eb0563,deer_horn,45,13,all,gaussian,medium,0,45
088859eb0563,deer_horn,45,14,all,gaussian,medium,0,45
088859eb0563,deer_horn,45,15,all,gaussian,medium,0,45
088859eb0563,deer_horn,45,16,all,gaussian,medium,0,45
088859eb0563,deer_horn,45,17,all,gaussian,medium,0,45
088859eb0563,deer_horn,45,18,all,gaussian,medium,0,45
088859eb0563,deer_horn,45,19,all,gaussian,medium,0,45
088859eb0563,deer_horn,45,20,all,gaussian,medium,0,45
088859eb0563,deer_horn,46,0,all,gaussian,medium,0,45
088859eb0563,deer_horn,46,1,all,gaussian,medium,0,45
088859eb0563,deer_horn,46,2,all,gaussian,medium,0,45
088859eb0563,deer_horn,46,3,all,gaussian,medium,0,45
088859eb0563,deer_horn,46,4,all,gaussian,medium,0,45
088859eb0563,deer_horn,46,5,all,gaussian,medium,0,45
088859eb0563,deer_horn,46,6,all,gaussian,medium,0,45
088859eb0563,deer_horn,46,7,all,gaussian,medium,0,45
088859eb0563,deer_horn,46,8,all,gaussian,medium,0,45
088859eb0563,deer_horn,46,9,all,gaussian,medium,0,45
088859eb0563,deer_horn,46,10,all,gaussian,medium,0,45
088859eb0563,deer_horn,46,11,all,gaussian,medium,0,45
088859eb0563,deer_horn,46,12,all,gaussian,medium,0,45
088859eb0563,deer_horn,46,13,all,gaussian,medium,0,45
088859eb0563,deer_horn,46,14,all,gaussian,medium,0,45
088859eb0563,deer_horn,46,15,all,gaussian,medium,0,45
088859eb0563,deer_horn,46,16,all,gaussian,medium,0,45
088859eb0563,deer_horn,46,17,all,gaussian,medium,0,45
088859eb0563,deer_horn,46,18,all,gaussian,medium,0,45
088859eb0563,deer_horn,46,19,all,gaussian,medium,0,45
088859eb0563,deer_horn,46,20,all,gaussian,medium,0,45
088859eb0563,deer_horn,47,0,all,gaussian,medium,0,45
088859eb0563,deer_horn,47,1,all,gaussian,medium,0,45
088859eb0563,deer_horn,47,2,all,gaussian,medium,0,45
088859eb0563,deer_horn,47,3,all,gaussian,medium,0,45
088859eb0563,deer_horn,47,4,all,gaussian,medium,0,45
088859eb0563,deer_horn,47,5,all,gaussian,medium,0,45
088859eb0563,deer_horn,47,6,all,gaussian,medium,0,45
088859eb0563,deer_horn,47,7,all,gaussian,medium,0,45
088859eb0563,deer_horn,47,8,all,gaussian,medium,0,45
088859eb0563,deer_horn,47,9,all,gaussian,medium,0,45
088859eb0563,deer_horn,47,10,all,gaussian,medium,0,45
088859eb0563,deer_horn,47,11,all,gaussian,medium,0,45
088859eb0563,deer_horn,47,12,all,gaussian,medium,0,45
088859eb0563,deer_horn,47,13,all,gaussian,medium,0,45
088859eb0563,deer_horn,47,14,all,gaussian,medium,0,45
088859eb0563,deer_horn,47,15,all,gaussian,medium,0,45
088859eb0563,deer_horn,47,16,all,gaussian,medium,0,45
088859eb0563,deer_horn,47,17,all,gaussian,medium,0,45
088859eb0563,deer_horn,47,18,all,gaussian,medium,0,45
088859eb0563,deer_horn,47,19,all,gaussian,medium,0,45
088859eb0563,deer_horn,47,20,all,gaussian,medium,0,45
088859eb0563,deer_horn,48,0,all,gaussian,medium,0,45
088859eb0563,deer_horn,48,1,all,gaussian,medium,0,45
088859eb0563,deer_horn,48,2,all,gaussian,medium,0,45
088859eb0563,deer_horn,48,3,all,gaussian,medium,0,45
088859eb0563,deer_horn,48,4,all,gaussian,medium,0,45
088859eb0563,deer_horn,48,5,all,gaussian,medium,0,45
088859eb0563,deer_horn,48,6,all,gaussian,medium,0,45
088859eb0563,deer_horn,48,7,all,gaussian,medium,0,45
088859eb0563,deer_horn,48,8,all,gaussian,medium,0,45
088859eb0563,deer_horn,48,9,all,gaussian,medium,0,45
088859eb0563,deer_horn,48,10,all,gaussian,medium,0,45
088859eb0563,deer_horn,48,11,all,gaussian,medium,0,45
088859eb0563,deer_horn,48,12,all,gaussian,medium,0,45
088859eb0563,deer_horn,48,13,all,gaussian,medium,0,45
088859eb0563,deer_horn,48,14,all,gaussian,medium,0,45
088859eb0563,deer_horn,48,15,all,gaussian,medium,0,45
088859eb0563,deer_horn,48,16,all,gaussian,medium,0,45
088859eb0563,deer_horn,48,17,all,gaussian,medium,0,45
088859eb0563,deer_horn,48,18,all,gaussian,medium,0,45
088859eb0563,deer_horn,48,19,all,gaussian,medium,0,45
088859eb0563,deer_horn,48,20,all,gaussian,medium,0,45
088859eb0563,deer_horn,49,0,all,gaussian,medium,0,45
088859eb0563,deer_horn,49,1,all,gaussian,medium,0,45
088859eb0563,deer_horn,49,2,all,gaussian,medium,0,45
088859eb0563,deer_horn,49,3,all,gaussian,medium,0,45
088859eb0563,deer_horn,49,4,all,gaussian,medium,0,45
088859eb0563,deer_horn,49,5,all,gaussian,medium,0,45
088859eb0563,deer_horn,49,6,all,gaussian,medium,0,45
088859eb0563,deer_horn,49,7,all,gaussian,medium,0,45
088859eb0563,deer_horn,49,8,all,gaussian,medium,0,45
088859eb0563,deer_horn,49,9,all,gaussian,medium,0,45
088859eb0563,deer_horn,49,10,all,gaussian,medium,0,45
088859eb0563,deer_horn,49,11,all,gaussian,medium,0,45
088859eb0563,deer_horn,49,12,all,gaussian,medium,0,45
088859eb0563,deer_horn,49,13,all,gaussian,medium,0,45
088859eb0563,deer_horn,49,14,all,gaussian,medium,0,45
088859eb0563,deer_horn,49,15,all,gaussian,medium,0,45
088859eb0563,deer_horn,49,16,all,gaussian,medium,0,45
088859eb0563,deer_horn,49,17,all,gaussian,medium,0,45
088859eb0563,deer_horn,49,18,all,gaussian,medium,0,45
088859eb0563,deer_horn,49,19,all,gaussian,medium,0,45
088859eb0563,deer_horn,49,20,all,gaussian,medium,0,45
088859eb0563,deer_horn,50,0,all,gaussian,medium,0,45
088859eb0563,deer_horn,50,1,all,gaussian,medium,0,45
088859eb0563,deer_horn,50,2,all,gaussian,medium,0,45
088859eb0563,deer_horn,50,3,all,gaussian,medium,0,45
088859eb0563,deer_horn,50,4,all,gaussian,medium,0,45
088859eb0563,deer_horn,50,5,all,gaussian,medium,0,45
088859eb0563,deer_horn,50,6,all,gaussian,medium,0,45
088859eb0563,deer_horn,50,7,all,gaussian,medium,0,45
088859eb0563,deer_horn,50,8,all,gaussian,medium,0,45
088859eb0563,deer_horn,50,9,all,gaussian,medium,0,45
088859eb0563,deer_horn,50,10,all,gaussian,medium,0,45
088859eb0563,deer_horn,50,11,all,gaussian,medium,0,45
088859eb0563,deer_horn,50,12,all,gaussian,medium,0,45
088859eb0563,deer_horn,50,13,all,gaussian,medium,0,45
088859eb0563,deer_horn,50,14,all,gaussian,medium,0,45
088859eb0563,deer_horn,50,15,all,gaussian,medium,0,45
088859eb0563,deer_horn,50,16,all,gaussian,medium,0,45
088859eb0563,deer_horn,50,17,all,gaussian,medium,0,45
088859eb0563,deer_horn,50,18,all,gaussian,medium,0,45
088859eb0563,deer_horn,50,19,all,gaussian,medium,0,45
088859eb0563,deer_horn,50,20,all,gaussian,medium,0,45
088859eb0563,deer_horn,51,0,all,gaussian,medium,0,45
088859eb0563,deer_horn,51,1,all,gaussian,medium,0,45
088859eb0563,deer_horn,51,2,all,gaussian,medium,0,45
088859eb0563,deer_horn,51,3,all,gaussian,medium,0,45
088859eb0563,deer_horn,51,4,all,gaussian,medium,0,45
088859eb0563,deer_horn,51,5,all,gaussian,medium,0,45
088859eb0563,deer_horn,51,6,all,gaussian,medium,0,45
088859eb0563,deer_horn,51,7,all,gaussian,medium,0,45
088859eb0563,deer_horn,51,8,all,gaussian,medium,0,45
088859eb0563,deer_horn,51,9,all,gaussian,medium,0,45
088859eb0563,deer_horn,51,10,all,gaussian,medium,0,45
088859eb0563,deer_horn,51,11,all,gaussian,medium,0,45
088859eb0563,deer_horn,51,12,all,gaussian,medium,0,45
088859eb0563,deer_horn,51,13,all,gaussian,medium,0,45
088859eb0563,deer_horn,51,14,all,gaussian,medium,0,45
088859eb0563,deer_horn,51,15,all,gaussian,medium,0,45
088859eb0563,deer_horn,51,16,all,gaussian,medium,0,45
088859eb0563,deer_horn,51,17,all,gaussian,medium,0,45
088859eb0563,deer_horn,51,18,all,gaussian,medium,0,45
088859eb0563,deer_horn,51,19,all,gaussian,medium,0,45
088859eb0563,deer_horn,51,20,all,gaussian,medium,0,45
088859eb0563,deer_horn,52,0,all,gaussian,medium,0,45
088859eb0563,deer_horn,52,1,all,gaussian,medium,0,45
088859eb0563,deer_horn,52,2,all,gaussian,medium,0,45
088859eb0563,deer_horn,52,3,all,gaussian,medium,0,45
088859eb0563,deer_horn,52,4,all,gaussian,medium,0,45
088859eb0563,deer_horn,52,5,all,gaussian,medium,0,45
088859eb0563,deer_horn,52,6,all,gaussian,medium,0,45
088859eb0563,deer_horn,52,7,all,gaussian,medium,0,45
088859eb0563,deer_horn,52,8,all,gaussian,medium,0,45
088859eb0563,deer_horn,52,9,all,gaussian,medium,0,45
088859eb0563,deer_horn,52,10,all,gaussian,medium,0,45
088859eb0563,deer_horn,52,11,all,gaussian,medium,0,45
088859eb0563,deer_horn,52,12,all,gaussian,medium,0,45
088859eb0563,deer_horn,52,13,all,gaussian,medium,0,45
088859eb0563,deer_horn,52,14,all,gaussian,medium,0,45
088859eb0563,deer_horn,52,15,all,gaussian,medium,0,45
088859eb0563,deer_horn,52,16,all,gaussian,medium,0,45
088859eb0563,deer_horn,52,17,all,gaussian,medium,0,45
088859eb0563,deer_horn,52,18,all,gaussian,medium,0,45
088859eb0563,deer_horn,52,19,all,gaussian,medium,0,45
088859eb0563,deer_horn,52,20,all,gaussian,medium,0,45
088859eb0563,deer_horn,53,0,all,gaussian,medium,0,45
088859eb0563,deer_horn,53,1,all,gaussian,medium,0,45
088859eb0563,deer_horn,53,2,all,gaussian,medium,0,45
088859eb0563,deer_horn,53,3,all,gaussian,medium,0,45
088859eb0563,deer_horn,53,4,all,gaussian,medium,0,45
088859eb0563,deer_horn,53,5,all,gaussian,medium,0,45
088859eb0563,deer_horn,53,6,all,gaussian,medium,0,45
088859eb0563,deer_horn,53,7,all,gaussian,medium,0,45
088859eb0563,deer_horn,53,8,all,gaussian,medium,0,45
088859eb0563,deer_horn,53,9,all,gaussian,medium,0,45
088859eb0563,deer_horn,53,10,all,gaussian,medium,0,45
088859eb0563,deer_horn,53,11,all,gaussian,medium,0,45
088859eb0563,deer_horn,53,12,all,gaussian,medium,0,45
088859eb0563,deer_horn,53,13,all,gaussian,medium,0,45
088859eb0563,deer_horn,53,14,all,gaussian,medium,0,45
088859eb0563,deer_horn,53,15,all,gaussian,medium,0,45
088859eb0563,deer_horn,53,16,all,gaussian,medium,0,45
088859eb0563,deer_horn,53,17,all,gaussian,medium,0,45
088859eb0563,deer_horn,53,18,all,gaussian,medium,0,45
088859eb0563,deer_horn,53,19,all,gaussian,medium,0,45
088859eb0563,deer_horn,53,20,all,gaussian,medium,0,45
088859eb0563,deer_horn,54,0,all,gaussian,medium,0,45
088859eb0563,deer_horn,54,1,all,gaussian,medium,0,45
088859eb0563,deer_horn,54,2,all,gaussian,medium,0,45
088859eb0563,deer_horn,54,3,all,gaussian,medium,0,45
088859eb0563,deer_horn,54,4,all,gaussian,medium,0,45
088859eb0563,deer_horn,54,5,all,gaussian,medium,0,45
088859eb0563,deer_horn,54,6,all,gaussian,medium,0,45
088859eb0563,deer_horn,54,7,all,gaussian,medium,0,45
088859eb0563,deer_horn,54,8,all,gaussian,medium,0,45
088859eb0563,deer_horn,54,9,all,gaussian,medium,0,45
088859eb0563,deer_horn,54,10,all,gaussian,medium,0,45
088859eb0563,deer_horn,54,11,all,gaussian,medium,0,45
088859eb0563,deer_horn,54,12,all,gaussian,medium,0,45
088859eb0563,deer_horn,54,13,all,gaussian,medium,0,45
088859eb0563,deer_horn,54,14,all,gaussian,medium,0,45
088859eb0563,deer_horn,54,15,all,gaussian,medium,0,45
088859eb0563,deer_horn,54,16,all,gaussian,medium,0,45
088859eb0563,deer_horn,54,17,all,gaussian,medium,0,45
088859eb0563,deer_horn,54,18,all,gaussian,medium,0,45
088859eb0563,deer_horn,54,19,all,gaussian,medium,0,45
088859eb0563,deer_horn,54,20,all,gaussian,medium,0,45
088859eb0563,deer_horn,55,0,all,gaussian,medium,0,45
088859eb0563,deer_horn,55,1,all,gaussian,medium,0,45
088859eb0563,deer_horn,55,2,all,gaussian,medium,0,45
088859eb0563,deer_horn,55,3,all,gaussian,medium,0,45
088859eb0563,deer_horn,55,4,all,gaussian,medium,0,45
088859eb0563,deer_horn,55,5,all,gaussian,medium,0,45
088859eb0563,deer_horn,55,6,all,gaussian,medium,0,45
088859eb0563,deer_horn,55,7,all,gaussian,medium,0,45
088859eb0563,deer_horn,55,8,all,gaussian,medium,0,45
088859eb0563,deer_horn,55,9,all,gaussian,medium,0,45
088859eb0563,deer_horn,55,10,all,gaussian,medium,0,45
088859eb0563,deer_horn,55,11,all,gaussian,medium,0,45
088859eb0563,deer_horn,55,12,all,gaussian,medium,0,45
088859eb0563,deer_horn,55,13,all,gaussian,medium,0,45
088859eb0563,deer_horn,55,14,all,gaussian,medium,0,45
088859eb0563,deer_horn,55,15,all,gaussian,medium,0,45
088859eb0563,deer_horn,55,16,all,gaussian,medium,0,45
088859eb0563,deer_horn,55,17,all,gaussian,medium,0,45
088859eb0563,deer_horn,55,18,all,gaussian,medium,0,45
088859eb0563,deer_horn,55,19,all,gaussian,medium,0,45
088859eb0563,deer_horn,55,20,all,gaussian,medium,0,45
088859eb0563,deer_horn,56,0,all,gaussian,medium,0,45
088859eb0563,deer_horn,56,1,all,gaussian,medium,0,45
088859eb0563,deer_horn,56,2,all,gaussian,medium,0,45
088859eb0563,deer_horn,56,3,all,gaussian,medium,0,45
088859eb0563,deer_horn,56,4,all,gaussian,medium,0,45
088859eb0563,deer_horn,56,5,all,gaussian,medium,0,45
088859eb0563,deer_horn,56,6,all,gaussian,medium,0,45
088859eb0563,deer_horn,56,7,all,gaussian,medium,0,45
088859eb0563,deer_horn,56,8,all,gaussian,medium,0,45
088859eb0563,deer_horn,56,9,all,gaussian,medium,0,45
088859eb0563,deer_horn,56,10,all,gaussian,medium,0,45
088859eb0563,deer_horn,56,11,all,gaussian,medium,0,45
088859eb0563,deer_horn,56,12,all,gaussian,medium,0,45
088859eb0563,deer_horn,56,13,all,gaussian,medium,0,45
088859eb0563,deer_horn,56,14,all,gaussian,medium,0,45
088859eb0563,deer_horn,56,15,all,gaussian,medium,0,45
088859eb0563,deer_horn,56,16,all,gaussian,medium,0,45
088859eb0563,deer_horn,56,17,all,gaussian,medium,0,45
088859eb0563,deer_horn,56,18,all,gaussian,medium,0,45
088859eb0563,deer_horn,56,19,all,gaussian,medium,0,45
088859eb0563,deer_horn,56,20,all,gaussian,medium,0,45
088859eb0563,deer_horn,57,0,all,gaussian,medium,0,45
088859eb0563,deer_horn,57,1,all,gaussian,medium,0,45
088859eb0563,deer_horn,57,2,all,gaussian,medium,0,45
088859eb0563,deer_horn,57,3,all,gaussian,medium,0,45
088859eb0563,deer_horn,57,4,all,gaussian,medium,0,45
088859eb0563,deer_horn,57,5,all,gaussian,medium,0,45
088859eb0563,deer_horn,57,6,all,gaussian,medium,0,45
088859eb0563,deer_horn,57,7,all,gaussian,medium,0,45
088859eb0563,deer_horn,57,8,all,gaussian,medium,0,45
088859eb0563,deer_horn,57,9,all,gaussian,medium,0,45
088859eb0563,deer_horn,57,10,all,gaussian,medium,0,45
088859eb0563,deer_horn,57,11,all,gaussian,medium,0,45
088859eb0563,deer_horn,57,12,all,gaussian,medium,0,45
088859eb0563,deer_horn,57,13,all,gaussian,medium,0,45
088859eb0563,deer_horn,57,14,all,gaussian,medium,0,45
088859eb0563,deer_horn,57,15,all,gaussian,medium,0,45
088859eb0563,deer_horn,57,16,all,gaussian,medium,0,45
088859eb0563,deer_horn,57,17,all,gaussian,medium,0,45
088859eb0563,deer_horn,57,18,all,gaussian,medium,0,45
088859eb0563,deer_horn,57,19,all,gaussian,medium,0,45
088859eb0563,deer_horn,57,20,all,gaussian,medium,0,45
088859eb0563,deer_horn,58,0,all,gaussian,medium,0,45
088859eb0563,deer_horn,58,1,all,gaussian,medium,0,45
088859eb0563,deer_horn,58,2,all,gaussian,medium,0,45
088859eb0563,deer_horn,58,3,all,gaussian,medium,0,45
088859eb0563,deer_horn,58,4,all,gaussian,medium,0,45
088859eb0563,deer_horn,58,5,all,gaussian,medium,0,45
088859eb0563,deer_horn,58,6,all,gaussian,medium,0,45
088859eb0563,deer_horn,58,7,all,gaussian,medium,0,45
088859eb0563,deer_horn,58,8,all,gaussian,medium,0,45
088859eb0563,deer_horn,58,9,all,gaussian,medium,0,45
088859eb0563,deer_horn,58,10,all,gaussian,medium,0,45
088859eb0563,deer_horn,58,11,all,gaussian,medium,0,45
088859eb0563,deer_horn,58,12,all,gaussian,medium,0,45
088859eb0563,deer_horn,58,13,all,gaussian,medium,0,45
088859eb0563,deer_horn,58,14,all,gaussian,medium,0,45
088859eb0563,deer_horn,58,15,all,gaussian,medium,0,45
088859eb0563,deer_horn,58,16,all,gaussian,medium,0,45
088859eb0563,deer_horn,58,17,all,gaussian,medium,0,45
088859eb0563,deer_horn,58,18,all,gaussian,medium,0,45
088859eb0563,deer_horn,58,19,all,gaussian,medium,0,45
088859eb0563,deer_horn,58,20,all,gaussian,medium,0,45
088859eb0563,deer_horn,59,0,all,gaussian,medium,0,45
088859eb0563,deer_horn,59,1,all,gaussian,medium,0,45
088859eb0563,deer_horn,59,2,all,gaussian,medium,0,45
088859eb0563,deer_horn,59,3,all,gaussian,medium,0,45
088859eb0563,deer_horn,59,4,all,gaussian,medium,0,45
088859eb0563,deer_horn,59,5,all,gaussian,medium,0,45
088859eb0563,deer_horn,59,6,all,gaussian,medium,0,45
088859eb0563,deer_horn,59,7,all,gaussian,medium,0,45
088859eb0563,deer_horn,59,8,all,gaussian,medium,0,45
088859eb0563,deer_horn,59,9,all,gaussian,medium,0,45
088859eb0563,deer_horn,59,10,all,gaussian,medium,0,45
088859eb0563,deer_horn,59,11,all,gaussian,medium,0,45
088859eb0563,deer_horn,59,12,all,gaussian,medium,0,45
088859eb0563,deer_horn,59,13,all,gaussian,medium,0,45
088859eb0563,deer_horn,59,14,all,gaussian,medium,0,45
088859eb0563,deer_horn,59,15,all,gaussian,medium,0,45
088859eb0563,deer_horn,59,16,all,gaussian,medium,0,45
088859eb0563,deer_horn,59,17,all,gaussian,medium,0,45
088859eb0563,deer_horn,59,18,all,gaussian,medium,0,45
088859eb0563,deer_horn,59,19,all,gaussian,medium,0,45
088859eb0563,deer_horn,59,20,all,gaussian,medium,0,45
088859eb0563,deer_horn,60,0,all,gaussian,medium,0,45
088859eb0563,deer_horn,60,1,all,gaussian,medium,0,45
088859eb0563,deer_horn,60,2,all,gaussian,medium,0,45
088859eb0563,deer_horn,60,3,all,gaussian,medium,0,45
088859eb0563,deer_horn,60,4,all,gaussian,medium,0,45
088859eb0563,deer_horn,60,5,all,gaussian,medium,0,45
088859eb0563,deer_horn,60,6,all,gaussian,medium,0,45
088859eb0563,deer_horn,60,7,all,gaussian,medium,0,45
088859eb0563,deer_horn,60,8,all,gaussian,medium,0,45
088859eb0563,deer_horn,60,9,all,gaussian,medium,0,45
088859eb0563,deer_horn,60,10,all,gaussian,medium,0,45
088859eb0563,deer_horn,60,11,all,gaussian,medium,0,45
088859eb0563,deer_horn,60,12,all,gaussian,medium,0,45
088859eb0563,deer_horn,60,13,all,gaussian,medium,0,45
088859eb0563,deer_horn,60,14,all,gaussian,medium,0,45
088859eb0563,deer_horn,60,15,all,gaussian,medium,0,45
088859eb0563,deer_horn,60,16,all,gaussian,medium,0,45
088859eb0563,deer_horn,60,17,all,gaussian,medium,0,45
088859eb0563,deer_horn,60,18,all,gaussian,medium,0,45
088859eb0563,deer_horn,60,19,all,gaussian,medium,0,45
088859eb0563,deer_horn,60,20,all,gaussian,medium,0,45
088859eb0563,deer_horn,61,0,all,gaussian,medium,0,45
088859eb0563,deer_horn,61,1,all,gaussian,medium,0,45
088859eb0563,deer_horn,61,2,all,gaussian,medium,0,45
088859eb0563,deer_horn,61,3,all,gaussian,medium,0,45
088859eb0563,deer_horn,61,4,all,gaussian,medium,0,45
088859eb0563,deer_horn,61,5,all,gaussian,medium,0,45
088859eb0563,deer_horn,61,6,all,gaussian,medium,0,45
088859eb0563,deer_horn,61,7,all,gaussian,medium,0,45
088859eb0563,deer_horn,61,8,all,gaussian,medium,0,45
088859eb0563,deer_horn,61,9,all,gaussian,medium,0,45
088859eb0563,deer_horn,61,10,all,gaussian,medium,0,45
088859eb0563,deer_horn,61,11,all,gaussian,medium,0,45
088859eb0563,deer_horn,61,12,all,gaussian,medium,0,45
088859eb0563,deer_horn,61,13,all,gaussian,medium,0,45
088859eb0563,deer_horn,61,14,all,gaussian,medium,0,45
088859eb0563,deer_horn,61,15,all,gaussian,medium,0,45
088859eb0563,deer_horn,61,16,all,gaussian,medium,0,45
088859eb0563,deer_horn,61,17,all,gaussian,medium,0,45
088859eb0563,deer_horn,61,18,all,gaussian,medium,0,45
088859eb0563,deer_horn,61,19,all,gaussian,medium,0,45
088859eb0563,deer_horn,61,20,all,gaussian,medium,0,45
088859eb0563,deer_horn,62,0,all,gaussian,medium,0,45
088859eb0563,deer_horn,62,1,all,gaussian,medium,0,45
088859eb0563,deer_horn,62,2,all,gaussian,medium,0,45
088859eb0563,deer_horn,62,3,all,gaussian,medium,0,45
088859eb0563,deer_horn,62,4,all,gaussian,medium,0,45
088859eb0563,deer_horn,62,5,all,gaussian,medium,0,45
088859eb0563,deer_horn,62,6,all,gaussian,medium,0,45
088859eb0563,deer_horn,62,7,all,gaussian,medium,0,45
088859eb0563,deer_horn,62,8,all,gaussian,medium,0,45
088859eb0563,deer_horn,62,9,all,gaussian,medium,0,45
088859eb0563,deer_horn,62,10,all,gaussian,medium,0,45
088859eb0563,deer_horn,62,11,all,gaussian,medium,0,45
088859eb0563,deer_horn,62,12,all,gaussian,medium,0,45
088859eb0563,deer_horn,62,13,all,gaussian,medium,0,45
088859eb0563,deer_horn,62,14,all,gaussian,medium,0,45
088859eb0563,deer_horn,62,15,all,gaussian,medium,0,45
088859eb0563,deer_horn,62,16,all,gaussian,medium,0,45
088859eb0563,deer_horn,62,17,all,gaussian,medium,0,45
088859eb0563,deer_horn,62,18,all,gaussian,medium,0,45
088859eb0563,deer_horn,62,19,all,gaussian,medium,0,45
088859eb0563,deer_horn,62,20,all,gaussian,medium,0,45
088859eb0563,deer_horn,63,0,all,gaussian,medium,0,45
088859eb0563,deer_horn,63,1,all,gaussian,medium,0,45
088859eb0563,deer_horn,63,2,all,gaussian,medium,0,45
088859eb0563,deer_horn,63,3,all,gaussian,medium,0,45
088859eb0563,deer_horn,63,4,all,gaussian,medium,0,45
088859eb0563,deer_horn,63,5,all,gaussian,medium,0,45
088859eb0563,deer_horn,63,6,all,gaussian,medium,0,45
088859eb0563,deer_horn,63,7,all,gaussian,medium,0,45
088859eb0563,deer_horn,63,8,all,gaussian,medium,0,45
088859eb0563,deer_horn,63,9,all,gaussian,medium,0,45
088859eb0563,deer_horn,63,10,all,gaussian,medium,0,45
088859eb0563,deer_horn,63,11,all,gaussian,medium,0,45
088859eb0563,deer_horn,63,12,all,gaussian,medium,0,45
088859eb0563,deer_horn,63,13,all,gaussian,medium,0,45
088859eb0563,deer_horn,63,14,all,gaussian,medium,0,45
088859eb0563,deer_horn,63,15,all,gaussian,medium,0,45
088859eb0563,deer_horn,63,16,all,gaussian,medium,0,45
088859eb0563,deer_horn,63,17,all,gaussian,medium,0,45
088859eb0563,deer_horn,63,18,all,gaussian,medium,0,45
088859eb0563,deer_horn,63,19,all,gaussian,medium,0,45
088859eb0563,deer_horn,63,20,all,gaussian,medium,0,45
088859eb0563,deer_horn,64,0,all,gaussian,medium,0,45
088859eb0563,deer_horn,64,1,all,gaussian,medium,0,45
088859eb0563,deer_horn,64,2,all,gaussian,medium,0,45
088859eb0563,deer_horn,64,3,all,gaussian,medium,0,45
088859eb0563,deer_horn,64,4,all,gaussian,medium,0,45
088859eb0563,deer_horn,64,5,all,gaussian,medium,0,45
088859eb0563,deer_horn,64,6,all,gaussian,medium,0,45
088859eb0563,deer_horn,64,7,all,gaussian,medium,0,45
088859eb0563,deer_horn,64,8,all,gaussian,medium,0,45
088859eb0563,deer_horn,64,9,all,gaussian,medium,0,45
088859eb0563,deer_horn,64,10,all,gaussian,medium,0,45
088859eb0563,deer_horn,64,11,all,gaussian,medium,0,45
088859eb0563,deer_horn,64,12,all,gaussian,medium,0,45
088859eb0563,deer_horn,64,13,all,gaussian,medium,0,45
088859eb0563,deer_horn,64,14,all,gaussian,medium,0,45
088859eb0563,deer_horn,64,15,all,gaussian,medium,0,45
088859eb0563,deer_horn,64,16,all,gaussian,medium,0,45
088859eb0563,deer_horn,64,17,all,gaussian,medium,0,45
088859eb0563,deer_horn,64,18,all,gaussian,medium,0,45
088859eb0563,deer_horn,64,19,all,gaussian,medium,0,45
088859eb0563,deer_horn,64,20,all,gaussian,medium,0,45
088859eb0563,deer_horn,65,0,all,gaussian,medium,0,45
088859eb0563,deer_horn,65,1,all,gaussian,medium,0,45
088859eb0563,deer_horn,65,2,all,gaussian,medium,0,45
088859eb0563,deer_horn,65,3,all,gaussian,medium,0,45
088859eb0563,deer_horn,65,4,all,gaussian,medium,0,45
088859eb0563,deer_horn,65,5,all,gaussian,medium,0,45
088859eb0563,deer_horn,65,6,all,gaussian,medium,0,45
088859eb0563,deer_horn,65,7,all,gaussian,medium,0,45
088859eb0563,deer_horn,65,8,all,gaussian,medium,0,45
088859eb0563,deer_horn,65,9,all,gaussian,medium,0,45
088859eb0563,deer_horn,65,10,all,gaussian,medium,0,45
088859eb0563,deer_horn,65,11,all,gaussian,medium,0,45
088859eb0563,deer_horn,65,12,all,gaussian,medium,0,45
088859eb0563,deer_horn,65,13,all,gaussian,medium,0,45
088859eb0563,deer_horn,65,14,all,gaussian,medium,0,45
088859eb0563,deer_horn,65,15,all,gaussian,medium,0,45
088859eb0563,deer_horn,65,16,all,gaussian,medium,0,45
088859eb0563,deer_horn,65,17,all,gaussian,medium,0,45
088859eb0563,deer_horn,65,18,all,gaussian,medium,0,45
088859eb0563,deer_horn,65,19,all,gaussian,medium,0,45
088859eb0563,deer_horn,65,20,all,gaussian,medium,0,45
088859eb0563,deer_horn,66,0,all,gaussian,medium,0,45
088859eb0563,deer_horn,66,1,all,gaussian,medium,0,45
088859eb0563,deer_horn,66,2,all,gaussian,medium,0,45
088859eb0563,deer_horn,66,3,all,gaussian,medium,0,45
088859eb0563,deer_horn,66,4,all,gaussian,medium,0,45
088859eb0563,deer_horn,66,5,all,gaussian,medium,0,45
088859eb0563,deer_horn,66,6,all,gaussian,medium,0,45
088859eb0563,deer_horn,66,7,all,gaussian,medium,0,45
088859eb0563,deer_horn,66,8,all,gaussian,medium,0,45
088859eb0563,deer_horn,66,9,all,gaussian,medium,0,45
088859eb0563,deer_horn,66,10,all,gaussian,medium,0,45
088859eb0563,deer_horn,66,11,all,gaussian,medium,0,45
088859eb0563,deer_horn,66,12,all,gaussian,medium,0,45
088859eb0563,deer_horn,66,13,all,gaussian,medium,0,45
088859eb0563,deer_horn,66,14,all,gaussian,medium,0,45
088859eb0563,deer_horn,66,15,all,gaussian,medium,0,45
088859eb0563,deer_horn,66,16,all,gaussian,medium,0,45
088859eb0563,deer_horn,66,17,all,gaussian,medium,0,45
088859eb0563,deer_horn,66,18,all,gaussian,medium,0,45
088859eb0563,deer_horn,66,19,all,gaussian,medium,0,45
088859eb0563,deer_horn,66,20,all,gaussian,medium,0,45
088859eb0563,deer_horn,67,0,all,gaussian,medium,0,45
088859eb0563,deer_horn,67,1,all,gaussian,medium,0,45
088859eb0563,deer_horn,67,2,all,gaussian,medium,0,45
088859eb0563,deer_horn,67,3,all,gaussian,medium,0,45
088859eb0563,deer_horn,67,4,all,gaussian,medium,0,45
088859eb0563,deer_horn,67,5,all,gaussian,medium,0,45
088859eb0563,deer_horn,67,6,all,gaussian,medium,0,45
088859eb0563,deer_horn,67,7,all,gaussian,medium,0,45
088859eb0563,deer_horn,67,8,all,gaussian,medium,0,45
088859eb0563,deer_horn,67,9,all,gaussian,medium,0,45
088859eb0563,deer_horn,67,10,all,gaussian,medium,0,45
088859eb0563,deer_horn,67,11,all,gaussian,medium,0,45
088859eb0563,deer_horn,67,12,all,gaussian,medium,0,45
088859eb0563,deer_horn,67,13,all,gaussian,medium,0,45
088859eb0563,deer_horn,67,14,all,gaussian,medium,0,45
088859eb0563,deer_horn,67,15,all,gaussian,medium,0,45
088859eb0563,deer_horn,67,16,all,gaussian,medium,0,45
088859eb0563,deer_horn,67,17,all,gaussian,medium,0,45
088859eb0563,deer_horn,67,18,all,gaussian,medium,0,45
088859eb0563,deer_horn,67,19,all,gaussian,medium,0,45
088859eb0563,deer_horn,67,20,all,gaussian,medium,0,45
088859eb0563,deer_horn,68,0,all,gaussian,medium,0,45
088859eb0563,deer_horn,68,1,all,gaussian,medium,0,45
088859eb0563,deer_horn,68,2,all,gaussian,medium,0,45
088859eb0563,deer_horn,68,3,all,gaussian,medium,0,45
088859eb0563,deer_horn,68,4,all,gaussian,medium,0,45
088859eb0563,deer_horn,68,5,all,gaussian,medium,0,45
088859eb0563,deer_horn,68,6,all,gaussian,medium,0,45
088859eb0563,deer_horn,68,7,all,gaussian,medium,0,45
088859eb0563,deer_horn,68,8,all,gaussian,medium,0,45
088859eb0563,deer_horn,68,9,all,gaussian,medium,0,45
088859eb0563,deer_horn,68,10,all,gaussian,medium,0,45
088859eb0563,deer_horn,68,11,all,gaussian,medium,0,45
088859eb0563,deer_horn,68,12,all,gaussian,medium,0,45
088859eb0563,deer_horn,68,13,all,gaussian,medium,0,45
088859eb0563,deer_horn,68,14,all,gaussian,medium,0,45
088859eb0563,deer_horn,68,15,all,gaussian,medium,0,45
088859eb0563,deer_horn,68,16,all,gaussian,medium,0,45
088859eb0563,deer_horn,68,17,all,gaussian,medium,0,45
088859eb0563,deer_horn,68,18,all,gaussian,medium,0,45
088859eb0563,deer_horn,68,19,all,gaussian,medium,0,45
088859eb0563,deer_horn,68,20,all,gaussian,medium,0,45
088859eb0563,deer_horn,69,0,all,gaussian,medium,0,45
088859eb0563,deer_horn,69,1,all,gaussian,medium,0,45
088859eb0563,deer_horn,69,2,all,gaussian,medium,0,45
088859eb0563,deer_horn,69,3,all,gaussian,medium,0,45
088859eb0563,deer_horn,69,4,all,gaussian,medium,0,45
088859eb0563,deer_horn,69,5,all,gaussian,medium,0,45
088859eb0563,deer_horn,69,6,all,gaussian,medium,0,45
088859eb0563,deer_horn,69,7,all,gaussian,medium,0,45
088859eb0563,deer_horn,69,8,all,gaussian,medium,0,45
088859eb0563,deer_horn,69,9,all,gaussian,medium,0,45
088859eb0563,deer_horn,69,10,all,gaussian,medium,0,45
088859eb0563,deer_horn,69,11,all,gaussian,medium,0,45
088859eb0563,deer_horn,69,12,all,gaussian,medium,0,45
088859eb0563,deer_horn,69,13,all,gaussian,medium,0,45
088859eb0563,deer_horn,69,14,all,gaussian,medium,0,45
088859eb0563,deer_horn,69,15,all,gaussian,medium,0,45
088859eb0563,deer_horn,69,16,all,gaussian,medium,0,45
088859eb0563,deer_horn,69,17,all,gaussian,medium,0,45
088859eb0563,deer_horn,69,18,all,gaussian,medium,0,45
088859eb0563,deer_horn,69,19,all,gaussian,medium,0,45
088859eb0563,deer_horn,69,20,all,gaussian,medium,0,45
088859eb0563,deer_horn,70,0,all,gaussian,medium,0,45
088859eb0563,deer_horn,70,1,all,gaussian,medium,0,45
088859eb0563,deer_horn,70,2,all,gaussian,medium,0,45
088859eb0563,deer_horn,70,3,all,gaussian,medium,0,45
088859eb0563,deer_horn,70,4,all,gaussian,medium,0,45
088859eb0563,deer_horn,70,5,all,gaussian,medium,0,45
088859eb0563,deer_horn,70,6,all,gaussian,medium,0,45
088859eb0563,deer_horn,70,7,all,gaussian,medium,0,45
088859eb0563,deer_horn,70,8,all,gaussian,medium,0,45
088859eb0563,deer_horn,70,9,all,gaussian,medium,0,45
088859eb0563,deer_horn,70,10,all,gaussian,medium,0,45
088859eb0563,deer_horn,70,11,all,gaussian,medium,0,45
088859eb0563,deer_horn,70,12,all,gaussian,medium,0,45
088859eb0563,deer_horn,70,13,all,gaussian,medium,0,45
088859eb0563,deer_horn,70,14,all,gaussian,medium,0,45
088859eb0563,deer_horn,70,15,all,gaussian,medium,0,45
088859eb0563,deer_horn,70,16,all,gaussian,medium,0,45
088859eb0563,deer_horn,70,17,all,gaussian,medium,0,45
088859eb0563,deer_horn,70,18,all,gaussian,medium,0,45
088859eb0563,deer_horn,70,19,all,gaussian,medium,0,45
088859eb0563,deer_horn,70,20,all,gaussian,medium,0,45
088859eb0563,deer_horn,71,0,all,gaussian,medium,0,45
088859eb0563,deer_horn,71,1,all,gaussian,medium,0,45
088859eb0563,deer_horn,71,2,all,gaussian,medium,0,45
088859eb0563,deer_horn,71,3,all,gaussian,medium,0,45
088859eb0563,deer_horn,71,4,all,gaussian,medium,0,45
088859eb0563,deer_horn,71,5,all,gaussian,medium,0,45
088859eb0563,deer_horn,71,6,all,gaussian,medium,0,45
088859eb0563,deer_horn,71,7,all,gaussian,medium,0,45
088859eb0563,deer_horn,71,8,all,gaussian,medium,0,45
088859eb0563,deer_horn,71,9,all,gaussian,medium,0,45
088859eb0563,deer_horn,71,10,all,gaussian,medium,0,45
088859eb0563,deer_horn,71,11,all,gaussian,medium,0,45
088859eb0563,deer_horn,71,12,all,gaussian,medium,0,45
088859eb0563,deer_horn,71,13,all,gaussian,medium,0,45
088859eb0563,deer_horn,71,14,all,gaussian,medium,0,45
088859eb0563,deer_horn,71,15,all,gaussian,medium,0,45
088859eb0563,deer_horn,71,16,all,gaussian,medium,0,45
088859eb0563,deer_horn,71,17,all,gaussian,medium,0,45
088859eb0563,deer_horn,71,18,all,gaussian,medium,0,45
088859eb0563,deer_horn,71,19,all,gaussian,medium,0,45
088859eb0563,deer_horn,71,20,all,gaussian,medium,0,45
088859eb0563,deer_horn,72,0,all,gaussian,medium,0,45
088859eb0563,deer_horn,72,1,all,gaussian,medium,0,45
088859eb0563,deer_horn,72,2,all,gaussian,medium,0,45
088859eb0563,deer_horn,72,3,all,gaussian,medium,0,45
088859eb0563,deer_horn,72,4,all,gaussian,medium,0,45
088859eb0563,deer_horn,72,5,all,gaussian,medium,0,45
088859eb0563,deer_horn,72,6,all,gaussian,medium,0,45
088859eb0563,deer_horn,72,7,all,gaussian,medium,0,45
088859eb0563,deer_horn,72,8,all,gaussian,medium,0,45
088859eb0563,deer_horn,72,9,all,gaussian,medium,0,45
088859eb0563,deer_horn,72,10,all,gaussian,medium,0,45
088859eb0563,deer_horn,72,11,all,gaussian,medium,0,45
088859eb0563,deer_horn,72,12,all,gaussian,medium,0,45
088859eb0563,deer_horn,72,13,all,gaussian,medium,0,45
088859eb0563,deer_horn,72,14,all,gaussian,medium,0,45
088859eb0563,deer_horn,72,15,all,gaussian,medium,0,45
088859eb0563,deer_horn,72,16,all,gaussian,medium,0,45
088859eb0563,deer_horn,72,17,all,gaussian,medium,0,45
088859eb0563,deer_horn,72,18,all,gaussian,medium,0,45
088859eb0563,deer_horn,72,19,all,gaussian,medium,0,45
088859eb0563,deer_horn,72,20,all,gaussian,medium,0,45
088859eb0563,deer_horn,73,0,all,gaussian,medium,0,45
088859eb0563,deer_horn,73,1,all,gaussian,medium,0,45
088859eb0563,deer_horn,73,2,all,gaussian,medium,0,45
088859eb0563,deer_horn,73,3,all,gaussian,medium,0,45
088859eb0563,deer_horn,73,4,all,gaussian,medium,0,45
088859eb0563,deer_horn,73,5,all,gaussian,medium,0,45
088859eb0563,deer_horn,73,6,all,gaussian,medium,0,45
088859eb0563,deer_horn,73,7,all,gaussian,medium,0,45
088859eb0563,deer_horn,73,8,all,gaussian,medium,0,45
088859eb0563,deer_horn,73,9,all,gaussian,medium,0,45
088859eb0563,deer_horn,73,10,all,gaussian,medium,0,45
088859eb0563,deer_horn,73,11,all,gaussian,medium,0,45
088859eb0563,deer_horn,73,12,all,gaussian,medium,0,45
088859eb0563,deer_horn,73,13,all,gaussian,medium,0,45
088859eb0563,deer_horn,73,14,all,gaussian,medium,0,45
088859eb0563,deer_horn,73,15,all,gaussian,medium,0,45
088859eb0563,deer_horn,73,16,all,gaussian,medium,0,45
088859eb0563,deer_horn,73,17,all,gaussian,medium,0,45
088859eb0563,deer_horn,73,18,all,gaussian,medium,0,45
088859eb0563,deer_horn,73,19,all,gaussian,medium,0,45
088859eb0563,deer_horn,73,20,all,gaussian,medium,0,45
088859eb0563,deer_horn,74,0,all,gaussian,medium,0,45
088859eb0563,deer_horn,74,1,all,gaussian,medium,0,45
088859eb0563,deer_horn,74,2,all,gaussian,medium,0,45
088859eb0563,deer_horn,74,3,all,gaussian,medium,0,45
088859eb0563,deer_horn,74,4,all,gaussian,medium,0,45
088859eb0563,deer_horn,74,5,all,gaussian,medium,0,45
088859eb0563,deer_horn,74,6,all,gaussian,medium,0,45
088859eb0563,deer_horn,74,7,all,gaussian,medium,0,45
088859eb0563,deer_horn,74,8,all,gaussian,medium,0,45
088859eb0563,deer_horn,74,9,all,gaussian,medium,0,45
088859eb0563,deer_horn,74,10,all,gaussian,medium,0,45
088859eb0563,deer_horn,74,11,all,gaussian,medium,0,45
088859eb0563,deer_horn,74,12,all,gaussian,medium,0,45
088859eb0563,deer_horn,74,13,all,gaussian,medium,0,45
088859eb0563,deer_horn,74,14,all,gaussian,medium,0,45
088859eb0563,deer_horn,74,15,all,gaussian,medium,0,45
088859eb0563,deer_horn,74,16,all,gaussian,medium,0,45
088859eb0563,deer_horn,74,17,all,gaussian,medium,0,45
088859eb0563,deer_horn,74,18,all,gaussian,medium,0,45
088859eb0563,deer_horn,74,19,all,gaussian,medium,0,45
088859eb0563,deer_horn,74,20,all,gaussian,medium,0,45
088859eb0563,deer_horn,75,0,all,gaussian,medium,0,45
088859eb0563,deer_horn,75,1,all,gaussian,medium,0,45
088859eb0563,deer_horn,75,2,all,gaussian,medium,0,45
088859eb0563,deer_horn,75,3,all,gaussian,medium,0,45
088859eb0563,deer_horn,75,4,all,gaussian,medium,0,45
088859eb0563,deer_horn,75,5,all,gaussian,medium,0,45
088859eb0563,deer_horn,75,6,all,gaussian,medium,0,45
088859eb0563,deer_horn,75,7,all,gaussian,medium,0,45
088859eb0563,deer_horn,75,8,all,gaussian,medium,0,45
088859eb0563,deer_horn,75,9,all,gaussian,medium,0,45
088859eb0563,deer_horn,75,10,all,gaussian,medium,0,45
088859eb0563,deer_horn,75,11,all,gaussian,medium,0,45
088859eb0563,deer_horn,75,12,all,gaussian,medium,0,45
088859eb0563,deer_horn,75,13,all,gaussian,medium,0,45
088859eb0563,deer_horn,75,14,all,gaussian,medium,0,45
088859eb0563,deer_horn,75,15,all,gaussian,medium,0,45
088859eb0563,deer_horn,75,16,all,gaussian,medium,0,45
088859eb0563,deer_horn,75,17,all,gaussian,medium,0,45
088859eb0563,deer_horn,75,18,all,gaussian,medium,0,45
088859eb0563,deer_horn,75,19,all,gaussian,medium,0,45
088859eb0563,deer_horn,75,20,all,gaussian,medium,0,45
088859eb0563,deer_horn,76,0,all,gaussian,medium,0,45
088859eb0563,deer_horn,76,1,all,gaussian,medium,0,45
088859eb0563,deer_horn,76,2,all,gaussian,medium,0,45
088859eb0563,deer_horn,76,3,all,gaussian,medium,0,45
088859eb0563,deer_horn,76,4,all,gaussian,medium,0,45
088859eb0563,deer_horn,76,5,all,gaussian,medium,0,45
088859eb0563,deer_horn,76,6,all,gaussian,medium,0,45
088859eb0563,deer_horn,76,7,all,gaussian,medium,0,45
088859eb0563,deer_horn,76,8,all,gaussian,medium,0,45
088859eb0563,deer_horn,76,9,all,gaussian,medium,0,45
088859eb0563,deer_horn,76,10,all,gaussian,medium,0,45
088859eb0563,deer_horn,76,11,all,gaussian,medium,0,45
088859eb0563,deer_horn,76,12,all,gaussian,medium,0,45
088859eb0563,deer_horn,76,13,all,gaussian,medium,0,45
088859eb0563,deer_horn,76,14,all,gaussian,medium,0,45
088859eb0563,deer_horn,76,15,all,gaussian,medium,0,45
088859eb0563,deer_horn,76,16,all,gaussian,medium,0,45
088859eb0563,deer_horn,76,17,all,gaussian,medium,0,45
088859eb0563,deer_horn,76,18,all,gaussian,medium,0,45
088859eb0563,deer_horn,76,19,all,gaussian,medium,0,45
088859eb0563,deer_horn,76,20,all,gaussian,medium,0,45
088859eb0563,deer_horn,77,0,all,gaussian,medium,0,45
088859eb0563,deer_horn,77,1,all,gaussian,medium,0,45
088859eb0563,deer_horn,77,2,all,gaussian,medium,0,45
088859eb0563,deer_horn,77,3,all,gaussian,medium,0,45
088859eb0563,deer_horn,77,4,all,gaussian,medium,0,45
088859eb0563,deer_horn,77,5,all,gaussian,medium,0,45
088859eb0563,deer_horn,77,6,all,gaussian,medium,0,45
088859eb0563,deer_horn,77,7,all,gaussian,medium,0,45
088859eb0563,deer_horn,77,8,all,gaussian,medium,0,45
088859eb0563,deer_horn,77,9,all,gaussian,medium,0,45
088859eb0563,deer_horn,77,10,all,gaussian,medium,0,45
088859eb0563,deer_horn,77,11,all,gaussian,medium,0,45
088859eb0563,deer_horn,77,12,all,gaussian,medium,0,45
088859eb0563,deer_horn,77,13,all,gaussian,medium,0,45
088859eb0563,deer_horn,77,14,all,gaussian,medium,0,45
088859eb0563,deer_horn,77,15,all,gaussian,medium,0,45
088859eb0563,deer_horn,77,16,all,gaussian,medium,0,45
088859eb0563,deer_horn,77,17,all,gaussian,medium,0,45
088859eb0563,deer_horn,77,18,all,gaussian,medium,0,45
088859eb0563,deer_horn,77,19,all,gaussian,medium,0,45
088859eb0563,deer_horn,77,20,all,gaussian,medium,0,45
088859eb0563,deer_horn,78,0,all,gaussian,medium,0,45
088859eb0563,deer_horn,78,1,all,gaussian,medium,0,45
088859eb0563,deer_horn,78,2,all,gaussian,medium,0,45
088859eb0563,deer_horn,78,3,all,gaussian,medium,0,45
088859eb0563,deer_horn,78,4,all,gaussian,medium,0,45
088859eb0563,deer_horn,78,5,all,gaussian,medium,0,45
088859eb0563,deer_horn,78,6,all,gaussian,medium,0,45
088859eb0563,deer_horn,78,7,all,gaussian,medium,0,45
088859eb0563,deer_horn,78,8,all,gaussian,medium,0,45
088859eb0563,deer_horn,78,9,all,gaussian,medium,0,45
088859eb0563,deer_horn,78,10,all,gaussian,medium,0,45
088859eb0563,deer_horn,78,11,all,gaussian,medium,0,45
088859eb0563,deer_horn,78,12,all,gaussian,medium,0,45
088859eb0563,deer_horn,78,13,all,gaussian,medium,0,45
088859eb0563,deer_horn,78,14,all,gaussian,medium,0,45
088859eb0563,deer_horn,78,15,all,gaussian,medium,0,45
088859eb0563,deer_horn,78,16,all,gaussian,medium,0,45
088859eb0563,deer_horn,78,17,all,gaussian,medium,0,45
088859eb0563,deer_horn,78,18,all,gaussian,medium,0,45
088859eb0563,deer_horn,78,19,all,gaussian,medium,0,45
088859eb0563,deer_horn,78,20,all,gaussian,medium,0,45
088859eb0563,deer_horn,79,0,all,gaussian,medium,0,45
088859eb0563,deer_horn,79,1,all,gaussian,medium,0,45
088859eb0563,deer_horn,79,2,all,gaussian,medium,0,45
088859eb0563,deer_horn,79,3,all,gaussian,medium,0,45
088859eb0563,deer_horn,79,4,all,gaussian,medium,0,45
088859eb0563,deer_horn,79,5,all,gaussian,medium,0,45
088859eb0563,deer_horn,79,6,all,gaussian,medium,0,45
088859eb0563,deer_horn,79,7,all,gaussian,medium,0,45
088859eb0563,deer_horn,79,8,all,gaussian,medium,0,45
088859eb0563,deer_horn,79,9,all,gaussian,medium,0,45
088859eb0563,deer_horn,79,10,all,gaussian,medium,0,45
088859eb0563,deer_horn,79,11,all,gaussian,medium,0,45
088859eb0563,deer_horn,79,12,all,gaussian,medium,0,45
088859eb0563,deer_horn,79,13,all,gaussian,medium,0,45
088859eb0563,deer_horn,79,14,all,gaussian,medium,0,45
088859eb0563,deer_horn,79,15,all,gaussian,medium,0,45
088859eb0563,deer_horn,79,16,all,gaussian,medium,0,45
088859eb0563,deer_horn,79,17,all,gaussian,medium,0,45
088859eb0563,deer_horn,79,18,all,gaussian,medium,0,45
088859eb0563,deer_horn,79,19,all,gaussian,medium,0,45
088859eb0563,deer_horn,79,20,all,gaussian,medium,0,45
088859eb0563,deer_horn,80,0,all,gaussian,medium,0,45
088859eb0563,deer_horn,80,1,all,gaussian,medium,0,45
088859eb0563,deer_horn,80,2,all,gaussian,medium,0,45
088859eb0563,deer_horn,80,3,all,gaussian,medium,0,45
088859eb0563,deer_horn,80,4,all,gaussian,medium,0,45
088859eb0563,deer_horn,80,5,all,gaussian,medium,0,45
088859eb0563,deer_horn,80,6,all,gaussian,medium,0,45
088859eb0563,deer_horn,80,7,all,gaussian,medium,0,45
088859eb0563,deer_horn,80,8,all,gaussian,medium,0,45
088859eb0563,deer_horn,80,9,all,gaussian,medium,0,45
088859eb0563,deer_horn,80,10,all,gaussian,medium,0,45
088859eb0563,deer_horn,80,11,all,gaussian,medium,0,45
088859eb0563,deer_horn,80,12,all,gaussian,medium,0,45
088859eb0563,deer_horn,80,13,all,gaussian,medium,0,45
088859eb0563,deer_horn,80,14,all,gaussian,medium,0,45
088859eb0563,deer_horn,80,15,all,gaussian,medium,0,45
088859eb0563,deer_horn,80,16,all,gaussian,medium,0,45
088859eb0563,deer_horn,80,17,all,gaussian,medium,0,45
088859eb0563,deer_horn,80,18,all,gaussian,medium,0,45
088859eb0563,deer_horn,80,19,all,gaussian,medium,0,45
088859eb0563,deer_horn,80,20,all,gaussian,medium,0,45
088859eb0563,deer_horn,81,0,all,gaussian,medium,0,45
088859eb0563,deer_horn,81,1,all,gaussian,medium,0,45
088859eb0563,deer_horn,81,2,all,gaussian,medium,0,45
088859eb0563,deer_horn,81,3,all,gaussian,medium,0,45
088859eb0563,deer_horn,81,4,all,gaussian,medium,0,45
088859eb0563,deer_horn,81,5,all,gaussian,medium,0,45
088859eb0563,deer_horn,81,6,all,gaussian,medium,0,45
088859eb0563,deer_horn,81,7,all,gaussian,medium,0,45
088859eb0563,deer_horn,81,8,all,gaussian,medium,0,45
088859eb0563,deer_horn,81,9,all,gaussian,medium,0,45
088859eb0563,deer_horn,81,10,all,gaussian,medium,0,45
088859eb0563,deer_horn,81,11,all,gaussian,medium,0,45
088859eb0563,deer_horn,81,12,all,gaussian,medium,0,45
088859eb0563,deer_horn,81,13,all,gaussian,medium,0,45
088859eb0563,deer_horn,81,14,all,gaussian,medium,0,45
088859eb0563,deer_horn,81,15,all,gaussian,medium,0,45
088859eb0563,deer_horn,81,16,all,gaussian,medium,0,45
088859eb0563,deer_horn,81,17,all,gaussian,medium,0,45
088859eb0563,deer_horn,81,18,all,gaussian,medium,0,45
088859eb0563,deer_horn,81,19,all,gaussian,medium,0,45
088859eb0563,deer_horn,81,20,all,gaussian,medium,0,45
088859eb0563,deer_horn,82,0,all,gaussian,medium,0,45
088859eb0563,deer_horn,82,1,all,gaussian,medium,0,45
088859eb0563,deer_horn,82,2,all,gaussian,medium,0,45
088859eb0563,deer_horn,82,3,all,gaussian,medium,0,45
088859eb0563,deer_horn,82,4,all,gaussian,medium,0,45
088859eb0563,deer_horn,82,5,all,gaussian,medium,0,45
088859eb0563,deer_horn,82,6,all,gaussian,medium,0,45
088859eb0563,deer_horn,82,7,all,gaussian,medium,0,45
088859eb0563,deer_horn,82,8,all,gaussian,medium,0,45
088859eb0563,deer_horn,82,9,all,gaussian,medium,0,45
088859eb0563,deer_horn,82,10,all,gaussian,medium,0,45
088859eb0563,deer_horn,82,11,all,gaussian,medium,0,45
088859eb0563,deer_horn,82,12,all,gaussian,medium,0,45
088859eb0563,deer_horn,82,13,all,gaussian,medium,0,45
088859eb0563,deer_horn,82,14,all,gaussian,medium,0,45
088859eb0563,deer_horn,82,15,all,gaussian,medium,0,45
088859eb0563,deer_horn,82,16,all,gaussian,medium,0,45
088859eb0563,deer_horn,82,17,all,gaussian,medium,0,45
088859eb0563,deer_horn,82,18,all,gaussian,medium,0,45
088859eb0563,deer_horn,82,19,all,gaussian,medium,0,45
088859eb0563,deer_horn,82,20,all,gaussian,medium,0,45
088859eb0563,deer_horn,83,0,all,gaussian,medium,0,45
088859eb0563,deer_horn,83,1,all,gaussian,medium,0,45
088859eb0563,deer_horn,83,2,all,gaussian,medium,0,45
088859eb0563,deer_horn,83,3,all,gaussian,medium,0,45
088859eb0563,deer_horn,83,4,all,gaussian,medium,0,45
088859eb0563,deer_horn,83,5,all,gaussian,medium,0,45
088859eb0563,deer_horn,83,6,all,gaussian,medium,0,45
088859eb0563,deer_horn,83,7,all,gaussian,medium,0,45
088859eb0563,deer_horn,83,8,all,gaussian,medium,0,45
088859eb0563,deer_horn,83,9,all,gaussian,medium,0,45
088859eb0563,deer_horn,83,10,all,gaussian,medium,0,45
088859eb0563,deer_horn,83,11,all,gaussian,medium,0,45
088859eb0563,deer_horn,83,12,all,gaussian,medium,0,45
088859eb0563,deer_horn,83,13,all,gaussian,medium,0,45
088859eb0563,deer_horn,83,14,all,gaussian,medium,0,45
088859eb0563,deer_horn,83,15,all,gaussian,medium,0,45
088859eb0563,deer_horn,83,16,all,gaussian,medium,0,45
088859eb0563,deer_horn,83,17,all,gaussian,medium,0,45
088859eb0563,deer_horn,83,18,all,gaussian,medium,0,45
088859eb0563,deer_horn,83,19,all,gaussian,medium,0,45
088859eb0563,deer_horn,83,20,all,gaussian,medium,0,45
088859eb0563,deer_horn,84,0,all,gaussian,medium,0,45
088859eb0563,deer_horn,84,1,all,gaussian,medium,0,45
088859eb0563,deer_horn,84,2,all,gaussian,medium,0,45
088859eb0563,deer_horn,84,3,all,gaussian,medium,0,45
088859eb0563,deer_horn,84,4,all,gaussian,medium,0,45
088859eb0563,deer_horn,84,5,all,gaussian,medium,0,45
088859eb0563,deer_horn,84,6,all,gaussian,medium,0,45
088859eb0563,deer_horn,84,7,all,gaussian,medium,0,45
088859eb0563,deer_horn,84,8,all,gaussian,medium,0,45
088859eb0563,deer_horn,84,9,all,gaussian,medium,0,45
088859eb0563,deer_horn,84,10,all,gaussian,medium,0,45
088859eb0563,deer_horn,84,11,all,gaussian,medium,0,45
088859eb0563,deer_horn,84,12,all,gaussian,medium,0,45
088859eb0563,deer_horn,84,13,all,gaussian,medium,0,45
088859eb0563,deer_horn,84,14,all,gaussian,medium,0,45
088859eb0563,deer_horn,84,15,all,gaussian,medium,0,45
088859eb0563,deer_horn,84,16,all,gaussian,medium,0,45
088859eb0563,deer_horn,84,17,all,gaussian,medium,0,45
088859eb0563,deer_horn,84,18,all,gaussian,medium,0,45
088859eb0563,deer_horn,84,19,all,gaussian,medium,0,45
088859eb0563,deer_horn,84,20,all,gaussian,medium,0,45
088859eb0563,deer_horn,85,0,all,gaussian,medium,0,45
088859eb0563,deer_horn,85,1,all,gaussian,medium,0,45
088859eb0563,deer_horn,85,2,all,gaussian,medium,0,45
088859eb0563,deer_horn,85,3,all,gaussian,medium,0,45
088859eb0563,deer_horn,85,4,all,gaussian,medium,0,45
088859eb0563,deer_horn,85,5,all,gaussian,medium,0,45
088859eb0563,deer_horn,85,6,all,gaussian,medium,0,45
088859eb0563,deer_horn,85,7,all,gaussian,medium,0,45
088859eb0563,deer_horn,85,8,all,gaussian,medium,0,45
088859eb0563,deer_horn,85,9,all,gaussian,medium,0,45
088859eb0563,deer_horn,85,10,all,gaussian,medium,0,45
088859eb0563,deer_horn,85,11,all,gaussian,medium,0,45
088859eb0563,deer_horn,85,12,all,gaussian,medium,0,45
088859eb0563,deer_horn,85,13,all,gaussian,medium,0,45
088859eb0563,deer_horn,85,14,all,gaussian,medium,0,45
088859eb0563,deer_horn,85,15,all,gaussian,medium,0,45
088859eb0563,deer_horn,85,16,all,gaussian,medium,0,45
088859eb0563,deer_horn,85,17,all,gaussian,medium,0,45
088859eb0563,deer_horn,85,18,all,gaussian,medium,0,45
088859eb0563,deer_horn,85,19,all,gaussian,medium,0,45
088859eb0563,deer_horn,85,20,all,gaussian,medium,0,45
088859eb0563,deer_horn,86,0,all,gaussian,medium,0,45
088859eb0563,deer_horn,86,1,all,gaussian,medium,0,45
088859eb0563,deer_horn,86,2,all,gaussian,medium,0,45
088859eb0563,deer_horn,86,3,all,gaussian,medium,0,45
088859eb0563,deer_horn,86,4,all,gaussian,medium,0,45
088859eb0563,deer_horn,86,5,all,gaussian,medium,0,45
088859eb0563,deer_horn,86,6,all,gaussian,medium,0,45
088859eb0563,deer_horn,86,7,all,gaussian,medium,0,45
088859eb0563,deer_horn,86,8,all,gaussian,medium,0,45
088859eb0563,deer_horn,86,9,all,gaussian,medium,0,45
088859eb0563,deer_horn,86,10,all,gaussian,medium,0,45
088859eb0563,deer_horn,86,11,all,gaussian,medium,0,45
088859eb0563,deer_horn,86,12,all,gaussian,medium,0,45
088859eb0563,deer_horn,86,13,all,gaussian,medium,0,45
088859eb0563,deer_horn,86,14,all,gaussian,medium,0,45
088859eb0563,deer_horn,86,15,all,gaussian,medium,0,45
088859eb0563,deer_horn,86,16,all,gaussian,medium,0,45
088859eb0563,deer_horn,86,17,all,gaussian,medium,0,45
088859eb0563,deer_horn,86,18,all,gaussian,medium,0,45
088859eb0563,deer_horn,86,19,all,gaussian,medium,0,45
088859eb0563,deer_horn,86,20,all,gaussian,medium,0,45
088859eb0563,deer_horn,87,0,all,gaussian,medium,0,45
088859eb0563,deer_horn,87,1,all,gaussian,medium,0,45
088859eb0563,deer_horn,87,2,all,gaussian,medium,0,45
088859eb0563,deer_horn,87,3,all,gaussian,medium,0,45
088859eb0563,deer_horn,87,4,all,gaussian,medium,0,45
088859eb0563,deer_horn,87,5,all,gaussian,medium,0,45
088859eb0563,deer_horn,87,6,all,gaussian,medium,0,45
088859eb0563,deer_horn,87,7,all,gaussian,medium,0,45
088859eb0563,deer_horn,87,8,all,gaussian,medium,0,45
088859eb0563,deer_horn,87,9,all,gaussian,medium,0,45
088859eb0563,deer_horn,87,10,all,gaussian,medium,0,45
088859eb0563,deer_horn,87,11,all,gaussian,medium,0,45
088859eb0563,deer_horn,87,12,all,gaussian,medium,0,45
088859eb0563,deer_horn,87,13,all,gaussian,medium,0,45
088859eb0563,deer_horn,87,14,all,gaussian,medium,0,45
088859eb0563,deer_horn,87,15,all,gaussian,medium,0,45
088859eb0563,deer_horn,87,16,all,gaussian,medium,0,45
088859eb0563,deer_horn,87,17,all,gaussian,medium,0,45
088859eb0563,deer_horn,87,18,all,gaussian,medium,0,45
088859eb0563,deer_horn,87,19,all,gaussian,medium,0,45
088859eb0563,deer_horn,87,20,all,gaussian,medium,0,45
088859eb0563,deer_horn,88,0,all,gaussian,medium,0,45
088859eb0563,deer_horn,88,1,all,gaussian,medium,0,45
088859eb0563,deer_horn,88,2,all,gaussian,medium,0,45
088859eb0563,deer_horn,88,3,all,gaussian,medium,0,45
088859eb0563,deer_horn,88,4,all,gaussian,medium,0,45
088859eb0563,deer_horn,88,5,all,gaussian,medium,0,45
088859eb0563,deer_horn,88,6,all,gaussian,medium,0,45
088859eb0563,deer_horn,88,7,all,gaussian,medium,0,45
088859eb0563,deer_horn,88,8,all,gaussian,medium,0,45
088859eb0563,deer_horn,88,9,all,gaussian,medium,0,45
088859eb0563,deer_horn,88,10,all,gaussian,medium,0,45
088859eb0563,deer_horn,88,11,all,gaussian,medium,0,45
088859eb0563,deer_horn,88,12,all,gaussian,medium,0,45
088859eb0563,deer_horn,88,13,all,gaussian,medium,0,45
088859eb0563,deer_horn,88,14,all,gaussian,medium,0,45
088859eb0563,deer_horn,88,15,all,gaussian,medium,0,45
088859eb0563,deer_horn,88,16,all,gaussian,medium,0,45
088859eb0563,deer_horn,88,17,all,gaussian,medium,0,45
088859eb0563,deer_horn,88,18,all,gaussian,medium,0,45
088859eb0563,deer_horn,88,19,all,gaussian,medium,0,45
088859eb0563,deer_horn,88,20,all,gaussian,medium,0,45
088859eb0563,deer_horn,89,0,all,gaussian,medium,0,45
088859eb0563,deer_horn,89,1,all,gaussian,medium,0,45
088859eb0563,deer_horn,89,2,all,gaussian,medium,0,45
088859eb0563,deer_horn,89,3,all,gaussian,medium,0,45
088859eb0563,deer_horn,89,4,all,gaussian,medium,0,45
088859eb0563,deer_horn,89,5,all,gaussian,medium,0,45
088859eb0563,deer_horn,89,6,all,gaussian,medium,0,45
088859eb0563,deer_horn,89,7,all,gaussian,medium,0,45
088859eb0563,deer_horn,89,8,all,gaussian,medium,0,45
088859eb0563,deer_horn,89,9,all,gaussian,medium,0,45
088859eb0563,deer_horn,89,10,all,gaussian,medium,0,45
088859eb0563,deer_horn,89,11,all,gaussian,medium,0,45
088859eb0563,deer_horn,89,12,all,gaussian,medium,0,45
088859eb0563,deer_horn,89,13,all,gaussian,medium,0,45
088859eb0563,deer_horn,89,14,all,gaussian,medium,0,45
088859eb0563,deer_horn,89,15,all,gaussian,medium,0,45
088859eb0563,deer_horn,89,16,all,gaussian,medium,0,45
088859eb0563,deer_horn,89,17,all,gaussian,medium,0,45
088859eb0563,deer_horn,89,18,all,gaussian,medium,0,45
088859eb0563,deer_horn,89,19,all,gaussian,medium,0,45
088859eb0563,deer_horn,89,20,all,gaussian,medium,0,45
088859eb0563,deer_horn,90,0,all,gaussian,medium,0,45
088859eb0563,deer_horn,90,1,all,gaussian,medium,0,45
088859eb0563,deer_horn,90,2,all,gaussian,medium,0,45
088859eb0563,deer_horn,90,3,all,gaussian,medium,0,45
088859eb0563,deer_horn,90,4,all,gaussian,medium,0,45
088859eb0563,deer_horn,90,5,all,gaussian,medium,0,45
088859eb0563,deer_horn,90,6,all,gaussian,medium,0,45
088859eb0563,deer_horn,90,7,all,gaussian,medium,0,45
088859eb0563,deer_horn,90,8,all,gaussian,medium,0,45
088859eb0563,deer_horn,90,9,all,gaussian,medium,0,45
088859eb0563,deer_horn,90,10,all,gaussian,medium,0,45
088859eb0563,deer_horn,90,11,all,gaussian,medium,0,45
088859eb0563,deer_horn,90,12,all,gaussian,medium,0,45
088859eb0563,deer_horn,90,13,all,gaussian,medium,0,45
088859eb0563,deer_horn,90,14,all,gaussian,medium,0,45
088859eb0563,deer_horn,90,15,all,gaussian,medium,0,45
088859eb0563,deer_horn,90,16,all,gaussian,medium,0,45
088859eb0563,deer_horn,90,17,all,gaussian,medium,0,45
088859eb0563,deer_horn,90,18,all,gaussian,medium,0,45
088859eb0563,deer_horn,90,19,all,gaussian,medium,0,45
088859eb0563,deer_horn,90,20,all,gaussian,medium,0,45
088859eb0563,deer_horn,91,0,all,gaussian,medium,0,45
088859eb0563,deer_horn,91,1,all,gaussian,medium,0,45
088859eb0563,deer_horn,91,2,all,gaussian,medium,0,45
088859eb0563,deer_horn,91,3,all,gaussian,medium,0,45
088859eb0563,deer_horn,91,4,all,gaussian,medium,0,45
088859eb0563,deer_horn,91,5,all,gaussian,medium,0,45
088859eb0563,deer_horn,91,6,all,gaussian,medium,0,45
088859eb0563,deer_horn,91,7,all,gaussian,medium,0,45
088859eb0563,deer_horn,91,8,all,gaussian,medium,0,45
088859eb0563,deer_horn,91,9,all,gaussian,medium,0,45
088859eb0563,deer_horn,91,10,all,gaussian,medium,0,45
088859eb0563,deer_horn,91,11,all,gaussian,medium,0,45
088859eb0563,deer_horn,91,12,all,gaussian,medium,0,45
088859eb0563,deer_horn,91,13,all,gaussian,medium,0,45
088859eb0563,deer_horn,91,14,all,gaussian,medium,0,45
088859eb0563,deer_horn,91,15,all,gaussian,medium,0,45
088859eb0563,deer_horn,91,16,all,gaussian,medium,0,45
088859eb0563,deer_horn,91,17,all,gaussian,medium,0,45
088859eb0563,deer_horn,91,18,all,gaussian,medium,0,45
088859eb0563,deer_horn,91,19,all,gaussian,medium,0,45
088859eb0563,deer_horn,91,20,all,gaussian,medium,0,45
088859eb0563,deer_horn,92,0,all,gaussian,medium,0,45
088859eb0563,deer_horn,92,1,all,gaussian,medium,0,45
088859eb0563,deer_horn,92,2,all,gaussian,medium,0,45
088859eb0563,deer_horn,92,3,all,gaussian,medium,0,45
088859eb0563,deer_horn,92,4,all,gaussian,medium,0,45
088859eb0563,deer_horn,92,5,all,gaussian,medium,0,45
088859eb0563,deer_horn,92,6,all,gaussian,medium,0,45
088859eb0563,deer_horn,92,7,all,gaussian,medium,0,45
088859eb0563,deer_horn,92,8,all,gaussian,medium,0,45
088859eb0563,deer_horn,92,9,all,gaussian,medium,0,45
088859eb0563,deer_horn,92,10,all,gaussian,medium,0,45
088859eb0563,deer_horn,92,11,all,gaussian,medium,0,45
088859eb0563,deer_horn,92,12,all,gaussian,medium,0,45
088859eb0563,deer_horn,92,13,all,gaussian,medium,0,45
088859eb0563,deer_horn,92,14,all,gaussian,medium,0,45
088859eb0563,deer_horn,92,15,all,gaussian,medium,0,45
088859eb0563,deer_horn,92,16,all,gaussian,medium,0,45
088859eb0563,deer_horn,92,17,all,gaussian,medium,0,45
088859eb0563,deer_horn,92,18,all,gaussian,medium,0,45
088859eb0563,deer_horn,92,19,all,gaussian,medium,0,45
088859eb0563,deer_horn,92,20,all,gaussian,medium,0,45
088859eb0563,deer_horn,93,0,all,gaussian,medium,0,45
088859eb0563,deer_horn,93,1,all,gaussian,medium,0,45
088859eb0563,deer_horn,93,2,all,gaussian,medium,0,45
088859eb0563,deer_horn,93,3,all,gaussian,medium,0,45
088859eb0563,deer_horn,93,4,all,gaussian,medium,0,45
088859eb0563,deer_horn,93,5,all,gaussian,medium,0,45
088859eb0563,deer_horn,93,6,all,gaussian,medium,0,45
088859eb0563,deer_horn,93,7,all,gaussian,medium,0,45
088859eb0563,deer_horn,93,8,all,gaussian,medium,0,45
088859eb0563,deer_horn,93,9,all,gaussian,medium,0,45
088859eb0563,deer_horn,93,10,all,gaussian,medium,0,45
088859eb0563,deer_horn,93,11,all,gaussian,medium,0,45
088859eb0563,deer_horn,93,12,all,gaussian,medium,0,45
088859eb0563,deer_horn,93,13,all,gaussian,medium,0,45
088859eb0563,deer_horn,93,14,all,gaussian,medium,0,45
088859eb0563,deer_horn,93,15,all,gaussian,medium,0,45
088859eb0563,deer_horn,93,16,all,gaussian,medium,0,45
088859eb0563,deer_horn,93,17,all,gaussian,medium,0,45
088859eb0563,deer_horn,93,18,all,gaussian,medium,0,45
088859eb0563,deer_horn,93,19,all,gaussian,medium,0,45
088859eb0563,deer_horn,93,20,all,gaussian,medium,0,45
088859eb0563,deer_horn,94,0,all,gaussian,medium,0,45
088859eb0563,deer_horn,94,1,all,gaussian,medium,0,45
088859eb0563,deer_horn,94,2,all,gaussian,medium,0,45
088859eb0563,deer_horn,94,3,all,gaussian,medium,0,45
088859eb0563,deer_horn,94,4,all,gaussian,medium,0,45
088859eb0563,deer_horn,94,5,all,gaussian,medium,0,45
088859eb0563,deer_horn,94,6,all,gaussian,medium,0,45
088859eb0563,deer_horn,94,7,all,gaussian,medium,0,45
088859eb0563,deer_horn,94,8,all,gaussian,medium,0,45
088859eb0563,deer_horn,94,9,all,gaussian,medium,0,45
088859eb0563,deer_horn,94,10,all,gaussian,medium,0,45
088859eb0563,deer_horn,94,11,all,gaussian,medium,0,45
088859eb0563,deer_horn,94,12,all,gaussian,medium,0,45
088859eb0563,deer_horn,94,13,all,gaussian,medium,0,45
088859eb0563,deer_horn,94,14,all,gaussian,medium,0,45
088859eb0563,deer_horn,94,15,all,gaussian,medium,0,45
088859eb0563,deer_horn,94,16,all,gaussian,medium,0,45
088859eb0563,deer_horn,94,17,all,gaussian,medium,0,45
088859eb0563,deer_horn,94,18,all,gaussian,medium,0,45
088859eb0563,deer_horn,94,19,all,gaussian,medium,0,45
088859eb0563,deer_horn,94,20,all,gaussian,medium,0,45
088859eb0563,deer_horn,95,0,all,gaussian,medium,0,45
088859eb0563,deer_horn,95,1,all,gaussian,medium,0,45
088859eb0563,deer_horn,95,2,all,gaussian,medium,0,45
088859eb0563,deer_horn,95,3,all,gaussian,medium,0,45
088859eb0563,deer_horn,95,4,all,gaussian,medium,0,45
088859eb0563,deer_horn,95,5,all,gaussian,medium,0,45
088859eb0563,deer_horn,95,6,all,gaussian,medium,0,45
088859eb0563,deer_horn,95,7,all,gaussian,medium,0,45
088859eb0563,deer_horn,95,8,all,gaussian,medium,0,45
088859eb0563,deer_horn,95,9,all,gaussian,medium,0,45
088859eb0563,deer_horn,95,10,all,gaussian,medium,0,45
088859eb0563,deer_horn,95,11,all,gaussian,medium,0,45
088859eb0563,deer_horn,95,12,all,gaussian,medium,0,45
088859eb0563,deer_horn,95,13,all,gaussian,medium,0,45
088859eb0563,deer_horn,95,14,all,gaussian,medium,0,45
088859eb0563,deer_horn,95,15,all,gaussian,medium,0,45
088859eb0563,deer_horn,95,16,all,gaussian,medium,0,45
088859eb0563,deer_horn,95,17,all,gaussian,medium,0,45
088859eb0563,deer_horn,95,18,all,gaussian,medium,0,45
088859eb0563,deer_horn,95,19,all,gaussian,medium,0,45
088859eb0563,deer_horn,95,20,all,gaussian,medium,0,45
088859eb0563,deer_horn,96,0,all,gaussian,medium,0,45
088859eb0563,deer_horn,96,1,all,gaussian,medium,0,45
088859eb0563,deer_horn,96,2,all,gaussian,medium,0,45
088859eb0563,deer_horn,96,3,all,gaussian,medium,0,45
088859eb0563,deer_horn,96,4,all,gaussian,medium,0,45
088859eb0563,deer_horn,96,5,all,gaussian,medium,0,45
088859eb0563,deer_horn,96,6,all,gaussian,medium,0,45
088859eb0563,deer_horn,96,7,all,gaussian,medium,0,45
088859eb0563,deer_horn,96,8,all,gaussian,medium,0,45
088859eb0563,deer_horn,96,9,all,gaussian,medium,0,45
088859eb0563,deer_horn,96,10,all,gaussian,medium,0,45
088859eb0563,deer_horn,96,11,all,gaussian,medium,0,45
088859eb0563,deer_horn,96,12,all,gaussian,medium,0,45
088859eb0563,deer_horn,96,13,all,gaussian,medium,0,45
088859eb0563,deer_horn,96,14,all,gaussian,medium,0,45
088859eb0563,deer_horn,96,15,all,gaussian,medium,0,45
088859eb0563,deer_horn,96,16,all,gaussian,medium,0,45
088859eb0563,deer_horn,96,17,all,gaussian,medium,0,45
088859eb0563,deer_horn,96,18,all,gaussian,medium,0,45
088859eb0563,deer_horn,96,19,all,gaussian,medium,0,45
088859eb0563,deer_horn,96,20,all,gaussian,medium,0,45
088859eb0563,deer_horn,97,0,all,gaussian,medium,0,45
088859eb0563,deer_horn,97,1,all,gaussian,medium,0,45
088859eb0563,deer_horn,97,2,all,gaussian,medium,0,45
088859eb0563,deer_horn,97,3,all,gaussian,medium,0,45
088859eb0563,deer_horn,97,4,all,gaussian,medium,0,45
088859eb0563,deer_horn,97,5,all,gaussian,medium,0,45
088859eb0563,deer_horn,97,6,all,gaussian,medium,0,45
088859eb0563,deer_horn,97,7,all,gaussian,medium,0,45
088859eb0563,deer_horn,97,8,all,gaussian,medium,0,45
088859eb0563,deer_horn,97,9,all,gaussian,medium,0,45
088859eb0563,deer_horn,97,10,all,gaussian,medium,0,45
088859eb0563,deer_horn,97,11,all,gaussian,medium,0,45
088859eb0563,deer_horn,97,12,all,gaussian,medium,0,45
088859eb0563,deer_horn,97,13,all,gaussian,medium,0,45
088859eb0563,deer_horn,97,14,all,gaussian,medium,0,45
088859eb0563,deer_horn,97,15,all,gaussian,medium,0,45
088859eb0563,deer_horn,97,16,all,gaussian,medium,0,45
088859eb0563,deer_horn,97,17,all,gaussian,medium,0,45
088859eb0563,deer_horn,97,18,all,gaussian,medium,0,45
088859eb0563,deer_horn,97,19,all,gaussian,medium,0,45
088859eb0563,deer_horn,97,20,all,gaussian,medium,0,45
088859eb0563,deer_horn,98,0,all,gaussian,medium,0,45
088859eb0563,deer_horn,98,1,all,gaussian,medium,0,45
088859eb0563,deer_horn,98,2,all,gaussian,medium,0,45
088859eb0563,deer_horn,98,3,all,gaussian,medium,0,45
088859eb0563,deer_horn,98,4,all,gaussian,medium,0,45
088859eb0563,deer_horn,98,5,all,gaussian,medium,0,45
088859eb0563,deer_horn,98,6,all,gaussian,medium,0,45
088859eb0563,deer_horn,98,7,all,gaussian,medium,0,45
088859eb0563,deer_horn,98,8,all,gaussian,medium,0,45
088859eb0563,deer_horn,98,9,all,gaussian,medium,0,45
088859eb0563,deer_horn,98,10,all,gaussian,medium,0,45
088859eb0563,deer_horn,98,11,all,gaussian,medium,0,45
088859eb0563,deer_horn,98,12,all,gaussian,medium,0,45
088859eb0563,deer_horn,98,13,all,gaussian,medium,0,45
088859eb0563,deer_horn,98,14,all,gaussian,medium,0,45
088859eb0563,deer_horn,98,15,all,gaussian,medium,0,45
088859eb0563,deer_horn,98,16,all,gaussian,medium,0,45
088859eb0563,deer_horn,98,17,all,gaussian,medium,0,45
088859eb0563,deer_horn,98,18,all,gaussian,medium,0,45
088859eb0563,deer_horn,98,19,all,gaussian,medium,0,45
088859eb0563,deer_horn,98,20,all,gaussian,medium,0,45
088859eb0563,deer_horn,99,0,all,gaussian,medium,0,45
088859eb0563,deer_horn,99,1,all,gaussian,medium,0,45
088859eb0563,deer_horn,99,2,all,gaussian,medium,0,45
088859eb0563,deer_horn,99,3,all,gaussian,medium,0,45
088859eb0563,deer_horn,99,4,all,gaussian,medium,0,45
088859eb0563,deer_horn,99,5,all,gaussian,medium,0,45
088859eb0563,deer_horn,99,6,all,gaussian,medium,0,45
088859eb0563,deer_horn,99,7,all,gaussian,medium,0,45
088859eb0563,deer_horn,99,8,all,gaussian,medium,0,45
088859eb0563,deer_horn,99,9,all,gaussian,medium,0,45
088859eb0563,deer_horn,99,10,all,gaussian,medium,0,45
088859eb0563,deer_horn,99,11,all,gaussian,medium,0,45
088859eb0563,deer_horn,99,12,all,gaussian,medium,0,45
088859eb0563,deer_horn,99,13,all,gaussian,medium,0,45
088859eb0563,deer_horn,99,14,all,gaussian,medium,0,45
088859eb0563,deer_horn,99,15,all,gaussian,medium,0,45
088859eb0563,deer_horn,99,16,all,gaussian,medium,0,45
088859eb0563,deer_horn,99,17,all,gaussian,medium,0,45
088859eb0563,deer_horn,99,18,all,gaussian,medium,0,45
088859eb0563,deer_horn,99,19,all,gaussian,medium,0,45
088859eb0563,deer_horn,99,20,all,gaussian,medium,0,45
088859eb0563,deer_horn,100,0,all,gaussian,medium,0,45
088859eb0563,deer_horn,100,1,all,gaussian,medium,0,45
088859eb0563,deer_horn,100,2,all,gaussian,medium,0,45
088859eb0563,deer_horn,100,3,all,gaussian,medium,0,45
088859eb0563,deer_horn,100,4,all,gaussian,medium,0,45
088859eb0563,deer_horn,100,5,all,gaussian,medium,0,45
088859eb0563,deer_horn,100,6,all,gaussian,medium,0,45
088859eb0563,deer_horn,100,7,all,gaussian,medium,0,45
088859eb0563,deer_horn,100,8,all,gaussian,medium,0,45
088859eb0563,deer_horn,100,9,all,gaussian,medium,0,45
088859eb0563,deer_horn,100,10,all,gaussian,medium,0,45
088859eb0563,deer_horn,100,11,all,gaussian,medium,0,45
088859eb0563,deer_horn,100,12,all,gaussian,medium,0,45
088859eb0563,deer_horn,100,13,all,gaussian,medium,0,45
088859eb0563,deer_horn,100,14,all,gaussian,medium,0,45
088859eb0563,deer_horn,100,15,all,gaussian,medium,0,45
088859eb0563,deer_horn,100,16,all,gaussian,medium,0,45
088859eb0563,deer_horn,100,17,all,gaussian,medium,0,45
088859eb0563,deer_horn,100,18,all,gaussian,medium,0,45
088859eb0563,deer_horn,100,19,all,gaussian,medium,0,45
088859eb0563,deer_horn,100,20,all,gaussian,medium,0,45
088859eb0563,deer_horn,101,0,all,gaussian,medium,0,45
088859eb0563,deer_horn,101,1,all,gaussian,medium,0,45
088859eb0563,deer_horn,101,2,all,gaussian,medium,0,45
088859eb0563,deer_horn,101,3,all,gaussian,medium,0,45
088859eb0563,deer_horn,101,4,all,gaussian,medium,0,45
088859eb0563,deer_horn,101,5,all,gaussian,medium,0,45
088859eb0563,deer_horn,101,6,all,gaussian,medium,0,45
088859eb0563,deer_horn,101,7,all,gaussian,medium,0,45
088859eb0563,deer_horn,101,8,all,gaussian,medium,0,45
088859eb0563,deer_horn,101,9,all,gaussian,medium,0,45
088859eb0563,deer_horn,101,10,all,gaussian,medium,0,45
088859eb0563,deer_horn,101,11,all,gaussian,medium,0,45
088859eb0563,deer_horn,101,12,all,gaussian,medium,0,45
088859eb0563,deer_horn,101,13,all,gaussian,medium,0,45
088859eb0563,deer_horn,101,14,all,gaussian,medium,0,45
088859eb0563,deer_horn,101,15,all,gaussian,medium,0,45
088859eb0563,deer_horn,101,16,all,gaussian,medium,0,45
088859eb0563,deer_horn,101,17,all,gaussian,medium,0,45
088859eb0563,deer_horn,101,18,all,gaussian,medium,0,45
088859eb0563,deer_horn,101,19,all,gaussian,medium,0,45
088859eb0563,deer_horn,101,20,all,gaussian,medium,0,45
088859eb0563,deer_horn,102,0,all,gaussian,medium,0,45
088859eb0563,deer_horn,102,1,all,gaussian,medium,0,45
088859eb0563,deer_horn,102,2,all,gaussian,medium,0,45
088859eb0563,deer_horn,102,3,all,gaussian,medium,0,45
088859eb0563,deer_horn,102,4,all,gaussian,medium,0,45
088859eb0563,deer_horn,102,5,all,gaussian,medium,0,45
088859eb0563,deer_horn,102,6,all,gaussian,medium,0,45
088859eb0563,deer_horn,102,7,all,gaussian,medium,0,45
088859eb0563,deer_horn,102,8,all,gaussian,medium,0,45
088859eb0563,deer_horn,102,9,all,gaussian,medium,0,45
088859eb0563,deer_horn,102,10,all,gaussian,medium,0,45
088859eb0563,deer_horn,102,11,all,gaussian,medium,0,45
088859eb0563,deer_horn,102,12,all,gaussian,medium,0,45
088859eb0563,deer_horn,102,13,all,gaussian,medium,0,45
088859eb0563,deer_horn,102,14,all,gaussian,medium,0,45
088859eb0563,deer_horn,102,15,all,gaussian,medium,0,45
088859eb0563,deer_horn,102,16,all,gaussian,medium,0,45
088859eb0563,deer_horn,102,17,all,gaussian,medium,0,45
088859eb0563,deer_horn,102,18,all,gaussian,medium,0,45
088859eb0563,deer_horn,102,19,all,gaussian,medium,0,45
088859eb0563,deer_horn,102,20,all,gaussian,medium,0,45
088859eb0563,deer_horn,103,0,all,gaussian,medium,0,45
088859eb0563,deer_horn,103,1,all,gaussian,medium,0,45
088859eb0563,deer_horn,103,2,all,gaussian,medium,0,45
088859eb0563,deer_horn,103,3,all,gaussian,medium,0,45
088859eb0563,deer_horn,103,4,all,gaussian,medium,0,45
088859eb0563,deer_horn,103,5,all,gaussian,medium,0,45
088859eb0563,deer_horn,103,6,all,gaussian,medium,0,45
088859eb0563,deer_horn,103,7,all,gaussian,medium,0,45
088859eb0563,deer_horn,103,8,all,gaussian,medium,0,45
088859eb0563,deer_horn,103,9,all,gaussian,medium,0,45
088859eb0563,deer_horn,103,10,all,gaussian,medium,0,45
088859eb0563,deer_horn,103,11,all,gaussian,medium,0,45
088859eb0563,deer_horn,103,12,all,gaussian,medium,0,45
088859eb0563,deer_horn,103,13,all,gaussian,medium,0,45
088859eb0563,deer_horn,103,14,all,gaussian,medium,0,45
088859eb0563,deer_horn,103,15,all,gaussian,medium,0,45
088859eb0563,deer_horn,103,16,all,gaussian,medium,0,45
088859eb0563,deer_horn,103,17,all,gaussian,medium,0,45
088859eb0563,deer_horn,103,18,all,gaussian,medium,0,45
088859eb0563,deer_horn,103,19,all,gaussian,medium,0,45
088859eb0563,deer_horn,103,20,all,gaussian,medium,0,45
088859eb0563,deer_horn,104,0,all,gaussian,medium,0,45
088859eb0563,deer_horn,104,1,all,gaussian,medium,0,45
088859eb0563,deer_horn,104,2,all,gaussian,medium,0,45
088859eb0563,deer_horn,104,3,all,gaussian,medium,0,45
088859eb0563,deer_horn,104,4,all,gaussian,medium,0,45
088859eb0563,deer_horn,104,5,all,gaussian,medium,0,45
088859eb0563,deer_horn,104,6,all,gaussian,medium,0,45
088859eb0563,deer_horn,104,7,all,gaussian,medium,0,45
088859eb0563,deer_horn,104,8,all,gaussian,medium,0,45
088859eb0563,deer_horn,104,9,all,gaussian,medium,0,45
088859eb0563,deer_horn,104,10,all,gaussian,medium,0,45
088859eb0563,deer_horn,104,11,all,gaussian,medium,0,45
088859eb0563,deer_horn,104,12,all,gaussian,medium,0,45
088859eb0563,deer_horn,104,13,all,gaussian,medium,0,45
088859eb0563,deer_horn,104,14,all,gaussian,medium,0,45
088859eb0563,deer_horn,104,15,all,gaussian,medium,0,45
088859eb0563,deer_horn,104,16,all,gaussian,medium,0,45
088859eb0563,deer_horn,104,17,all,gaussian,medium,0,45
088859eb0563,deer_horn,104,18,all,gaussian,medium,0,45
088859eb0563,deer_horn,104,19,all,gaussian,medium,0,45
088859eb0563,deer_horn,104,20,all,gaussian,medium,0,45
088859eb0563,deer_horn,105,0,all,gaussian,medium,0,45
088859eb0563,deer_horn,105,1,all,gaussian,medium,0,45
088859eb0563,deer_horn,105,2,all,gaussian,medium,0,45
088859eb0563,deer_horn,105,3,all,gaussian,medium,0,45
088859eb0563,deer_horn,105,4,all,gaussian,medium,0,45
088859eb0563,deer_horn,105,5,all,gaussian,medium,0,45
088859eb0563,deer_horn,105,6,all,gaussian,medium,0,45
088859eb0563,deer_horn,105,7,all,gaussian,medium,0,45
088859eb0563,deer_horn,105,8,all,gaussian,medium,0,45
088859eb0563,deer_horn,105,9,all,gaussian,medium,0,45
088859eb0563,deer_horn,105,10,all,gaussian,medium,0,45
088859eb0563,deer_horn,105,11,all,gaussian,medium,0,45
088859eb0563,deer_horn,105,12,all,gaussian,medium,0,45
088859eb0563,deer_horn,105,13,all,gaussian,medium,0,45
088859eb0563,deer_horn,105,14,all,gaussian,medium,0,45
088859eb0563,deer_horn,105,15,all,gaussian,medium,0,45
088859eb0563,deer_horn,105,16,all,gaussian,medium,0,45
088859eb0563,deer_horn,105,17,all,gaussian,medium,0,45
088859eb0563,deer_horn,105,18,all,gaussian,medium,0,45
088859eb0563,deer_horn,105,19,all,gaussian,medium,0,45
088859eb0563,deer_horn,105,20,all,gaussian,medium,0,45
088859eb0563,deer_horn,106,0,all,gaussian,medium,0,45
088859eb0563,deer_horn,106,1,all,gaussian,medium,0,45
088859eb0563,deer_horn,106,2,all,gaussian,medium,0,45
088859eb0563,deer_horn,106,3,all,gaussian,medium,0,45
088859eb0563,deer_horn,106,4,all,gaussian,medium,0,45
088859eb0563,deer_horn,106,5,all,gaussian,medium,0,45
088859eb0563,deer_horn,106,6,all,gaussian,medium,0,45
088859eb0563,deer_horn,106,7,all,gaussian,medium,0,45
088859eb0563,deer_horn,106,8,all,gaussian,medium,0,45
088859eb0563,deer_horn,106,9,all,gaussian,medium,0,45
088859eb0563,deer_horn,106,10,all,gaussian,medium,0,45
088859eb0563,deer_horn,106,11,all,gaussian,medium,0,45
088859eb0563,deer_horn,106,12,all,gaussian,medium,0,45
088859eb0563,deer_horn,106,13,all,gaussian,medium,0,45
088859eb0563,deer_horn,106,14,all,gaussian,medium,0,45
088859eb0563,deer_horn,106,15,all,gaussian,medium,0,45
088859eb0563,deer_horn,106,16,all,gaussian,medium,0,45
088859eb0563,deer_horn,106,17,all,gaussian,medium,0,45
088859eb0563,deer_horn,106,18,all,gaussian,medium,0,45
088859eb0563,deer_horn,106,19,all,gaussian,medium,0,45
088859eb0563,deer_horn,106,20,all,gaussian,medium,0,45
088859eb0563,deer_horn,107,0,all,gaussian,medium,0,45
088859eb0563,deer_horn,107,1,all,gaussian,medium,0,45
088859eb0563,deer_horn,107,2,all,gaussian,medium,0,45
088859eb0563,deer_horn,107,3,all,gaussian,medium,0,45
088859eb0563,deer_horn,107,4,all,gaussian,medium,0,45
088859eb0563,deer_horn,107,5,all,gaussian,medium,0,45
088859eb0563,deer_horn,107,6,all,gaussian,medium,0,45
088859eb0563,deer_horn,107,7,all,gaussian,medium,0,45
088859eb0563,deer_horn,107,8,all,gaussian,medium,0,45
088859eb0563,deer_horn,107,9,all,gaussian,medium,0,45
088859eb0563,deer_horn,107,10,all,gaussian,medium,0,45
088859eb0563,deer_horn,107,11,all,gaussian,medium,0,45
088859eb0563,deer_horn,107,12,all,gaussian,medium,0,45
088859eb0563,deer_horn,107,13,all,gaussian,medium,0,45
088859eb0563,deer_horn,107,14,all,gaussian,medium,0,45
088859eb0563,deer_horn,107,15,all,gaussian,medium,0,45
088859eb0563,deer_horn,107,16,all,gaussian,medium,0,45
088859eb0563,deer_horn,107,17,all,gaussian,medium,0,45
088859eb0563,deer_horn,107,18,all,gaussian,medium,0,45
088859eb0563,deer_horn,107,19,all,gaussian,medium,0,45
088859eb0563,deer_horn,107,20,all,gaussian,medium,0,45
0c54bf5d9c80,flower_pinch,17,1,thumb,spike,fixed,3,46
0c54bf5d9c80,flower_pinch,18,1,thumb,spike,fixed,3,46
0c54bf5d9c80,flower_pinch,19,1,thumb,spike,fixed,3,46
224a51a1dd12,orchid_palm,3,5,index,occlusion,short,5,47
224a51a1dd12,orchid_palm,3,6,index,occlusion,short,5,47
224a51a1dd12,orchid_palm,3,7,index,occlusion,short,5,47
224a51a1dd12,orchid_palm,3,8,index,occlusion,short,5,47
224a51a1dd12,orchid_palm,4,5,index,occlusion,short,5,47
224a51a1dd12,orchid_palm,4,6,index,occlusion,short,5,47
224a51a1dd12,orchid_palm,4,7,index,occlusion,short,5,47
224a51a1dd12,orchid_palm,4,8,index,occlusion,short,5,47
224a51a1dd12,orchid_palm,5,5,index,occlusion,short,5,47
224a51a1dd12,orchid_palm,5,6,index,occlusion,short,5,47
224a51a1dd12,orchid_palm,5,7,index,occlusion,short,5,47
224a51a1dd12,orchid_palm,5,8,index,occlusion,short,5,47
224a51a1dd12,orchid_palm,6,5,index,occlusion,short,5,47
224a51a1dd12,orchid_palm,6,6,index,occlusion,short,5,47
224a51a1dd12,orchid_palm,6,7,index,occlusion,short,5,47
224a51a1dd12,orchid_palm,6,8,index,occlusion,short,5,47
224a51a1dd12,orchid_palm,7,5,index,occlusion,short,5,47
224a51a1dd12,orchid_palm,7,6,index,occlusion,short,5,47
224a51a1dd12,orchid_palm,7,7,index,occlusion,short,5,47
224a51a1dd12,orchid_palm,7,8,index,occlusion,short,5,47
