shot,classifier,feature_set,true_label,predicted_label,count
1,knn,corrected,deer_horn,deer_horn,211
1,knn,corrected,deer_horn,flower_pinch,71
1,knn,corrected,deer_horn,orchid_finger,46
1,knn,corrected,deer_horn,orchid_palm,26
1,knn,corrected,deer_horn,prayer_beads,5
1,knn,corrected,deer_horn,three_finger_bent,21
1,knn,corrected,flower_pinch,deer_horn,32
1,knn,corrected,flower_pinch,flower_pinch,167
1,knn,corrected,flower_pinch,orchid_finger,21
1,knn,corrected,flower_pinch,orchid_palm,64
1,knn,corrected,flower_pinch,prayer_beads,6
1,knn,corrected,flower_pinch,three_finger_bent,90
1,knn,corrected,orchid_finger,deer_horn,81
1,knn,corrected,orchid_finger,flower_pinch,65
1,knn,corrected,orchid_finger,orchid_finger,151
1,knn,corrected,orchid_finger,orchid_palm,38
1,knn,corrected,orchid_finger,prayer_beads,10
1,knn,corrected,orchid_finger,three_finger_bent,22
1,knn,corrected,orchid_palm,deer_horn,44
1,knn,corrected,orchid_palm,flower_pinch,98
1,knn,corrected,orchid_palm,orchid_finger,48
1,knn,corrected,orchid_palm,orchid_palm,177
1,knn,corrected,orchid_palm,prayer_beads,31
1,knn,corrected,orchid_palm,three_finger_bent,42
1,knn,corrected,prayer_beads,deer_horn,16
1,knn,corrected,prayer_beads,flower_pinch,22
1,knn,corrected,prayer_beads,orchid_finger,38
1,knn,corrected,prayer_beads,orchid_palm,22
1,knn,corrected,prayer_beads,prayer_beads,267
1,knn,corrected,prayer_beads,three_finger_bent,8
1,knn,corrected,three_finger_bent,deer_horn,8
1,knn,corrected,three_finger_bent,flower_pinch,74
1,knn,corrected,three_finger_bent,orchid_finger,4
1,knn,corrected,three_finger_bent,orchid_palm,17
1,knn,corrected,three_finger_bent,prayer_beads,3
1,knn,corrected,three_finger_bent,three_finger_bent,254
1,knn,optimized_action,deer_horn,deer_horn,225
1,knn,optimized_action,deer_horn,flower_pinch,57
1,knn,optimized_action,deer_horn,orchid_finger,40
1,knn,optimized_action,deer_horn,orchid_palm,23
1,knn,optimized_action,deer_horn,prayer_beads,10
1,knn,optimized_action,deer_horn,three_finger_bent,25
1,knn,optimized_action,flower_pinch,deer_horn,39
1,knn,optimized_action,flower_pinch,flower_pinch,161
1,knn,optimized_action,flower_pinch,orchid_finger,20
1,knn,optimized_action,flower_pinch,orchid_palm,55
1,knn,optimized_action,flower_pinch,prayer_beads,4
1,knn,optimized_action,flower_pinch,three_finger_bent,101
1,knn,optimized_action,orchid_finger,deer_horn,90
1,knn,optimized_action,orchid_finger,flower_pinch,47
1,knn,optimized_action,orchid_finger,orchid_finger,145
1,knn,optimized_action,orchid_finger,orchid_palm,46
1,knn,optimized_action,orchid_finger,prayer_beads,10
1,knn,optimized_action,orchid_finger,three_finger_bent,29
1,knn,optimized_action,orchid_palm,deer_horn,48
1,knn,optimized_action,orchid_palm,flower_pinch,74
1,knn,optimized_action,orchid_palm,orchid_finger,49
1,knn,optimized_action,orchid_palm,orchid_palm,183
1,knn,optimized_action,orchid_palm,prayer_beads,35
1,knn,optimized_action,orchid_palm,three_finger_bent,51
1,knn,optimized_action,prayer_beads,deer_horn,19
1,knn,optimized_action,prayer_beads,flower_pinch,16
1,knn,optimized_action,prayer_beads,orchid_finger,37
1,knn,optimized_action,prayer_beads,orchid_palm,25
1,knn,optimized_action,prayer_beads,prayer_beads,268
1,knn,optimized_action,prayer_beads,three_finger_bent,8
1,knn,optimized_action,three_finger_bent,deer_horn,7
1,knn,optimized_action,three_finger_bent,flower_pinch,76
1,knn,optimized_action,three_finger_bent,orchid_finger,9
1,knn,optimized_action,three_finger_bent,orchid_palm,20
1,knn,optimized_action,three_finger_bent,prayer_beads,1
1,knn,optimized_action,three_finger_bent,three_finger_bent,247
1,knn,optimized_full,deer_horn,deer_horn,109
1,knn,optimized_full,deer_horn,flower_pinch,43
1,knn,optimized_full,deer_horn,orchid_finger,65
1,knn,optimized_full,deer_horn,orchid_palm,45
1,knn,optimized_full,deer_horn,prayer_beads,35
1,knn,optimized_full,deer_horn,three_finger_bent,83
1,knn,optimized_full,flower_pinch,deer_horn,52
1,knn,optimized_full,flower_pinch,flower_pinch,83
1,knn,optimized_full,flower_pinch,orchid_finger,58
1,knn,optimized_full,flower_pinch,orchid_palm,63
1,knn,optimized_full,flower_pinch,prayer_beads,27
1,knn,optimized_full,flower_pinch,three_finger_bent,97
1,knn,optimized_full,orchid_finger,deer_horn,55
1,knn,optimized_full,orchid_finger,flower_pinch,63
1,knn,optimized_full,orchid_finger,orchid_finger,85
1,knn,optimized_full,orchid_finger,orchid_palm,66
1,knn,optimized_full,orchid_finger,prayer_beads,39
1,knn,optimized_full,orchid_finger,three_finger_bent,59
1,knn,optimized_full,orchid_palm,deer_horn,75
1,knn,optimized_full,orchid_palm,flower_pinch,50
1,knn,optimized_full,orchid_palm,orchid_finger,86
1,knn,optimized_full,orchid_palm,orchid_palm,102
1,knn,optimized_full,orchid_palm,prayer_beads,62
1,knn,optimized_full,orchid_palm,three_finger_bent,65
1,knn,optimized_full,prayer_beads,deer_horn,27
1,knn,optimized_full,prayer_beads,flower_pinch,38
1,knn,optimized_full,prayer_beads,orchid_finger,47
1,knn,optimized_full,prayer_beads,orchid_palm,44
1,knn,optimized_full,prayer_beads,prayer_beads,179
1,knn,optimized_full,prayer_beads,three_finger_bent,38
1,knn,optimized_full,three_finger_bent,deer_horn,48
1,knn,optimized_full,three_finger_bent,flower_pinch,49
1,knn,optimized_full,three_finger_bent,orchid_finger,75
1,knn,optimized_full,three_finger_bent,orchid_palm,54
1,knn,optimized_full,three_finger_bent,prayer_beads,16
1,knn,optimized_full,three_finger_bent,three_finger_bent,118
1,knn,raw,deer_horn,deer_horn,149
1,knn,raw,deer_horn,flower_pinch,43
1,knn,raw,deer_horn,orchid_finger,45
1,knn,raw,deer_horn,orchid_palm,68
1,knn,raw,deer_horn,prayer_beads,25
1,knn,raw,deer_horn,three_finger_bent,50
1,knn,raw,flower_pinch,deer_horn,62
1,knn,raw,flower_pinch,flower_pinch,77
1,knn,raw,flower_pinch,orchid_finger,35
1,knn,raw,flower_pinch,orchid_palm,84
1,knn,raw,flower_pinch,prayer_beads,56
1,knn,raw,flower_pinch,three_finger_bent,66
1,knn,raw,orchid_finger,deer_horn,78
1,knn,raw,orchid_finger,flower_pinch,42
1,knn,raw,orchid_finger,orchid_finger,79
1,knn,raw,orchid_finger,orchid_palm,70
1,knn,raw,orchid_finger,prayer_beads,55
1,knn,raw,orchid_finger,three_finger_bent,43
1,knn,raw,orchid_palm,deer_horn,73
1,knn,raw,orchid_palm,flower_pinch,70
1,knn,raw,orchid_palm,orchid_finger,49
1,knn,raw,orchid_palm,orchid_palm,144
1,knn,raw,orchid_palm,prayer_beads,51
1,knn,raw,orchid_palm,three_finger_bent,53
1,knn,raw,prayer_beads,deer_horn,58
1,knn,raw,prayer_beads,flower_pinch,48
1,knn,raw,prayer_beads,orchid_finger,43
1,knn,raw,prayer_beads,orchid_palm,72
1,knn,raw,prayer_beads,prayer_beads,91
1,knn,raw,prayer_beads,three_finger_bent,61
1,knn,raw,three_finger_bent,deer_horn,61
1,knn,raw,three_finger_bent,flower_pinch,65
1,knn,raw,three_finger_bent,orchid_finger,32
1,knn,raw,three_finger_bent,orchid_palm,50
1,knn,raw,three_finger_bent,prayer_beads,61
1,knn,raw,three_finger_bent,three_finger_bent,91
1,knn,raw_pca17,deer_horn,deer_horn,229
1,knn,raw_pca17,deer_horn,flower_pinch,52
1,knn,raw_pca17,deer_horn,orchid_finger,31
1,knn,raw_pca17,deer_horn,orchid_palm,20
1,knn,raw_pca17,deer_horn,prayer_beads,15
1,knn,raw_pca17,deer_horn,three_finger_bent,33
1,knn,raw_pca17,flower_pinch,deer_horn,28
1,knn,raw_pca17,flower_pinch,flower_pinch,133
1,knn,raw_pca17,flower_pinch,orchid_finger,53
1,knn,raw_pca17,flower_pinch,orchid_palm,73
1,knn,raw_pca17,flower_pinch,prayer_beads,27
1,knn,raw_pca17,flower_pinch,three_finger_bent,66
1,knn,raw_pca17,orchid_finger,deer_horn,66
1,knn,raw_pca17,orchid_finger,flower_pinch,61
1,knn,raw_pca17,orchid_finger,orchid_finger,135
1,knn,raw_pca17,orchid_finger,orchid_palm,25
1,knn,raw_pca17,orchid_finger,prayer_beads,32
1,knn,raw_pca17,orchid_finger,three_finger_bent,48
1,knn,raw_pca17,orchid_palm,deer_horn,54
1,knn,raw_pca17,orchid_palm,flower_pinch,96
1,knn,raw_pca17,orchid_palm,orchid_finger,49
1,knn,raw_pca17,orchid_palm,orchid_palm,167
1,knn,raw_pca17,orchid_palm,prayer_beads,24
1,knn,raw_pca17,orchid_palm,three_finger_bent,50
1,knn,raw_pca17,prayer_beads,deer_horn,46
1,knn,raw_pca17,prayer_beads,flower_pinch,37
1,knn,raw_pca17,prayer_beads,orchid_finger,36
1,knn,raw_pca17,prayer_beads,orchid_palm,56
1,knn,raw_pca17,prayer_beads,prayer_beads,148
1,knn,raw_pca17,prayer_beads,three_finger_bent,50
1,knn,raw_pca17,three_finger_bent,deer_horn,55
1,knn,raw_pca17,three_finger_bent,flower_pinch,74
1,knn,raw_pca17,three_finger_bent,orchid_finger,39
1,knn,raw_pca17,three_finger_bent,orchid_palm,21
1,knn,raw_pca17,three_finger_bent,prayer_beads,19
1,knn,raw_pca17,three_finger_bent,three_finger_bent,152
1,mlp,corrected,deer_horn,deer_horn,219
1,mlp,corrected,deer_horn,flower_pinch,61
1,mlp,corrected,deer_horn,orchid_finger,40
1,mlp,corrected,deer_horn,orchid_palm,22
1,mlp,corrected,deer_horn,prayer_beads,4
1,mlp,corrected,deer_horn,three_finger_bent,34
1,mlp,corrected,flower_pinch,deer_horn,36
1,mlp,corrected,flower_pinch,flower_pinch,139
1,mlp,corrected,flower_pinch,orchid_finger,38
1,mlp,corrected,flower_pinch,orchid_palm,61
1,mlp,corrected,flower_pinch,prayer_beads,16
1,mlp,corrected,flower_pinch,three_finger_bent,90
1,mlp,corrected,orchid_finger,deer_horn,80
1,mlp,corrected,orchid_finger,flower_pinch,49
1,mlp,corrected,orchid_finger,orchid_finger,149
1,mlp,corrected,orchid_finger,orchid_palm,40
1,mlp,corrected,orchid_finger,prayer_beads,21
1,mlp,corrected,orchid_finger,three_finger_bent,28
1,mlp,corrected,orchid_palm,deer_horn,53
1,mlp,corrected,orchid_palm,flower_pinch,71
1,mlp,corrected,orchid_palm,orchid_finger,47
1,mlp,corrected,orchid_palm,orchid_palm,166
1,mlp,corrected,orchid_palm,prayer_beads,52
1,mlp,corrected,orchid_palm,three_finger_bent,51
1,mlp,corrected,prayer_beads,deer_horn,21
1,mlp,corrected,prayer_beads,flower_pinch,25
1,mlp,corrected,prayer_beads,orchid_finger,29
1,mlp,corrected,prayer_beads,orchid_palm,21
1,mlp,corrected,prayer_beads,prayer_beads,266
1,mlp,corrected,prayer_beads,three_finger_bent,11
1,mlp,corrected,three_finger_bent,deer_horn,9
1,mlp,corrected,three_finger_bent,flower_pinch,67
1,mlp,corrected,three_finger_bent,orchid_finger,11
1,mlp,corrected,three_finger_bent,orchid_palm,20
1,mlp,corrected,three_finger_bent,prayer_beads,4
1,mlp,corrected,three_finger_bent,three_finger_bent,249
1,mlp,optimized_action,deer_horn,deer_horn,231
1,mlp,optimized_action,deer_horn,flower_pinch,45
1,mlp,optimized_action,deer_horn,orchid_finger,37
1,mlp,optimized_action,deer_horn,orchid_palm,31
1,mlp,optimized_action,deer_horn,prayer_beads,10
1,mlp,optimized_action,deer_horn,three_finger_bent,26
1,mlp,optimized_action,flower_pinch,deer_horn,48
1,mlp,optimized_action,flower_pinch,flower_pinch,128
1,mlp,optimized_action,flower_pinch,orchid_finger,36
1,mlp,optimized_action,flower_pinch,orchid_palm,52
1,mlp,optimized_action,flower_pinch,prayer_beads,18
1,mlp,optimized_action,flower_pinch,three_finger_bent,98
1,mlp,optimized_action,orchid_finger,deer_horn,77
1,mlp,optimized_action,orchid_finger,flower_pinch,43
1,mlp,optimized_action,orchid_finger,orchid_finger,145
1,mlp,optimized_action,orchid_finger,orchid_palm,49
1,mlp,optimized_action,orchid_finger,prayer_beads,22
1,mlp,optimized_action,orchid_finger,three_finger_bent,31
1,mlp,optimized_action,orchid_palm,deer_horn,43
1,mlp,optimized_action,orchid_palm,flower_pinch,62
1,mlp,optimized_action,orchid_palm,orchid_finger,51
1,mlp,optimized_action,orchid_palm,orchid_palm,167
1,mlp,optimized_action,orchid_palm,prayer_beads,61
1,mlp,optimized_action,orchid_palm,three_finger_bent,56
1,mlp,optimized_action,prayer_beads,deer_horn,19
1,mlp,optimized_action,prayer_beads,flower_pinch,29
1,mlp,optimized_action,prayer_beads,orchid_finger,30
1,mlp,optimized_action,prayer_beads,orchid_palm,25
1,mlp,optimized_action,prayer_beads,prayer_beads,256
1,mlp,optimized_action,prayer_beads,three_finger_bent,14
1,mlp,optimized_action,three_finger_bent,deer_horn,14
1,mlp,optimized_action,three_finger_bent,flower_pinch,70
1,mlp,optimized_action,three_finger_bent,orchid_finger,18
1,mlp,optimized_action,three_finger_bent,orchid_palm,21
1,mlp,optimized_action,three_finger_bent,prayer_beads,1
1,mlp,optimized_action,three_finger_bent,three_finger_bent,236
1,mlp,optimized_full,deer_horn,deer_horn,119
1,mlp,optimized_full,deer_horn,flower_pinch,50
1,mlp,optimized_full,deer_horn,orchid_finger,64
1,mlp,optimized_full,deer_horn,orchid_palm,53
1,mlp,optimized_full,deer_horn,prayer_beads,30
1,mlp,optimized_full,deer_horn,three_finger_bent,64
1,mlp,optimized_full,flower_pinch,deer_horn,62
1,mlp,optimized_full,flower_pinch,flower_pinch,80
1,mlp,optimized_full,flower_pinch,orchid_finger,56
1,mlp,optimized_full,flower_pinch,orchid_palm,65
1,mlp,optimized_full,flower_pinch,prayer_beads,38
1,mlp,optimized_full,flower_pinch,three_finger_bent,79
1,mlp,optimized_full,orchid_finger,deer_horn,78
1,mlp,optimized_full,orchid_finger,flower_pinch,47
1,mlp,optimized_full,orchid_finger,orchid_finger,83
1,mlp,optimized_full,orchid_finger,orchid_palm,72
1,mlp,optimized_full,orchid_finger,prayer_beads,43
1,mlp,optimized_full,orchid_finger,three_finger_bent,44
1,mlp,optimized_full,orchid_palm,deer_horn,98
1,mlp,optimized_full,orchid_palm,flower_pinch,39
1,mlp,optimized_full,orchid_palm,orchid_finger,82
1,mlp,optimized_full,orchid_palm,orchid_palm,110
1,mlp,optimized_full,orchid_palm,prayer_beads,59
1,mlp,optimized_full,orchid_palm,three_finger_bent,52
1,mlp,optimized_full,prayer_beads,deer_horn,31
1,mlp,optimized_full,prayer_beads,flower_pinch,36
1,mlp,optimized_full,prayer_beads,orchid_finger,40
1,mlp,optimized_full,prayer_beads,orchid_palm,52
1,mlp,optimized_full,prayer_beads,prayer_beads,189
1,mlp,optimized_full,prayer_beads,three_finger_bent,25
1,mlp,optimized_full,three_finger_bent,deer_horn,67
1,mlp,optimized_full,three_finger_bent,flower_pinch,50
1,mlp,optimized_full,three_finger_bent,orchid_finger,69
1,mlp,optimized_full,three_finger_bent,orchid_palm,53
1,mlp,optimized_full,three_finger_bent,prayer_beads,15
1,mlp,optimized_full,three_finger_bent,three_finger_bent,106
1,mlp,raw,deer_horn,deer_horn,137
1,mlp,raw,deer_horn,flower_pinch,48
1,mlp,raw,deer_horn,orchid_finger,59
1,mlp,raw,deer_horn,orchid_palm,60
1,mlp,raw,deer_horn,prayer_beads,29
1,mlp,raw,deer_horn,three_finger_bent,47
1,mlp,raw,flower_pinch,deer_horn,52
1,mlp,raw,flower_pinch,flower_pinch,75
1,mlp,raw,flower_pinch,orchid_finger,35
1,mlp,raw,flower_pinch,orchid_palm,85
1,mlp,raw,flower_pinch,prayer_beads,64
1,mlp,raw,flower_pinch,three_finger_bent,69
1,mlp,raw,orchid_finger,deer_horn,77
1,mlp,raw,orchid_finger,flower_pinch,38
1,mlp,raw,orchid_finger,orchid_finger,88
1,mlp,raw,orchid_finger,orchid_palm,63
1,mlp,raw,orchid_finger,prayer_beads,50
1,mlp,raw,orchid_finger,three_finger_bent,51
1,mlp,raw,orchid_palm,deer_horn,75
1,mlp,raw,orchid_palm,flower_pinch,54
1,mlp,raw,orchid_palm,orchid_finger,53
1,mlp,raw,orchid_palm,orchid_palm,137
1,mlp,raw,orchid_palm,prayer_beads,59
1,mlp,raw,orchid_palm,three_finger_bent,62
1,mlp,raw,prayer_beads,deer_horn,60
1,mlp,raw,prayer_beads,flower_pinch,42
1,mlp,raw,prayer_beads,orchid_finger,50
1,mlp,raw,prayer_beads,orchid_palm,58
1,mlp,raw,prayer_beads,prayer_beads,103
1,mlp,raw,prayer_beads,three_finger_bent,60
1,mlp,raw,three_finger_bent,deer_horn,55
1,mlp,raw,three_finger_bent,flower_pinch,62
1,mlp,raw,three_finger_bent,orchid_finger,39
1,mlp,raw,three_finger_bent,orchid_palm,45
1,mlp,raw,three_finger_bent,prayer_beads,73
1,mlp,raw,three_finger_bent,three_finger_bent,86
1,mlp,raw_pca17,deer_horn,deer_horn,238
1,mlp,raw_pca17,deer_horn,flower_pinch,32
1,mlp,raw_pca17,deer_horn,orchid_finger,22
1,mlp,raw_pca17,deer_horn,orchid_palm,25
1,mlp,raw_pca17,deer_horn,prayer_beads,29
1,mlp,raw_pca17,deer_horn,three_finger_bent,34
1,mlp,raw_pca17,flower_pinch,deer_horn,57
1,mlp,raw_pca17,flower_pinch,flower_pinch,97
1,mlp,raw_pca17,flower_pinch,orchid_finger,52
1,mlp,raw_pca17,flower_pinch,orchid_palm,76
1,mlp,raw_pca17,flower_pinch,prayer_beads,38
1,mlp,raw_pca17,flower_pinch,three_finger_bent,60
1,mlp,raw_pca17,orchid_finger,deer_horn,81
1,mlp,raw_pca17,orchid_finger,flower_pinch,61
1,mlp,raw_pca17,orchid_finger,orchid_finger,92
1,mlp,raw_pca17,orchid_finger,orchid_palm,36
1,mlp,raw_pca17,orchid_finger,prayer_beads,55
1,mlp,raw_pca17,orchid_finger,three_finger_bent,42
1,mlp,raw_pca17,orchid_palm,deer_horn,56
1,mlp,raw_pca17,orchid_palm,flower_pinch,89
1,mlp,raw_pca17,orchid_palm,orchid_finger,48
1,mlp,raw_pca17,orchid_palm,orchid_palm,154
1,mlp,raw_pca17,orchid_palm,prayer_beads,34
1,mlp,raw_pca17,orchid_palm,three_finger_bent,59
1,mlp,raw_pca17,prayer_beads,deer_horn,53
1,mlp,raw_pca17,prayer_beads,flower_pinch,40
1,mlp,raw_pca17,prayer_beads,orchid_finger,36
1,mlp,raw_pca17,prayer_beads,orchid_palm,52
1,mlp,raw_pca17,prayer_beads,prayer_beads,150
1,mlp,raw_pca17,prayer_beads,three_finger_bent,42
1,mlp,raw_pca17,three_finger_bent,deer_horn,54
1,mlp,raw_pca17,three_finger_bent,flower_pinch,51
1,mlp,raw_pca17,three_finger_bent,orchid_finger,52
1,mlp,raw_pca17,three_finger_bent,orchid_palm,34
1,mlp,raw_pca17,three_finger_bent,prayer_beads,35
1,mlp,raw_pca17,three_finger_bent,three_finger_bent,134
1,rf,corrected,deer_horn,deer_horn,224
1,rf,corrected,deer_horn,flower_pinch,62
1,rf,corrected,deer_horn,orchid_finger,45
1,rf,corrected,deer_horn,orchid_palm,20
1,rf,corrected,deer_horn,prayer_beads,3
1,rf,corrected,deer_horn,three_finger_bent,26
1,rf,corrected,flower_pinch,deer_horn,54
1,rf,corrected,flower_pinch,flower_pinch,185
1,rf,corrected,flower_pinch,orchid_finger,13
1,rf,corrected,flower_pinch,orchid_palm,51
1,rf,corrected,flower_pinch,prayer_beads,6
1,rf,corrected,flower_pinch,three_finger_bent,71
1,rf,corrected,orchid_finger,deer_horn,87
1,rf,corrected,orchid_finger,flower_pinch,43
1,rf,corrected,orchid_finger,orchid_finger,146
1,rf,corrected,orchid_finger,orchid_palm,49
1,rf,corrected,orchid_finger,prayer_beads,19
1,rf,corrected,orchid_finger,three_finger_bent,23
1,rf,corrected,orchid_palm,deer_horn,53
1,rf,corrected,orchid_palm,flower_pinch,60
1,rf,corrected,orchid_palm,orchid_finger,47
1,rf,corrected,orchid_palm,orchid_palm,194
1,rf,corrected,orchid_palm,prayer_beads,60
1,rf,corrected,orchid_palm,three_finger_bent,26
1,rf,corrected,prayer_beads,deer_horn,27
1,rf,corrected,prayer_beads,flower_pinch,17
1,rf,corrected,prayer_beads,orchid_finger,30
1,rf,corrected,prayer_beads,orchid_palm,14
1,rf,corrected,prayer_beads,prayer_beads,280
1,rf,corrected,prayer_beads,three_finger_bent,5
1,rf,corrected,three_finger_bent,deer_horn,17
1,rf,corrected,three_finger_bent,flower_pinch,96
1,rf,corrected,three_finger_bent,orchid_finger,10
1,rf,corrected,three_finger_bent,orchid_palm,19
1,rf,corrected,three_finger_bent,prayer_beads,1
1,rf,corrected,three_finger_bent,three_finger_bent,217
1,rf,optimized_action,deer_horn,deer_horn,227
1,rf,optimized_action,deer_horn,flower_pinch,53
1,rf,optimized_action,deer_horn,orchid_finger,48
1,rf,optimized_action,deer_horn,orchid_palm,17
1,rf,optimized_action,deer_horn,prayer_beads,9
1,rf,optimized_action,deer_horn,three_finger_bent,26
1,rf,optimized_action,flower_pinch,deer_horn,57
1,rf,optimized_action,flower_pinch,flower_pinch,171
1,rf,optimized_action,flower_pinch,orchid_finger,22
1,rf,optimized_action,flower_pinch,orchid_palm,49
1,rf,optimized_action,flower_pinch,prayer_beads,6
1,rf,optimized_action,flower_pinch,three_finger_bent,75
1,rf,optimized_action,orchid_finger,deer_horn,91
1,rf,optimized_action,orchid_finger,flower_pinch,38
1,rf,optimized_action,orchid_finger,orchid_finger,145
1,rf,optimized_action,orchid_finger,orchid_palm,44
1,rf,optimized_action,orchid_finger,prayer_beads,19
1,rf,optimized_action,orchid_finger,three_finger_bent,30
1,rf,optimized_action,orchid_palm,deer_horn,52
1,rf,optimized_action,orchid_palm,flower_pinch,50
1,rf,optimized_action,orchid_palm,orchid_finger,46
1,rf,optimized_action,orchid_palm,orchid_palm,180
1,rf,optimized_action,orchid_palm,prayer_beads,70
1,rf,optimized_action,orchid_palm,three_finger_bent,42
1,rf,optimized_action,prayer_beads,deer_horn,26
1,rf,optimized_action,prayer_beads,flower_pinch,18
1,rf,optimized_action,prayer_beads,orchid_finger,33
1,rf,optimized_action,prayer_beads,orchid_palm,24
1,rf,optimized_action,prayer_beads,prayer_beads,270
1,rf,optimized_action,prayer_beads,three_finger_bent,2
1,rf,optimized_action,three_finger_bent,deer_horn,15
1,rf,optimized_action,three_finger_bent,flower_pinch,83
1,rf,optimized_action,three_finger_bent,orchid_finger,13
1,rf,optimized_action,three_finger_bent,orchid_palm,21
1,rf,optimized_action,three_finger_bent,prayer_beads,3
1,rf,optimized_action,three_finger_bent,three_finger_bent,225
1,rf,optimized_full,deer_horn,deer_horn,99
1,rf,optimized_full,deer_horn,flower_pinch,59
1,rf,optimized_full,deer_horn,orchid_finger,64
1,rf,optimized_full,deer_horn,orchid_palm,53
1,rf,optimized_full,deer_horn,prayer_beads,49
1,rf,optimized_full,deer_horn,three_finger_bent,56
1,rf,optimized_full,flower_pinch,deer_horn,39
1,rf,optimized_full,flower_pinch,flower_pinch,101
1,rf,optimized_full,flower_pinch,orchid_finger,73
1,rf,optimized_full,flower_pinch,orchid_palm,55
1,rf,optimized_full,flower_pinch,prayer_beads,39
1,rf,optimized_full,flower_pinch,three_finger_bent,73
1,rf,optimized_full,orchid_finger,deer_horn,66
1,rf,optimized_full,orchid_finger,flower_pinch,56
1,rf,optimized_full,orchid_finger,orchid_finger,86
1,rf,optimized_full,orchid_finger,orchid_palm,65
1,rf,optimized_full,orchid_finger,prayer_beads,47
1,rf,optimized_full,orchid_finger,three_finger_bent,47
1,rf,optimized_full,orchid_palm,deer_horn,54
1,rf,optimized_full,orchid_palm,flower_pinch,66
1,rf,optimized_full,orchid_palm,orchid_finger,81
1,rf,optimized_full,orchid_palm,orchid_palm,111
1,rf,optimized_full,orchid_palm,prayer_beads,78
1,rf,optimized_full,orchid_palm,three_finger_bent,50
1,rf,optimized_full,prayer_beads,deer_horn,33
1,rf,optimized_full,prayer_beads,flower_pinch,46
1,rf,optimized_full,prayer_beads,orchid_finger,36
1,rf,optimized_full,prayer_beads,orchid_palm,49
1,rf,optimized_full,prayer_beads,prayer_beads,175
1,rf,optimized_full,prayer_beads,three_finger_bent,34
1,rf,optimized_full,three_finger_bent,deer_horn,45
1,rf,optimized_full,three_finger_bent,flower_pinch,58
1,rf,optimized_full,three_finger_bent,orchid_finger,65
1,rf,optimized_full,three_finger_bent,orchid_palm,50
1,rf,optimized_full,three_finger_bent,prayer_beads,35
1,rf,optimized_full,three_finger_bent,three_finger_bent,107
1,rf,raw,deer_horn,deer_horn,144
1,rf,raw,deer_horn,flower_pinch,38
1,rf,raw,deer_horn,orchid_finger,40
1,rf,raw,deer_horn,orchid_palm,87
1,rf,raw,deer_horn,prayer_beads,23
1,rf,raw,deer_horn,three_finger_bent,48
1,rf,raw,flower_pinch,deer_horn,52
1,rf,raw,flower_pinch,flower_pinch,95
1,rf,raw,flower_pinch,orchid_finger,33
1,rf,raw,flower_pinch,orchid_palm,86
1,rf,raw,flower_pinch,prayer_beads,49
1,rf,raw,flower_pinch,three_finger_bent,65
1,rf,raw,orchid_finger,deer_horn,78
1,rf,raw,orchid_finger,flower_pinch,31
1,rf,raw,orchid_finger,orchid_finger,95
1,rf,raw,orchid_finger,orchid_palm,68
1,rf,raw,orchid_finger,prayer_beads,52
1,rf,raw,orchid_finger,three_finger_bent,43
1,rf,raw,orchid_palm,deer_horn,67
1,rf,raw,orchid_palm,flower_pinch,71
1,rf,raw,orchid_palm,orchid_finger,48
1,rf,raw,orchid_palm,orchid_palm,130
1,rf,raw,orchid_palm,prayer_beads,56
1,rf,raw,orchid_palm,three_finger_bent,68
1,rf,raw,prayer_beads,deer_horn,46
1,rf,raw,prayer_beads,flower_pinch,50
1,rf,raw,prayer_beads,orchid_finger,52
1,rf,raw,prayer_beads,orchid_palm,68
1,rf,raw,prayer_beads,prayer_beads,100
1,rf,raw,prayer_beads,three_finger_bent,57
1,rf,raw,three_finger_bent,deer_horn,55
1,rf,raw,three_finger_bent,flower_pinch,57
1,rf,raw,three_finger_bent,orchid_finger,35
1,rf,raw,three_finger_bent,orchid_palm,56
1,rf,raw,three_finger_bent,prayer_beads,59
1,rf,raw,three_finger_bent,three_finger_bent,98
1,rf,raw_pca17,deer_horn,deer_horn,202
1,rf,raw_pca17,deer_horn,flower_pinch,58
1,rf,raw_pca17,deer_horn,orchid_finger,36
1,rf,raw_pca17,deer_horn,orchid_palm,34
1,rf,raw_pca17,deer_horn,prayer_beads,20
1,rf,raw_pca17,deer_horn,three_finger_bent,30
1,rf,raw_pca17,flower_pinch,deer_horn,51
1,rf,raw_pca17,flower_pinch,flower_pinch,132
1,rf,raw_pca17,flower_pinch,orchid_finger,27
1,rf,raw_pca17,flower_pinch,orchid_palm,81
1,rf,raw_pca17,flower_pinch,prayer_beads,31
1,rf,raw_pca17,flower_pinch,three_finger_bent,58
1,rf,raw_pca17,orchid_finger,deer_horn,95
1,rf,raw_pca17,orchid_finger,flower_pinch,51
1,rf,raw_pca17,orchid_finger,orchid_finger,103
1,rf,raw_pca17,orchid_finger,orchid_palm,44
1,rf,raw_pca17,orchid_finger,prayer_beads,31
1,rf,raw_pca17,orchid_finger,three_finger_bent,43
1,rf,raw_pca17,orchid_palm,deer_horn,58
1,rf,raw_pca17,orchid_palm,flower_pinch,85
1,rf,raw_pca17,orchid_palm,orchid_finger,40
1,rf,raw_pca17,orchid_palm,orchid_palm,194
1,rf,raw_pca17,orchid_palm,prayer_beads,30
1,rf,raw_pca17,orchid_palm,three_finger_bent,33
1,rf,raw_pca17,prayer_beads,deer_horn,43
1,rf,raw_pca17,prayer_beads,flower_pinch,49
1,rf,raw_pca17,prayer_beads,orchid_finger,31
1,rf,raw_pca17,prayer_beads,orchid_palm,84
1,rf,raw_pca17,prayer_beads,prayer_beads,130
1,rf,raw_pca17,prayer_beads,three_finger_bent,36
1,rf,raw_pca17,three_finger_bent,deer_horn,70
1,rf,raw_pca17,three_finger_bent,flower_pinch,66
1,rf,raw_pca17,three_finger_bent,orchid_finger,32
1,rf,raw_pca17,three_finger_bent,orchid_palm,29
1,rf,raw_pca17,three_finger_bent,prayer_beads,18
1,rf,raw_pca17,three_finger_bent,three_finger_bent,145
1,svm,corrected,deer_horn,deer_horn,211
1,svm,corrected,deer_horn,flower_pinch,71
1,svm,corrected,deer_horn,orchid_finger,46
1,svm,corrected,deer_horn,orchid_palm,26
1,svm,corrected,deer_horn,prayer_beads,5
1,svm,corrected,deer_horn,three_finger_bent,21
1,svm,corrected,flower_pinch,deer_horn,32
1,svm,corrected,flower_pinch,flower_pinch,167
1,svm,corrected,flower_pinch,orchid_finger,21
1,svm,corrected,flower_pinch,orchid_palm,64
1,svm,corrected,flower_pinch,prayer_beads,6
1,svm,corrected,flower_pinch,three_finger_bent,90
1,svm,corrected,orchid_finger,deer_horn,81
1,svm,corrected,orchid_finger,flower_pinch,65
1,svm,corrected,orchid_finger,orchid_finger,151
1,svm,corrected,orchid_finger,orchid_palm,38
1,svm,corrected,orchid_finger,prayer_beads,10
1,svm,corrected,orchid_finger,three_finger_bent,22
1,svm,corrected,orchid_palm,deer_horn,44
1,svm,corrected,orchid_palm,flower_pinch,98
1,svm,corrected,orchid_palm,orchid_finger,48
1,svm,corrected,orchid_palm,orchid_palm,177
1,svm,corrected,orchid_palm,prayer_beads,31
1,svm,corrected,orchid_palm,three_finger_bent,42
1,svm,corrected,prayer_beads,deer_horn,16
1,svm,corrected,prayer_beads,flower_pinch,22
1,svm,corrected,prayer_beads,orchid_finger,38
1,svm,corrected,prayer_beads,orchid_palm,22
1,svm,corrected,prayer_beads,prayer_beads,267
1,svm,corrected,prayer_beads,three_finger_bent,8
1,svm,corrected,three_finger_bent,deer_horn,8
1,svm,corrected,three_finger_bent,flower_pinch,74
1,svm,corrected,three_finger_bent,orchid_finger,4
1,svm,corrected,three_finger_bent,orchid_palm,17
1,svm,corrected,three_finger_bent,prayer_beads,3
1,svm,corrected,three_finger_bent,three_finger_bent,254
1,svm,optimized_action,deer_horn,deer_horn,225
1,svm,optimized_action,deer_horn,flower_pinch,57
1,svm,optimized_action,deer_horn,orchid_finger,40
1,svm,optimized_action,deer_horn,orchid_palm,23
1,svm,optimized_action,deer_horn,prayer_beads,10
1,svm,optimized_action,deer_horn,three_finger_bent,25
1,svm,optimized_action,flower_pinch,deer_horn,39
1,svm,optimized_action,flower_pinch,flower_pinch,161
1,svm,optimized_action,flower_pinch,orchid_finger,20
1,svm,optimized_action,flower_pinch,orchid_palm,55
1,svm,optimized_action,flower_pinch,prayer_beads,4
1,svm,optimized_action,flower_pinch,three_finger_bent,101
1,svm,optimized_action,orchid_finger,deer_horn,90
1,svm,optimized_action,orchid_finger,flower_pinch,47
1,svm,optimized_action,orchid_finger,orchid_finger,145
1,svm,optimized_action,orchid_finger,orchid_palm,46
1,svm,optimized_action,orchid_finger,prayer_beads,10
1,svm,optimized_action,orchid_finger,three_finger_bent,29
1,svm,optimized_action,orchid_palm,deer_horn,48
1,svm,optimized_action,orchid_palm,flower_pinch,74
1,svm,optimized_action,orchid_palm,orchid_finger,49
1,svm,optimized_action,orchid_palm,orchid_palm,183
1,svm,optimized_action,orchid_palm,prayer_beads,35
1,svm,optimized_action,orchid_palm,three_finger_bent,51
1,svm,optimized_action,prayer_beads,deer_horn,19
1,svm,optimized_action,prayer_beads,flower_pinch,16
1,svm,optimized_action,prayer_beads,orchid_finger,37
1,svm,optimized_action,prayer_beads,orchid_palm,25
1,svm,optimized_action,prayer_beads,prayer_beads,268
1,svm,optimized_action,prayer_beads,three_finger_bent,8
1,svm,optimized_action,three_finger_bent,deer_horn,7
1,svm,optimized_action,three_finger_bent,flower_pinch,76
1,svm,optimized_action,three_finger_bent,orchid_finger,9
1,svm,optimized_action,three_finger_bent,orchid_palm,20
1,svm,optimized_action,three_finger_bent,prayer_beads,1
1,svm,optimized_action,three_finger_bent,three_finger_bent,247
1,svm,optimized_full,deer_horn,deer_horn,109
1,svm,optimized_full,deer_horn,flower_pinch,43
1,svm,optimized_full,deer_horn,orchid_finger,64
1,svm,optimized_full,deer_horn,orchid_palm,43
1,svm,optimized_full,deer_horn,prayer_beads,33
1,svm,optimized_full,deer_horn,three_finger_bent,88
1,svm,optimized_full,flower_pinch,deer_horn,50
1,svm,optimized_full,flower_pinch,flower_pinch,83
1,svm,optimized_full,flower_pinch,orchid_finger,54
1,svm,optimized_full,flower_pinch,orchid_palm,60
1,svm,optimized_full,flower_pinch,prayer_beads,26
1,svm,optimized_full,flower_pinch,three_finger_bent,107
1,svm,optimized_full,orchid_finger,deer_horn,55
1,svm,optimized_full,orchid_finger,flower_pinch,63
1,svm,optimized_full,orchid_finger,orchid_finger,85
1,svm,optimized_full,orchid_finger,orchid_palm,66
1,svm,optimized_full,orchid_finger,prayer_beads,38
1,svm,optimized_full,orchid_finger,three_finger_bent,60
1,svm,optimized_full,orchid_palm,deer_horn,75
1,svm,optimized_full,orchid_palm,flower_pinch,50
1,svm,optimized_full,orchid_palm,orchid_finger,80
1,svm,optimized_full,orchid_palm,orchid_palm,102
1,svm,optimized_full,orchid_palm,prayer_beads,60
1,svm,optimized_full,orchid_palm,three_finger_bent,73
1,svm,optimized_full,prayer_beads,deer_horn,25
1,svm,optimized_full,prayer_beads,flower_pinch,38
1,svm,optimized_full,prayer_beads,orchid_finger,37
1,svm,optimized_full,prayer_beads,orchid_palm,42
1,svm,optimized_full,prayer_beads,prayer_beads,174
1,svm,optimized_full,prayer_beads,three_finger_bent,57
1,svm,optimized_full,three_finger_bent,deer_horn,46
1,svm,optimized_full,three_finger_bent,flower_pinch,49
1,svm,optimized_full,three_finger_bent,orchid_finger,66
1,svm,optimized_full,three_finger_bent,orchid_palm,50
1,svm,optimized_full,three_finger_bent,prayer_beads,15
1,svm,optimized_full,three_finger_bent,three_finger_bent,134
1,svm,raw,deer_horn,deer_horn,149
1,svm,raw,deer_horn,flower_pinch,43
1,svm,raw,deer_horn,orchid_finger,45
1,svm,raw,deer_horn,orchid_palm,68
1,svm,raw,deer_horn,prayer_beads,25
1,svm,raw,deer_horn,three_finger_bent,50
1,svm,raw,flower_pinch,deer_horn,62
1,svm,raw,flower_pinch,flower_pinch,77
1,svm,raw,flower_pinch,orchid_finger,35
1,svm,raw,flower_pinch,orchid_palm,84
1,svm,raw,flower_pinch,prayer_beads,56
1,svm,raw,flower_pinch,three_finger_bent,66
1,svm,raw,orchid_finger,deer_horn,78
1,svm,raw,orchid_finger,flower_pinch,42
1,svm,raw,orchid_finger,orchid_finger,79
1,svm,raw,orchid_finger,orchid_palm,70
1,svm,raw,orchid_finger,prayer_beads,55
1,svm,raw,orchid_finger,three_finger_bent,43
1,svm,raw,orchid_palm,deer_horn,73
1,svm,raw,orchid_palm,flower_pinch,70
1,svm,raw,orchid_palm,orchid_finger,49
1,svm,raw,orchid_palm,orchid_palm,144
1,svm,raw,orchid_palm,prayer_beads,51
1,svm,raw,orchid_palm,three_finger_bent,53
1,svm,raw,prayer_beads,deer_horn,58
1,svm,raw,prayer_beads,flower_pinch,48
1,svm,raw,prayer_beads,orchid_finger,43
1,svm,raw,prayer_beads,orchid_palm,72
1,svm,raw,prayer_beads,prayer_beads,91
1,svm,raw,prayer_beads,three_finger_bent,61
1,svm,raw,three_finger_bent,deer_horn,61
1,svm,raw,three_finger_bent,flower_pinch,65
1,svm,raw,three_finger_bent,orchid_finger,32
1,svm,raw,three_finger_bent,orchid_palm,50
1,svm,raw,three_finger_bent,prayer_beads,61
1,svm,raw,three_finger_bent,three_finger_bent,91
1,svm,raw_pca17,deer_horn,deer_horn,229
1,svm,raw_pca17,deer_horn,flower_pinch,52
1,svm,raw_pca17,deer_horn,orchid_finger,31
1,svm,raw_pca17,deer_horn,orchid_palm,20
1,svm,raw_pca17,deer_horn,prayer_beads,15
1,svm,raw_pca17,deer_horn,three_finger_bent,33
1,svm,raw_pca17,flower_pinch,deer_horn,28
1,svm,raw_pca17,flower_pinch,flower_pinch,133
1,svm,raw_pca17,flower_pinch,orchid_finger,53
1,svm,raw_pca17,flower_pinch,orchid_palm,73
1,svm,raw_pca17,flower_pinch,prayer_beads,27
1,svm,raw_pca17,flower_pinch,three_finger_bent,66
1,svm,raw_pca17,orchid_finger,deer_horn,66
1,svm,raw_pca17,orchid_finger,flower_pinch,61
1,svm,raw_pca17,orchid_finger,orchid_finger,135
1,svm,raw_pca17,orchid_finger,orchid_palm,25
1,svm,raw_pca17,orchid_finger,prayer_beads,32
1,svm,raw_pca17,orchid_finger,three_finger_bent,48
1,svm,raw_pca17,orchid_palm,deer_horn,54
1,svm,raw_pca17,orchid_palm,flower_pinch,96
1,svm,raw_pca17,orchid_palm,orchid_finger,49
1,svm,raw_pca17,orchid_palm,orchid_palm,167
1,svm,raw_pca17,orchid_palm,prayer_beads,24
1,svm,raw_pca17,orchid_palm,three_finger_bent,50
1,svm,raw_pca17,prayer_beads,deer_horn,46
1,svm,raw_pca17,prayer_beads,flower_pinch,37
1,svm,raw_pca17,prayer_beads,orchid_finger,36
1,svm,raw_pca17,prayer_beads,orchid_palm,56
1,svm,raw_pca17,prayer_beads,prayer_beads,148
1,svm,raw_pca17,prayer_beads,three_finger_bent,50
1,svm,raw_pca17,three_finger_bent,deer_horn,55
1,svm,raw_pca17,three_finger_bent,flower_pinch,73
1,svm,raw_pca17,three_finger_bent,orchid_finger,39
1,svm,raw_pca17,three_finger_bent,orchid_palm,21
1,svm,raw_pca17,three_finger_bent,prayer_beads,19
1,svm,raw_pca17,three_finger_bent,three_finger_bent,153
3,knn,corrected,deer_horn,deer_horn,260
3,knn,corrected,deer_horn,flower_pinch,55
3,knn,corrected,deer_horn,orchid_finger,55
3,knn,corrected,deer_horn,orchid_palm,6
3,knn,corrected,deer_horn,prayer_beads,1
3,knn,corrected,deer_horn,three_finger_bent,3
3,knn,corrected,flower_pinch,deer_horn,25
3,knn,corrected,flower_pinch,flower_pinch,252
3,knn,corrected,flower_pinch,orchid_finger,13
3,knn,corrected,flower_pinch,orchid_palm,61
3,knn,corrected,flower_pinch,prayer_beads,1
3,knn,corrected,flower_pinch,three_finger_bent,28
3,knn,corrected,orchid_finger,deer_horn,83
3,knn,corrected,orchid_finger,flower_pinch,24
3,knn,corrected,orchid_finger,orchid_finger,228
3,knn,corrected,orchid_finger,orchid_palm,22
3,knn,corrected,orchid_finger,prayer_beads,1
3,knn,corrected,orchid_finger,three_finger_bent,9
3,knn,corrected,orchid_palm,deer_horn,21
3,knn,corrected,orchid_palm,flower_pinch,98
3,knn,corrected,orchid_palm,orchid_finger,48
3,knn,corrected,orchid_palm,orchid_palm,232
3,knn,corrected,orchid_palm,prayer_beads,30
3,knn,corrected,orchid_palm,three_finger_bent,11
3,knn,corrected,prayer_beads,deer_horn,20
3,knn,corrected,prayer_beads,flower_pinch,7
3,knn,corrected,prayer_beads,orchid_finger,19
3,knn,corrected,prayer_beads,orchid_palm,6
3,knn,corrected,prayer_beads,prayer_beads,315
3,knn,corrected,prayer_beads,three_finger_bent,6
3,knn,corrected,three_finger_bent,deer_horn,4
3,knn,corrected,three_finger_bent,flower_pinch,63
3,knn,corrected,three_finger_bent,orchid_finger,2
3,knn,corrected,three_finger_bent,orchid_palm,1
3,knn,corrected,three_finger_bent,prayer_beads,0
3,knn,corrected,three_finger_bent,three_finger_bent,290
3,knn,optimized_action,deer_horn,deer_horn,284
3,knn,optimized_action,deer_horn,flower_pinch,41
3,knn,optimized_action,deer_horn,orchid_finger,45
3,knn,optimized_action,deer_horn,orchid_palm,5
3,knn,optimized_action,deer_horn,prayer_beads,1
3,knn,optimized_action,deer_horn,three_finger_bent,4
3,knn,optimized_action,flower_pinch,deer_horn,24
3,knn,optimized_action,flower_pinch,flower_pinch,235
3,knn,optimized_action,flower_pinch,orchid_finger,12
3,knn,optimized_action,flower_pinch,orchid_palm,59
3,knn,optimized_action,flower_pinch,prayer_beads,2
3,knn,optimized_action,flower_pinch,three_finger_bent,48
3,knn,optimized_action,orchid_finger,deer_horn,79
3,knn,optimized_action,orchid_finger,flower_pinch,34
3,knn,optimized_action,orchid_finger,orchid_finger,215
3,knn,optimized_action,orchid_finger,orchid_palm,26
3,knn,optimized_action,orchid_finger,prayer_beads,2
3,knn,optimized_action,orchid_finger,three_finger_bent,11
3,knn,optimized_action,orchid_palm,deer_horn,19
3,knn,optimized_action,orchid_palm,flower_pinch,84
3,knn,optimized_action,orchid_palm,orchid_finger,43
3,knn,optimized_action,orchid_palm,orchid_palm,235
3,knn,optimized_action,orchid_palm,prayer_beads,44
3,knn,optimized_action,orchid_palm,three_finger_bent,15
3,knn,optimized_action,prayer_beads,deer_horn,17
3,knn,optimized_action,prayer_beads,flower_pinch,7
3,knn,optimized_action,prayer_beads,orchid_finger,18
3,knn,optimized_action,prayer_beads,orchid_palm,11
3,knn,optimized_action,prayer_beads,prayer_beads,316
3,knn,optimized_action,prayer_beads,three_finger_bent,4
3,knn,optimized_action,three_finger_bent,deer_horn,3
3,knn,optimized_action,three_finger_bent,flower_pinch,73
3,knn,optimized_action,three_finger_bent,orchid_finger,2
3,knn,optimized_action,three_finger_bent,orchid_palm,6
3,knn,optimized_action,three_finger_bent,prayer_beads,0
3,knn,optimized_action,three_finger_bent,three_finger_bent,276
3,knn,optimized_full,deer_horn,deer_horn,151
3,knn,optimized_full,deer_horn,flower_pinch,35
3,knn,optimized_full,deer_horn,orchid_finger,66
3,knn,optimized_full,deer_horn,orchid_palm,35
3,knn,optimized_full,deer_horn,prayer_beads,22
3,knn,optimized_full,deer_horn,three_finger_bent,71
3,knn,optimized_full,flower_pinch,deer_horn,45
3,knn,optimized_full,flower_pinch,flower_pinch,117
3,knn,optimized_full,flower_pinch,orchid_finger,51
3,knn,optimized_full,flower_pinch,orchid_palm,63
3,knn,optimized_full,flower_pinch,prayer_beads,16
3,knn,optimized_full,flower_pinch,three_finger_bent,88
3,knn,optimized_full,orchid_finger,deer_horn,57
3,knn,optimized_full,orchid_finger,flower_pinch,51
3,knn,optimized_full,orchid_finger,orchid_finger,119
3,knn,optimized_full,orchid_finger,orchid_palm,67
3,knn,optimized_full,orchid_finger,prayer_beads,28
3,knn,optimized_full,orchid_finger,three_finger_bent,45
3,knn,optimized_full,orchid_palm,deer_horn,54
3,knn,optimized_full,orchid_palm,flower_pinch,48
3,knn,optimized_full,orchid_palm,orchid_finger,76
3,knn,optimized_full,orchid_palm,orchid_palm,152
3,knn,optimized_full,orchid_palm,prayer_beads,60
3,knn,optimized_full,orchid_palm,three_finger_bent,50
3,knn,optimized_full,prayer_beads,deer_horn,21
3,knn,optimized_full,prayer_beads,flower_pinch,19
3,knn,optimized_full,prayer_beads,orchid_finger,37
3,knn,optimized_full,prayer_beads,orchid_palm,15
3,knn,optimized_full,prayer_beads,prayer_beads,256
3,knn,optimized_full,prayer_beads,three_finger_bent,25
3,knn,optimized_full,three_finger_bent,deer_horn,40
3,knn,optimized_full,three_finger_bent,flower_pinch,74
3,knn,optimized_full,three_finger_bent,orchid_finger,54
3,knn,optimized_full,three_finger_bent,orchid_palm,22
3,knn,optimized_full,three_finger_bent,prayer_beads,12
3,knn,optimized_full,three_finger_bent,three_finger_bent,158
3,knn,raw,deer_horn,deer_horn,179
3,knn,raw,deer_horn,flower_pinch,42
3,knn,raw,deer_horn,orchid_finger,60
3,knn,raw,deer_horn,orchid_palm,54
3,knn,raw,deer_horn,prayer_beads,23
3,knn,raw,deer_horn,three_finger_bent,22
3,knn,raw,flower_pinch,deer_horn,47
3,knn,raw,flower_pinch,flower_pinch,109
3,knn,raw,flower_pinch,orchid_finger,22
3,knn,raw,flower_pinch,orchid_palm,106
3,knn,raw,flower_pinch,prayer_beads,49
3,knn,raw,flower_pinch,three_finger_bent,47
3,knn,raw,orchid_finger,deer_horn,78
3,knn,raw,orchid_finger,flower_pinch,35
3,knn,raw,orchid_finger,orchid_finger,125
3,knn,raw,orchid_finger,orchid_palm,56
3,knn,raw,orchid_finger,prayer_beads,41
3,knn,raw,orchid_finger,three_finger_bent,32
3,knn,raw,orchid_palm,deer_horn,78
3,knn,raw,orchid_palm,flower_pinch,84
3,knn,raw,orchid_palm,orchid_finger,57
3,knn,raw,orchid_palm,orchid_palm,153
3,knn,raw,orchid_palm,prayer_beads,46
3,knn,raw,orchid_palm,three_finger_bent,22
3,knn,raw,prayer_beads,deer_horn,33
3,knn,raw,prayer_beads,flower_pinch,62
3,knn,raw,prayer_beads,orchid_finger,30
3,knn,raw,prayer_beads,orchid_palm,57
3,knn,raw,prayer_beads,prayer_beads,141
3,knn,raw,prayer_beads,three_finger_bent,50
3,knn,raw,three_finger_bent,deer_horn,59
3,knn,raw,three_finger_bent,flower_pinch,75
3,knn,raw,three_finger_bent,orchid_finger,43
3,knn,raw,three_finger_bent,orchid_palm,45
3,knn,raw,three_finger_bent,prayer_beads,50
3,knn,raw,three_finger_bent,three_finger_bent,88
3,knn,raw_pca17,deer_horn,deer_horn,283
3,knn,raw_pca17,deer_horn,flower_pinch,28
3,knn,raw_pca17,deer_horn,orchid_finger,24
3,knn,raw_pca17,deer_horn,orchid_palm,26
3,knn,raw_pca17,deer_horn,prayer_beads,5
3,knn,raw_pca17,deer_horn,three_finger_bent,14
3,knn,raw_pca17,flower_pinch,deer_horn,22
3,knn,raw_pca17,flower_pinch,flower_pinch,213
3,knn,raw_pca17,flower_pinch,orchid_finger,21
3,knn,raw_pca17,flower_pinch,orchid_palm,81
3,knn,raw_pca17,flower_pinch,prayer_beads,9
3,knn,raw_pca17,flower_pinch,three_finger_bent,34
3,knn,raw_pca17,orchid_finger,deer_horn,54
3,knn,raw_pca17,orchid_finger,flower_pinch,56
3,knn,raw_pca17,orchid_finger,orchid_finger,172
3,knn,raw_pca17,orchid_finger,orchid_palm,48
3,knn,raw_pca17,orchid_finger,prayer_beads,12
3,knn,raw_pca17,orchid_finger,three_finger_bent,25
3,knn,raw_pca17,orchid_palm,deer_horn,36
3,knn,raw_pca17,orchid_palm,flower_pinch,85
3,knn,raw_pca17,orchid_palm,orchid_finger,33
3,knn,raw_pca17,orchid_palm,orchid_palm,229
3,knn,raw_pca17,orchid_palm,prayer_beads,40
3,knn,raw_pca17,orchid_palm,three_finger_bent,17
3,knn,raw_pca17,prayer_beads,deer_horn,28
3,knn,raw_pca17,prayer_beads,flower_pinch,35
3,knn,raw_pca17,prayer_beads,orchid_finger,9
3,knn,raw_pca17,prayer_beads,orchid_palm,45
3,knn,raw_pca17,prayer_beads,prayer_beads,239
3,knn,raw_pca17,prayer_beads,three_finger_bent,17
3,knn,raw_pca17,three_finger_bent,deer_horn,27
3,knn,raw_pca17,three_finger_bent,flower_pinch,74
3,knn,raw_pca17,three_finger_bent,orchid_finger,19
3,knn,raw_pca17,three_finger_bent,orchid_palm,19
3,knn,raw_pca17,three_finger_bent,prayer_beads,16
3,knn,raw_pca17,three_finger_bent,three_finger_bent,205
3,mlp,corrected,deer_horn,deer_horn,284
3,mlp,corrected,deer_horn,flower_pinch,35
3,mlp,corrected,deer_horn,orchid_finger,51
3,mlp,corrected,deer_horn,orchid_palm,4
3,mlp,corrected,deer_horn,prayer_beads,4
3,mlp,corrected,deer_horn,three_finger_bent,2
3,mlp,corrected,flower_pinch,deer_horn,32
3,mlp,corrected,flower_pinch,flower_pinch,242
3,mlp,corrected,flower_pinch,orchid_finger,17
3,mlp,corrected,flower_pinch,orchid_palm,59
3,mlp,corrected,flower_pinch,prayer_beads,8
3,mlp,corrected,flower_pinch,three_finger_bent,22
3,mlp,corrected,orchid_finger,deer_horn,61
3,mlp,corrected,orchid_finger,flower_pinch,10
3,mlp,corrected,orchid_finger,orchid_finger,269
3,mlp,corrected,orchid_finger,orchid_palm,12
3,mlp,corrected,orchid_finger,prayer_beads,7
3,mlp,corrected,orchid_finger,three_finger_bent,8
3,mlp,corrected,orchid_palm,deer_horn,21
3,mlp,corrected,orchid_palm,flower_pinch,52
3,mlp,corrected,orchid_palm,orchid_finger,60
3,mlp,corrected,orchid_palm,orchid_palm,268
3,mlp,corrected,orchid_palm,prayer_beads,28
3,mlp,corrected,orchid_palm,three_finger_bent,11
3,mlp,corrected,prayer_beads,deer_horn,14
3,mlp,corrected,prayer_beads,flower_pinch,5
3,mlp,corrected,prayer_beads,orchid_finger,24
3,mlp,corrected,prayer_beads,orchid_palm,3
3,mlp,corrected,prayer_beads,prayer_beads,316
3,mlp,corrected,prayer_beads,three_finger_bent,11
3,mlp,corrected,three_finger_bent,deer_horn,8
3,mlp,corrected,three_finger_bent,flower_pinch,31
3,mlp,corrected,three_finger_bent,orchid_finger,14
3,mlp,corrected,three_finger_bent,orchid_palm,1
3,mlp,corrected,three_finger_bent,prayer_beads,0
3,mlp,corrected,three_finger_bent,three_finger_bent,306
3,mlp,optimized_action,deer_horn,deer_horn,295
3,mlp,optimized_action,deer_horn,flower_pinch,30
3,mlp,optimized_action,deer_horn,orchid_finger,43
3,mlp,optimized_action,deer_horn,orchid_palm,6
3,mlp,optimized_action,deer_horn,prayer_beads,4
3,mlp,optimized_action,deer_horn,three_finger_bent,2
3,mlp,optimized_action,flower_pinch,deer_horn,35
3,mlp,optimized_action,flower_pinch,flower_pinch,228
3,mlp,optimized_action,flower_pinch,orchid_finger,13
3,mlp,optimized_action,flower_pinch,orchid_palm,59
3,mlp,optimized_action,flower_pinch,prayer_beads,11
3,mlp,optimized_action,flower_pinch,three_finger_bent,34
3,mlp,optimized_action,orchid_finger,deer_horn,64
3,mlp,optimized_action,orchid_finger,flower_pinch,15
3,mlp,optimized_action,orchid_finger,orchid_finger,262
3,mlp,optimized_action,orchid_finger,orchid_palm,13
3,mlp,optimized_action,orchid_finger,prayer_beads,4
3,mlp,optimized_action,orchid_finger,three_finger_bent,9
3,mlp,optimized_action,orchid_palm,deer_horn,19
3,mlp,optimized_action,orchid_palm,flower_pinch,43
3,mlp,optimized_action,orchid_palm,orchid_finger,52
3,mlp,optimized_action,orchid_palm,orchid_palm,272
3,mlp,optimized_action,orchid_palm,prayer_beads,41
3,mlp,optimized_action,orchid_palm,three_finger_bent,13
3,mlp,optimized_action,prayer_beads,deer_horn,15
3,mlp,optimized_action,prayer_beads,flower_pinch,8
3,mlp,optimized_action,prayer_beads,orchid_finger,16
3,mlp,optimized_action,prayer_beads,orchid_palm,11
3,mlp,optimized_action,prayer_beads,prayer_beads,313
3,mlp,optimized_action,prayer_beads,three_finger_bent,10
3,mlp,optimized_action,three_finger_bent,deer_horn,6
3,mlp,optimized_action,three_finger_bent,flower_pinch,45
3,mlp,optimized_action,three_finger_bent,orchid_finger,7
3,mlp,optimized_action,three_finger_bent,orchid_palm,5
3,mlp,optimized_action,three_finger_bent,prayer_beads,0
3,mlp,optimized_action,three_finger_bent,three_finger_bent,297
3,mlp,optimized_full,deer_horn,deer_horn,158
3,mlp,optimized_full,deer_horn,flower_pinch,44
3,mlp,optimized_full,deer_horn,orchid_finger,77
3,mlp,optimized_full,deer_horn,orchid_palm,34
3,mlp,optimized_full,deer_horn,prayer_beads,21
3,mlp,optimized_full,deer_horn,three_finger_bent,46
3,mlp,optimized_full,flower_pinch,deer_horn,54
3,mlp,optimized_full,flower_pinch,flower_pinch,139
3,mlp,optimized_full,flower_pinch,orchid_finger,46
3,mlp,optimized_full,flower_pinch,orchid_palm,54
3,mlp,optimized_full,flower_pinch,prayer_beads,15
3,mlp,optimized_full,flower_pinch,three_finger_bent,72
3,mlp,optimized_full,orchid_finger,deer_horn,57
3,mlp,optimized_full,orchid_finger,flower_pinch,45
3,mlp,optimized_full,orchid_finger,orchid_finger,135
3,mlp,optimized_full,orchid_finger,orchid_palm,68
3,mlp,optimized_full,orchid_finger,prayer_beads,33
3,mlp,optimized_full,orchid_finger,three_finger_bent,29
3,mlp,optimized_full,orchid_palm,deer_horn,44
3,mlp,optimized_full,orchid_palm,flower_pinch,46
3,mlp,optimized_full,orchid_palm,orchid_finger,71
3,mlp,optimized_full,orchid_palm,orchid_palm,192
3,mlp,optimized_full,orchid_palm,prayer_beads,55
3,mlp,optimized_full,orchid_palm,three_finger_bent,32
3,mlp,optimized_full,prayer_beads,deer_horn,20
3,mlp,optimized_full,prayer_beads,flower_pinch,29
3,mlp,optimized_full,prayer_beads,orchid_finger,15
3,mlp,optimized_full,prayer_beads,orchid_palm,15
3,mlp,optimized_full,prayer_beads,prayer_beads,271
3,mlp,optimized_full,prayer_beads,three_finger_bent,23
3,mlp,optimized_full,three_finger_bent,deer_horn,40
3,mlp,optimized_full,three_finger_bent,flower_pinch,78
3,mlp,optimized_full,three_finger_bent,orchid_finger,42
3,mlp,optimized_full,three_finger_bent,orchid_palm,18
3,mlp,optimized_full,three_finger_bent,prayer_beads,15
3,mlp,optimized_full,three_finger_bent,three_finger_bent,167
3,mlp,raw,deer_horn,deer_horn,188
3,mlp,raw,deer_horn,flower_pinch,46
3,mlp,raw,deer_horn,orchid_finger,65
3,mlp,raw,deer_horn,orchid_palm,49
3,mlp,raw,deer_horn,prayer_beads,13
3,mlp,raw,deer_horn,three_finger_bent,19
3,mlp,raw,flower_pinch,deer_horn,52
3,mlp,raw,flower_pinch,flower_pinch,130
3,mlp,raw,flower_pinch,orchid_finger,31
3,mlp,raw,flower_pinch,orchid_palm,77
3,mlp,raw,flower_pinch,prayer_beads,43
3,mlp,raw,flower_pinch,three_finger_bent,47
3,mlp,raw,orchid_finger,deer_horn,79
3,mlp,raw,orchid_finger,flower_pinch,29
3,mlp,raw,orchid_finger,orchid_finger,155
3,mlp,raw,orchid_finger,orchid_palm,40
3,mlp,raw,orchid_finger,prayer_beads,41
3,mlp,raw,orchid_finger,three_finger_bent,23
3,mlp,raw,orchid_palm,deer_horn,65
3,mlp,raw,orchid_palm,flower_pinch,76
3,mlp,raw,orchid_palm,orchid_finger,56
3,mlp,raw,orchid_palm,orchid_palm,165
3,mlp,raw,orchid_palm,prayer_beads,42
3,mlp,raw,orchid_palm,three_finger_bent,36
3,mlp,raw,prayer_beads,deer_horn,33
3,mlp,raw,prayer_beads,flower_pinch,61
3,mlp,raw,prayer_beads,orchid_finger,37
3,mlp,raw,prayer_beads,orchid_palm,52
3,mlp,raw,prayer_beads,prayer_beads,155
3,mlp,raw,prayer_beads,three_finger_bent,35
3,mlp,raw,three_finger_bent,deer_horn,45
3,mlp,raw,three_finger_bent,flower_pinch,80
3,mlp,raw,three_finger_bent,orchid_finger,39
3,mlp,raw,three_finger_bent,orchid_palm,28
3,mlp,raw,three_finger_bent,prayer_beads,51
3,mlp,raw,three_finger_bent,three_finger_bent,117
3,mlp,raw_pca17,deer_horn,deer_horn,308
3,mlp,raw_pca17,deer_horn,flower_pinch,14
3,mlp,raw_pca17,deer_horn,orchid_finger,22
3,mlp,raw_pca17,deer_horn,orchid_palm,18
3,mlp,raw_pca17,deer_horn,prayer_beads,4
3,mlp,raw_pca17,deer_horn,three_finger_bent,14
3,mlp,raw_pca17,flower_pinch,deer_horn,27
3,mlp,raw_pca17,flower_pinch,flower_pinch,203
3,mlp,raw_pca17,flower_pinch,orchid_finger,25
3,mlp,raw_pca17,flower_pinch,orchid_palm,74
3,mlp,raw_pca17,flower_pinch,prayer_beads,7
3,mlp,raw_pca17,flower_pinch,three_finger_bent,44
3,mlp,raw_pca17,orchid_finger,deer_horn,43
3,mlp,raw_pca17,orchid_finger,flower_pinch,30
3,mlp,raw_pca17,orchid_finger,orchid_finger,216
3,mlp,raw_pca17,orchid_finger,orchid_palm,34
3,mlp,raw_pca17,orchid_finger,prayer_beads,15
3,mlp,raw_pca17,orchid_finger,three_finger_bent,29
3,mlp,raw_pca17,orchid_palm,deer_horn,37
3,mlp,raw_pca17,orchid_palm,flower_pinch,62
3,mlp,raw_pca17,orchid_palm,orchid_finger,42
3,mlp,raw_pca17,orchid_palm,orchid_palm,245
3,mlp,raw_pca17,orchid_palm,prayer_beads,28
3,mlp,raw_pca17,orchid_palm,three_finger_bent,26
3,mlp,raw_pca17,prayer_beads,deer_horn,22
3,mlp,raw_pca17,prayer_beads,flower_pinch,18
3,mlp,raw_pca17,prayer_beads,orchid_finger,20
3,mlp,raw_pca17,prayer_beads,orchid_palm,34
3,mlp,raw_pca17,prayer_beads,prayer_beads,255
3,mlp,raw_pca17,prayer_beads,three_finger_bent,24
3,mlp,raw_pca17,three_finger_bent,deer_horn,30
3,mlp,raw_pca17,three_finger_bent,flower_pinch,33
3,mlp,raw_pca17,three_finger_bent,orchid_finger,27
3,mlp,raw_pca17,three_finger_bent,orchid_palm,18
3,mlp,raw_pca17,three_finger_bent,prayer_beads,11
3,mlp,raw_pca17,three_finger_bent,three_finger_bent,241
3,rf,corrected,deer_horn,deer_horn,291
3,rf,corrected,deer_horn,flower_pinch,37
3,rf,corrected,deer_horn,orchid_finger,47
3,rf,corrected,deer_horn,orchid_palm,3
3,rf,corrected,deer_horn,prayer_beads,1
3,rf,corrected,deer_horn,three_finger_bent,1
3,rf,corrected,flower_pinch,deer_horn,27
3,rf,corrected,flower_pinch,flower_pinch,274
3,rf,corrected,flower_pinch,orchid_finger,10
3,rf,corrected,flower_pinch,orchid_palm,31
3,rf,corrected,flower_pinch,prayer_beads,3
3,rf,corrected,flower_pinch,three_finger_bent,35
3,rf,corrected,orchid_finger,deer_horn,47
3,rf,corrected,orchid_finger,flower_pinch,6
3,rf,corrected,orchid_finger,orchid_finger,287
3,rf,corrected,orchid_finger,orchid_palm,15
3,rf,corrected,orchid_finger,prayer_beads,8
3,rf,corrected,orchid_finger,three_finger_bent,4
3,rf,corrected,orchid_palm,deer_horn,14
3,rf,corrected,orchid_palm,flower_pinch,36
3,rf,corrected,orchid_palm,orchid_finger,40
3,rf,corrected,orchid_palm,orchid_palm,300
3,rf,corrected,orchid_palm,prayer_beads,42
3,rf,corrected,orchid_palm,three_finger_bent,8
3,rf,corrected,prayer_beads,deer_horn,19
3,rf,corrected,prayer_beads,flower_pinch,4
3,rf,corrected,prayer_beads,orchid_finger,19
3,rf,corrected,prayer_beads,orchid_palm,7
3,rf,corrected,prayer_beads,prayer_beads,320
3,rf,corrected,prayer_beads,three_finger_bent,4
3,rf,corrected,three_finger_bent,deer_horn,10
3,rf,corrected,three_finger_bent,flower_pinch,31
3,rf,corrected,three_finger_bent,orchid_finger,9
3,rf,corrected,three_finger_bent,orchid_palm,0
3,rf,corrected,three_finger_bent,prayer_beads,0
3,rf,corrected,three_finger_bent,three_finger_bent,310
3,rf,optimized_action,deer_horn,deer_horn,306
3,rf,optimized_action,deer_horn,flower_pinch,29
3,rf,optimized_action,deer_horn,orchid_finger,41
3,rf,optimized_action,deer_horn,orchid_palm,2
3,rf,optimized_action,deer_horn,prayer_beads,0
3,rf,optimized_action,deer_horn,three_finger_bent,2
3,rf,optimized_action,flower_pinch,deer_horn,26
3,rf,optimized_action,flower_pinch,flower_pinch,272
3,rf,optimized_action,flower_pinch,orchid_finger,12
3,rf,optimized_action,flower_pinch,orchid_palm,32
3,rf,optimized_action,flower_pinch,prayer_beads,3
3,rf,optimized_action,flower_pinch,three_finger_bent,35
3,rf,optimized_action,orchid_finger,deer_horn,73
3,rf,optimized_action,orchid_finger,flower_pinch,3
3,rf,optimized_action,orchid_finger,orchid_finger,263
3,rf,optimized_action,orchid_finger,orchid_palm,15
3,rf,optimized_action,orchid_finger,prayer_beads,11
3,rf,optimized_action,orchid_finger,three_finger_bent,2
3,rf,optimized_action,orchid_palm,deer_horn,17
3,rf,optimized_action,orchid_palm,flower_pinch,38
3,rf,optimized_action,orchid_palm,orchid_finger,37
3,rf,optimized_action,orchid_palm,orchid_palm,293
3,rf,optimized_action,orchid_palm,prayer_beads,46
3,rf,optimized_action,orchid_palm,three_finger_bent,9
3,rf,optimized_action,prayer_beads,deer_horn,20
3,rf,optimized_action,prayer_beads,flower_pinch,7
3,rf,optimized_action,prayer_beads,orchid_finger,13
3,rf,optimized_action,prayer_beads,orchid_palm,8
3,rf,optimized_action,prayer_beads,prayer_beads,319
3,rf,optimized_action,prayer_beads,three_finger_bent,6
3,rf,optimized_action,three_finger_bent,deer_horn,10
3,rf,optimized_action,three_finger_bent,flower_pinch,29
3,rf,optimized_action,three_finger_bent,orchid_finger,4
3,rf,optimized_action,three_finger_bent,orchid_palm,3
3,rf,optimized_action,three_finger_bent,prayer_beads,0
3,rf,optimized_action,three_finger_bent,three_finger_bent,314
3,rf,optimized_full,deer_horn,deer_horn,181
3,rf,optimized_full,deer_horn,flower_pinch,47
3,rf,optimized_full,deer_horn,orchid_finger,59
3,rf,optimized_full,deer_horn,orchid_palm,20
3,rf,optimized_full,deer_horn,prayer_beads,30
3,rf,optimized_full,deer_horn,three_finger_bent,43
3,rf,optimized_full,flower_pinch,deer_horn,53
3,rf,optimized_full,flower_pinch,flower_pinch,159
3,rf,optimized_full,flower_pinch,orchid_finger,50
3,rf,optimized_full,flower_pinch,orchid_palm,47
3,rf,optimized_full,flower_pinch,prayer_beads,13
3,rf,optimized_full,flower_pinch,three_finger_bent,58
3,rf,optimized_full,orchid_finger,deer_horn,55
3,rf,optimized_full,orchid_finger,flower_pinch,45
3,rf,optimized_full,orchid_finger,orchid_finger,132
3,rf,optimized_full,orchid_finger,orchid_palm,64
3,rf,optimized_full,orchid_finger,prayer_beads,40
3,rf,optimized_full,orchid_finger,three_finger_bent,31
3,rf,optimized_full,orchid_palm,deer_horn,52
3,rf,optimized_full,orchid_palm,flower_pinch,49
3,rf,optimized_full,orchid_palm,orchid_finger,84
3,rf,optimized_full,orchid_palm,orchid_palm,177
3,rf,optimized_full,orchid_palm,prayer_beads,42
3,rf,optimized_full,orchid_palm,three_finger_bent,36
3,rf,optimized_full,prayer_beads,deer_horn,27
3,rf,optimized_full,prayer_beads,flower_pinch,12
3,rf,optimized_full,prayer_beads,orchid_finger,10
3,rf,optimized_full,prayer_beads,orchid_palm,20
3,rf,optimized_full,prayer_beads,prayer_beads,290
3,rf,optimized_full,prayer_beads,three_finger_bent,14
3,rf,optimized_full,three_finger_bent,deer_horn,32
3,rf,optimized_full,three_finger_bent,flower_pinch,78
3,rf,optimized_full,three_finger_bent,orchid_finger,40
3,rf,optimized_full,three_finger_bent,orchid_palm,21
3,rf,optimized_full,three_finger_bent,prayer_beads,16
3,rf,optimized_full,three_finger_bent,three_finger_bent,173
3,rf,raw,deer_horn,deer_horn,203
3,rf,raw,deer_horn,flower_pinch,48
3,rf,raw,deer_horn,orchid_finger,63
3,rf,raw,deer_horn,orchid_palm,40
3,rf,raw,deer_horn,prayer_beads,16
3,rf,raw,deer_horn,three_finger_bent,10
3,rf,raw,flower_pinch,deer_horn,49
3,rf,raw,flower_pinch,flower_pinch,167
3,rf,raw,flower_pinch,orchid_finger,23
3,rf,raw,flower_pinch,orchid_palm,61
3,rf,raw,flower_pinch,prayer_beads,40
3,rf,raw,flower_pinch,three_finger_bent,40
3,rf,raw,orchid_finger,deer_horn,91
3,rf,raw,orchid_finger,flower_pinch,15
3,rf,raw,orchid_finger,orchid_finger,159
3,rf,raw,orchid_finger,orchid_palm,47
3,rf,raw,orchid_finger,prayer_beads,36
3,rf,raw,orchid_finger,three_finger_bent,19
3,rf,raw,orchid_palm,deer_horn,62
3,rf,raw,orchid_palm,flower_pinch,75
3,rf,raw,orchid_palm,orchid_finger,40
3,rf,raw,orchid_palm,orchid_palm,165
3,rf,raw,orchid_palm,prayer_beads,51
3,rf,raw,orchid_palm,three_finger_bent,47
3,rf,raw,prayer_beads,deer_horn,32
3,rf,raw,prayer_beads,flower_pinch,49
3,rf,raw,prayer_beads,orchid_finger,38
3,rf,raw,prayer_beads,orchid_palm,67
3,rf,raw,prayer_beads,prayer_beads,150
3,rf,raw,prayer_beads,three_finger_bent,37
3,rf,raw,three_finger_bent,deer_horn,43
3,rf,raw,three_finger_bent,flower_pinch,80
3,rf,raw,three_finger_bent,orchid_finger,41
3,rf,raw,three_finger_bent,orchid_palm,32
3,rf,raw,three_finger_bent,prayer_beads,45
3,rf,raw,three_finger_bent,three_finger_bent,119
3,rf,raw_pca17,deer_horn,deer_horn,329
3,rf,raw_pca17,deer_horn,flower_pinch,16
3,rf,raw_pca17,deer_horn,orchid_finger,17
3,rf,raw_pca17,deer_horn,orchid_palm,10
3,rf,raw_pca17,deer_horn,prayer_beads,5
3,rf,raw_pca17,deer_horn,three_finger_bent,3
3,rf,raw_pca17,flower_pinch,deer_horn,28
3,rf,raw_pca17,flower_pinch,flower_pinch,227
3,rf,raw_pca17,flower_pinch,orchid_finger,21
3,rf,raw_pca17,flower_pinch,orchid_palm,61
3,rf,raw_pca17,flower_pinch,prayer_beads,9
3,rf,raw_pca17,flower_pinch,three_finger_bent,34
3,rf,raw_pca17,orchid_finger,deer_horn,54
3,rf,raw_pca17,orchid_finger,flower_pinch,21
3,rf,raw_pca17,orchid_finger,orchid_finger,247
3,rf,raw_pca17,orchid_finger,orchid_palm,16
3,rf,raw_pca17,orchid_finger,prayer_beads,13
3,rf,raw_pca17,orchid_finger,three_finger_bent,16
3,rf,raw_pca17,orchid_palm,deer_horn,33
3,rf,raw_pca17,orchid_palm,flower_pinch,76
3,rf,raw_pca17,orchid_palm,orchid_finger,34
3,rf,raw_pca17,orchid_palm,orchid_palm,228
3,rf,raw_pca17,orchid_palm,prayer_beads,43
3,rf,raw_pca17,orchid_palm,three_finger_bent,26
3,rf,raw_pca17,prayer_beads,deer_horn,21
3,rf,raw_pca17,prayer_beads,flower_pinch,25
3,rf,raw_pca17,prayer_beads,orchid_finger,10
3,rf,raw_pca17,prayer_beads,orchid_palm,40
3,rf,raw_pca17,prayer_beads,prayer_beads,244
3,rf,raw_pca17,prayer_beads,three_finger_bent,33
3,rf,raw_pca17,three_finger_bent,deer_horn,18
3,rf,raw_pca17,three_finger_bent,flower_pinch,40
3,rf,raw_pca17,three_finger_bent,orchid_finger,14
3,rf,raw_pca17,three_finger_bent,orchid_palm,14
3,rf,raw_pca17,three_finger_bent,prayer_beads,11
3,rf,raw_pca17,three_finger_bent,three_finger_bent,263
3,svm,corrected,deer_horn,deer_horn,280
3,svm,corrected,deer_horn,flower_pinch,24
3,svm,corrected,deer_horn,orchid_finger,59
3,svm,corrected,deer_horn,orchid_palm,16
3,svm,corrected,deer_horn,prayer_beads,1
3,svm,corrected,deer_horn,three_finger_bent,0
3,svm,corrected,flower_pinch,deer_horn,17
3,svm,corrected,flower_pinch,flower_pinch,278
3,svm,corrected,flower_pinch,orchid_finger,19
3,svm,corrected,flower_pinch,orchid_palm,49
3,svm,corrected,flower_pinch,prayer_beads,1
3,svm,corrected,flower_pinch,three_finger_bent,16
3,svm,corrected,orchid_finger,deer_horn,49
3,svm,corrected,orchid_finger,flower_pinch,14
3,svm,corrected,orchid_finger,orchid_finger,265
3,svm,corrected,orchid_finger,orchid_palm,33
3,svm,corrected,orchid_finger,prayer_beads,2
3,svm,corrected,orchid_finger,three_finger_bent,4
3,svm,corrected,orchid_palm,deer_horn,13
3,svm,corrected,orchid_palm,flower_pinch,62
3,svm,corrected,orchid_palm,orchid_finger,57
3,svm,corrected,orchid_palm,orchid_palm,287
3,svm,corrected,orchid_palm,prayer_beads,17
3,svm,corrected,orchid_palm,three_finger_bent,4
3,svm,corrected,prayer_beads,deer_horn,8
3,svm,corrected,prayer_beads,flower_pinch,9
3,svm,corrected,prayer_beads,orchid_finger,27
3,svm,corrected,prayer_beads,orchid_palm,16
3,svm,corrected,prayer_beads,prayer_beads,309
3,svm,corrected,prayer_beads,three_finger_bent,4
3,svm,corrected,three_finger_bent,deer_horn,8
3,svm,corrected,three_finger_bent,flower_pinch,25
3,svm,corrected,three_finger_bent,orchid_finger,11
3,svm,corrected,three_finger_bent,orchid_palm,8
3,svm,corrected,three_finger_bent,prayer_beads,2
3,svm,corrected,three_finger_bent,three_finger_bent,306
3,svm,optimized_action,deer_horn,deer_horn,278
3,svm,optimized_action,deer_horn,flower_pinch,29
3,svm,optimized_action,deer_horn,orchid_finger,60
3,svm,optimized_action,deer_horn,orchid_palm,12
3,svm,optimized_action,deer_horn,prayer_beads,1
3,svm,optimized_action,deer_horn,three_finger_bent,0
3,svm,optimized_action,flower_pinch,deer_horn,16
3,svm,optimized_action,flower_pinch,flower_pinch,252
3,svm,optimized_action,flower_pinch,orchid_finger,19
3,svm,optimized_action,flower_pinch,orchid_palm,64
3,svm,optimized_action,flower_pinch,prayer_beads,1
3,svm,optimized_action,flower_pinch,three_finger_bent,28
3,svm,optimized_action,orchid_finger,deer_horn,45
3,svm,optimized_action,orchid_finger,flower_pinch,23
3,svm,optimized_action,orchid_finger,orchid_finger,262
3,svm,optimized_action,orchid_finger,orchid_palm,32
3,svm,optimized_action,orchid_finger,prayer_beads,2
3,svm,optimized_action,orchid_finger,three_finger_bent,3
3,svm,optimized_action,orchid_palm,deer_horn,11
3,svm,optimized_action,orchid_palm,flower_pinch,60
3,svm,optimized_action,orchid_palm,orchid_finger,56
3,svm,optimized_action,orchid_palm,orchid_palm,284
3,svm,optimized_action,orchid_palm,prayer_beads,21
3,svm,optimized_action,orchid_palm,three_finger_bent,8
3,svm,optimized_action,prayer_beads,deer_horn,4
3,svm,optimized_action,prayer_beads,flower_pinch,8
3,svm,optimized_action,prayer_beads,orchid_finger,26
3,svm,optimized_action,prayer_beads,orchid_palm,26
3,svm,optimized_action,prayer_beads,prayer_beads,305
3,svm,optimized_action,prayer_beads,three_finger_bent,4
3,svm,optimized_action,three_finger_bent,deer_horn,6
3,svm,optimized_action,three_finger_bent,flower_pinch,38
3,svm,optimized_action,three_finger_bent,orchid_finger,12
3,svm,optimized_action,three_finger_bent,orchid_palm,14
3,svm,optimized_action,three_finger_bent,prayer_beads,3
3,svm,optimized_action,three_finger_bent,three_finger_bent,287
3,svm,optimized_full,deer_horn,deer_horn,150
3,svm,optimized_full,deer_horn,flower_pinch,52
3,svm,optimized_full,deer_horn,orchid_finger,75
3,svm,optimized_full,deer_horn,orchid_palm,35
3,svm,optimized_full,deer_horn,prayer_beads,14
3,svm,optimized_full,deer_horn,three_finger_bent,54
3,svm,optimized_full,flower_pinch,deer_horn,51
3,svm,optimized_full,flower_pinch,flower_pinch,131
3,svm,optimized_full,flower_pinch,orchid_finger,52
3,svm,optimized_full,flower_pinch,orchid_palm,70
3,svm,optimized_full,flower_pinch,prayer_beads,5
3,svm,optimized_full,flower_pinch,three_finger_bent,71
3,svm,optimized_full,orchid_finger,deer_horn,56
3,svm,optimized_full,orchid_finger,flower_pinch,56
3,svm,optimized_full,orchid_finger,orchid_finger,133
3,svm,optimized_full,orchid_finger,orchid_palm,61
3,svm,optimized_full,orchid_finger,prayer_beads,23
3,svm,optimized_full,orchid_finger,three_finger_bent,38
3,svm,optimized_full,orchid_palm,deer_horn,54
3,svm,optimized_full,orchid_palm,flower_pinch,63
3,svm,optimized_full,orchid_palm,orchid_finger,80
3,svm,optimized_full,orchid_palm,orchid_palm,186
3,svm,optimized_full,orchid_palm,prayer_beads,24
3,svm,optimized_full,orchid_palm,three_finger_bent,33
3,svm,optimized_full,prayer_beads,deer_horn,17
3,svm,optimized_full,prayer_beads,flower_pinch,27
3,svm,optimized_full,prayer_beads,orchid_finger,25
3,svm,optimized_full,prayer_beads,orchid_palm,21
3,svm,optimized_full,prayer_beads,prayer_beads,269
3,svm,optimized_full,prayer_beads,three_finger_bent,14
3,svm,optimized_full,three_finger_bent,deer_horn,40
3,svm,optimized_full,three_finger_bent,flower_pinch,72
3,svm,optimized_full,three_finger_bent,orchid_finger,53
3,svm,optimized_full,three_finger_bent,orchid_palm,30
3,svm,optimized_full,three_finger_bent,prayer_beads,6
3,svm,optimized_full,three_finger_bent,three_finger_bent,159
3,svm,raw,deer_horn,deer_horn,182
3,svm,raw,deer_horn,flower_pinch,42
3,svm,raw,deer_horn,orchid_finger,71
3,svm,raw,deer_horn,orchid_palm,46
3,svm,raw,deer_horn,prayer_beads,17
3,svm,raw,deer_horn,three_finger_bent,22
3,svm,raw,flower_pinch,deer_horn,30
3,svm,raw,flower_pinch,flower_pinch,133
3,svm,raw,flower_pinch,orchid_finger,27
3,svm,raw,flower_pinch,orchid_palm,86
3,svm,raw,flower_pinch,prayer_beads,49
3,svm,raw,flower_pinch,three_finger_bent,55
3,svm,raw,orchid_finger,deer_horn,67
3,svm,raw,orchid_finger,flower_pinch,34
3,svm,raw,orchid_finger,orchid_finger,140
3,svm,raw,orchid_finger,orchid_palm,49
3,svm,raw,orchid_finger,prayer_beads,48
3,svm,raw,orchid_finger,three_finger_bent,29
3,svm,raw,orchid_palm,deer_horn,43
3,svm,raw,orchid_palm,flower_pinch,95
3,svm,raw,orchid_palm,orchid_finger,52
3,svm,raw,orchid_palm,orchid_palm,163
3,svm,raw,orchid_palm,prayer_beads,54
3,svm,raw,orchid_palm,three_finger_bent,33
3,svm,raw,prayer_beads,deer_horn,5
3,svm,raw,prayer_beads,flower_pinch,69
3,svm,raw,prayer_beads,orchid_finger,41
3,svm,raw,prayer_beads,orchid_palm,53
3,svm,raw,prayer_beads,prayer_beads,156
3,svm,raw,prayer_beads,three_finger_bent,49
3,svm,raw,three_finger_bent,deer_horn,41
3,svm,raw,three_finger_bent,flower_pinch,80
3,svm,raw,three_finger_bent,orchid_finger,34
3,svm,raw,three_finger_bent,orchid_palm,38
3,svm,raw,three_finger_bent,prayer_beads,56
3,svm,raw,three_finger_bent,three_finger_bent,111
3,svm,raw_pca17,deer_horn,deer_horn,273
3,svm,raw_pca17,deer_horn,flower_pinch,18
3,svm,raw_pca17,deer_horn,orchid_finger,43
3,svm,raw_pca17,deer_horn,orchid_palm,21
3,svm,raw_pca17,deer_horn,prayer_beads,5
3,svm,raw_pca17,deer_horn,three_finger_bent,20
3,svm,raw_pca17,flower_pinch,deer_horn,12
3,svm,raw_pca17,flower_pinch,flower_pinch,201
3,svm,raw_pca17,flower_pinch,orchid_finger,44
3,svm,raw_pca17,flower_pinch,orchid_palm,71
3,svm,raw_pca17,flower_pinch,prayer_beads,17
3,svm,raw_pca17,flower_pinch,three_finger_bent,35
3,svm,raw_pca17,orchid_finger,deer_horn,37
3,svm,raw_pca17,orchid_finger,flower_pinch,18
3,svm,raw_pca17,orchid_finger,orchid_finger,241
3,svm,raw_pca17,orchid_finger,orchid_palm,32
3,svm,raw_pca17,orchid_finger,prayer_beads,19
3,svm,raw_pca17,orchid_finger,three_finger_bent,20
3,svm,raw_pca17,orchid_palm,deer_horn,28
3,svm,raw_pca17,orchid_palm,flower_pinch,50
3,svm,raw_pca17,orchid_palm,orchid_finger,64
3,svm,raw_pca17,orchid_palm,orchid_palm,233
3,svm,raw_pca17,orchid_palm,prayer_beads,41
3,svm,raw_pca17,orchid_palm,three_finger_bent,24
3,svm,raw_pca17,prayer_beads,deer_horn,15
3,svm,raw_pca17,prayer_beads,flower_pinch,10
3,svm,raw_pca17,prayer_beads,orchid_finger,43
3,svm,raw_pca17,prayer_beads,orchid_palm,40
3,svm,raw_pca17,prayer_beads,prayer_beads,251
3,svm,raw_pca17,prayer_beads,three_finger_bent,14
3,svm,raw_pca17,three_finger_bent,deer_horn,24
3,svm,raw_pca17,three_finger_bent,flower_pinch,35
3,svm,raw_pca17,three_finger_bent,orchid_finger,49
3,svm,raw_pca17,three_finger_bent,orchid_palm,12
3,svm,raw_pca17,three_finger_bent,prayer_beads,20
3,svm,raw_pca17,three_finger_bent,three_finger_bent,220
5,knn,corrected,deer_horn,deer_horn,308
5,knn,corrected,deer_horn,flower_pinch,28
5,knn,corrected,deer_horn,orchid_finger,36
5,knn,corrected,deer_horn,orchid_palm,7
5,knn,corrected,deer_horn,prayer_beads,0
5,knn,corrected,deer_horn,three_finger_bent,1
5,knn,corrected,flower_pinch,deer_horn,24
5,knn,corrected,flower_pinch,flower_pinch,284
5,knn,corrected,flower_pinch,orchid_finger,12
5,knn,corrected,flower_pinch,orchid_palm,39
5,knn,corrected,flower_pinch,prayer_beads,1
5,knn,corrected,flower_pinch,three_finger_bent,20
5,knn,corrected,orchid_finger,deer_horn,66
5,knn,corrected,orchid_finger,flower_pinch,14
5,knn,corrected,orchid_finger,orchid_finger,260
5,knn,corrected,orchid_finger,orchid_palm,15
5,knn,corrected,orchid_finger,prayer_beads,2
5,knn,corrected,orchid_finger,three_finger_bent,10
5,knn,corrected,orchid_palm,deer_horn,8
5,knn,corrected,orchid_palm,flower_pinch,93
5,knn,corrected,orchid_palm,orchid_finger,45
5,knn,corrected,orchid_palm,orchid_palm,259
5,knn,corrected,orchid_palm,prayer_beads,30
5,knn,corrected,orchid_palm,three_finger_bent,5
5,knn,corrected,prayer_beads,deer_horn,17
5,knn,corrected,prayer_beads,flower_pinch,4
5,knn,corrected,prayer_beads,orchid_finger,17
5,knn,corrected,prayer_beads,orchid_palm,5
5,knn,corrected,prayer_beads,prayer_beads,326
5,knn,corrected,prayer_beads,three_finger_bent,4
5,knn,corrected,three_finger_bent,deer_horn,4
5,knn,corrected,three_finger_bent,flower_pinch,29
5,knn,corrected,three_finger_bent,orchid_finger,2
5,knn,corrected,three_finger_bent,orchid_palm,0
5,knn,corrected,three_finger_bent,prayer_beads,1
5,knn,corrected,three_finger_bent,three_finger_bent,324
5,knn,optimized_action,deer_horn,deer_horn,314
5,knn,optimized_action,deer_horn,flower_pinch,22
5,knn,optimized_action,deer_horn,orchid_finger,37
5,knn,optimized_action,deer_horn,orchid_palm,7
5,knn,optimized_action,deer_horn,prayer_beads,0
5,knn,optimized_action,deer_horn,three_finger_bent,0
5,knn,optimized_action,flower_pinch,deer_horn,28
5,knn,optimized_action,flower_pinch,flower_pinch,249
5,knn,optimized_action,flower_pinch,orchid_finger,15
5,knn,optimized_action,flower_pinch,orchid_palm,65
5,knn,optimized_action,flower_pinch,prayer_beads,1
5,knn,optimized_action,flower_pinch,three_finger_bent,22
5,knn,optimized_action,orchid_finger,deer_horn,65
5,knn,optimized_action,orchid_finger,flower_pinch,22
5,knn,optimized_action,orchid_finger,orchid_finger,254
5,knn,optimized_action,orchid_finger,orchid_palm,19
5,knn,optimized_action,orchid_finger,prayer_beads,1
5,knn,optimized_action,orchid_finger,three_finger_bent,6
5,knn,optimized_action,orchid_palm,deer_horn,6
5,knn,optimized_action,orchid_palm,flower_pinch,81
5,knn,optimized_action,orchid_palm,orchid_finger,36
5,knn,optimized_action,orchid_palm,orchid_palm,274
5,knn,optimized_action,orchid_palm,prayer_beads,38
5,knn,optimized_action,orchid_palm,three_finger_bent,5
5,knn,optimized_action,prayer_beads,deer_horn,17
5,knn,optimized_action,prayer_beads,flower_pinch,3
5,knn,optimized_action,prayer_beads,orchid_finger,17
5,knn,optimized_action,prayer_beads,orchid_palm,10
5,knn,optimized_action,prayer_beads,prayer_beads,323
5,knn,optimized_action,prayer_beads,three_finger_bent,3
5,knn,optimized_action,three_finger_bent,deer_horn,5
5,knn,optimized_action,three_finger_bent,flower_pinch,37
5,knn,optimized_action,three_finger_bent,orchid_finger,0
5,knn,optimized_action,three_finger_bent,orchid_palm,5
5,knn,optimized_action,three_finger_bent,prayer_beads,0
5,knn,optimized_action,three_finger_bent,three_finger_bent,313
5,knn,optimized_full,deer_horn,deer_horn,199
5,knn,optimized_full,deer_horn,flower_pinch,22
5,knn,optimized_full,deer_horn,orchid_finger,78
5,knn,optimized_full,deer_horn,orchid_palm,25
5,knn,optimized_full,deer_horn,prayer_beads,6
5,knn,optimized_full,deer_horn,three_finger_bent,50
5,knn,optimized_full,flower_pinch,deer_horn,54
5,knn,optimized_full,flower_pinch,flower_pinch,137
5,knn,optimized_full,flower_pinch,orchid_finger,42
5,knn,optimized_full,flower_pinch,orchid_palm,61
5,knn,optimized_full,flower_pinch,prayer_beads,8
5,knn,optimized_full,flower_pinch,three_finger_bent,78
5,knn,optimized_full,orchid_finger,deer_horn,58
5,knn,optimized_full,orchid_finger,flower_pinch,48
5,knn,optimized_full,orchid_finger,orchid_finger,145
5,knn,optimized_full,orchid_finger,orchid_palm,55
5,knn,optimized_full,orchid_finger,prayer_beads,22
5,knn,optimized_full,orchid_finger,three_finger_bent,39
5,knn,optimized_full,orchid_palm,deer_horn,57
5,knn,optimized_full,orchid_palm,flower_pinch,63
5,knn,optimized_full,orchid_palm,orchid_finger,84
5,knn,optimized_full,orchid_palm,orchid_palm,161
5,knn,optimized_full,orchid_palm,prayer_beads,45
5,knn,optimized_full,orchid_palm,three_finger_bent,30
5,knn,optimized_full,prayer_beads,deer_horn,23
5,knn,optimized_full,prayer_beads,flower_pinch,14
5,knn,optimized_full,prayer_beads,orchid_finger,28
5,knn,optimized_full,prayer_beads,orchid_palm,16
5,knn,optimized_full,prayer_beads,prayer_beads,277
5,knn,optimized_full,prayer_beads,three_finger_bent,15
5,knn,optimized_full,three_finger_bent,deer_horn,38
5,knn,optimized_full,three_finger_bent,flower_pinch,60
5,knn,optimized_full,three_finger_bent,orchid_finger,47
5,knn,optimized_full,three_finger_bent,orchid_palm,22
5,knn,optimized_full,three_finger_bent,prayer_beads,8
5,knn,optimized_full,three_finger_bent,three_finger_bent,185
5,knn,raw,deer_horn,deer_horn,220
5,knn,raw,deer_horn,flower_pinch,35
5,knn,raw,deer_horn,orchid_finger,66
5,knn,raw,deer_horn,orchid_palm,40
5,knn,raw,deer_horn,prayer_beads,9
5,knn,raw,deer_horn,three_finger_bent,10
5,knn,raw,flower_pinch,deer_horn,46
5,knn,raw,flower_pinch,flower_pinch,137
5,knn,raw,flower_pinch,orchid_finger,23
5,knn,raw,flower_pinch,orchid_palm,93
5,knn,raw,flower_pinch,prayer_beads,42
5,knn,raw,flower_pinch,three_finger_bent,39
5,knn,raw,orchid_finger,deer_horn,91
5,knn,raw,orchid_finger,flower_pinch,29
5,knn,raw,orchid_finger,orchid_finger,154
5,knn,raw,orchid_finger,orchid_palm,46
5,knn,raw,orchid_finger,prayer_beads,24
5,knn,raw,orchid_finger,three_finger_bent,23
5,knn,raw,orchid_palm,deer_horn,62
5,knn,raw,orchid_palm,flower_pinch,79
5,knn,raw,orchid_palm,orchid_finger,66
5,knn,raw,orchid_palm,orchid_palm,181
5,knn,raw,orchid_palm,prayer_beads,35
5,knn,raw,orchid_palm,three_finger_bent,17
5,knn,raw,prayer_beads,deer_horn,28
5,knn,raw,prayer_beads,flower_pinch,57
5,knn,raw,prayer_beads,orchid_finger,30
5,knn,raw,prayer_beads,orchid_palm,50
5,knn,raw,prayer_beads,prayer_beads,170
5,knn,raw,prayer_beads,three_finger_bent,38
5,knn,raw,three_finger_bent,deer_horn,60
5,knn,raw,three_finger_bent,flower_pinch,74
5,knn,raw,three_finger_bent,orchid_finger,45
5,knn,raw,three_finger_bent,orchid_palm,36
5,knn,raw,three_finger_bent,prayer_beads,52
5,knn,raw,three_finger_bent,three_finger_bent,93
5,knn,raw_pca17,deer_horn,deer_horn,305
5,knn,raw_pca17,deer_horn,flower_pinch,19
5,knn,raw_pca17,deer_horn,orchid_finger,24
5,knn,raw_pca17,deer_horn,orchid_palm,21
5,knn,raw_pca17,deer_horn,prayer_beads,9
5,knn,raw_pca17,deer_horn,three_finger_bent,2
5,knn,raw_pca17,flower_pinch,deer_horn,20
5,knn,raw_pca17,flower_pinch,flower_pinch,240
5,knn,raw_pca17,flower_pinch,orchid_finger,9
5,knn,raw_pca17,flower_pinch,orchid_palm,83
5,knn,raw_pca17,flower_pinch,prayer_beads,13
5,knn,raw_pca17,flower_pinch,three_finger_bent,15
5,knn,raw_pca17,orchid_finger,deer_horn,37
5,knn,raw_pca17,orchid_finger,flower_pinch,38
5,knn,raw_pca17,orchid_finger,orchid_finger,233
5,knn,raw_pca17,orchid_finger,orchid_palm,38
5,knn,raw_pca17,orchid_finger,prayer_beads,11
5,knn,raw_pca17,orchid_finger,three_finger_bent,10
5,knn,raw_pca17,orchid_palm,deer_horn,23
5,knn,raw_pca17,orchid_palm,flower_pinch,93
5,knn,raw_pca17,orchid_palm,orchid_finger,33
5,knn,raw_pca17,orchid_palm,orchid_palm,232
5,knn,raw_pca17,orchid_palm,prayer_beads,54
5,knn,raw_pca17,orchid_palm,three_finger_bent,5
5,knn,raw_pca17,prayer_beads,deer_horn,20
5,knn,raw_pca17,prayer_beads,flower_pinch,22
5,knn,raw_pca17,prayer_beads,orchid_finger,4
5,knn,raw_pca17,prayer_beads,orchid_palm,44
5,knn,raw_pca17,prayer_beads,prayer_beads,271
5,knn,raw_pca17,prayer_beads,three_finger_bent,12
5,knn,raw_pca17,three_finger_bent,deer_horn,20
5,knn,raw_pca17,three_finger_bent,flower_pinch,71
5,knn,raw_pca17,three_finger_bent,orchid_finger,9
5,knn,raw_pca17,three_finger_bent,orchid_palm,20
5,knn,raw_pca17,three_finger_bent,prayer_beads,15
5,knn,raw_pca17,three_finger_bent,three_finger_bent,225
5,mlp,corrected,deer_horn,deer_horn,333
5,mlp,corrected,deer_horn,flower_pinch,12
5,mlp,corrected,deer_horn,orchid_finger,30
5,mlp,corrected,deer_horn,orchid_palm,3
5,mlp,corrected,deer_horn,prayer_beads,1
5,mlp,corrected,deer_horn,three_finger_bent,1
5,mlp,corrected,flower_pinch,deer_horn,33
5,mlp,corrected,flower_pinch,flower_pinch,269
5,mlp,corrected,flower_pinch,orchid_finger,14
5,mlp,corrected,flower_pinch,orchid_palm,40
5,mlp,corrected,flower_pinch,prayer_beads,5
5,mlp,corrected,flower_pinch,three_finger_bent,19
5,mlp,corrected,orchid_finger,deer_horn,47
5,mlp,corrected,orchid_finger,flower_pinch,5
5,mlp,corrected,orchid_finger,orchid_finger,301
5,mlp,corrected,orchid_finger,orchid_palm,11
5,mlp,corrected,orchid_finger,prayer_beads,0
5,mlp,corrected,orchid_finger,three_finger_bent,3
5,mlp,corrected,orchid_palm,deer_horn,15
5,mlp,corrected,orchid_palm,flower_pinch,55
5,mlp,corrected,orchid_palm,orchid_finger,49
5,mlp,corrected,orchid_palm,orchid_palm,288
5,mlp,corrected,orchid_palm,prayer_beads,28
5,mlp,corrected,orchid_palm,three_finger_bent,5
5,mlp,corrected,prayer_beads,deer_horn,17
5,mlp,corrected,prayer_beads,flower_pinch,1
5,mlp,corrected,prayer_beads,orchid_finger,17
5,mlp,corrected,prayer_beads,orchid_palm,2
5,mlp,corrected,prayer_beads,prayer_beads,329
5,mlp,corrected,prayer_beads,three_finger_bent,7
5,mlp,corrected,three_finger_bent,deer_horn,7
5,mlp,corrected,three_finger_bent,flower_pinch,18
5,mlp,corrected,three_finger_bent,orchid_finger,5
5,mlp,corrected,three_finger_bent,orchid_palm,0
5,mlp,corrected,three_finger_bent,prayer_beads,1
5,mlp,corrected,three_finger_bent,three_finger_bent,329
5,mlp,optimized_action,deer_horn,deer_horn,330
5,mlp,optimized_action,deer_horn,flower_pinch,13
5,mlp,optimized_action,deer_horn,orchid_finger,31
5,mlp,optimized_action,deer_horn,orchid_palm,3
5,mlp,optimized_action,deer_horn,prayer_beads,2
5,mlp,optimized_action,deer_horn,three_finger_bent,1
5,mlp,optimized_action,flower_pinch,deer_horn,37
5,mlp,optimized_action,flower_pinch,flower_pinch,252
5,mlp,optimized_action,flower_pinch,orchid_finger,16
5,mlp,optimized_action,flower_pinch,orchid_palm,44
5,mlp,optimized_action,flower_pinch,prayer_beads,7
5,mlp,optimized_action,flower_pinch,three_finger_bent,24
5,mlp,optimized_action,orchid_finger,deer_horn,50
5,mlp,optimized_action,orchid_finger,flower_pinch,8
5,mlp,optimized_action,orchid_finger,orchid_finger,294
5,mlp,optimized_action,orchid_finger,orchid_palm,7
5,mlp,optimized_action,orchid_finger,prayer_beads,1
5,mlp,optimized_action,orchid_finger,three_finger_bent,7
5,mlp,optimized_action,orchid_palm,deer_horn,13
5,mlp,optimized_action,orchid_palm,flower_pinch,39
5,mlp,optimized_action,orchid_palm,orchid_finger,47
5,mlp,optimized_action,orchid_palm,orchid_palm,300
5,mlp,optimized_action,orchid_palm,prayer_beads,35
5,mlp,optimized_action,orchid_palm,three_finger_bent,6
5,mlp,optimized_action,prayer_beads,deer_horn,15
5,mlp,optimized_action,prayer_beads,flower_pinch,0
5,mlp,optimized_action,prayer_beads,orchid_finger,15
5,mlp,optimized_action,prayer_beads,orchid_palm,10
5,mlp,optimized_action,prayer_beads,prayer_beads,328
5,mlp,optimized_action,prayer_beads,three_finger_bent,5
5,mlp,optimized_action,three_finger_bent,deer_horn,5
5,mlp,optimized_action,three_finger_bent,flower_pinch,30
5,mlp,optimized_action,three_finger_bent,orchid_finger,4
5,mlp,optimized_action,three_finger_bent,orchid_palm,2
5,mlp,optimized_action,three_finger_bent,prayer_beads,0
5,mlp,optimized_action,three_finger_bent,three_finger_bent,319
5,mlp,optimized_full,deer_horn,deer_horn,222
5,mlp,optimized_full,deer_horn,flower_pinch,30
5,mlp,optimized_full,deer_horn,orchid_finger,75
5,mlp,optimized_full,deer_horn,orchid_palm,20
5,mlp,optimized_full,deer_horn,prayer_beads,12
5,mlp,optimized_full,deer_horn,three_finger_bent,21
5,mlp,optimized_full,flower_pinch,deer_horn,49
5,mlp,optimized_full,flower_pinch,flower_pinch,165
5,mlp,optimized_full,flower_pinch,orchid_finger,43
5,mlp,optimized_full,flower_pinch,orchid_palm,53
5,mlp,optimized_full,flower_pinch,prayer_beads,8
5,mlp,optimized_full,flower_pinch,three_finger_bent,62
5,mlp,optimized_full,orchid_finger,deer_horn,58
5,mlp,optimized_full,orchid_finger,flower_pinch,43
5,mlp,optimized_full,orchid_finger,orchid_finger,165
5,mlp,optimized_full,orchid_finger,orchid_palm,66
5,mlp,optimized_full,orchid_finger,prayer_beads,16
5,mlp,optimized_full,orchid_finger,three_finger_bent,19
5,mlp,optimized_full,orchid_palm,deer_horn,49
5,mlp,optimized_full,orchid_palm,flower_pinch,40
5,mlp,optimized_full,orchid_palm,orchid_finger,74
5,mlp,optimized_full,orchid_palm,orchid_palm,214
5,mlp,optimized_full,orchid_palm,prayer_beads,41
5,mlp,optimized_full,orchid_palm,three_finger_bent,22
5,mlp,optimized_full,prayer_beads,deer_horn,20
5,mlp,optimized_full,prayer_beads,flower_pinch,13
5,mlp,optimized_full,prayer_beads,orchid_finger,22
5,mlp,optimized_full,prayer_beads,orchid_palm,18
5,mlp,optimized_full,prayer_beads,prayer_beads,288
5,mlp,optimized_full,prayer_beads,three_finger_bent,12
5,mlp,optimized_full,three_finger_bent,deer_horn,26
5,mlp,optimized_full,three_finger_bent,flower_pinch,65
5,mlp,optimized_full,three_finger_bent,orchid_finger,36
5,mlp,optimized_full,three_finger_bent,orchid_palm,20
5,mlp,optimized_full,three_finger_bent,prayer_beads,5
5,mlp,optimized_full,three_finger_bent,three_finger_bent,208
5,mlp,raw,deer_horn,deer_horn,224
5,mlp,raw,deer_horn,flower_pinch,41
5,mlp,raw,deer_horn,orchid_finger,66
5,mlp,raw,deer_horn,orchid_palm,29
5,mlp,raw,deer_horn,prayer_beads,12
5,mlp,raw,deer_horn,three_finger_bent,8
5,mlp,raw,flower_pinch,deer_horn,44
5,mlp,raw,flower_pinch,flower_pinch,157
5,mlp,raw,flower_pinch,orchid_finger,23
5,mlp,raw,flower_pinch,orchid_palm,70
5,mlp,raw,flower_pinch,prayer_beads,42
5,mlp,raw,flower_pinch,three_finger_bent,44
5,mlp,raw,orchid_finger,deer_horn,73
5,mlp,raw,orchid_finger,flower_pinch,24
5,mlp,raw,orchid_finger,orchid_finger,197
5,mlp,raw,orchid_finger,orchid_palm,33
5,mlp,raw,orchid_finger,prayer_beads,22
5,mlp,raw,orchid_finger,three_finger_bent,18
5,mlp,raw,orchid_palm,deer_horn,55
5,mlp,raw,orchid_palm,flower_pinch,69
5,mlp,raw,orchid_palm,orchid_finger,48
5,mlp,raw,orchid_palm,orchid_palm,196
5,mlp,raw,orchid_palm,prayer_beads,45
5,mlp,raw,orchid_palm,three_finger_bent,27
5,mlp,raw,prayer_beads,deer_horn,16
5,mlp,raw,prayer_beads,flower_pinch,47
5,mlp,raw,prayer_beads,orchid_finger,29
5,mlp,raw,prayer_beads,orchid_palm,48
5,mlp,raw,prayer_beads,prayer_beads,199
5,mlp,raw,prayer_beads,three_finger_bent,34
5,mlp,raw,three_finger_bent,deer_horn,51
5,mlp,raw,three_finger_bent,flower_pinch,82
5,mlp,raw,three_finger_bent,orchid_finger,32
5,mlp,raw,three_finger_bent,orchid_palm,26
5,mlp,raw,three_finger_bent,prayer_beads,54
5,mlp,raw,three_finger_bent,three_finger_bent,115
5,mlp,raw_pca17,deer_horn,deer_horn,337
5,mlp,raw_pca17,deer_horn,flower_pinch,12
5,mlp,raw_pca17,deer_horn,orchid_finger,16
5,mlp,raw_pca17,deer_horn,orchid_palm,11
5,mlp,raw_pca17,deer_horn,prayer_beads,2
5,mlp,raw_pca17,deer_horn,three_finger_bent,2
5,mlp,raw_pca17,flower_pinch,deer_horn,18
5,mlp,raw_pca17,flower_pinch,flower_pinch,227
5,mlp,raw_pca17,flower_pinch,orchid_finger,18
5,mlp,raw_pca17,flower_pinch,orchid_palm,72
5,mlp,raw_pca17,flower_pinch,prayer_beads,9
5,mlp,raw_pca17,flower_pinch,three_finger_bent,36
5,mlp,raw_pca17,orchid_finger,deer_horn,29
5,mlp,raw_pca17,orchid_finger,flower_pinch,9
5,mlp,raw_pca17,orchid_finger,orchid_finger,290
5,mlp,raw_pca17,orchid_finger,orchid_palm,21
5,mlp,raw_pca17,orchid_finger,prayer_beads,7
5,mlp,raw_pca17,orchid_finger,three_finger_bent,11
5,mlp,raw_pca17,orchid_palm,deer_horn,26
5,mlp,raw_pca17,orchid_palm,flower_pinch,72
5,mlp,raw_pca17,orchid_palm,orchid_finger,38
5,mlp,raw_pca17,orchid_palm,orchid_palm,248
5,mlp,raw_pca17,orchid_palm,prayer_beads,46
5,mlp,raw_pca17,orchid_palm,three_finger_bent,10
5,mlp,raw_pca17,prayer_beads,deer_horn,24
5,mlp,raw_pca17,prayer_beads,flower_pinch,18
5,mlp,raw_pca17,prayer_beads,orchid_finger,15
5,mlp,raw_pca17,prayer_beads,orchid_palm,27
5,mlp,raw_pca17,prayer_beads,prayer_beads,269
5,mlp,raw_pca17,prayer_beads,three_finger_bent,20
5,mlp,raw_pca17,three_finger_bent,deer_horn,22
5,mlp,raw_pca17,three_finger_bent,flower_pinch,26
5,mlp,raw_pca17,three_finger_bent,orchid_finger,12
5,mlp,raw_pca17,three_finger_bent,orchid_palm,10
5,mlp,raw_pca17,three_finger_bent,prayer_beads,13
5,mlp,raw_pca17,three_finger_bent,three_finger_bent,277
5,rf,corrected,deer_horn,deer_horn,335
5,rf,corrected,deer_horn,flower_pinch,6
5,rf,corrected,deer_horn,orchid_finger,38
5,rf,corrected,deer_horn,orchid_palm,1
5,rf,corrected,deer_horn,prayer_beads,0
5,rf,corrected,deer_horn,three_finger_bent,0
5,rf,corrected,flower_pinch,deer_horn,24
5,rf,corrected,flower_pinch,flower_pinch,309
5,rf,corrected,flower_pinch,orchid_finger,6
5,rf,corrected,flower_pinch,orchid_palm,24
5,rf,corrected,flower_pinch,prayer_beads,0
5,rf,corrected,flower_pinch,three_finger_bent,17
5,rf,corrected,orchid_finger,deer_horn,29
5,rf,corrected,orchid_finger,flower_pinch,1
5,rf,corrected,orchid_finger,orchid_finger,329
5,rf,corrected,orchid_finger,orchid_palm,7
5,rf,corrected,orchid_finger,prayer_beads,0
5,rf,corrected,orchid_finger,three_finger_bent,1
5,rf,corrected,orchid_palm,deer_horn,9
5,rf,corrected,orchid_palm,flower_pinch,35
5,rf,corrected,orchid_palm,orchid_finger,17
5,rf,corrected,orchid_palm,orchid_palm,331
5,rf,corrected,orchid_palm,prayer_beads,44
5,rf,corrected,orchid_palm,three_finger_bent,4
5,rf,corrected,prayer_beads,deer_horn,12
5,rf,corrected,prayer_beads,flower_pinch,3
5,rf,corrected,prayer_beads,orchid_finger,13
5,rf,corrected,prayer_beads,orchid_palm,5
5,rf,corrected,prayer_beads,prayer_beads,333
5,rf,corrected,prayer_beads,three_finger_bent,7
5,rf,corrected,three_finger_bent,deer_horn,10
5,rf,corrected,three_finger_bent,flower_pinch,14
5,rf,corrected,three_finger_bent,orchid_finger,4
5,rf,corrected,three_finger_bent,orchid_palm,0
5,rf,corrected,three_finger_bent,prayer_beads,0
5,rf,corrected,three_finger_bent,three_finger_bent,332
5,rf,optimized_action,deer_horn,deer_horn,336
5,rf,optimized_action,deer_horn,flower_pinch,7
5,rf,optimized_action,deer_horn,orchid_finger,34
5,rf,optimized_action,deer_horn,orchid_palm,3
5,rf,optimized_action,deer_horn,prayer_beads,0
5,rf,optimized_action,deer_horn,three_finger_bent,0
5,rf,optimized_action,flower_pinch,deer_horn,23
5,rf,optimized_action,flower_pinch,flower_pinch,297
5,rf,optimized_action,flower_pinch,orchid_finger,4
5,rf,optimized_action,flower_pinch,orchid_palm,38
5,rf,optimized_action,flower_pinch,prayer_beads,1
5,rf,optimized_action,flower_pinch,three_finger_bent,17
5,rf,optimized_action,orchid_finger,deer_horn,32
5,rf,optimized_action,orchid_finger,flower_pinch,1
5,rf,optimized_action,orchid_finger,orchid_finger,327
5,rf,optimized_action,orchid_finger,orchid_palm,3
5,rf,optimized_action,orchid_finger,prayer_beads,2
5,rf,optimized_action,orchid_finger,three_finger_bent,2
5,rf,optimized_action,orchid_palm,deer_horn,5
5,rf,optimized_action,orchid_palm,flower_pinch,39
5,rf,optimized_action,orchid_palm,orchid_finger,14
5,rf,optimized_action,orchid_palm,orchid_palm,329
5,rf,optimized_action,orchid_palm,prayer_beads,50
5,rf,optimized_action,orchid_palm,three_finger_bent,3
5,rf,optimized_action,prayer_beads,deer_horn,13
5,rf,optimized_action,prayer_beads,flower_pinch,4
5,rf,optimized_action,prayer_beads,orchid_finger,8
5,rf,optimized_action,prayer_beads,orchid_palm,5
5,rf,optimized_action,prayer_beads,prayer_beads,333
5,rf,optimized_action,prayer_beads,three_finger_bent,10
5,rf,optimized_action,three_finger_bent,deer_horn,9
5,rf,optimized_action,three_finger_bent,flower_pinch,20
5,rf,optimized_action,three_finger_bent,orchid_finger,0
5,rf,optimized_action,three_finger_bent,orchid_palm,0
5,rf,optimized_action,three_finger_bent,prayer_beads,0
5,rf,optimized_action,three_finger_bent,three_finger_bent,331
5,rf,optimized_full,deer_horn,deer_horn,246
5,rf,optimized_full,deer_horn,flower_pinch,32
5,rf,optimized_full,deer_horn,orchid_finger,58
5,rf,optimized_full,deer_horn,orchid_palm,16
5,rf,optimized_full,deer_horn,prayer_beads,9
5,rf,optimized_full,deer_horn,three_finger_bent,19
5,rf,optimized_full,flower_pinch,deer_horn,46
5,rf,optimized_full,flower_pinch,flower_pinch,188
5,rf,optimized_full,flower_pinch,orchid_finger,41
5,rf,optimized_full,flower_pinch,orchid_palm,47
5,rf,optimized_full,flower_pinch,prayer_beads,4
5,rf,optimized_full,flower_pinch,three_finger_bent,54
5,rf,optimized_full,orchid_finger,deer_horn,37
5,rf,optimized_full,orchid_finger,flower_pinch,55
5,rf,optimized_full,orchid_finger,orchid_finger,171
5,rf,optimized_full,orchid_finger,orchid_palm,58
5,rf,optimized_full,orchid_finger,prayer_beads,28
5,rf,optimized_full,orchid_finger,three_finger_bent,18
5,rf,optimized_full,orchid_palm,deer_horn,33
5,rf,optimized_full,orchid_palm,flower_pinch,50
5,rf,optimized_full,orchid_palm,orchid_finger,69
5,rf,optimized_full,orchid_palm,orchid_palm,209
5,rf,optimized_full,orchid_palm,prayer_beads,53
5,rf,optimized_full,orchid_palm,three_finger_bent,26
5,rf,optimized_full,prayer_beads,deer_horn,22
5,rf,optimized_full,prayer_beads,flower_pinch,7
5,rf,optimized_full,prayer_beads,orchid_finger,11
5,rf,optimized_full,prayer_beads,orchid_palm,21
5,rf,optimized_full,prayer_beads,prayer_beads,304
5,rf,optimized_full,prayer_beads,three_finger_bent,8
5,rf,optimized_full,three_finger_bent,deer_horn,17
5,rf,optimized_full,three_finger_bent,flower_pinch,47
5,rf,optimized_full,three_finger_bent,orchid_finger,25
5,rf,optimized_full,three_finger_bent,orchid_palm,16
5,rf,optimized_full,three_finger_bent,prayer_beads,8
5,rf,optimized_full,three_finger_bent,three_finger_bent,247
5,rf,raw,deer_horn,deer_horn,251
5,rf,raw,deer_horn,flower_pinch,27
5,rf,raw,deer_horn,orchid_finger,74
5,rf,raw,deer_horn,orchid_palm,16
5,rf,raw,deer_horn,prayer_beads,9
5,rf,raw,deer_horn,three_finger_bent,3
5,rf,raw,flower_pinch,deer_horn,31
5,rf,raw,flower_pinch,flower_pinch,196
5,rf,raw,flower_pinch,orchid_finger,11
5,rf,raw,flower_pinch,orchid_palm,67
5,rf,raw,flower_pinch,prayer_beads,40
5,rf,raw,flower_pinch,three_finger_bent,35
5,rf,raw,orchid_finger,deer_horn,87
5,rf,raw,orchid_finger,flower_pinch,1
5,rf,raw,orchid_finger,orchid_finger,222
5,rf,raw,orchid_finger,orchid_palm,22
5,rf,raw,orchid_finger,prayer_beads,30
5,rf,raw,orchid_finger,three_finger_bent,5
5,rf,raw,orchid_palm,deer_horn,58
5,rf,raw,orchid_palm,flower_pinch,79
5,rf,raw,orchid_palm,orchid_finger,36
5,rf,raw,orchid_palm,orchid_palm,191
5,rf,raw,orchid_palm,prayer_beads,55
5,rf,raw,orchid_palm,three_finger_bent,21
5,rf,raw,prayer_beads,deer_horn,24
5,rf,raw,prayer_beads,flower_pinch,37
5,rf,raw,prayer_beads,orchid_finger,35
5,rf,raw,prayer_beads,orchid_palm,61
5,rf,raw,prayer_beads,prayer_beads,190
5,rf,raw,prayer_beads,three_finger_bent,26
5,rf,raw,three_finger_bent,deer_horn,23
5,rf,raw,three_finger_bent,flower_pinch,77
5,rf,raw,three_finger_bent,orchid_finger,22
5,rf,raw,three_finger_bent,orchid_palm,27
5,rf,raw,three_finger_bent,prayer_beads,56
5,rf,raw,three_finger_bent,three_finger_bent,155
5,rf,raw_pca17,deer_horn,deer_horn,345
5,rf,raw_pca17,deer_horn,flower_pinch,4
5,rf,raw_pca17,deer_horn,orchid_finger,14
5,rf,raw_pca17,deer_horn,orchid_palm,9
5,rf,raw_pca17,deer_horn,prayer_beads,6
5,rf,raw_pca17,deer_horn,three_finger_bent,2
5,rf,raw_pca17,flower_pinch,deer_horn,12
5,rf,raw_pca17,flower_pinch,flower_pinch,252
5,rf,raw_pca17,flower_pinch,orchid_finger,17
5,rf,raw_pca17,flower_pinch,orchid_palm,69
5,rf,raw_pca17,flower_pinch,prayer_beads,10
5,rf,raw_pca17,flower_pinch,three_finger_bent,20
5,rf,raw_pca17,orchid_finger,deer_horn,38
5,rf,raw_pca17,orchid_finger,flower_pinch,3
5,rf,raw_pca17,orchid_finger,orchid_finger,300
5,rf,raw_pca17,orchid_finger,orchid_palm,9
5,rf,raw_pca17,orchid_finger,prayer_beads,6
5,rf,raw_pca17,orchid_finger,three_finger_bent,11
5,rf,raw_pca17,orchid_palm,deer_horn,17
5,rf,raw_pca17,orchid_palm,flower_pinch,58
5,rf,raw_pca17,orchid_palm,orchid_finger,20
5,rf,raw_pca17,orchid_palm,orchid_palm,281
5,rf,raw_pca17,orchid_palm,prayer_beads,56
5,rf,raw_pca17,orchid_palm,three_finger_bent,8
5,rf,raw_pca17,prayer_beads,deer_horn,13
5,rf,raw_pca17,prayer_beads,flower_pinch,14
5,rf,raw_pca17,prayer_beads,orchid_finger,12
5,rf,raw_pca17,prayer_beads,orchid_palm,36
5,rf,raw_pca17,prayer_beads,prayer_beads,284
5,rf,raw_pca17,prayer_beads,three_finger_bent,14
5,rf,raw_pca17,three_finger_bent,deer_horn,11
5,rf,raw_pca17,three_finger_bent,flower_pinch,7
5,rf,raw_pca17,three_finger_bent,orchid_finger,5
5,rf,raw_pca17,three_finger_bent,orchid_palm,7
5,rf,raw_pca17,three_finger_bent,prayer_beads,11
5,rf,raw_pca17,three_finger_bent,three_finger_bent,319
5,svm,corrected,deer_horn,deer_horn,321
5,svm,corrected,deer_horn,flower_pinch,9
5,svm,corrected,deer_horn,orchid_finger,44
5,svm,corrected,deer_horn,orchid_palm,6
5,svm,corrected,deer_horn,prayer_beads,0
5,svm,corrected,deer_horn,three_finger_bent,0
5,svm,corrected,flower_pinch,deer_horn,23
5,svm,corrected,flower_pinch,flower_pinch,285
5,svm,corrected,flower_pinch,orchid_finger,17
5,svm,corrected,flower_pinch,orchid_palm,44
5,svm,corrected,flower_pinch,prayer_beads,1
5,svm,corrected,flower_pinch,three_finger_bent,10
5,svm,corrected,orchid_finger,deer_horn,38
5,svm,corrected,orchid_finger,flower_pinch,2
5,svm,corrected,orchid_finger,orchid_finger,317
5,svm,corrected,orchid_finger,orchid_palm,9
5,svm,corrected,orchid_finger,prayer_beads,0
5,svm,corrected,orchid_finger,three_finger_bent,1
5,svm,corrected,orchid_palm,deer_horn,12
5,svm,corrected,orchid_palm,flower_pinch,60
5,svm,corrected,orchid_palm,orchid_finger,51
5,svm,corrected,orchid_palm,orchid_palm,294
5,svm,corrected,orchid_palm,prayer_beads,20
5,svm,corrected,orchid_palm,three_finger_bent,3
5,svm,corrected,prayer_beads,deer_horn,13
5,svm,corrected,prayer_beads,flower_pinch,4
5,svm,corrected,prayer_beads,orchid_finger,28
5,svm,corrected,prayer_beads,orchid_palm,9
5,svm,corrected,prayer_beads,prayer_beads,318
5,svm,corrected,prayer_beads,three_finger_bent,1
5,svm,corrected,three_finger_bent,deer_horn,9
5,svm,corrected,three_finger_bent,flower_pinch,11
5,svm,corrected,three_finger_bent,orchid_finger,10
5,svm,corrected,three_finger_bent,orchid_palm,2
5,svm,corrected,three_finger_bent,prayer_beads,0
5,svm,corrected,three_finger_bent,three_finger_bent,328
5,svm,optimized_action,deer_horn,deer_horn,323
5,svm,optimized_action,deer_horn,flower_pinch,9
5,svm,optimized_action,deer_horn,orchid_finger,45
5,svm,optimized_action,deer_horn,orchid_palm,3
5,svm,optimized_action,deer_horn,prayer_beads,0
5,svm,optimized_action,deer_horn,three_finger_bent,0
5,svm,optimized_action,flower_pinch,deer_horn,18
5,svm,optimized_action,flower_pinch,flower_pinch,276
5,svm,optimized_action,flower_pinch,orchid_finger,16
5,svm,optimized_action,flower_pinch,orchid_palm,51
5,svm,optimized_action,flower_pinch,prayer_beads,0
5,svm,optimized_action,flower_pinch,three_finger_bent,19
5,svm,optimized_action,orchid_finger,deer_horn,34
5,svm,optimized_action,orchid_finger,flower_pinch,7
5,svm,optimized_action,orchid_finger,orchid_finger,318
5,svm,optimized_action,orchid_finger,orchid_palm,7
5,svm,optimized_action,orchid_finger,prayer_beads,0
5,svm,optimized_action,orchid_finger,three_finger_bent,1
5,svm,optimized_action,orchid_palm,deer_horn,10
5,svm,optimized_action,orchid_palm,flower_pinch,58
5,svm,optimized_action,orchid_palm,orchid_finger,53
5,svm,optimized_action,orchid_palm,orchid_palm,300
5,svm,optimized_action,orchid_palm,prayer_beads,17
5,svm,optimized_action,orchid_palm,three_finger_bent,2
5,svm,optimized_action,prayer_beads,deer_horn,9
5,svm,optimized_action,prayer_beads,flower_pinch,5
5,svm,optimized_action,prayer_beads,orchid_finger,30
5,svm,optimized_action,prayer_beads,orchid_palm,21
5,svm,optimized_action,prayer_beads,prayer_beads,307
5,svm,optimized_action,prayer_beads,three_finger_bent,1
5,svm,optimized_action,three_finger_bent,deer_horn,7
5,svm,optimized_action,three_finger_bent,flower_pinch,17
5,svm,optimized_action,three_finger_bent,orchid_finger,13
5,svm,optimized_action,three_finger_bent,orchid_palm,1
5,svm,optimized_action,three_finger_bent,prayer_beads,0
5,svm,optimized_action,three_finger_bent,three_finger_bent,322
5,svm,optimized_full,deer_horn,deer_horn,212
5,svm,optimized_full,deer_horn,flower_pinch,28
5,svm,optimized_full,deer_horn,orchid_finger,79
5,svm,optimized_full,deer_horn,orchid_palm,23
5,svm,optimized_full,deer_horn,prayer_beads,11
5,svm,optimized_full,deer_horn,three_finger_bent,27
5,svm,optimized_full,flower_pinch,deer_horn,37
5,svm,optimized_full,flower_pinch,flower_pinch,153
5,svm,optimized_full,flower_pinch,orchid_finger,51
5,svm,optimized_full,flower_pinch,orchid_palm,62
5,svm,optimized_full,flower_pinch,prayer_beads,9
5,svm,optimized_full,flower_pinch,three_finger_bent,68
5,svm,optimized_full,orchid_finger,deer_horn,59
5,svm,optimized_full,orchid_finger,flower_pinch,45
5,svm,optimized_full,orchid_finger,orchid_finger,163
5,svm,optimized_full,orchid_finger,orchid_palm,64
5,svm,optimized_full,orchid_finger,prayer_beads,14
5,svm,optimized_full,orchid_finger,three_finger_bent,22
5,svm,optimized_full,orchid_palm,deer_horn,49
5,svm,optimized_full,orchid_palm,flower_pinch,52
5,svm,optimized_full,orchid_palm,orchid_finger,83
5,svm,optimized_full,orchid_palm,orchid_palm,208
5,svm,optimized_full,orchid_palm,prayer_beads,23
5,svm,optimized_full,orchid_palm,three_finger_bent,25
5,svm,optimized_full,prayer_beads,deer_horn,24
5,svm,optimized_full,prayer_beads,flower_pinch,12
5,svm,optimized_full,prayer_beads,orchid_finger,25
5,svm,optimized_full,prayer_beads,orchid_palm,19
5,svm,optimized_full,prayer_beads,prayer_beads,281
5,svm,optimized_full,prayer_beads,three_finger_bent,12
5,svm,optimized_full,three_finger_bent,deer_horn,35
5,svm,optimized_full,three_finger_bent,flower_pinch,50
5,svm,optimized_full,three_finger_bent,orchid_finger,44
5,svm,optimized_full,three_finger_bent,orchid_palm,20
5,svm,optimized_full,three_finger_bent,prayer_beads,8
5,svm,optimized_full,three_finger_bent,three_finger_bent,203
5,svm,raw,deer_horn,deer_horn,221
5,svm,raw,deer_horn,flower_pinch,35
5,svm,raw,deer_horn,orchid_finger,67
5,svm,raw,deer_horn,orchid_palm,27
5,svm,raw,deer_horn,prayer_beads,15
5,svm,raw,deer_horn,three_finger_bent,15
5,svm,raw,flower_pinch,deer_horn,32
5,svm,raw,flower_pinch,flower_pinch,153
5,svm,raw,flower_pinch,orchid_finger,28
5,svm,raw,flower_pinch,orchid_palm,73
5,svm,raw,flower_pinch,prayer_beads,43
5,svm,raw,flower_pinch,three_finger_bent,51
5,svm,raw,orchid_finger,deer_horn,65
5,svm,raw,orchid_finger,flower_pinch,24
5,svm,raw,orchid_finger,orchid_finger,194
5,svm,raw,orchid_finger,orchid_palm,33
5,svm,raw,orchid_finger,prayer_beads,26
5,svm,raw,orchid_finger,three_finger_bent,25
5,svm,raw,orchid_palm,deer_horn,47
5,svm,raw,orchid_palm,flower_pinch,83
5,svm,raw,orchid_palm,orchid_finger,57
5,svm,raw,orchid_palm,orchid_palm,179
5,svm,raw,orchid_palm,prayer_beads,45
5,svm,raw,orchid_palm,three_finger_bent,29
5,svm,raw,prayer_beads,deer_horn,12
5,svm,raw,prayer_beads,flower_pinch,52
5,svm,raw,prayer_beads,orchid_finger,33
5,svm,raw,prayer_beads,orchid_palm,54
5,svm,raw,prayer_beads,prayer_beads,187
5,svm,raw,prayer_beads,three_finger_bent,35
5,svm,raw,three_finger_bent,deer_horn,44
5,svm,raw,three_finger_bent,flower_pinch,85
5,svm,raw,three_finger_bent,orchid_finger,23
5,svm,raw,three_finger_bent,orchid_palm,22
5,svm,raw,three_finger_bent,prayer_beads,52
5,svm,raw,three_finger_bent,three_finger_bent,134
5,svm,raw_pca17,deer_horn,deer_horn,314
5,svm,raw_pca17,deer_horn,flower_pinch,8
5,svm,raw_pca17,deer_horn,orchid_finger,21
5,svm,raw_pca17,deer_horn,orchid_palm,9
5,svm,raw_pca17,deer_horn,prayer_beads,8
5,svm,raw_pca17,deer_horn,three_finger_bent,20
5,svm,raw_pca17,flower_pinch,deer_horn,11
5,svm,raw_pca17,flower_pinch,flower_pinch,226
5,svm,raw_pca17,flower_pinch,orchid_finger,34
5,svm,raw_pca17,flower_pinch,orchid_palm,61
5,svm,raw_pca17,flower_pinch,prayer_beads,15
5,svm,raw_pca17,flower_pinch,three_finger_bent,33
5,svm,raw_pca17,orchid_finger,deer_horn,29
5,svm,raw_pca17,orchid_finger,flower_pinch,12
5,svm,raw_pca17,orchid_finger,orchid_finger,286
5,svm,raw_pca17,orchid_finger,orchid_palm,12
5,svm,raw_pca17,orchid_finger,prayer_beads,11
5,svm,raw_pca17,orchid_finger,three_finger_bent,17
5,svm,raw_pca17,orchid_palm,deer_horn,19
5,svm,raw_pca17,orchid_palm,flower_pinch,66
5,svm,raw_pca17,orchid_palm,orchid_finger,48
5,svm,raw_pca17,orchid_palm,orchid_palm,244
5,svm,raw_pca17,orchid_palm,prayer_beads,47
5,svm,raw_pca17,orchid_palm,three_finger_bent,16
5,svm,raw_pca17,prayer_beads,deer_horn,29
5,svm,raw_pca17,prayer_beads,flower_pinch,12
5,svm,raw_pca17,prayer_beads,orchid_finger,35
5,svm,raw_pca17,prayer_beads,orchid_palm,21
5,svm,raw_pca17,prayer_beads,prayer_beads,260
5,svm,raw_pca17,prayer_beads,three_finger_bent,16
5,svm,raw_pca17,three_finger_bent,deer_horn,10
5,svm,raw_pca17,three_finger_bent,flower_pinch,27
5,svm,raw_pca17,three_finger_bent,orchid_finger,34
5,svm,raw_pca17,three_finger_bent,orchid_palm,6
5,svm,raw_pca17,three_finger_bent,prayer_beads,10
5,svm,raw_pca17,three_finger_bent,three_finger_bent,273
10,knn,corrected,deer_horn,deer_horn,322
10,knn,corrected,deer_horn,flower_pinch,19
10,knn,corrected,deer_horn,orchid_finger,31
10,knn,corrected,deer_horn,orchid_palm,6
10,knn,corrected,deer_horn,prayer_beads,1
10,knn,corrected,deer_horn,three_finger_bent,1
10,knn,corrected,flower_pinch,deer_horn,18
10,knn,corrected,flower_pinch,flower_pinch,307
10,knn,corrected,flower_pinch,orchid_finger,9
10,knn,corrected,flower_pinch,orchid_palm,34
10,knn,corrected,flower_pinch,prayer_beads,3
10,knn,corrected,flower_pinch,three_finger_bent,9
10,knn,corrected,orchid_finger,deer_horn,47
10,knn,corrected,orchid_finger,flower_pinch,11
10,knn,corrected,orchid_finger,orchid_finger,292
10,knn,corrected,orchid_finger,orchid_palm,15
10,knn,corrected,orchid_finger,prayer_beads,0
10,knn,corrected,orchid_finger,three_finger_bent,2
10,knn,corrected,orchid_palm,deer_horn,5
10,knn,corrected,orchid_palm,flower_pinch,69
10,knn,corrected,orchid_palm,orchid_finger,15
10,knn,corrected,orchid_palm,orchid_palm,326
10,knn,corrected,orchid_palm,prayer_beads,24
10,knn,corrected,orchid_palm,three_finger_bent,1
10,knn,corrected,prayer_beads,deer_horn,8
10,knn,corrected,prayer_beads,flower_pinch,5
10,knn,corrected,prayer_beads,orchid_finger,13
10,knn,corrected,prayer_beads,orchid_palm,7
10,knn,corrected,prayer_beads,prayer_beads,339
10,knn,corrected,prayer_beads,three_finger_bent,1
10,knn,corrected,three_finger_bent,deer_horn,1
10,knn,corrected,three_finger_bent,flower_pinch,13
10,knn,corrected,three_finger_bent,orchid_finger,1
10,knn,corrected,three_finger_bent,orchid_palm,1
10,knn,corrected,three_finger_bent,prayer_beads,0
10,knn,corrected,three_finger_bent,three_finger_bent,344
10,knn,optimized_action,deer_horn,deer_horn,328
10,knn,optimized_action,deer_horn,flower_pinch,16
10,knn,optimized_action,deer_horn,orchid_finger,32
10,knn,optimized_action,deer_horn,orchid_palm,4
10,knn,optimized_action,deer_horn,prayer_beads,0
10,knn,optimized_action,deer_horn,three_finger_bent,0
10,knn,optimized_action,flower_pinch,deer_horn,23
10,knn,optimized_action,flower_pinch,flower_pinch,279
10,knn,optimized_action,flower_pinch,orchid_finger,6
10,knn,optimized_action,flower_pinch,orchid_palm,53
10,knn,optimized_action,flower_pinch,prayer_beads,1
10,knn,optimized_action,flower_pinch,three_finger_bent,18
10,knn,optimized_action,orchid_finger,deer_horn,49
10,knn,optimized_action,orchid_finger,flower_pinch,17
10,knn,optimized_action,orchid_finger,orchid_finger,284
10,knn,optimized_action,orchid_finger,orchid_palm,14
10,knn,optimized_action,orchid_finger,prayer_beads,0
10,knn,optimized_action,orchid_finger,three_finger_bent,3
10,knn,optimized_action,orchid_palm,deer_horn,4
10,knn,optimized_action,orchid_palm,flower_pinch,75
10,knn,optimized_action,orchid_palm,orchid_finger,15
10,knn,optimized_action,orchid_palm,orchid_palm,317
10,knn,optimized_action,orchid_palm,prayer_beads,25
10,knn,optimized_action,orchid_palm,three_finger_bent,4
10,knn,optimized_action,prayer_beads,deer_horn,9
10,knn,optimized_action,prayer_beads,flower_pinch,7
10,knn,optimized_action,prayer_beads,orchid_finger,15
10,knn,optimized_action,prayer_beads,orchid_palm,8
10,knn,optimized_action,prayer_beads,prayer_beads,332
10,knn,optimized_action,prayer_beads,three_finger_bent,2
10,knn,optimized_action,three_finger_bent,deer_horn,2
10,knn,optimized_action,three_finger_bent,flower_pinch,18
10,knn,optimized_action,three_finger_bent,orchid_finger,2
10,knn,optimized_action,three_finger_bent,orchid_palm,1
10,knn,optimized_action,three_finger_bent,prayer_beads,0
10,knn,optimized_action,three_finger_bent,three_finger_bent,337
10,knn,optimized_full,deer_horn,deer_horn,248
10,knn,optimized_full,deer_horn,flower_pinch,17
10,knn,optimized_full,deer_horn,orchid_finger,64
10,knn,optimized_full,deer_horn,orchid_palm,15
10,knn,optimized_full,deer_horn,prayer_beads,9
10,knn,optimized_full,deer_horn,three_finger_bent,27
10,knn,optimized_full,flower_pinch,deer_horn,34
10,knn,optimized_full,flower_pinch,flower_pinch,165
10,knn,optimized_full,flower_pinch,orchid_finger,37
10,knn,optimized_full,flower_pinch,orchid_palm,55
10,knn,optimized_full,flower_pinch,prayer_beads,10
10,knn,optimized_full,flower_pinch,three_finger_bent,79
10,knn,optimized_full,orchid_finger,deer_horn,53
10,knn,optimized_full,orchid_finger,flower_pinch,40
10,knn,optimized_full,orchid_finger,orchid_finger,179
10,knn,optimized_full,orchid_finger,orchid_palm,44
10,knn,optimized_full,orchid_finger,prayer_beads,22
10,knn,optimized_full,orchid_finger,three_finger_bent,29
10,knn,optimized_full,orchid_palm,deer_horn,44
10,knn,optimized_full,orchid_palm,flower_pinch,80
10,knn,optimized_full,orchid_palm,orchid_finger,73
10,knn,optimized_full,orchid_palm,orchid_palm,184
10,knn,optimized_full,orchid_palm,prayer_beads,28
10,knn,optimized_full,orchid_palm,three_finger_bent,31
10,knn,optimized_full,prayer_beads,deer_horn,20
10,knn,optimized_full,prayer_beads,flower_pinch,14
10,knn,optimized_full,prayer_beads,orchid_finger,19
10,knn,optimized_full,prayer_beads,orchid_palm,6
10,knn,optimized_full,prayer_beads,prayer_beads,295
10,knn,optimized_full,prayer_beads,three_finger_bent,19
10,knn,optimized_full,three_finger_bent,deer_horn,30
10,knn,optimized_full,three_finger_bent,flower_pinch,50
10,knn,optimized_full,three_finger_bent,orchid_finger,30
10,knn,optimized_full,three_finger_bent,orchid_palm,10
10,knn,optimized_full,three_finger_bent,prayer_beads,6
10,knn,optimized_full,three_finger_bent,three_finger_bent,234
10,knn,raw,deer_horn,deer_horn,247
10,knn,raw,deer_horn,flower_pinch,28
10,knn,raw,deer_horn,orchid_finger,60
10,knn,raw,deer_horn,orchid_palm,23
10,knn,raw,deer_horn,prayer_beads,6
10,knn,raw,deer_horn,three_finger_bent,16
10,knn,raw,flower_pinch,deer_horn,44
10,knn,raw,flower_pinch,flower_pinch,148
10,knn,raw,flower_pinch,orchid_finger,27
10,knn,raw,flower_pinch,orchid_palm,65
10,knn,raw,flower_pinch,prayer_beads,42
10,knn,raw,flower_pinch,three_finger_bent,54
10,knn,raw,orchid_finger,deer_horn,71
10,knn,raw,orchid_finger,flower_pinch,16
10,knn,raw,orchid_finger,orchid_finger,199
10,knn,raw,orchid_finger,orchid_palm,43
10,knn,raw,orchid_finger,prayer_beads,21
10,knn,raw,orchid_finger,three_finger_bent,17
10,knn,raw,orchid_palm,deer_horn,62
10,knn,raw,orchid_palm,flower_pinch,72
10,knn,raw,orchid_palm,orchid_finger,53
10,knn,raw,orchid_palm,orchid_palm,198
10,knn,raw,orchid_palm,prayer_beads,37
10,knn,raw,orchid_palm,three_finger_bent,18
10,knn,raw,prayer_beads,deer_horn,20
10,knn,raw,prayer_beads,flower_pinch,43
10,knn,raw,prayer_beads,orchid_finger,18
10,knn,raw,prayer_beads,orchid_palm,31
10,knn,raw,prayer_beads,prayer_beads,215
10,knn,raw,prayer_beads,three_finger_bent,46
10,knn,raw,three_finger_bent,deer_horn,45
10,knn,raw,three_finger_bent,flower_pinch,87
10,knn,raw,three_finger_bent,orchid_finger,32
10,knn,raw,three_finger_bent,orchid_palm,27
10,knn,raw,three_finger_bent,prayer_beads,53
10,knn,raw,three_finger_bent,three_finger_bent,116
10,knn,raw_pca17,deer_horn,deer_horn,341
10,knn,raw_pca17,deer_horn,flower_pinch,6
10,knn,raw_pca17,deer_horn,orchid_finger,20
10,knn,raw_pca17,deer_horn,orchid_palm,8
10,knn,raw_pca17,deer_horn,prayer_beads,3
10,knn,raw_pca17,deer_horn,three_finger_bent,2
10,knn,raw_pca17,flower_pinch,deer_horn,7
10,knn,raw_pca17,flower_pinch,flower_pinch,269
10,knn,raw_pca17,flower_pinch,orchid_finger,12
10,knn,raw_pca17,flower_pinch,orchid_palm,71
10,knn,raw_pca17,flower_pinch,prayer_beads,7
10,knn,raw_pca17,flower_pinch,three_finger_bent,14
10,knn,raw_pca17,orchid_finger,deer_horn,23
10,knn,raw_pca17,orchid_finger,flower_pinch,28
10,knn,raw_pca17,orchid_finger,orchid_finger,275
10,knn,raw_pca17,orchid_finger,orchid_palm,28
10,knn,raw_pca17,orchid_finger,prayer_beads,7
10,knn,raw_pca17,orchid_finger,three_finger_bent,6
10,knn,raw_pca17,orchid_palm,deer_horn,18
10,knn,raw_pca17,orchid_palm,flower_pinch,70
10,knn,raw_pca17,orchid_palm,orchid_finger,12
10,knn,raw_pca17,orchid_palm,orchid_palm,306
10,knn,raw_pca17,orchid_palm,prayer_beads,32
10,knn,raw_pca17,orchid_palm,three_finger_bent,2
10,knn,raw_pca17,prayer_beads,deer_horn,11
10,knn,raw_pca17,prayer_beads,flower_pinch,12
10,knn,raw_pca17,prayer_beads,orchid_finger,4
10,knn,raw_pca17,prayer_beads,orchid_palm,18
10,knn,raw_pca17,prayer_beads,prayer_beads,313
10,knn,raw_pca17,prayer_beads,three_finger_bent,15
10,knn,raw_pca17,three_finger_bent,deer_horn,8
10,knn,raw_pca17,three_finger_bent,flower_pinch,32
10,knn,raw_pca17,three_finger_bent,orchid_finger,8
10,knn,raw_pca17,three_finger_bent,orchid_palm,11
10,knn,raw_pca17,three_finger_bent,prayer_beads,7
10,knn,raw_pca17,three_finger_bent,three_finger_bent,294
10,mlp,corrected,deer_horn,deer_horn,337
10,mlp,corrected,deer_horn,flower_pinch,10
10,mlp,corrected,deer_horn,orchid_finger,30
10,mlp,corrected,deer_horn,orchid_palm,2
10,mlp,corrected,deer_horn,prayer_beads,0
10,mlp,corrected,deer_horn,three_finger_bent,1
10,mlp,corrected,flower_pinch,deer_horn,23
10,mlp,corrected,flower_pinch,flower_pinch,293
10,mlp,corrected,flower_pinch,orchid_finger,13
10,mlp,corrected,flower_pinch,orchid_palm,39
10,mlp,corrected,flower_pinch,prayer_beads,3
10,mlp,corrected,flower_pinch,three_finger_bent,9
10,mlp,corrected,orchid_finger,deer_horn,34
10,mlp,corrected,orchid_finger,flower_pinch,1
10,mlp,corrected,orchid_finger,orchid_finger,325
10,mlp,corrected,orchid_finger,orchid_palm,7
10,mlp,corrected,orchid_finger,prayer_beads,0
10,mlp,corrected,orchid_finger,three_finger_bent,0
10,mlp,corrected,orchid_palm,deer_horn,12
10,mlp,corrected,orchid_palm,flower_pinch,36
10,mlp,corrected,orchid_palm,orchid_finger,10
10,mlp,corrected,orchid_palm,orchid_palm,361
10,mlp,corrected,orchid_palm,prayer_beads,18
10,mlp,corrected,orchid_palm,three_finger_bent,3
10,mlp,corrected,prayer_beads,deer_horn,13
10,mlp,corrected,prayer_beads,flower_pinch,1
10,mlp,corrected,prayer_beads,orchid_finger,14
10,mlp,corrected,prayer_beads,orchid_palm,8
10,mlp,corrected,prayer_beads,prayer_beads,334
10,mlp,corrected,prayer_beads,three_finger_bent,3
10,mlp,corrected,three_finger_bent,deer_horn,5
10,mlp,corrected,three_finger_bent,flower_pinch,11
10,mlp,corrected,three_finger_bent,orchid_finger,4
10,mlp,corrected,three_finger_bent,orchid_palm,0
10,mlp,corrected,three_finger_bent,prayer_beads,0
10,mlp,corrected,three_finger_bent,three_finger_bent,340
10,mlp,optimized_action,deer_horn,deer_horn,344
10,mlp,optimized_action,deer_horn,flower_pinch,9
10,mlp,optimized_action,deer_horn,orchid_finger,25
10,mlp,optimized_action,deer_horn,orchid_palm,2
10,mlp,optimized_action,deer_horn,prayer_beads,0
10,mlp,optimized_action,deer_horn,three_finger_bent,0
10,mlp,optimized_action,flower_pinch,deer_horn,28
10,mlp,optimized_action,flower_pinch,flower_pinch,275
10,mlp,optimized_action,flower_pinch,orchid_finger,8
10,mlp,optimized_action,flower_pinch,orchid_palm,48
10,mlp,optimized_action,flower_pinch,prayer_beads,4
10,mlp,optimized_action,flower_pinch,three_finger_bent,17
10,mlp,optimized_action,orchid_finger,deer_horn,32
10,mlp,optimized_action,orchid_finger,flower_pinch,1
10,mlp,optimized_action,orchid_finger,orchid_finger,327
10,mlp,optimized_action,orchid_finger,orchid_palm,6
10,mlp,optimized_action,orchid_finger,prayer_beads,0
10,mlp,optimized_action,orchid_finger,three_finger_bent,1
10,mlp,optimized_action,orchid_palm,deer_horn,10
10,mlp,optimized_action,orchid_palm,flower_pinch,37
10,mlp,optimized_action,orchid_palm,orchid_finger,12
10,mlp,optimized_action,orchid_palm,orchid_palm,354
10,mlp,optimized_action,orchid_palm,prayer_beads,23
10,mlp,optimized_action,orchid_palm,three_finger_bent,4
10,mlp,optimized_action,prayer_beads,deer_horn,15
10,mlp,optimized_action,prayer_beads,flower_pinch,0
10,mlp,optimized_action,prayer_beads,orchid_finger,12
10,mlp,optimized_action,prayer_beads,orchid_palm,13
10,mlp,optimized_action,prayer_beads,prayer_beads,328
10,mlp,optimized_action,prayer_beads,three_finger_bent,5
10,mlp,optimized_action,three_finger_bent,deer_horn,5
10,mlp,optimized_action,three_finger_bent,flower_pinch,15
10,mlp,optimized_action,three_finger_bent,orchid_finger,3
10,mlp,optimized_action,three_finger_bent,orchid_palm,2
10,mlp,optimized_action,three_finger_bent,prayer_beads,0
10,mlp,optimized_action,three_finger_bent,three_finger_bent,335
10,mlp,optimized_full,deer_horn,deer_horn,286
10,mlp,optimized_full,deer_horn,flower_pinch,20
10,mlp,optimized_full,deer_horn,orchid_finger,54
10,mlp,optimized_full,deer_horn,orchid_palm,10
10,mlp,optimized_full,deer_horn,prayer_beads,4
10,mlp,optimized_full,deer_horn,three_finger_bent,6
10,mlp,optimized_full,flower_pinch,deer_horn,35
10,mlp,optimized_full,flower_pinch,flower_pinch,207
10,mlp,optimized_full,flower_pinch,orchid_finger,25
10,mlp,optimized_full,flower_pinch,orchid_palm,58
10,mlp,optimized_full,flower_pinch,prayer_beads,6
10,mlp,optimized_full,flower_pinch,three_finger_bent,49
10,mlp,optimized_full,orchid_finger,deer_horn,44
10,mlp,optimized_full,orchid_finger,flower_pinch,36
10,mlp,optimized_full,orchid_finger,orchid_finger,203
10,mlp,optimized_full,orchid_finger,orchid_palm,63
10,mlp,optimized_full,orchid_finger,prayer_beads,12
10,mlp,optimized_full,orchid_finger,three_finger_bent,9
10,mlp,optimized_full,orchid_palm,deer_horn,37
10,mlp,optimized_full,orchid_palm,flower_pinch,59
10,mlp,optimized_full,orchid_palm,orchid_finger,55
10,mlp,optimized_full,orchid_palm,orchid_palm,248
10,mlp,optimized_full,orchid_palm,prayer_beads,26
10,mlp,optimized_full,orchid_palm,three_finger_bent,15
10,mlp,optimized_full,prayer_beads,deer_horn,19
10,mlp,optimized_full,prayer_beads,flower_pinch,8
10,mlp,optimized_full,prayer_beads,orchid_finger,21
10,mlp,optimized_full,prayer_beads,orchid_palm,10
10,mlp,optimized_full,prayer_beads,prayer_beads,301
10,mlp,optimized_full,prayer_beads,three_finger_bent,14
10,mlp,optimized_full,three_finger_bent,deer_horn,16
10,mlp,optimized_full,three_finger_bent,flower_pinch,48
10,mlp,optimized_full,three_finger_bent,orchid_finger,16
10,mlp,optimized_full,three_finger_bent,orchid_palm,11
10,mlp,optimized_full,three_finger_bent,prayer_beads,4
10,mlp,optimized_full,three_finger_bent,three_finger_bent,265
10,mlp,raw,deer_horn,deer_horn,263
10,mlp,raw,deer_horn,flower_pinch,28
10,mlp,raw,deer_horn,orchid_finger,61
10,mlp,raw,deer_horn,orchid_palm,14
10,mlp,raw,deer_horn,prayer_beads,6
10,mlp,raw,deer_horn,three_finger_bent,8
10,mlp,raw,flower_pinch,deer_horn,38
10,mlp,raw,flower_pinch,flower_pinch,211
10,mlp,raw,flower_pinch,orchid_finger,16
10,mlp,raw,flower_pinch,orchid_palm,59
10,mlp,raw,flower_pinch,prayer_beads,27
10,mlp,raw,flower_pinch,three_finger_bent,29
10,mlp,raw,orchid_finger,deer_horn,64
10,mlp,raw,orchid_finger,flower_pinch,17
10,mlp,raw,orchid_finger,orchid_finger,234
10,mlp,raw,orchid_finger,orchid_palm,29
10,mlp,raw,orchid_finger,prayer_beads,14
10,mlp,raw,orchid_finger,three_finger_bent,9
10,mlp,raw,orchid_palm,deer_horn,38
10,mlp,raw,orchid_palm,flower_pinch,77
10,mlp,raw,orchid_palm,orchid_finger,35
10,mlp,raw,orchid_palm,orchid_palm,241
10,mlp,raw,orchid_palm,prayer_beads,30
10,mlp,raw,orchid_palm,three_finger_bent,19
10,mlp,raw,prayer_beads,deer_horn,14
10,mlp,raw,prayer_beads,flower_pinch,34
10,mlp,raw,prayer_beads,orchid_finger,18
10,mlp,raw,prayer_beads,orchid_palm,38
10,mlp,raw,prayer_beads,prayer_beads,236
10,mlp,raw,prayer_beads,three_finger_bent,33
10,mlp,raw,three_finger_bent,deer_horn,15
10,mlp,raw,three_finger_bent,flower_pinch,71
10,mlp,raw,three_finger_bent,orchid_finger,27
10,mlp,raw,three_finger_bent,orchid_palm,27
10,mlp,raw,three_finger_bent,prayer_beads,34
10,mlp,raw,three_finger_bent,three_finger_bent,186
10,mlp,raw_pca17,deer_horn,deer_horn,349
10,mlp,raw_pca17,deer_horn,flower_pinch,6
10,mlp,raw_pca17,deer_horn,orchid_finger,9
10,mlp,raw_pca17,deer_horn,orchid_palm,9
10,mlp,raw_pca17,deer_horn,prayer_beads,3
10,mlp,raw_pca17,deer_horn,three_finger_bent,4
10,mlp,raw_pca17,flower_pinch,deer_horn,9
10,mlp,raw_pca17,flower_pinch,flower_pinch,269
10,mlp,raw_pca17,flower_pinch,orchid_finger,10
10,mlp,raw_pca17,flower_pinch,orchid_palm,64
10,mlp,raw_pca17,flower_pinch,prayer_beads,6
10,mlp,raw_pca17,flower_pinch,three_finger_bent,22
10,mlp,raw_pca17,orchid_finger,deer_horn,21
10,mlp,raw_pca17,orchid_finger,flower_pinch,2
10,mlp,raw_pca17,orchid_finger,orchid_finger,324
10,mlp,raw_pca17,orchid_finger,orchid_palm,14
10,mlp,raw_pca17,orchid_finger,prayer_beads,2
10,mlp,raw_pca17,orchid_finger,three_finger_bent,4
10,mlp,raw_pca17,orchid_palm,deer_horn,14
10,mlp,raw_pca17,orchid_palm,flower_pinch,48
10,mlp,raw_pca17,orchid_palm,orchid_finger,15
10,mlp,raw_pca17,orchid_palm,orchid_palm,333
10,mlp,raw_pca17,orchid_palm,prayer_beads,27
10,mlp,raw_pca17,orchid_palm,three_finger_bent,3
10,mlp,raw_pca17,prayer_beads,deer_horn,11
10,mlp,raw_pca17,prayer_beads,flower_pinch,8
10,mlp,raw_pca17,prayer_beads,orchid_finger,5
10,mlp,raw_pca17,prayer_beads,orchid_palm,23
10,mlp,raw_pca17,prayer_beads,prayer_beads,317
10,mlp,raw_pca17,prayer_beads,three_finger_bent,9
10,mlp,raw_pca17,three_finger_bent,deer_horn,4
10,mlp,raw_pca17,three_finger_bent,flower_pinch,7
10,mlp,raw_pca17,three_finger_bent,orchid_finger,8
10,mlp,raw_pca17,three_finger_bent,orchid_palm,5
10,mlp,raw_pca17,three_finger_bent,prayer_beads,4
10,mlp,raw_pca17,three_finger_bent,three_finger_bent,332
10,rf,corrected,deer_horn,deer_horn,351
10,rf,corrected,deer_horn,flower_pinch,3
10,rf,corrected,deer_horn,orchid_finger,24
10,rf,corrected,deer_horn,orchid_palm,2
10,rf,corrected,deer_horn,prayer_beads,0
10,rf,corrected,deer_horn,three_finger_bent,0
10,rf,corrected,flower_pinch,deer_horn,17
10,rf,corrected,flower_pinch,flower_pinch,316
10,rf,corrected,flower_pinch,orchid_finger,2
10,rf,corrected,flower_pinch,orchid_palm,33
10,rf,corrected,flower_pinch,prayer_beads,2
10,rf,corrected,flower_pinch,three_finger_bent,10
10,rf,corrected,orchid_finger,deer_horn,15
10,rf,corrected,orchid_finger,flower_pinch,1
10,rf,corrected,orchid_finger,orchid_finger,349
10,rf,corrected,orchid_finger,orchid_palm,2
10,rf,corrected,orchid_finger,prayer_beads,0
10,rf,corrected,orchid_finger,three_finger_bent,0
10,rf,corrected,orchid_palm,deer_horn,2
10,rf,corrected,orchid_palm,flower_pinch,24
10,rf,corrected,orchid_palm,orchid_finger,1
10,rf,corrected,orchid_palm,orchid_palm,378
10,rf,corrected,orchid_palm,prayer_beads,34
10,rf,corrected,orchid_palm,three_finger_bent,1
10,rf,corrected,prayer_beads,deer_horn,3
10,rf,corrected,prayer_beads,flower_pinch,6
10,rf,corrected,prayer_beads,orchid_finger,8
10,rf,corrected,prayer_beads,orchid_palm,8
10,rf,corrected,prayer_beads,prayer_beads,342
10,rf,corrected,prayer_beads,three_finger_bent,6
10,rf,corrected,three_finger_bent,deer_horn,6
10,rf,corrected,three_finger_bent,flower_pinch,8
10,rf,corrected,three_finger_bent,orchid_finger,1
10,rf,corrected,three_finger_bent,orchid_palm,0
10,rf,corrected,three_finger_bent,prayer_beads,0
10,rf,corrected,three_finger_bent,three_finger_bent,345
10,rf,optimized_action,deer_horn,deer_horn,351
10,rf,optimized_action,deer_horn,flower_pinch,2
10,rf,optimized_action,deer_horn,orchid_finger,25
10,rf,optimized_action,deer_horn,orchid_palm,2
10,rf,optimized_action,deer_horn,prayer_beads,0
10,rf,optimized_action,deer_horn,three_finger_bent,0
10,rf,optimized_action,flower_pinch,deer_horn,12
10,rf,optimized_action,flower_pinch,flower_pinch,325
10,rf,optimized_action,flower_pinch,orchid_finger,2
10,rf,optimized_action,flower_pinch,orchid_palm,28
10,rf,optimized_action,flower_pinch,prayer_beads,1
10,rf,optimized_action,flower_pinch,three_finger_bent,12
10,rf,optimized_action,orchid_finger,deer_horn,19
10,rf,optimized_action,orchid_finger,flower_pinch,1
10,rf,optimized_action,orchid_finger,orchid_finger,347
10,rf,optimized_action,orchid_finger,orchid_palm,0
10,rf,optimized_action,orchid_finger,prayer_beads,0
10,rf,optimized_action,orchid_finger,three_finger_bent,0
10,rf,optimized_action,orchid_palm,deer_horn,0
10,rf,optimized_action,orchid_palm,flower_pinch,30
10,rf,optimized_action,orchid_palm,orchid_finger,3
10,rf,optimized_action,orchid_palm,orchid_palm,366
10,rf,optimized_action,orchid_palm,prayer_beads,41
10,rf,optimized_action,orchid_palm,three_finger_bent,0
10,rf,optimized_action,prayer_beads,deer_horn,5
10,rf,optimized_action,prayer_beads,flower_pinch,10
10,rf,optimized_action,prayer_beads,orchid_finger,3
10,rf,optimized_action,prayer_beads,orchid_palm,6
10,rf,optimized_action,prayer_beads,prayer_beads,341
10,rf,optimized_action,prayer_beads,three_finger_bent,8
10,rf,optimized_action,three_finger_bent,deer_horn,5
10,rf,optimized_action,three_finger_bent,flower_pinch,11
10,rf,optimized_action,three_finger_bent,orchid_finger,1
10,rf,optimized_action,three_finger_bent,orchid_palm,0
10,rf,optimized_action,three_finger_bent,prayer_beads,0
10,rf,optimized_action,three_finger_bent,three_finger_bent,343
10,rf,optimized_full,deer_horn,deer_horn,310
10,rf,optimized_full,deer_horn,flower_pinch,19
10,rf,optimized_full,deer_horn,orchid_finger,36
10,rf,optimized_full,deer_horn,orchid_palm,9
10,rf,optimized_full,deer_horn,prayer_beads,5
10,rf,optimized_full,deer_horn,three_finger_bent,1
10,rf,optimized_full,flower_pinch,deer_horn,43
10,rf,optimized_full,flower_pinch,flower_pinch,227
10,rf,optimized_full,flower_pinch,orchid_finger,32
10,rf,optimized_full,flower_pinch,orchid_palm,33
10,rf,optimized_full,flower_pinch,prayer_beads,8
10,rf,optimized_full,flower_pinch,three_finger_bent,37
10,rf,optimized_full,orchid_finger,deer_horn,39
10,rf,optimized_full,orchid_finger,flower_pinch,41
10,rf,optimized_full,orchid_finger,orchid_finger,210
10,rf,optimized_full,orchid_finger,orchid_palm,42
10,rf,optimized_full,orchid_finger,prayer_beads,17
10,rf,optimized_full,orchid_finger,three_finger_bent,18
10,rf,optimized_full,orchid_palm,deer_horn,22
10,rf,optimized_full,orchid_palm,flower_pinch,41
10,rf,optimized_full,orchid_palm,orchid_finger,46
10,rf,optimized_full,orchid_palm,orchid_palm,272
10,rf,optimized_full,orchid_palm,prayer_beads,36
10,rf,optimized_full,orchid_palm,three_finger_bent,23
10,rf,optimized_full,prayer_beads,deer_horn,21
10,rf,optimized_full,prayer_beads,flower_pinch,7
10,rf,optimized_full,prayer_beads,orchid_finger,3
10,rf,optimized_full,prayer_beads,orchid_palm,8
10,rf,optimized_full,prayer_beads,prayer_beads,322
10,rf,optimized_full,prayer_beads,three_finger_bent,12
10,rf,optimized_full,three_finger_bent,deer_horn,14
10,rf,optimized_full,three_finger_bent,flower_pinch,18
10,rf,optimized_full,three_finger_bent,orchid_finger,6
10,rf,optimized_full,three_finger_bent,orchid_palm,7
10,rf,optimized_full,three_finger_bent,prayer_beads,7
10,rf,optimized_full,three_finger_bent,three_finger_bent,308
10,rf,raw,deer_horn,deer_horn,296
10,rf,raw,deer_horn,flower_pinch,10
10,rf,raw,deer_horn,orchid_finger,58
10,rf,raw,deer_horn,orchid_palm,8
10,rf,raw,deer_horn,prayer_beads,8
10,rf,raw,deer_horn,three_finger_bent,0
10,rf,raw,flower_pinch,deer_horn,23
10,rf,raw,flower_pinch,flower_pinch,246
10,rf,raw,flower_pinch,orchid_finger,12
10,rf,raw,flower_pinch,orchid_palm,57
10,rf,raw,flower_pinch,prayer_beads,23
10,rf,raw,flower_pinch,three_finger_bent,19
10,rf,raw,orchid_finger,deer_horn,66
10,rf,raw,orchid_finger,flower_pinch,0
10,rf,raw,orchid_finger,orchid_finger,288
10,rf,raw,orchid_finger,orchid_palm,2
10,rf,raw,orchid_finger,prayer_beads,8
10,rf,raw,orchid_finger,three_finger_bent,3
10,rf,raw,orchid_palm,deer_horn,31
10,rf,raw,orchid_palm,flower_pinch,73
10,rf,raw,orchid_palm,orchid_finger,32
10,rf,raw,orchid_palm,orchid_palm,250
10,rf,raw,orchid_palm,prayer_beads,38
10,rf,raw,orchid_palm,three_finger_bent,16
10,rf,raw,prayer_beads,deer_horn,15
10,rf,raw,prayer_beads,flower_pinch,19
10,rf,raw,prayer_beads,orchid_finger,26
10,rf,raw,prayer_beads,orchid_palm,54
10,rf,raw,prayer_beads,prayer_beads,236
10,rf,raw,prayer_beads,three_finger_bent,23
10,rf,raw,three_finger_bent,deer_horn,11
10,rf,raw,three_finger_bent,flower_pinch,43
10,rf,raw,three_finger_bent,orchid_finger,22
10,rf,raw,three_finger_bent,orchid_palm,11
10,rf,raw,three_finger_bent,prayer_beads,22
10,rf,raw,three_finger_bent,three_finger_bent,251
10,rf,raw_pca17,deer_horn,deer_horn,363
10,rf,raw_pca17,deer_horn,flower_pinch,0
10,rf,raw_pca17,deer_horn,orchid_finger,8
10,rf,raw_pca17,deer_horn,orchid_palm,3
10,rf,raw_pca17,deer_horn,prayer_beads,6
10,rf,raw_pca17,deer_horn,three_finger_bent,0
10,rf,raw_pca17,flower_pinch,deer_horn,4
10,rf,raw_pca17,flower_pinch,flower_pinch,303
10,rf,raw_pca17,flower_pinch,orchid_finger,17
10,rf,raw_pca17,flower_pinch,orchid_palm,47
10,rf,raw_pca17,flower_pinch,prayer_beads,1
10,rf,raw_pca17,flower_pinch,three_finger_bent,8
10,rf,raw_pca17,orchid_finger,deer_horn,15
10,rf,raw_pca17,orchid_finger,flower_pinch,0
10,rf,raw_pca17,orchid_finger,orchid_finger,345
10,rf,raw_pca17,orchid_finger,orchid_palm,2
10,rf,raw_pca17,orchid_finger,prayer_beads,3
10,rf,raw_pca17,orchid_finger,three_finger_bent,2
10,rf,raw_pca17,orchid_palm,deer_horn,5
10,rf,raw_pca17,orchid_palm,flower_pinch,39
10,rf,raw_pca17,orchid_palm,orchid_finger,7
10,rf,raw_pca17,orchid_palm,orchid_palm,356
10,rf,raw_pca17,orchid_palm,prayer_beads,31
10,rf,raw_pca17,orchid_palm,three_finger_bent,2
10,rf,raw_pca17,prayer_beads,deer_horn,9
10,rf,raw_pca17,prayer_beads,flower_pinch,3
10,rf,raw_pca17,prayer_beads,orchid_finger,6
10,rf,raw_pca17,prayer_beads,orchid_palm,20
10,rf,raw_pca17,prayer_beads,prayer_beads,327
10,rf,raw_pca17,prayer_beads,three_finger_bent,8
10,rf,raw_pca17,three_finger_bent,deer_horn,5
10,rf,raw_pca17,three_finger_bent,flower_pinch,3
10,rf,raw_pca17,three_finger_bent,orchid_finger,3
10,rf,raw_pca17,three_finger_bent,orchid_palm,2
10,rf,raw_pca17,three_finger_bent,prayer_beads,0
10,rf,raw_pca17,three_finger_bent,three_finger_bent,347
10,svm,corrected,deer_horn,deer_horn,335
10,svm,corrected,deer_horn,flower_pinch,4
10,svm,corrected,deer_horn,orchid_finger,38
10,svm,corrected,deer_horn,orchid_palm,3
10,svm,corrected,deer_horn,prayer_beads,0
10,svm,corrected,deer_horn,three_finger_bent,0
10,svm,corrected,flower_pinch,deer_horn,23
10,svm,corrected,flower_pinch,flower_pinch,308
10,svm,corrected,flower_pinch,orchid_finger,11
10,svm,corrected,flower_pinch,orchid_palm,32
10,svm,corrected,flower_pinch,prayer_beads,3
10,svm,corrected,flower_pinch,three_finger_bent,3
10,svm,corrected,orchid_finger,deer_horn,23
10,svm,corrected,orchid_finger,flower_pinch,1
10,svm,corrected,orchid_finger,orchid_finger,335
10,svm,corrected,orchid_finger,orchid_palm,7
10,svm,corrected,orchid_finger,prayer_beads,1
10,svm,corrected,orchid_finger,three_finger_bent,0
10,svm,corrected,orchid_palm,deer_horn,13
10,svm,corrected,orchid_palm,flower_pinch,27
10,svm,corrected,orchid_palm,orchid_finger,20
10,svm,corrected,orchid_palm,orchid_palm,364
10,svm,corrected,orchid_palm,prayer_beads,16
10,svm,corrected,orchid_palm,three_finger_bent,0
10,svm,corrected,prayer_beads,deer_horn,17
10,svm,corrected,prayer_beads,flower_pinch,0
10,svm,corrected,prayer_beads,orchid_finger,17
10,svm,corrected,prayer_beads,orchid_palm,9
10,svm,corrected,prayer_beads,prayer_beads,330
10,svm,corrected,prayer_beads,three_finger_bent,0
10,svm,corrected,three_finger_bent,deer_horn,8
10,svm,corrected,three_finger_bent,flower_pinch,5
10,svm,corrected,three_finger_bent,orchid_finger,9
10,svm,corrected,three_finger_bent,orchid_palm,3
10,svm,corrected,three_finger_bent,prayer_beads,0
10,svm,corrected,three_finger_bent,three_finger_bent,335
10,svm,optimized_action,deer_horn,deer_horn,333
10,svm,optimized_action,deer_horn,flower_pinch,9
10,svm,optimized_action,deer_horn,orchid_finger,36
10,svm,optimized_action,deer_horn,orchid_palm,2
10,svm,optimized_action,deer_horn,prayer_beads,0
10,svm,optimized_action,deer_horn,three_finger_bent,0
10,svm,optimized_action,flower_pinch,deer_horn,17
10,svm,optimized_action,flower_pinch,flower_pinch,295
10,svm,optimized_action,flower_pinch,orchid_finger,13
10,svm,optimized_action,flower_pinch,orchid_palm,47
10,svm,optimized_action,flower_pinch,prayer_beads,1
10,svm,optimized_action,flower_pinch,three_finger_bent,7
10,svm,optimized_action,orchid_finger,deer_horn,24
10,svm,optimized_action,orchid_finger,flower_pinch,3
10,svm,optimized_action,orchid_finger,orchid_finger,335
10,svm,optimized_action,orchid_finger,orchid_palm,5
10,svm,optimized_action,orchid_finger,prayer_beads,0
10,svm,optimized_action,orchid_finger,three_finger_bent,0
10,svm,optimized_action,orchid_palm,deer_horn,9
10,svm,optimized_action,orchid_palm,flower_pinch,31
10,svm,optimized_action,orchid_palm,orchid_finger,22
10,svm,optimized_action,orchid_palm,orchid_palm,361
10,svm,optimized_action,orchid_palm,prayer_beads,17
10,svm,optimized_action,orchid_palm,three_finger_bent,0
10,svm,optimized_action,prayer_beads,deer_horn,9
10,svm,optimized_action,prayer_beads,flower_pinch,1
10,svm,optimized_action,prayer_beads,orchid_finger,25
10,svm,optimized_action,prayer_beads,orchid_palm,20
10,svm,optimized_action,prayer_beads,prayer_beads,318
10,svm,optimized_action,prayer_beads,three_finger_bent,0
10,svm,optimized_action,three_finger_bent,deer_horn,4
10,svm,optimized_action,three_finger_bent,flower_pinch,13
10,svm,optimized_action,three_finger_bent,orchid_finger,7
10,svm,optimized_action,three_finger_bent,orchid_palm,6
10,svm,optimized_action,three_finger_bent,prayer_beads,0
10,svm,optimized_action,three_finger_bent,three_finger_bent,330
10,svm,optimized_full,deer_horn,deer_horn,274
10,svm,optimized_full,deer_horn,flower_pinch,15
10,svm,optimized_full,deer_horn,orchid_finger,66
10,svm,optimized_full,deer_horn,orchid_palm,9
10,svm,optimized_full,deer_horn,prayer_beads,4
10,svm,optimized_full,deer_horn,three_finger_bent,12
10,svm,optimized_full,flower_pinch,deer_horn,30
10,svm,optimized_full,flower_pinch,flower_pinch,197
10,svm,optimized_full,flower_pinch,orchid_finger,38
10,svm,optimized_full,flower_pinch,orchid_palm,63
10,svm,optimized_full,flower_pinch,prayer_beads,5
10,svm,optimized_full,flower_pinch,three_finger_bent,47
10,svm,optimized_full,orchid_finger,deer_horn,41
10,svm,optimized_full,orchid_finger,flower_pinch,37
10,svm,optimized_full,orchid_finger,orchid_finger,216
10,svm,optimized_full,orchid_finger,orchid_palm,47
10,svm,optimized_full,orchid_finger,prayer_beads,14
10,svm,optimized_full,orchid_finger,three_finger_bent,12
10,svm,optimized_full,orchid_palm,deer_horn,33
10,svm,optimized_full,orchid_palm,flower_pinch,61
10,svm,optimized_full,orchid_palm,orchid_finger,61
10,svm,optimized_full,orchid_palm,orchid_palm,254
10,svm,optimized_full,orchid_palm,prayer_beads,19
10,svm,optimized_full,orchid_palm,three_finger_bent,12
10,svm,optimized_full,prayer_beads,deer_horn,12
10,svm,optimized_full,prayer_beads,flower_pinch,18
10,svm,optimized_full,prayer_beads,orchid_finger,21
10,svm,optimized_full,prayer_beads,orchid_palm,18
10,svm,optimized_full,prayer_beads,prayer_beads,289
10,svm,optimized_full,prayer_beads,three_finger_bent,15
10,svm,optimized_full,three_finger_bent,deer_horn,21
10,svm,optimized_full,three_finger_bent,flower_pinch,47
10,svm,optimized_full,three_finger_bent,orchid_finger,19
10,svm,optimized_full,three_finger_bent,orchid_palm,12
10,svm,optimized_full,three_finger_bent,prayer_beads,4
10,svm,optimized_full,three_finger_bent,three_finger_bent,257
10,svm,raw,deer_horn,deer_horn,255
10,svm,raw,deer_horn,flower_pinch,28
10,svm,raw,deer_horn,orchid_finger,64
10,svm,raw,deer_horn,orchid_palm,14
10,svm,raw,deer_horn,prayer_beads,5
10,svm,raw,deer_horn,three_finger_bent,14
10,svm,raw,flower_pinch,deer_horn,30
10,svm,raw,flower_pinch,flower_pinch,199
10,svm,raw,flower_pinch,orchid_finger,15
10,svm,raw,flower_pinch,orchid_palm,61
10,svm,raw,flower_pinch,prayer_beads,34
10,svm,raw,flower_pinch,three_finger_bent,41
10,svm,raw,orchid_finger,deer_horn,49
10,svm,raw,orchid_finger,flower_pinch,7
10,svm,raw,orchid_finger,orchid_finger,249
10,svm,raw,orchid_finger,orchid_palm,25
10,svm,raw,orchid_finger,prayer_beads,21
10,svm,raw,orchid_finger,three_finger_bent,16
10,svm,raw,orchid_palm,deer_horn,30
10,svm,raw,orchid_palm,flower_pinch,68
10,svm,raw,orchid_palm,orchid_finger,39
10,svm,raw,orchid_palm,orchid_palm,245
10,svm,raw,orchid_palm,prayer_beads,37
10,svm,raw,orchid_palm,three_finger_bent,21
10,svm,raw,prayer_beads,deer_horn,6
10,svm,raw,prayer_beads,flower_pinch,39
10,svm,raw,prayer_beads,orchid_finger,25
10,svm,raw,prayer_beads,orchid_palm,39
10,svm,raw,prayer_beads,prayer_beads,239
10,svm,raw,prayer_beads,three_finger_bent,25
10,svm,raw,three_finger_bent,deer_horn,22
10,svm,raw,three_finger_bent,flower_pinch,72
10,svm,raw,three_finger_bent,orchid_finger,22
10,svm,raw,three_finger_bent,orchid_palm,18
10,svm,raw,three_finger_bent,prayer_beads,27
10,svm,raw,three_finger_bent,three_finger_bent,199
10,svm,raw_pca17,deer_horn,deer_horn,336
10,svm,raw_pca17,deer_horn,flower_pinch,2
10,svm,raw_pca17,deer_horn,orchid_finger,20
10,svm,raw_pca17,deer_horn,orchid_palm,7
10,svm,raw_pca17,deer_horn,prayer_beads,8
10,svm,raw_pca17,deer_horn,three_finger_bent,7
10,svm,raw_pca17,flower_pinch,deer_horn,3
10,svm,raw_pca17,flower_pinch,flower_pinch,266
10,svm,raw_pca17,flower_pinch,orchid_finger,20
10,svm,raw_pca17,flower_pinch,orchid_palm,59
10,svm,raw_pca17,flower_pinch,prayer_beads,10
10,svm,raw_pca17,flower_pinch,three_finger_bent,22
10,svm,raw_pca17,orchid_finger,deer_horn,3
10,svm,raw_pca17,orchid_finger,flower_pinch,2
10,svm,raw_pca17,orchid_finger,orchid_finger,336
10,svm,raw_pca17,orchid_finger,orchid_palm,11
10,svm,raw_pca17,orchid_finger,prayer_beads,5
10,svm,raw_pca17,orchid_finger,three_finger_bent,10
10,svm,raw_pca17,orchid_palm,deer_horn,10
10,svm,raw_pca17,orchid_palm,flower_pinch,30
10,svm,raw_pca17,orchid_palm,orchid_finger,20
10,svm,raw_pca17,orchid_palm,orchid_palm,338
10,svm,raw_pca17,orchid_palm,prayer_beads,34
10,svm,raw_pca17,orchid_palm,three_finger_bent,8
10,svm,raw_pca17,prayer_beads,deer_horn,11
10,svm,raw_pca17,prayer_beads,flower_pinch,3
10,svm,raw_pca17,prayer_beads,orchid_finger,22
10,svm,raw_pca17,prayer_beads,orchid_palm,14
10,svm,raw_pca17,prayer_beads,prayer_beads,306
10,svm,raw_pca17,prayer_beads,three_finger_bent,17
10,svm,raw_pca17,three_finger_bent,deer_horn,5
10,svm,raw_pca17,three_finger_bent,flower_pinch,5
10,svm,raw_pca17,three_finger_bent,orchid_finger,19
10,svm,raw_pca17,three_finger_bent,orchid_palm,3
10,svm,raw_pca17,three_finger_bent,prayer_beads,8
10,svm,raw_pca17,three_finger_bent,three_finger_bent,320
