repeat,shot,num_train,num_test,classifier,feature_set,accuracy,macro_f1,kappa
0,1,6,115,svm,raw,0.3565217391304348,0.2961668355285377,0.22290201808054055
0,1,6,115,knn,raw,0.3565217391304348,0.2961668355285377,0.22290201808054055
0,1,6,115,rf,raw,0.3217391304347826,0.2606613628626207,0.1815693430656934
0,1,6,115,mlp,raw,0.34782608695652173,0.2822590989257656,0.2122568271074985
0,1,6,115,svm,raw_pca17,0.4782608695652174,0.4728917126604481,0.37505660719137757
0,1,6,115,knn,raw_pca17,0.4782608695652174,0.4728917126604481,0.37505660719137757
0,1,6,115,rf,raw_pca17,0.4608695652173913,0.4330278240670606,0.3492744364333302
0,1,6,115,mlp,raw_pca17,0.391304347826087,0.35629929066479216,0.2704368316113829
0,1,6,115,svm,corrected,0.6260869565217392,0.6122920837831454,0.5516365944328588
0,1,6,115,knn,corrected,0.6260869565217392,0.6122920837831454,0.5516365944328588
0,1,6,115,rf,corrected,0.6434782608695652,0.6275931899770909,0.5719473445301861
0,1,6,115,mlp,corrected,0.5304347826086957,0.5311564978231644,0.4382124117966346
0,1,6,115,svm,optimized_action,0.6260869565217392,0.5964644102941975,0.551025966951153
0,1,6,115,knn,optimized_action,0.6260869565217392,0.5964644102941975,0.551025966951153
0,1,6,115,rf,optimized_action,0.6,0.5852712118315863,0.519003455173668
0,1,6,115,mlp,optimized_action,0.5826086956521739,0.5731701759943095,0.5013099647664648
0,1,6,115,svm,optimized_full,0.391304347826087,0.36777188848248854,0.27063513635951786
0,1,6,115,knn,optimized_full,0.3826086956521739,0.3618716125546124,0.26008155867693694
0,1,6,115,rf,optimized_full,0.3391304347826087,0.3373622317277425,0.20675258667634766
0,1,6,115,mlp,optimized_full,0.391304347826087,0.3831359457545416,0.2707012139880415
0,3,18,115,svm,raw,0.3565217391304348,0.34723280524922795,0.22268907563025198
0,3,18,115,knn,raw,0.3217391304347826,0.31448220093897256,0.1826134499726625
0,3,18,115,rf,raw,0.40869565217391307,0.4112486859545683,0.2904455131113328
0,3,18,115,mlp,raw,0.4260869565217391,0.41926038286332407,0.31025081788440567
0,3,18,115,svm,raw_pca17,0.6260869565217392,0.6280803305293393,0.550658791458428
0,3,18,115,knn,raw_pca17,0.6086956521739131,0.6086472307422209,0.5292458837442009
0,3,18,115,rf,raw_pca17,0.6956521739130435,0.7031739931782376,0.6352514725872225
0,3,18,115,mlp,raw_pca17,0.6695652173913044,0.6887999652705535,0.6043816766250225
0,3,18,115,svm,corrected,0.782608695652174,0.789004277834065,0.7385412877409967
0,3,18,115,knn,corrected,0.6869565217391305,0.6812048377513272,0.6242171189979123
0,3,18,115,rf,corrected,0.808695652173913,0.8114131482552535,0.7705839680812477
0,3,18,115,mlp,corrected,0.782608695652174,0.7827116210243146,0.7388974661701935
0,3,18,115,svm,optimized_action,0.7913043478260869,0.7987554187804501,0.749159320185404
0,3,18,115,knn,optimized_action,0.7043478260869566,0.6985544440697864,0.6453514739229025
0,3,18,115,rf,optimized_action,0.808695652173913,0.8132199946224336,0.7707087185064347
0,3,18,115,mlp,optimized_action,0.7478260869565218,0.7537994165901143,0.6975056689342403
0,3,18,115,svm,optimized_full,0.5304347826086957,0.5220700546498418,0.4351464435146444
0,3,18,115,knn,optimized_full,0.4,0.3724031427163732,0.2829387312488705
0,3,18,115,rf,optimized_full,0.45217391304347826,0.45828277317639016,0.3433931484502447
0,3,18,115,mlp,optimized_full,0.48695652173913045,0.4872987777012545,0.3849709934735315
0,5,30,115,svm,raw,0.4,0.3849878841283139,0.27613574165298305
0,5,30,115,knn,raw,0.41739130434782606,0.4071290716452007,0.29782192654697903
0,5,30,115,rf,raw,0.4956521739130435,0.4863362313864466,0.3919226912207129
0,5,30,115,mlp,raw,0.4608695652173913,0.4454940474049871,0.3511103021477976
0,5,30,115,svm,raw_pca17,0.7043478260869566,0.7023402523402523,0.6442220200181984
0,5,30,115,knn,raw_pca17,0.7304347826086957,0.7364027909759616,0.674963530269876
0,5,30,115,rf,raw_pca17,0.8347826086956521,0.834152009152009,0.8015260241620492
0,5,30,115,mlp,raw_pca17,0.7652173913043478,0.7643967519562734,0.7174190025482344
0,5,30,115,svm,corrected,0.8,0.805966969687245,0.7596328607778989
0,5,30,115,knn,corrected,0.7130434782608696,0.7163340117471545,0.6558447447175116
0,5,30,115,rf,corrected,0.8608695652173913,0.8610809470565567,0.833015700154279
0,5,30,115,mlp,corrected,0.8260869565217391,0.8202003888228075,0.7907569141193596
0,5,30,115,svm,optimized_action,0.8347826086956521,0.8399012678104749,0.8013455768706246
0,5,30,115,knn,optimized_action,0.7217391304347827,0.7293518942125754,0.6659404502541758
0,5,30,115,rf,optimized_action,0.8782608695652174,0.877386511532853,0.8539417581420666
0,5,30,115,mlp,optimized_action,0.8695652173913043,0.8684518763466132,0.8433384797021161
0,5,30,115,svm,optimized_full,0.6086956521739131,0.6239911513147794,0.5303566566839095
0,5,30,115,knn,optimized_full,0.5217391304347826,0.5166748392720932,0.42755000452529635
0,5,30,115,rf,optimized_full,0.6782608695652174,0.6794182317288865,0.6141989300933901
0,5,30,115,mlp,optimized_full,0.6086956521739131,0.6180105136222157,0.5315046170559479
0,10,60,115,svm,raw,0.5652173913043478,0.5580008606684393,0.47670185657080455
0,10,60,115,knn,raw,0.5043478260869565,0.4926011734522373,0.40419923650245415
0,10,60,115,rf,raw,0.6260869565217392,0.6412315832211584,0.5504954095082266
0,10,60,115,mlp,raw,0.5304347826086957,0.5211158759939248,0.4353518821603929
0,10,60,115,svm,raw_pca17,0.7913043478260869,0.7859097949054146,0.7490224606710921
0,10,60,115,knn,raw_pca17,0.782608695652174,0.7760158442067082,0.738469935413445
0,10,60,115,rf,raw_pca17,0.8956521739130435,0.8977623227623228,0.8747617751157092
0,10,60,115,mlp,raw_pca17,0.8434782608695652,0.8459875439537518,0.8117839607201309
0,10,60,115,svm,corrected,0.8260869565217391,0.8323368352780117,0.7910230783209159
0,10,60,115,knn,corrected,0.7739130434782608,0.7821920257464687,0.7281571051913811
0,10,60,115,rf,corrected,0.8521739130434782,0.8477865269963214,0.8223211851313278
0,10,60,115,mlp,corrected,0.8782608695652174,0.8801187661012442,0.8535964353914705
0,10,60,115,svm,optimized_action,0.8260869565217391,0.8313251563251564,0.7909850963286078
0,10,60,115,knn,optimized_action,0.7304347826086957,0.7413850825615532,0.6761151994185519
0,10,60,115,rf,optimized_action,0.8695652173913043,0.8681134927227201,0.8434095860566448
0,10,60,115,mlp,optimized_action,0.8695652173913043,0.8682013899405204,0.8432103253953827
0,10,60,115,svm,optimized_full,0.591304347826087,0.6153570966070966,0.5086363636363637
0,10,60,115,knn,optimized_full,0.5043478260869565,0.5009483167377904,0.40538824383164007
0,10,60,115,rf,optimized_full,0.7043478260869566,0.708185441080178,0.6453193033381712
0,10,60,115,mlp,optimized_full,0.6347826086956522,0.646006948436616,0.5614274039771179
1,1,6,115,svm,raw,0.2956521739130435,0.27254704301075267,0.14861530024677827
1,1,6,115,knn,raw,0.2956521739130435,0.27254704301075267,0.14861530024677827
1,1,6,115,rf,raw,0.26956521739130435,0.26274590460655456,0.11813036333759352
1,1,6,115,mlp,raw,0.2608695652173913,0.24122686524002313,0.10468950357208284
1,1,6,115,svm,raw_pca17,0.46956521739130436,0.40813616774518796,0.3568350600531769
1,1,6,115,knn,raw_pca17,0.46956521739130436,0.40813616774518796,0.3568350600531769
1,1,6,115,rf,raw_pca17,0.3565217391304348,0.2926773627440566,0.22332755316236186
1,1,6,115,mlp,raw_pca17,0.4434782608695652,0.38763882045683634,0.3307874158937989
1,1,6,115,svm,corrected,0.5739130434782609,0.5587706957230284,0.48786694537853303
1,1,6,115,knn,corrected,0.5739130434782609,0.5587706957230284,0.48786694537853303
1,1,6,115,rf,corrected,0.5826086956521739,0.5761599511599512,0.4976337823079723
1,1,6,115,mlp,corrected,0.5043478260869565,0.491812865497076,0.4068410098633608
1,1,6,115,svm,optimized_action,0.5043478260869565,0.48494265535120107,0.40381991814461127
1,1,6,115,knn,optimized_action,0.5043478260869565,0.48494265535120107,0.40381991814461127
1,1,6,115,rf,optimized_action,0.591304347826087,0.5940380551462205,0.5088596092685145
1,1,6,115,mlp,optimized_action,0.4782608695652174,0.4661148383739866,0.37590448625180906
1,1,6,115,svm,optimized_full,0.26956521739130435,0.2760645436518849,0.12595005428881645
1,1,6,115,knn,optimized_full,0.2956521739130435,0.29020144841378964,0.1571661237785016
1,1,6,115,rf,optimized_full,0.2956521739130435,0.3111715825760589,0.15716612377850148
1,1,6,115,mlp,optimized_full,0.34782608695652173,0.34558670011256215,0.21204092819294718
1,3,18,115,svm,raw,0.4260869565217391,0.43212378447313887,0.30974899963623126
1,3,18,115,knn,raw,0.3565217391304348,0.349771027345398,0.22339843037050555
1,3,18,115,rf,raw,0.4434782608695652,0.44893486143486144,0.3298124203241669
1,3,18,115,mlp,raw,0.41739130434782606,0.4170149167268982,0.2982695810564663
1,3,18,115,svm,raw_pca17,0.6,0.6046815231468932,0.5205727750589089
1,3,18,115,knn,raw_pca17,0.6086956521739131,0.6204729401914166,0.5303140315846796
1,3,18,115,rf,raw_pca17,0.6695652173913044,0.6863172003218633,0.6025466120964075
1,3,18,115,mlp,raw_pca17,0.6434782608695652,0.6429809772267017,0.5719862018881627
1,3,18,115,svm,corrected,0.7565217391304347,0.7676359460757135,0.7071928707829408
1,3,18,115,knn,corrected,0.7130434782608696,0.7169152880836495,0.6555636231620985
1,3,18,115,rf,corrected,0.8,0.8038972233910675,0.7596547024079964
1,3,18,115,mlp,corrected,0.7478260869565218,0.7593826679192532,0.697423335147886
1,3,18,115,svm,optimized_action,0.6869565217391305,0.6994564784101386,0.622159350187095
1,3,18,115,knn,optimized_action,0.6434782608695652,0.6403947791142913,0.5714025997636578
1,3,18,115,rf,optimized_action,0.808695652173913,0.813580879506274,0.770250635670178
1,3,18,115,mlp,optimized_action,0.7478260869565218,0.759907750491982,0.6972310485701316
1,3,18,115,svm,optimized_full,0.4,0.40717506102909057,0.2788985823336968
1,3,18,115,knn,optimized_full,0.3826086956521739,0.3723712377047281,0.2612196887441188
1,3,18,115,rf,optimized_full,0.5565217391304348,0.5624895572263994,0.46822014688548375
1,3,18,115,mlp,optimized_full,0.45217391304347826,0.44086003102011434,0.34273791163929956
1,5,30,115,svm,raw,0.4782608695652174,0.4930459773201708,0.3721565059144677
1,5,30,115,knn,raw,0.41739130434782606,0.41941020962155556,0.29653976079612887
1,5,30,115,rf,raw,0.5391304347826087,0.5544899581766787,0.4459090909090908
1,5,30,115,mlp,raw,0.5130434782608696,0.5265326374680964,0.4140127388535032
1,5,30,115,svm,raw_pca17,0.7391304347826086,0.7449883286647992,0.6859067734887109
1,5,30,115,knn,raw_pca17,0.6434782608695652,0.6421950628325767,0.568933991588956
1,5,30,115,rf,raw_pca17,0.7391304347826086,0.736582190529559,0.6857637307587212
1,5,30,115,mlp,raw_pca17,0.7217391304347827,0.715921115921116,0.6650282177316584
1,5,30,115,svm,corrected,0.8434782608695652,0.8478491230507359,0.8120061756425393
1,5,30,115,knn,corrected,0.808695652173913,0.8138803305306364,0.7703757487747322
1,5,30,115,rf,corrected,0.8521739130434782,0.8560984737934866,0.8223050354481003
1,5,30,115,mlp,corrected,0.8347826086956521,0.8403165143480781,0.8019218565859849
1,5,30,115,svm,optimized_action,0.8173913043478261,0.8225292137056842,0.7805343511450382
1,5,30,115,knn,optimized_action,0.7391304347826086,0.7413849987901395,0.6859353664087392
1,5,30,115,rf,optimized_action,0.8608695652173913,0.8634793345561373,0.8326359832635983
1,5,30,115,mlp,optimized_action,0.8347826086956521,0.8414664246977588,0.8018320333756576
1,5,30,115,svm,optimized_full,0.5130434782608696,0.5318107457301402,0.4130514035727306
1,5,30,115,knn,optimized_full,0.45217391304347826,0.4571527814487355,0.34172269671088495
1,5,30,115,rf,optimized_full,0.6956521739130435,0.6975052950662706,0.6351853530318137
1,5,30,115,mlp,optimized_full,0.6434782608695652,0.6494076099339258,0.5714415560807127
1,10,60,115,svm,raw,0.6434782608695652,0.6557034544581276,0.57042638483965
1,10,60,115,knn,raw,0.48695652173913045,0.4776223776223776,0.3811565122218167
1,10,60,115,rf,raw,0.6869565217391305,0.6947844417244662,0.623773173391494
1,10,60,115,mlp,raw,0.6695652173913044,0.6806507797494515,0.6020036429872496
1,10,60,115,svm,raw_pca17,0.9043478260869565,0.9057954932954934,0.8849686278075839
1,10,60,115,knn,raw_pca17,0.8,0.8036567796436218,0.7587999270472369
1,10,60,115,rf,raw_pca17,0.9043478260869565,0.9059053515935048,0.8849058320444
1,10,60,115,mlp,raw_pca17,0.8434782608695652,0.8439421281333046,0.8115269052171539
1,10,60,115,svm,corrected,0.9217391304347826,0.9229421941615668,0.9059090909090909
1,10,60,115,knn,corrected,0.8695652173913043,0.8707658588543444,0.8433384797021161
1,10,60,115,rf,corrected,0.8956521739130435,0.8955926620400305,0.8744998181156785
1,10,60,115,mlp,corrected,0.9217391304347826,0.923573502520871,0.9060201579950967
1,10,60,115,svm,optimized_action,0.9217391304347826,0.9214631129104812,0.9059347450695265
1,10,60,115,knn,optimized_action,0.8434782608695652,0.8448776613250297,0.8117668455033191
1,10,60,115,rf,optimized_action,0.9217391304347826,0.9219084943996219,0.9059432933478735
1,10,60,115,mlp,optimized_action,0.9130434782608695,0.9134511483348692,0.8955495004541326
1,10,60,115,svm,optimized_full,0.6434782608695652,0.6474282858612307,0.5706219834259175
1,10,60,115,knn,optimized_full,0.5652173913043478,0.5591423891423891,0.4770350159163256
1,10,60,115,rf,optimized_full,0.7130434782608696,0.7165078038917048,0.6554072459820213
1,10,60,115,mlp,optimized_full,0.6695652173913044,0.6787113644256503,0.602510460251046
2,1,6,115,svm,raw,0.3565217391304348,0.33550906783957624,0.22881739918441324
2,1,6,115,knn,raw,0.3565217391304348,0.33550906783957624,0.22881739918441324
2,1,6,115,rf,raw,0.30434782608695654,0.2888905752995325,0.16416825656400458
2,1,6,115,mlp,raw,0.3217391304347826,0.30158939626681563,0.18867583212735173
2,1,6,115,svm,raw_pca17,0.5826086956521739,0.5726276300355283,0.4983642311886587
2,1,6,115,knn,raw_pca17,0.5826086956521739,0.5726276300355283,0.4983642311886587
2,1,6,115,rf,raw_pca17,0.5478260869565217,0.5327009252659645,0.45462836297309606
2,1,6,115,mlp,raw_pca17,0.4782608695652174,0.4453359147324664,0.37431991294885736
2,1,6,115,svm,corrected,0.7217391304347827,0.7193900993014108,0.6659101225601453
2,1,6,115,knn,corrected,0.7217391304347827,0.7193900993014108,0.6659101225601453
2,1,6,115,rf,corrected,0.6695652173913044,0.6656051356051357,0.6020398870776796
2,1,6,115,mlp,corrected,0.6434782608695652,0.6397687317152881,0.5722191979677009
2,1,6,115,svm,optimized_action,0.6695652173913044,0.6725097768576029,0.6033762933381739
2,1,6,115,knn,optimized_action,0.6695652173913044,0.6725097768576029,0.6033762933381739
2,1,6,115,rf,optimized_action,0.6782608695652174,0.6803523297719897,0.6131818181818182
2,1,6,115,mlp,optimized_action,0.6782608695652174,0.6796679197994987,0.614233907524932
2,1,6,115,svm,optimized_full,0.30434782608695654,0.27778138206327324,0.16779737675260054
2,1,6,115,knn,optimized_full,0.30434782608695654,0.2801102609138912,0.16719471349687698
2,1,6,115,rf,optimized_full,0.25217391304347825,0.20315518955095516,0.10449112640347713
2,1,6,115,mlp,optimized_full,0.3652173913043478,0.345563301078007,0.2398587468308585
2,3,18,115,svm,raw,0.4260869565217391,0.3889519109908915,0.31368116466226603
2,3,18,115,knn,raw,0.3565217391304348,0.34057423924540425,0.2273470128926819
2,3,18,115,rf,raw,0.43478260869565216,0.41095544497992437,0.32444645277903295
2,3,18,115,mlp,raw,0.3739130434782609,0.3534830787364294,0.2507465387747716
2,3,18,115,svm,raw_pca17,0.7130434782608696,0.7105441671618142,0.6548744998181156
2,3,18,115,knn,raw_pca17,0.6086956521739131,0.607090259108043,0.5309525967551889
2,3,18,115,rf,raw_pca17,0.6260869565217392,0.6287762592895708,0.5515146018501722
2,3,18,115,mlp,raw_pca17,0.6260869565217392,0.6166155068594094,0.5526506242084314
2,3,18,115,svm,corrected,0.8521739130434782,0.8516543884964939,0.8224180216186756
2,3,18,115,knn,corrected,0.782608695652174,0.781475419773292,0.7394417255754939
2,3,18,115,rf,corrected,0.8,0.7964268309663046,0.7602211948146134
2,3,18,115,mlp,corrected,0.782608695652174,0.7785582529484968,0.7393236014144529
2,3,18,115,svm,optimized_action,0.808695652173913,0.8091257421604565,0.770500725689405
2,3,18,115,knn,optimized_action,0.7652173913043478,0.7624426117847172,0.7185715580531133
2,3,18,115,rf,optimized_action,0.782608695652174,0.7828548112493269,0.7393236014144527
2,3,18,115,mlp,optimized_action,0.782608695652174,0.7794734177712902,0.7392763217556906
2,3,18,115,svm,optimized_full,0.4608695652173913,0.46897570476001854,0.35399112077557293
2,3,18,115,knn,optimized_full,0.41739130434782606,0.365467058245516,0.30328239442987615
2,3,18,115,rf,optimized_full,0.5565217391304348,0.5418054014058453,0.4686055993476489
2,3,18,115,mlp,optimized_full,0.48695652173913045,0.4512759458441371,0.3861395096353931
2,5,30,115,svm,raw,0.6,0.5857319761380478,0.5211369602607043
2,5,30,115,knn,raw,0.5304347826086957,0.5162324347281768,0.4361209479705802
2,5,30,115,rf,raw,0.6347826086956522,0.6244569190675122,0.5629750271444083
2,5,30,115,mlp,raw,0.5391304347826087,0.5291165534726564,0.44801666364788983
2,5,30,115,svm,raw_pca17,0.8608695652173913,0.8666534181240064,0.8331671049052498
2,5,30,115,knn,raw_pca17,0.7565217391304347,0.7539042376251679,0.7075651621106166
2,5,30,115,rf,raw_pca17,0.8869565217391304,0.8867402506683636,0.8644605621033545
2,5,30,115,mlp,raw_pca17,0.8608695652173913,0.8624590273767813,0.8332578160398731
2,5,30,115,svm,corrected,0.8869565217391304,0.8907363290342013,0.8644728492430424
2,5,30,115,knn,corrected,0.7913043478260869,0.7922849760059062,0.7498413849361008
2,5,30,115,rf,corrected,0.9043478260869565,0.903666399686939,0.8852503628447025
2,5,30,115,mlp,corrected,0.8608695652173913,0.8611346258405083,0.8332427043683162
2,5,30,115,svm,optimized_action,0.8782608695652174,0.8816548434969488,0.8540344514959202
2,5,30,115,knn,optimized_action,0.8347826086956521,0.8329718433037606,0.8018859370749841
2,5,30,115,rf,optimized_action,0.9130434782608695,0.9136141636141636,0.8956916099773242
2,5,30,115,mlp,optimized_action,0.8695652173913043,0.869875344293949,0.8435657930534144
2,5,30,115,svm,optimized_full,0.6260869565217392,0.6315168197228531,0.5513925428649188
2,5,30,115,knn,optimized_full,0.5565217391304348,0.5489994474353149,0.4687499999999999
2,5,30,115,rf,optimized_full,0.6608695652173913,0.6462670212670213,0.5927909932812785
2,5,30,115,mlp,optimized_full,0.6521739130434783,0.6461562785092198,0.5831823124320406
2,10,60,115,svm,raw,0.6608695652173913,0.6563964429109069,0.5933448182065464
2,10,60,115,knn,raw,0.5826086956521739,0.5803363684932863,0.4995466908431552
2,10,60,115,rf,raw,0.7913043478260869,0.7898926227179505,0.749705268885463
2,10,60,115,mlp,raw,0.6434782608695652,0.6476233616143594,0.5714805053167318
2,10,60,115,svm,raw_pca17,0.9217391304347826,0.9193879585326954,0.9060457516339869
2,10,60,115,knn,raw_pca17,0.8869565217391304,0.890541071943511,0.8642883079157588
2,10,60,115,rf,raw_pca17,0.9304347826086956,0.930277588172325,0.9165078500771395
2,10,60,115,mlp,raw_pca17,0.9565217391304348,0.9580823541028933,0.9478268759640686
2,10,60,115,svm,corrected,0.9478260869565217,0.9478266645411552,0.9373126192423004
2,10,60,115,knn,corrected,0.8695652173913043,0.871981046981047,0.8434237995824635
2,10,60,115,rf,corrected,0.9391304347826087,0.9402547896733943,0.9269112039222808
2,10,60,115,mlp,corrected,0.9043478260869565,0.9038857828331514,0.8851878743873661
2,10,60,115,svm,optimized_action,0.9304347826086956,0.93095685537546,0.9164396003633061
2,10,60,115,knn,optimized_action,0.8695652173913043,0.8709647759145608,0.8433527061387578
2,10,60,115,rf,optimized_action,0.9565217391304348,0.957568036515405,0.9478126701760755
2,10,60,115,mlp,optimized_action,0.9043478260869565,0.9029957593029088,0.8851461775921554
2,10,60,115,svm,optimized_full,0.782608695652174,0.791893392754225,0.7390159767610748
2,10,60,115,knn,optimized_full,0.6869565217391305,0.6739230300323927,0.6246600181323663
2,10,60,115,rf,optimized_full,0.7565217391304347,0.7571358579314516,0.7079629965536006
2,10,60,115,mlp,optimized_full,0.8260869565217391,0.8281599503301534,0.7912696251928487
3,1,6,115,svm,raw,0.25217391304347825,0.23197956073669104,0.104653268151367
3,1,6,115,knn,raw,0.25217391304347825,0.23197956073669104,0.104653268151367
3,1,6,115,rf,raw,0.24347826086956523,0.22920974644625203,0.0950615050651229
3,1,6,115,mlp,raw,0.24347826086956523,0.21012749164172762,0.0933393747168102
3,1,6,115,svm,raw_pca17,0.3652173913043478,0.32869774776114963,0.23730353411465432
3,1,6,115,knn,raw_pca17,0.3652173913043478,0.32869774776114963,0.23730353411465432
3,1,6,115,rf,raw_pca17,0.3652173913043478,0.35896510105072843,0.23965220541617605
3,1,6,115,mlp,raw_pca17,0.28695652173913044,0.26360335481757774,0.14443839593540186
3,1,6,115,svm,corrected,0.28695652173913044,0.297118752894615,0.14868646745508718
3,1,6,115,knn,corrected,0.28695652173913044,0.297118752894615,0.14868646745508718
3,1,6,115,rf,corrected,0.34782608695652173,0.3394209696291997,0.22065600433721877
3,1,6,115,mlp,corrected,0.21739130434782608,0.23405771386066954,0.064533622559653
3,1,6,115,svm,optimized_action,0.3739130434782609,0.35980346096625165,0.25290986195073517
3,1,6,115,knn,optimized_action,0.3739130434782609,0.35980346096625165,0.25290986195073517
3,1,6,115,rf,optimized_action,0.3652173913043478,0.36295768509282245,0.24219173135945116
3,1,6,115,mlp,optimized_action,0.3391304347826087,0.34165033182397564,0.20919290626131015
3,1,6,115,svm,optimized_full,0.26956521739130435,0.2525696661098762,0.12839483894252457
3,1,6,115,knn,optimized_full,0.24347826086956523,0.23597237608126898,0.09628759822960886
3,1,6,115,rf,optimized_full,0.24347826086956523,0.22734076971365105,0.09489777456124471
3,1,6,115,mlp,optimized_full,0.2608695652173913,0.25291254494629395,0.11658382286488922
3,3,18,115,svm,raw,0.40869565217391307,0.3716271793256685,0.2853226101261195
3,3,18,115,knn,raw,0.3739130434782609,0.3509329459789035,0.24445661100465366
3,3,18,115,rf,raw,0.3130434782608696,0.3101803394751433,0.17544018878199297
3,3,18,115,mlp,raw,0.3826086956521739,0.3494366744366744,0.2558330295297121
3,3,18,115,svm,raw_pca17,0.5391304347826087,0.5135786170036497,0.4451524806554392
3,3,18,115,knn,raw_pca17,0.5130434782608696,0.49440702087286525,0.4139060793593011
3,3,18,115,rf,raw_pca17,0.5565217391304348,0.557469654528478,0.46540880503144655
3,3,18,115,mlp,raw_pca17,0.5565217391304348,0.5361040318701609,0.4651162790697674
3,3,18,115,svm,corrected,0.6434782608695652,0.6171255842308474,0.5684210526315789
3,3,18,115,knn,corrected,0.6086956521739131,0.6113122171945701,0.5306548158897152
3,3,18,115,rf,corrected,0.6434782608695652,0.6422188697618618,0.5723743878106293
3,3,18,115,mlp,corrected,0.6173913043478261,0.6097236097236097,0.5403760559542192
3,3,18,115,svm,optimized_action,0.6,0.581981062725607,0.5156564731734116
3,3,18,115,knn,optimized_action,0.6086956521739131,0.5930546033944837,0.5303992740471869
3,3,18,115,rf,optimized_action,0.6608695652173913,0.655015405015405,0.5933079434167572
3,3,18,115,mlp,optimized_action,0.6260869565217392,0.6196103429255334,0.5506996183899692
3,3,18,115,svm,optimized_full,0.4,0.4042179819490744,0.2777170944838887
3,3,18,115,knn,optimized_full,0.41739130434782606,0.4187348452431893,0.30119717032468707
3,3,18,115,rf,optimized_full,0.4260869565217391,0.3948045529325858,0.31012543173968377
3,3,18,115,mlp,optimized_full,0.4434782608695652,0.4188123764423959,0.3312738506269308
3,5,30,115,svm,raw,0.46956521739130436,0.4762088043603024,0.35924369747899165
3,5,30,115,knn,raw,0.41739130434782606,0.3989353598141219,0.2962827655493653
3,5,30,115,rf,raw,0.5130434782608696,0.49099749078136545,0.41411935953420675
3,5,30,115,mlp,raw,0.4956521739130435,0.49235534594985914,0.3916453848960233
3,5,30,115,svm,raw_pca17,0.6173913043478261,0.6206522311785468,0.5410014513788098
3,5,30,115,knn,raw_pca17,0.6347826086956522,0.610227950909617,0.5601092896174864
3,5,30,115,rf,raw_pca17,0.7217391304347827,0.7106777305820001,0.6650282177316584
3,5,30,115,mlp,raw_pca17,0.6608695652173913,0.6588311055416319,0.5923468460279949
3,5,30,115,svm,corrected,0.7391304347826086,0.7410277168233104,0.6869328493647913
3,5,30,115,knn,corrected,0.6956521739130435,0.6931715769311677,0.6341241705299518
3,5,30,115,rf,corrected,0.8173913043478261,0.8175180598555211,0.7808927599346761
3,5,30,115,mlp,corrected,0.7391304347826086,0.7475795600795602,0.6867338599836557
3,5,30,115,svm,optimized_action,0.7130434782608696,0.7254033887559571,0.6557198584777284
3,5,30,115,knn,optimized_action,0.6434782608695652,0.6342773316681427,0.5705828779599271
3,5,30,115,rf,optimized_action,0.8,0.801470658153434,0.7599164926931107
3,5,30,115,mlp,optimized_action,0.7043478260869566,0.7075701528320808,0.6453514739229025
3,5,30,115,svm,optimized_full,0.5130434782608696,0.5321478178621036,0.4157670325682663
3,5,30,115,knn,optimized_full,0.5130434782608696,0.5103565365025466,0.41465188147609533
3,5,30,115,rf,optimized_full,0.5391304347826087,0.537113346347942,0.44861588565225263
3,5,30,115,mlp,optimized_full,0.5739130434782609,0.5715755578974674,0.48874977318091084
3,10,60,115,svm,raw,0.6260869565217392,0.6384721038173723,0.5512704174228675
3,10,60,115,knn,raw,0.48695652173913045,0.47377485150063725,0.3842453943189037
3,10,60,115,rf,raw,0.6434782608695652,0.6392155037316328,0.5717140521391588
3,10,60,115,mlp,raw,0.6086956521739131,0.6022928848510245,0.5306122448979591
3,10,60,115,svm,raw_pca17,0.7739130434782608,0.776466003669186,0.7286012526096033
3,10,60,115,knn,raw_pca17,0.7652173913043478,0.7672995737344466,0.7176502682549786
3,10,60,115,rf,raw_pca17,0.808695652173913,0.8155505827332453,0.7701462705551013
3,10,60,115,mlp,raw_pca17,0.7565217391304347,0.7611065778140441,0.7076713572401271
3,10,60,115,svm,corrected,0.782608695652174,0.7874222973622823,0.7391343798203429
3,10,60,115,knn,corrected,0.7478260869565218,0.7573487924291727,0.6972035591065916
3,10,60,115,rf,corrected,0.8434782608695652,0.8516490850873001,0.8121085594989561
3,10,60,115,mlp,corrected,0.7739130434782608,0.7832541136112564,0.7286751361161524
3,10,60,115,svm,optimized_action,0.7652173913043478,0.7719773613237111,0.7183417997097243
3,10,60,115,knn,optimized_action,0.7304347826086957,0.7387259108064036,0.6762622593534326
3,10,60,115,rf,optimized_action,0.8608695652173913,0.8677824082858407,0.8330460030850195
3,10,60,115,mlp,optimized_action,0.782608695652174,0.7899637129566792,0.7391817109679761
3,10,60,115,svm,optimized_full,0.6695652173913044,0.6839170262699675,0.6037000090686497
3,10,60,115,knn,optimized_full,0.6,0.5944739328101826,0.5204423896292267
3,10,60,115,rf,optimized_full,0.7391304347826086,0.7384084116267163,0.6873584050747621
3,10,60,115,mlp,optimized_full,0.6869565217391305,0.6865901283857939,0.625
4,1,6,115,svm,raw,0.2956521739130435,0.26452439595007843,0.15279672578444747
4,1,6,115,knn,raw,0.2956521739130435,0.26452439595007843,0.15279672578444747
4,1,6,115,rf,raw,0.34782608695652173,0.3321149166737402,0.21110399707308158
4,1,6,115,mlp,raw,0.28695652173913044,0.25336123039006825,0.14311676510676963
4,1,6,115,svm,raw_pca17,0.6086956521739131,0.5960185223626084,0.528688524590164
4,1,6,115,knn,raw_pca17,0.6086956521739131,0.5960185223626084,0.528688524590164
4,1,6,115,rf,raw_pca17,0.46956521739130436,0.4601573450199985,0.3596531264262892
4,1,6,115,mlp,raw_pca17,0.5043478260869565,0.47064530241000835,0.4037114527426545
4,1,6,115,svm,corrected,0.5304347826086957,0.553022520953479,0.4336008755928493
4,1,6,115,knn,corrected,0.5304347826086957,0.553022520953479,0.4336008755928493
4,1,6,115,rf,corrected,0.5478260869565217,0.5598277970275225,0.45492662473794554
4,1,6,115,mlp,corrected,0.4434782608695652,0.44046221017765735,0.32858967341725975
4,1,6,115,svm,optimized_action,0.5478260869565217,0.5454911726841551,0.4554725915133856
4,1,6,115,knn,optimized_action,0.5478260869565217,0.5454911726841551,0.4554725915133856
4,1,6,115,rf,optimized_action,0.5478260869565217,0.5565098171522319,0.4557699308336367
4,1,6,115,mlp,optimized_action,0.5130434782608696,0.49298174986580784,0.41449222656605145
4,1,6,115,svm,optimized_full,0.4,0.3751590815537685,0.2818354602226445
4,1,6,115,knn,optimized_full,0.4,0.3751590815537685,0.2818354602226445
4,1,6,115,rf,optimized_full,0.391304347826087,0.37618543083275885,0.26891290527654177
4,1,6,115,mlp,optimized_full,0.40869565217391307,0.3905138905138905,0.29230769230769227
4,3,18,115,svm,raw,0.4260869565217391,0.4305947766703581,0.3123131285675457
4,3,18,115,knn,raw,0.3391304347826087,0.33455194231056296,0.20682457573282498
4,3,18,115,rf,raw,0.48695652173913045,0.4889006798035526,0.3842453943189037
4,3,18,115,mlp,raw,0.43478260869565216,0.44046845473628954,0.3232231779085559
4,3,18,115,svm,raw_pca17,0.6260869565217392,0.6332950349472773,0.5524481853561408
4,3,18,115,knn,raw_pca17,0.6260869565217392,0.6270436841247227,0.549963596650892
4,3,18,115,rf,raw_pca17,0.7391304347826086,0.7445439579340508,0.6870180531615713
4,3,18,115,mlp,raw_pca17,0.6347826086956522,0.6362234613376506,0.5615468409586056
4,3,18,115,svm,corrected,0.7652173913043478,0.7677137677137676,0.7192839707078926
4,3,18,115,knn,corrected,0.7391304347826086,0.7517594914982796,0.686847599164927
4,3,18,115,rf,corrected,0.8608695652173913,0.8634828942274385,0.8330914368650217
4,3,18,115,mlp,corrected,0.7739130434782608,0.7736326109391124,0.7293137787434365
4,3,18,115,svm,optimized_action,0.7652173913043478,0.7672838009000996,0.7192078133478026
4,3,18,115,knn,optimized_action,0.7217391304347827,0.7252429893558926,0.6652719665271967
4,3,18,115,rf,optimized_action,0.8347826086956521,0.8347889225202207,0.8018859370749841
4,3,18,115,mlp,optimized_action,0.7304347826086957,0.7168955394066393,0.6770833333333333
4,3,18,115,svm,optimized_full,0.4782608695652174,0.4860165433694845,0.3739793140990746
4,3,18,115,knn,optimized_full,0.40869565217391307,0.4124084085598864,0.29031672565568556
4,3,18,115,rf,optimized_full,0.5478260869565217,0.5362116957534194,0.45784224841341803
4,3,18,115,mlp,optimized_full,0.5391304347826087,0.5346832708553574,0.44691470054446447
4,5,30,115,svm,raw,0.6173913043478261,0.6211418185102396,0.5412927205149125
4,5,30,115,knn,raw,0.4434782608695652,0.4426946683148916,0.3332729413896187
4,5,30,115,rf,raw,0.6,0.6008138530451101,0.5197893972403775
4,5,30,115,mlp,raw,0.5739130434782609,0.567521600255875,0.4888888888888888
4,5,30,115,svm,raw_pca17,0.7304347826086957,0.7446567808409913,0.6769662921348314
4,5,30,115,knn,raw_pca17,0.7217391304347827,0.724265305877553,0.6658494506492327
4,5,30,115,rf,raw_pca17,0.7565217391304347,0.7553063688060853,0.7076713572401271
4,5,30,115,mlp,raw_pca17,0.7217391304347827,0.7175893663698542,0.6661525900390093
4,5,30,115,svm,corrected,0.8695652173913043,0.8769267941094568,0.8433811512620302
4,5,30,115,knn,corrected,0.8173913043478261,0.8236273824095122,0.7811508835523334
4,5,30,115,rf,corrected,0.9130434782608695,0.9123300873300875,0.8956063907044299
4,5,30,115,mlp,corrected,0.8521739130434782,0.8533685941580678,0.8227239753355096
4,5,30,115,svm,optimized_action,0.8869565217391304,0.890842513975929,0.8641896802325582
4,5,30,115,knn,optimized_action,0.8434782608695652,0.8456637700823748,0.8122278664731495
4,5,30,115,rf,optimized_action,0.9043478260869565,0.9037251921077338,0.8851774530271399
4,5,30,115,mlp,optimized_action,0.7739130434782608,0.7700358955449245,0.7288227825140576
4,5,30,115,svm,optimized_full,0.6260869565217392,0.609537398765041,0.5511889635142494
4,5,30,115,knn,optimized_full,0.5652173913043478,0.5616322497991445,0.47916666666666663
4,5,30,115,rf,optimized_full,0.6173913043478261,0.6096499641046349,0.5415005436752447
4,5,30,115,mlp,optimized_full,0.5826086956521739,0.5752040496622539,0.4993197278911564
4,10,60,115,svm,raw,0.6521739130434783,0.6508644443664963,0.5814376706096451
4,10,60,115,knn,raw,0.5217391304347826,0.5031518018500102,0.4245291602219998
4,10,60,115,rf,raw,0.7217391304347827,0.7253341729802308,0.6659101225601451
4,10,60,115,mlp,raw,0.6347826086956522,0.6402137308450078,0.5613875771885216
4,10,60,115,svm,raw_pca17,0.8173913043478261,0.8210648536735493,0.7810913705583756
4,10,60,115,knn,raw_pca17,0.7739130434782608,0.7814563710596544,0.7284040330638568
4,10,60,115,rf,raw_pca17,0.8521739130434782,0.8509597253783302,0.8227721874716707
4,10,60,115,mlp,raw_pca17,0.8260869565217391,0.8263638825759402,0.791250680704302
4,10,60,115,svm,corrected,0.9043478260869565,0.9055312016612326,0.8851461775921554
4,10,60,115,knn,corrected,0.8521739130434782,0.8535477711344207,0.8226596516690856
4,10,60,115,rf,corrected,0.9043478260869565,0.9041365970230539,0.885125317835089
4,10,60,115,mlp,corrected,0.9130434782608695,0.9122479329045676,0.895530523255814
4,10,60,115,svm,optimized_action,0.8956521739130435,0.8983135199853467,0.874408445576993
4,10,60,115,knn,optimized_action,0.808695652173913,0.8091488249382986,0.7707710428558485
4,10,60,115,rf,optimized_action,0.9217391304347826,0.9216203598556539,0.9060372219700409
4,10,60,115,mlp,optimized_action,0.8260869565217391,0.8267036435834388,0.7913642960812772
4,10,60,115,svm,optimized_full,0.7304347826086957,0.7387241689128482,0.6752596101293495
4,10,60,115,knn,optimized_full,0.6260869565217392,0.6177370465094251,0.551799148010514
4,10,60,115,rf,optimized_full,0.7739130434782608,0.7737708074290456,0.7289702683103698
4,10,60,115,mlp,optimized_full,0.7391304347826086,0.7408217591421287,0.6866485013623977
5,1,6,115,svm,raw,0.2956521739130435,0.2713337816516184,0.15047879616963067
5,1,6,115,knn,raw,0.2956521739130435,0.2713337816516184,0.15047879616963067
5,1,6,115,rf,raw,0.28695652173913044,0.2663321316767322,0.14132216354033889
5,1,6,115,mlp,raw,0.33043478260869563,0.30799119415398485,0.1923568040861
5,1,6,115,svm,raw_pca17,0.5217391304347826,0.5233429977332417,0.4265119231117961
5,1,6,115,knn,raw_pca17,0.5217391304347826,0.5233429977332417,0.4265119231117961
5,1,6,115,rf,raw_pca17,0.40869565217391307,0.3947388605135084,0.2885735080058225
5,1,6,115,mlp,raw_pca17,0.43478260869565216,0.4419687709064248,0.32014552069122326
5,1,6,115,svm,corrected,0.6260869565217392,0.6276546250684182,0.5509036418127327
5,1,6,115,knn,corrected,0.6260869565217392,0.6276546250684182,0.5509036418127327
5,1,6,115,rf,corrected,0.6521739130434783,0.6423025620504613,0.5826528760660497
5,1,6,115,mlp,corrected,0.6086956521739131,0.6144399173810938,0.5306548158897152
5,1,6,115,svm,optimized_action,0.6173913043478261,0.6219461343242288,0.5410847088699438
5,1,6,115,knn,optimized_action,0.6173913043478261,0.6219461343242288,0.5410847088699438
5,1,6,115,rf,optimized_action,0.5391304347826087,0.5150834757383037,0.44716553287981853
5,1,6,115,mlp,optimized_action,0.6173913043478261,0.6183563483873081,0.5413343002175489
5,1,6,115,svm,optimized_full,0.3130434782608696,0.3155467461652292,0.17356499590648589
5,1,6,115,knn,optimized_full,0.30434782608695654,0.30601535339822733,0.16279916279916273
5,1,6,115,rf,optimized_full,0.3565217391304348,0.3463343039458764,0.22643396054904097
5,1,6,115,mlp,optimized_full,0.2608695652173913,0.261565186525071,0.11209010809337827
5,3,18,115,svm,raw,0.3652173913043478,0.36146784015447614,0.2384796806966617
5,3,18,115,knn,raw,0.3217391304347826,0.291632179839727,0.1848418756815704
5,3,18,115,rf,raw,0.4,0.3909415096915097,0.28020682148040643
5,3,18,115,mlp,raw,0.391304347826087,0.38495010436186905,0.26944368817497055
5,3,18,115,svm,raw_pca17,0.5565217391304348,0.5542557301770324,0.470141837564369
5,3,18,115,knn,raw_pca17,0.4782608695652174,0.4819593355083199,0.37192790824685973
5,3,18,115,rf,raw_pca17,0.6260869565217392,0.6138165509495206,0.5526101510902017
5,3,18,115,mlp,raw_pca17,0.6695652173913044,0.6732417524024411,0.6037000090686496
5,3,18,115,svm,corrected,0.7565217391304347,0.7616894942889237,0.7078835162841332
5,3,18,115,knn,corrected,0.6608695652173913,0.6710324024840154,0.5927909932812784
5,3,18,115,rf,corrected,0.8608695652173913,0.858579663230826,0.8329550612800727
5,3,18,115,mlp,corrected,0.6782608695652174,0.6775241835320746,0.6140939597315436
5,3,18,115,svm,optimized_action,0.6695652173913044,0.6789415624474335,0.6030520483240984
5,3,18,115,knn,optimized_action,0.7043478260869566,0.7034184318150046,0.6454800979236559
5,3,18,115,rf,optimized_action,0.7913043478260869,0.7945195195195196,0.749614442529257
5,3,18,115,mlp,optimized_action,0.6347826086956522,0.6307386796037596,0.5614274039771179
5,3,18,115,svm,optimized_full,0.34782608695652173,0.3360011545439551,0.2187499999999999
5,3,18,115,knn,optimized_full,0.3652173913043478,0.3563200438200438,0.23868685952661628
5,3,18,115,rf,optimized_full,0.34782608695652173,0.3562126526029266,0.21690575631015074
5,3,18,115,mlp,optimized_full,0.43478260869565216,0.4289766005597011,0.32211843656479533
5,5,30,115,svm,raw,0.41739130434782606,0.40873885447667185,0.2993543693734656
5,5,30,115,knn,raw,0.3565217391304348,0.33795817038570664,0.22530723714155665
5,5,30,115,rf,raw,0.4956521739130435,0.4960694672929134,0.3945170660856935
5,5,30,115,mlp,raw,0.46956521739130436,0.4641178161503365,0.3628519527702089
5,5,30,115,svm,raw_pca17,0.6260869565217392,0.6401908276908277,0.5504954095082266
5,5,30,115,knn,raw_pca17,0.5565217391304348,0.5438888605374673,0.46609012289485663
5,5,30,115,rf,raw_pca17,0.8347826086956521,0.8372576740997794,0.8016881466690869
5,5,30,115,mlp,raw_pca17,0.6782608695652174,0.6825836825836826,0.6138488066067701
5,5,30,115,svm,corrected,0.8260869565217391,0.828643210880053,0.7909661001545033
5,5,30,115,knn,corrected,0.8260869565217391,0.8246394713349868,0.7909850963286078
5,5,30,115,rf,corrected,0.8782608695652174,0.8786563936888636,0.8539682539682539
5,5,30,115,mlp,corrected,0.808695652173913,0.8112552884165442,0.7703549060542797
5,5,30,115,svm,optimized_action,0.8347826086956521,0.8374162874162875,0.8015260241620492
5,5,30,115,knn,optimized_action,0.8,0.8045100732600732,0.759523593053914
5,5,30,115,rf,optimized_action,0.8434782608695652,0.84487087517934,0.812176753470647
5,5,30,115,mlp,optimized_action,0.782608695652174,0.7850801760685483,0.7387551113130395
5,5,30,115,svm,optimized_full,0.5043478260869565,0.48407990218335045,0.4056578112249525
5,5,30,115,knn,optimized_full,0.3826086956521739,0.3692943086325439,0.2612865285442867
5,5,30,115,rf,optimized_full,0.45217391304347826,0.4616996359947487,0.3408243107997453
5,5,30,115,mlp,optimized_full,0.5130434782608696,0.49996264238550986,0.4156079854809436
5,10,60,115,svm,raw,0.6695652173913044,0.6726965415045911,0.6034842573269213
5,10,60,115,knn,raw,0.5478260869565217,0.5448151970339793,0.4572517698311853
5,10,60,115,rf,raw,0.7130434782608696,0.7220803494178107,0.6556261343012704
5,10,60,115,mlp,raw,0.6434782608695652,0.6565245009074411,0.572141560798548
5,10,60,115,svm,raw_pca17,0.8608695652173913,0.8667100452046023,0.8330308529945554
5,10,60,115,knn,raw_pca17,0.8,0.8071544154147409,0.7600036294347156
5,10,60,115,rf,raw_pca17,0.8869565217391304,0.8867813157286842,0.8644482727355154
5,10,60,115,mlp,raw_pca17,0.8695652173913043,0.8701117109011847,0.8435657930534144
5,10,60,115,svm,corrected,0.8956521739130435,0.8990141623268558,0.8744884038199181
5,10,60,115,knn,corrected,0.8956521739130435,0.8918491715003344,0.8747276688453159
5,10,60,115,rf,corrected,0.9130434782608695,0.9134746886993357,0.8956348125964244
5,10,60,115,mlp,corrected,0.8956521739130435,0.8966767289938021,0.8747617751157093
5,10,60,115,svm,optimized_action,0.8869565217391304,0.8880918539255559,0.8639796196888363
5,10,60,115,knn,optimized_action,0.8869565217391304,0.885490189437558,0.8641773416916507
5,10,60,115,rf,optimized_action,0.8956521739130435,0.8955788205788205,0.8747276688453159
5,10,60,115,mlp,optimized_action,0.8695652173913043,0.8715888119048895,0.8433669299918278
5,10,60,115,svm,optimized_full,0.6608695652173913,0.659981933152665,0.5931234691100427
5,10,60,115,knn,optimized_full,0.6173913043478261,0.6110744624474602,0.5420814479638009
5,10,60,115,rf,optimized_full,0.6782608695652174,0.6685120601502271,0.6143038433647571
5,10,60,115,mlp,optimized_full,0.6521739130434783,0.6523143437230124,0.5831445400996829
6,1,6,115,svm,raw,0.3652173913043478,0.34382995925549115,0.23424245188360848
6,1,6,115,knn,raw,0.3652173913043478,0.34382995925549115,0.23424245188360848
6,1,6,115,rf,raw,0.3565217391304348,0.327663208969924,0.22033898305084743
6,1,6,115,mlp,raw,0.34782608695652173,0.3372998468393205,0.21383647798742134
6,1,6,115,svm,raw_pca17,0.45217391304347826,0.4480943967114663,0.3404042243262928
6,1,6,115,knn,raw_pca17,0.45217391304347826,0.4480943967114663,0.3404042243262928
6,1,6,115,rf,raw_pca17,0.4956521739130435,0.469198717948718,0.3898646176362972
6,1,6,115,mlp,raw_pca17,0.3826086956521739,0.3511829260769383,0.2557651991614255
6,1,6,115,svm,corrected,0.6347826086956522,0.6372257473607235,0.5625792428907807
6,1,6,115,knn,corrected,0.6347826086956522,0.6372257473607235,0.5625792428907807
6,1,6,115,rf,corrected,0.6869565217391305,0.6870407506436917,0.6238415409776485
6,1,6,115,mlp,corrected,0.6,0.5926706202511997,0.5183903860160234
6,1,6,115,svm,optimized_action,0.6173913043478261,0.6199863851427457,0.5414174370128693
6,1,6,115,knn,optimized_action,0.6173913043478261,0.6199863851427457,0.5414174370128693
6,1,6,115,rf,optimized_action,0.5739130434782609,0.5566278654936307,0.48786694537853315
6,1,6,115,mlp,optimized_action,0.4434782608695652,0.4438855062454383,0.3279766252739227
6,1,6,115,svm,optimized_full,0.3391304347826087,0.2975912975912976,0.20429715950473415
6,1,6,115,knn,optimized_full,0.3130434782608696,0.2740203642075451,0.17251115766463232
6,1,6,115,rf,optimized_full,0.2782608695652174,0.2411854214310523,0.12743395191516593
6,1,6,115,mlp,optimized_full,0.30434782608695654,0.27707287410362696,0.16356032366578788
6,3,18,115,svm,raw,0.46956521739130436,0.453815349501624,0.3622147467951632
6,3,18,115,knn,raw,0.43478260869565216,0.41944799539260064,0.318223276176578
6,3,18,115,rf,raw,0.4956521739130435,0.48450687140342313,0.3931950509461427
6,3,18,115,mlp,raw,0.5217391304347826,0.5045430102598887,0.4245291602219998
6,3,18,115,svm,raw_pca17,0.6956521739130435,0.7254649081854964,0.6340243680669213
6,3,18,115,knn,raw_pca17,0.6608695652173913,0.6790472020073538,0.590036563071298
6,3,18,115,rf,raw_pca17,0.7130434782608696,0.7146082494075846,0.6551567469332122
6,3,18,115,mlp,raw_pca17,0.6521739130434783,0.669469785230933,0.5826528760660497
6,3,18,115,svm,corrected,0.7130434782608696,0.7286696454153759,0.6556261343012704
6,3,18,115,knn,corrected,0.7304347826086957,0.7312064347404276,0.6759974552394802
6,3,18,115,rf,corrected,0.808695652173913,0.808858137572262,0.77
6,3,18,115,mlp,corrected,0.7304347826086957,0.7277412085830655,0.676056338028169
6,3,18,115,svm,optimized_action,0.6782608695652174,0.6962427174879036,0.613953910361096
6,3,18,115,knn,optimized_action,0.7217391304347827,0.725038714672861,0.6660010891268833
6,3,18,115,rf,optimized_action,0.7652173913043478,0.7660288182027314,0.7179067865903517
6,3,18,115,mlp,optimized_action,0.7130434782608696,0.7068450288314465,0.6552194058326519
6,3,18,115,svm,optimized_full,0.4782608695652174,0.49433001708543506,0.3740928882438318
6,3,18,115,knn,optimized_full,0.43478260869565216,0.4382946856631067,0.32242567077592477
6,3,18,115,rf,optimized_full,0.5739130434782609,0.5872117779482743,0.48782039629158336
6,3,18,115,mlp,optimized_full,0.5304347826086957,0.5364092949458803,0.4373471051916281
6,5,30,115,svm,raw,0.4608695652173913,0.4647806792968083,0.3555093555093556
6,5,30,115,knn,raw,0.4608695652173913,0.4611117616139424,0.3527596223674655
6,5,30,115,rf,raw,0.5652173913043478,0.5632810777868544,0.47784235379585904
6,5,30,115,mlp,raw,0.5043478260869565,0.5043123543123543,0.40528034839412075
6,5,30,115,svm,raw_pca17,0.6521739130434783,0.6529896667827703,0.5831823124320406
6,5,30,115,knn,raw_pca17,0.6521739130434783,0.6732100338717987,0.5827285921625543
6,5,30,115,rf,raw_pca17,0.7913043478260869,0.7953014040223342,0.7495917256396298
6,5,30,115,mlp,raw_pca17,0.6521739130434783,0.6597447775129553,0.5832578365645951
6,5,30,115,svm,corrected,0.782608695652174,0.7905951023880112,0.7390870314910609
6,5,30,115,knn,corrected,0.7565217391304347,0.7635302985912742,0.7080953676003989
6,5,30,115,rf,corrected,0.7739130434782608,0.7753345782757547,0.7289702683103698
6,5,30,115,mlp,corrected,0.7565217391304347,0.7592657988465822,0.7078039927404718
6,5,30,115,svm,optimized_action,0.782608695652174,0.7896618903971846,0.7390396659707725
6,5,30,115,knn,optimized_action,0.782608695652174,0.7883393226695516,0.7392526754942862
6,5,30,115,rf,optimized_action,0.7913043478260869,0.7860998254871103,0.750067916327085
6,5,30,115,mlp,optimized_action,0.7913043478260869,0.7913488253337607,0.7494325919201089
6,5,30,115,svm,optimized_full,0.4956521739130435,0.4901614358013087,0.3956691129836005
6,5,30,115,knn,optimized_full,0.5130434782608696,0.5150143577200598,0.41745816372682043
6,5,30,115,rf,optimized_full,0.6521739130434783,0.6501606340917675,0.5830311820159536
6,5,30,115,mlp,optimized_full,0.6260869565217392,0.6265697265697265,0.5519615837637039
6,10,60,115,svm,raw,0.6434782608695652,0.6459296937654319,0.5724519405150525
6,10,60,115,knn,raw,0.5565217391304348,0.5568203690667354,0.4675925925925928
6,10,60,115,rf,raw,0.6869565217391305,0.6856259816588134,0.6243194192377495
6,10,60,115,mlp,raw,0.6347826086956522,0.6349425428372796,0.561865021770682
6,10,60,115,svm,raw_pca17,0.8173913043478261,0.8240141519232359,0.7806937885942609
6,10,60,115,knn,raw_pca17,0.7391304347826086,0.7408489822990507,0.6865915697674418
6,10,60,115,rf,raw_pca17,0.8695652173913043,0.8694890712862472,0.8432673087406869
6,10,60,115,mlp,raw_pca17,0.8347826086956521,0.8359523309666782,0.8014538845979101
6,10,60,115,svm,corrected,0.8173913043478261,0.8215012691293526,0.7806340267054228
6,10,60,115,knn,corrected,0.8347826086956521,0.834423108461371,0.8014719244048701
6,10,60,115,rf,corrected,0.8782608695652174,0.8767547954854455,0.8538224078445614
6,10,60,115,mlp,corrected,0.8260869565217391,0.8281854245056174,0.7911938266000907
6,10,60,115,svm,optimized_action,0.8173913043478261,0.824359828821172,0.7807535179300953
6,10,60,115,knn,optimized_action,0.8173913043478261,0.817194118647607,0.7806340267054228
6,10,60,115,rf,optimized_action,0.8608695652173913,0.8583001222169084,0.8332729249728162
6,10,60,115,mlp,optimized_action,0.8782608695652174,0.8772749397749399,0.8539152526993921
6,10,60,115,svm,optimized_full,0.6521739130434783,0.6616295004119902,0.5826528760660497
6,10,60,115,knn,optimized_full,0.5826086956521739,0.5838138523632747,0.5
6,10,60,115,rf,optimized_full,0.6869565217391305,0.6870263908593429,0.6243535069412938
6,10,60,115,mlp,optimized_full,0.6782608695652174,0.6787186577089322,0.6137787056367432
7,1,6,115,svm,raw,0.19130434782608696,0.14836284649537662,0.017003676470588425
7,1,6,115,knn,raw,0.19130434782608696,0.14836284649537662,0.017003676470588425
7,1,6,115,rf,raw,0.2608695652173913,0.21594137427043023,0.10032213529682477
7,1,6,115,mlp,raw,0.2,0.17562666092077858,0.03317189070638771
7,1,6,115,svm,raw_pca17,0.2956521739130435,0.25272865959364815,0.14993611972987786
7,1,6,115,knn,raw_pca17,0.2956521739130435,0.25272865959364815,0.14993611972987786
7,1,6,115,rf,raw_pca17,0.33043478260869563,0.2866779119055029,0.18969619326500742
7,1,6,115,mlp,raw_pca17,0.3130434782608696,0.2616353037827735,0.16948532772648328
7,1,6,115,svm,corrected,0.40869565217391307,0.43113887439974813,0.2861706983112735
7,1,6,115,knn,corrected,0.40869565217391307,0.43113887439974813,0.2861706983112735
7,1,6,115,rf,corrected,0.3565217391304348,0.33753449527959334,0.22403574359441958
7,1,6,115,mlp,corrected,0.3826086956521739,0.38931288032454364,0.25474625775830595
7,1,6,115,svm,optimized_action,0.4608695652173913,0.4629014790652721,0.34700979943218235
7,1,6,115,knn,optimized_action,0.4608695652173913,0.4629014790652721,0.34700979943218235
7,1,6,115,rf,optimized_action,0.4434782608695652,0.4242598666940773,0.3291404612159331
7,1,6,115,mlp,optimized_action,0.40869565217391307,0.39046897736966235,0.2837516028576663
7,1,6,115,svm,optimized_full,0.22608695652173913,0.17567568877835468,0.05919661733615211
7,1,6,115,knn,optimized_full,0.22608695652173913,0.17567568877835468,0.05919661733615211
7,1,6,115,rf,optimized_full,0.2782608695652174,0.23016074235586428,0.12342731196620438
7,1,6,115,mlp,optimized_full,0.24347826086956523,0.1988436400201106,0.08042279411764697
7,3,18,115,svm,raw,0.3826086956521739,0.35607085634242064,0.2588726513569938
7,3,18,115,knn,raw,0.30434782608695654,0.29552703455142476,0.16409231328366347
7,3,18,115,rf,raw,0.3826086956521739,0.34788318988084826,0.2577272727272728
7,3,18,115,mlp,raw,0.3652173913043478,0.3470286830321574,0.23647112323783537
7,3,18,115,svm,raw_pca17,0.6695652173913044,0.6709885594294197,0.6035202322627472
7,3,18,115,knn,raw_pca17,0.6347826086956522,0.6344272844272844,0.5601894008377346
7,3,18,115,rf,raw_pca17,0.7652173913043478,0.7667884889736847,0.7180348710497639
7,3,18,115,mlp,raw_pca17,0.6782608695652174,0.6788876650867864,0.6131818181818183
7,3,18,115,svm,corrected,0.6695652173913044,0.6616958444929724,0.6029077691958201
7,3,18,115,knn,corrected,0.6434782608695652,0.6222307104660046,0.5717918445191172
7,3,18,115,rf,corrected,0.808695652173913,0.8048477719209427,0.7703757487747322
7,3,18,115,mlp,corrected,0.6521739130434783,0.629469696969697,0.5812852721645732
7,3,18,115,svm,optimized_action,0.7043478260869566,0.6957499150738684,0.644027676620539
7,3,18,115,knn,optimized_action,0.6521739130434783,0.6431780208095997,0.5825771324863884
7,3,18,115,rf,optimized_action,0.8,0.8040145963603567,0.7597638510445051
7,3,18,115,mlp,optimized_action,0.7043478260869566,0.7057191628720338,0.6439304252800292
7,3,18,115,svm,optimized_full,0.3826086956521739,0.37467595757069444,0.25064243759177685
7,3,18,115,knn,optimized_full,0.3652173913043478,0.35472088821649433,0.23080447132123882
7,3,18,115,rf,optimized_full,0.4434782608695652,0.42074635909651265,0.329140461215933
7,3,18,115,mlp,optimized_full,0.34782608695652173,0.3188285291943828,0.2071881606765329
7,5,30,115,svm,raw,0.4260869565217391,0.4193689341515428,0.31131476272570546
7,5,30,115,knn,raw,0.3652173913043478,0.3555940038233425,0.2384796806966618
7,5,30,115,rf,raw,0.4956521739130435,0.4834123757904245,0.39473684210526316
7,5,30,115,mlp,raw,0.4260869565217391,0.4117701533728814,0.30956062949149454
7,5,30,115,svm,raw_pca17,0.7391304347826086,0.7382191807191808,0.6871032105931434
7,5,30,115,knn,raw_pca17,0.6260869565217392,0.6197901489884735,0.5513518417710035
7,5,30,115,rf,raw_pca17,0.8347826086956521,0.8366075981219913,0.8013636363636364
7,5,30,115,mlp,raw_pca17,0.7739130434782608,0.7713189588189588,0.7285026786525015
7,5,30,115,svm,corrected,0.8173913043478261,0.8215445545166907,0.7806738715829625
7,5,30,115,knn,corrected,0.7565217391304347,0.7554887904982782,0.7073791348600509
7,5,30,115,rf,corrected,0.9217391304347826,0.9223516107341525,0.906054279749478
7,5,30,115,mlp,corrected,0.7913043478260869,0.7950578832931775,0.7492504769692014
7,5,30,115,svm,optimized_action,0.808695652173913,0.8149479026936007,0.7701671511627907
7,5,30,115,knn,optimized_action,0.7565217391304347,0.7630272307150968,0.707219494453537
7,5,30,115,rf,optimized_action,0.9217391304347826,0.9237452605873658,0.906054279749478
7,5,30,115,mlp,optimized_action,0.8260869565217391,0.8301369956055451,0.7910040890504316
7,5,30,115,svm,optimized_full,0.5391304347826087,0.5498635012785956,0.4445963185711681
7,5,30,115,knn,optimized_full,0.391304347826087,0.3880198787178409,0.26731591881314287
7,5,30,115,rf,optimized_full,0.48695652173913045,0.5008351773311205,0.3822270782117819
7,5,30,115,mlp,optimized_full,0.45217391304347826,0.45905739516287186,0.33853738701725566
7,10,60,115,svm,raw,0.5391304347826087,0.5414006956331203,0.4467138707334787
7,10,60,115,knn,raw,0.4434782608695652,0.44513690709342885,0.3328498912255259
7,10,60,115,rf,raw,0.6869565217391305,0.6859584859584861,0.6242853253471277
7,10,60,115,mlp,raw,0.4956521739130435,0.49687600175405056,0.3933606184629378
7,10,60,115,svm,raw_pca17,0.8434782608695652,0.8484570173594563,0.8123300090661831
7,10,60,115,knn,raw_pca17,0.7391304347826086,0.7419329573934837,0.6869328493647913
7,10,60,115,rf,raw_pca17,0.9217391304347826,0.9224107726347368,0.9059347450695265
7,10,60,115,mlp,raw_pca17,0.808695652173913,0.7960391917835533,0.7701880279771096
7,10,60,115,svm,corrected,0.8782608695652174,0.880235568533441,0.8536762701081524
7,10,60,115,knn,corrected,0.8695652173913043,0.8723835333591432,0.8432673087406869
7,10,60,115,rf,corrected,0.8956521739130435,0.8969878835090647,0.8747958628198149
7,10,60,115,mlp,corrected,0.8521739130434782,0.8544941480379071,0.822385754519851
7,10,60,115,svm,optimized_action,0.8608695652173913,0.85882970084422,0.8327272727272728
7,10,60,115,knn,optimized_action,0.8260869565217391,0.8334042838397048,0.7911179729361548
7,10,60,115,rf,optimized_action,0.9217391304347826,0.9228000267473951,0.9061224489795918
7,10,60,115,mlp,optimized_action,0.8782608695652174,0.8778876941184387,0.8537427325581395
7,10,60,115,svm,optimized_full,0.6173913043478261,0.6220680561287771,0.541334300217549
7,10,60,115,knn,optimized_full,0.5304347826086957,0.5302031521875957,0.4372451291345718
7,10,60,115,rf,optimized_full,0.6347826086956522,0.6409215351150835,0.5621033544877607
7,10,60,115,mlp,optimized_full,0.6173913043478261,0.6236747003670005,0.5396233281776
8,1,6,115,svm,raw,0.24347826086956523,0.1748965721040189,0.09440622737146986
8,1,6,115,knn,raw,0.24347826086956523,0.1748965721040189,0.09440622737146986
8,1,6,115,rf,raw,0.3217391304347826,0.23660125972227786,0.18830875033933592
8,1,6,115,mlp,raw,0.26956521739130435,0.22113379985743484,0.12658227848101267
8,1,6,115,svm,raw_pca17,0.2782608695652174,0.2707500571287947,0.1337689445503223
8,1,6,115,knn,raw_pca17,0.2782608695652174,0.2707500571287947,0.1337689445503223
8,1,6,115,rf,raw_pca17,0.3565217391304348,0.3106890106890107,0.22860768672951426
8,1,6,115,mlp,raw_pca17,0.3565217391304348,0.33218323843323844,0.22664485641584886
8,1,6,115,svm,corrected,0.591304347826087,0.5774712527338183,0.5099283706591713
8,1,6,115,knn,corrected,0.591304347826087,0.5774712527338183,0.5099283706591713
8,1,6,115,rf,corrected,0.4782608695652174,0.4208868518789742,0.37539603512265773
8,1,6,115,mlp,corrected,0.6086956521739131,0.5908728107952914,0.5312924553935332
8,1,6,115,svm,optimized_action,0.5391304347826087,0.516312881613428,0.447265802122064
8,1,6,115,knn,optimized_action,0.5391304347826087,0.516312881613428,0.447265802122064
8,1,6,115,rf,optimized_action,0.5652173913043478,0.5256105006105006,0.4787889775199421
8,1,6,115,mlp,optimized_action,0.5739130434782609,0.5777349918683857,0.48814606231265323
8,1,6,115,svm,optimized_full,0.2956521739130435,0.2655065524333177,0.15333575713506642
8,1,6,115,knn,optimized_full,0.2956521739130435,0.2655065524333177,0.15333575713506642
8,1,6,115,rf,optimized_full,0.26956521739130435,0.24321099379922914,0.1222969289478465
8,1,6,115,mlp,optimized_full,0.25217391304347825,0.22016563417425486,0.10441003350538802
8,3,18,115,svm,raw,0.3652173913043478,0.3481407971029144,0.23619324902192695
8,3,18,115,knn,raw,0.3739130434782609,0.36310264199464765,0.24624487938097406
8,3,18,115,rf,raw,0.4260869565217391,0.40094666129809714,0.3084282460136675
8,3,18,115,mlp,raw,0.3739130434782609,0.37613530549577057,0.24610762086861526
8,3,18,115,svm,raw_pca17,0.6347826086956522,0.6339629524222549,0.5621827411167513
8,3,18,115,knn,raw_pca17,0.6173913043478261,0.6005104996557412,0.5412511332728922
8,3,18,115,rf,raw_pca17,0.6695652173913044,0.666746570423041,0.6039514228747509
8,3,18,115,mlp,raw_pca17,0.6869565217391305,0.6616565545136973,0.6253732693873858
8,3,18,115,svm,corrected,0.7739130434782608,0.7790018317352212,0.7284780239738466
8,3,18,115,knn,corrected,0.591304347826087,0.5571482599678088,0.5102392171076477
8,3,18,115,rf,corrected,0.8260869565217391,0.8258830179561887,0.7915344874467507
8,3,18,115,mlp,corrected,0.808695652173913,0.8073573954192331,0.7706879361914257
8,3,18,115,svm,optimized_action,0.6956521739130435,0.6955962521853994,0.6341241705299518
8,3,18,115,knn,optimized_action,0.6173913043478261,0.5797261083114474,0.5415005436752447
8,3,18,115,rf,optimized_action,0.8347826086956521,0.8353205789738297,0.8017601161313737
8,3,18,115,mlp,optimized_action,0.7913043478260869,0.7854174026988782,0.7497733454215775
8,3,18,115,svm,optimized_full,0.5217391304347826,0.5007833436404865,0.42671984047856437
8,3,18,115,knn,optimized_full,0.4956521739130435,0.5008882428940569,0.3942421215148487
8,3,18,115,rf,optimized_full,0.5652173913043478,0.5465754943668847,0.4779371708734339
8,3,18,115,mlp,optimized_full,0.4956521739130435,0.48826638016396445,0.39391185824625174
8,5,30,115,svm,raw,0.48695652173913045,0.48403697219486697,0.3849709934735316
8,5,30,115,knn,raw,0.3826086956521739,0.3420936037215107,0.25927605914905205
8,5,30,115,rf,raw,0.4782608695652174,0.4660133227206398,0.37375204211290625
8,5,30,115,mlp,raw,0.4956521739130435,0.4875575393681492,0.3944071182131833
8,5,30,115,svm,raw_pca17,0.5652173913043478,0.5837775801907796,0.47996744143981196
8,5,30,115,knn,raw_pca17,0.6,0.5710932412581589,0.5213102886616596
8,5,30,115,rf,raw_pca17,0.7217391304347827,0.7217049019214516,0.6667270422024996
8,5,30,115,mlp,raw_pca17,0.6521739130434783,0.6407237594737595,0.583559659605287
8,5,30,115,svm,corrected,0.7652173913043478,0.7767283852744451,0.7185715580531133
8,5,30,115,knn,corrected,0.7043478260869566,0.7024122128486455,0.6463138851198553
8,5,30,115,rf,corrected,0.8260869565217391,0.8271687729004803,0.7915155910079767
8,5,30,115,mlp,corrected,0.808695652173913,0.8066761045259119,0.7709163346613546
8,5,30,115,svm,optimized_action,0.7217391304347827,0.7270665918756735,0.6666666666666667
8,5,30,115,knn,optimized_action,0.6521739130434783,0.6586810130288391,0.583559659605287
8,5,30,115,rf,optimized_action,0.8347826086956521,0.8335914911653037,0.8020474723681826
8,5,30,115,mlp,optimized_action,0.7739130434782608,0.7720837412787876,0.729191196449597
8,5,30,115,svm,optimized_full,0.46956521739130436,0.44557727198479924,0.3655028943560058
8,5,30,115,knn,optimized_full,0.4956521739130435,0.507061607270208,0.3952307552815305
8,5,30,115,rf,optimized_full,0.5043478260869565,0.501477933830875,0.4056578112249525
8,5,30,115,mlp,optimized_full,0.4956521739130435,0.49372598026208797,0.395121066473202
8,10,60,115,svm,raw,0.5478260869565217,0.5415114654452222,0.4562153314540329
8,10,60,115,knn,raw,0.4956521739130435,0.49339990095804054,0.39473684210526305
8,10,60,115,rf,raw,0.7217391304347827,0.7275397710180318,0.6656976744186047
8,10,60,115,mlp,raw,0.5391304347826087,0.5371277928490977,0.4466134011258398
8,10,60,115,svm,raw_pca17,0.8695652173913043,0.8741917177354767,0.843024843024843
8,10,60,115,knn,raw_pca17,0.8260869565217391,0.8336577985514749,0.791250680704302
8,10,60,115,rf,raw_pca17,0.9391304347826087,0.941520484438441,0.9268048736133843
8,10,60,115,mlp,raw_pca17,0.9130434782608695,0.9131515875701922,0.8956348125964244
8,10,60,115,svm,corrected,0.9478260869565217,0.9482873851294905,0.9373240076301208
8,10,60,115,knn,corrected,0.8869565217391304,0.8920824388909495,0.8642883079157588
8,10,60,115,rf,corrected,0.9565217391304348,0.958467048283982,0.9477510222626079
8,10,60,115,mlp,corrected,0.9217391304347826,0.9245571658615136,0.9059432933478735
8,10,60,115,svm,optimized_action,0.8956521739130435,0.8953869593575478,0.8745454545454545
8,10,60,115,knn,optimized_action,0.8347826086956521,0.8387549121530814,0.8016521423384169
8,10,60,115,rf,optimized_action,0.9043478260869565,0.9050387572446397,0.8849895445040459
8,10,60,115,mlp,optimized_action,0.9130434782608695,0.9148697319429027,0.8955684707591718
8,10,60,115,svm,optimized_full,0.6,0.5949477743765291,0.5209201231660932
8,10,60,115,knn,optimized_full,0.4956521739130435,0.5031858348718955,0.39501133786848064
8,10,60,115,rf,optimized_full,0.7130434782608696,0.7082698082698083,0.6555636231620985
8,10,60,115,mlp,optimized_full,0.6173913043478261,0.6166710046283217,0.5407098121085595
9,1,6,115,svm,raw,0.21739130434782608,0.21318929199113532,0.06317885590152073
9,1,6,115,knn,raw,0.21739130434782608,0.21318929199113532,0.06317885590152073
9,1,6,115,rf,raw,0.22608695652173913,0.20476628836198016,0.07417458163726831
9,1,6,115,mlp,raw,0.21739130434782608,0.20185923097832803,0.061309631779430385
9,1,6,115,svm,raw_pca17,0.33043478260869563,0.281069470652804,0.20088439671509783
9,1,6,115,knn,raw_pca17,0.33043478260869563,0.281069470652804,0.20088439671509783
9,1,6,115,rf,raw_pca17,0.3652173913043478,0.3349717412217412,0.23965220541617593
9,1,6,115,mlp,raw_pca17,0.3652173913043478,0.346155786519098,0.24437443744374432
9,1,6,115,svm,corrected,0.5652173913043478,0.5337385566849703,0.47954380883417824
9,1,6,115,knn,corrected,0.5652173913043478,0.5337385566849703,0.47954380883417824
9,1,6,115,rf,corrected,0.6,0.5622066529961267,0.5209635062935797
9,1,6,115,mlp,corrected,0.6434782608695652,0.627970428945928,0.5738045738045738
9,1,6,115,svm,optimized_action,0.5826086956521739,0.527063467671987,0.5012198427758201
9,1,6,115,knn,optimized_action,0.5826086956521739,0.527063467671987,0.5012198427758201
9,1,6,115,rf,optimized_action,0.5043478260869565,0.46973240707283265,0.4071628832413855
9,1,6,115,mlp,optimized_action,0.6086956521739131,0.589378442010021,0.5323936026023313
9,1,6,115,svm,optimized_full,0.2608695652173913,0.25888220605292217,0.11690306260728156
9,1,6,115,knn,optimized_full,0.25217391304347825,0.25448172564044774,0.10627146213627336
9,1,6,115,rf,optimized_full,0.2782608695652174,0.28163100989187945,0.1367459527900876
9,1,6,115,mlp,optimized_full,0.23478260869565218,0.22698412199690973,0.084742696934069
9,3,18,115,svm,raw,0.33043478260869563,0.3300689190933094,0.1954388515355262
9,3,18,115,knn,raw,0.30434782608695654,0.30305542364365895,0.16772209155056994
9,3,18,115,rf,raw,0.43478260869565216,0.4231900543531805,0.32076328941390275
9,3,18,115,mlp,raw,0.3652173913043478,0.36170055997642203,0.2386868595266164
9,3,18,115,svm,raw_pca17,0.5652173913043478,0.5727727406752174,0.4760820045558086
9,3,18,115,knn,raw_pca17,0.5826086956521739,0.5733597528655668,0.4993197278911564
9,3,18,115,rf,raw_pca17,0.7739130434782608,0.7745049216321447,0.7286997550131566
9,3,18,115,mlp,raw_pca17,0.6521739130434783,0.6460126177432872,0.5815899581589957
9,3,18,115,svm,corrected,0.6956521739130435,0.692155756241343,0.634090909090909
9,3,18,115,knn,corrected,0.6086956521739131,0.5796852329531151,0.5318436764971955
9,3,18,115,rf,corrected,0.7391304347826086,0.7432150529069657,0.6868760210564531
9,3,18,115,mlp,corrected,0.7304347826086957,0.720104739716406,0.6772879514800398
9,3,18,115,svm,optimized_action,0.7130434782608696,0.7119997538089193,0.6554072459820213
9,3,18,115,knn,optimized_action,0.5652173913043478,0.5609778436297065,0.4790250973996557
9,3,18,115,rf,optimized_action,0.7391304347826086,0.7439522889773204,0.6864206507907653
9,3,18,115,mlp,optimized_action,0.7304347826086957,0.7283718991036064,0.6767319550235763
9,3,18,115,svm,optimized_full,0.3739130434782609,0.3902017170959407,0.24904770542354449
9,3,18,115,knn,optimized_full,0.3652173913043478,0.3678481733766286,0.23944555173038606
9,3,18,115,rf,optimized_full,0.34782608695652173,0.3483878895556824,0.21797080424335846
9,3,18,115,mlp,optimized_full,0.3565217391304348,0.37245071561156307,0.22874750770346208
9,5,30,115,svm,raw,0.4608695652173913,0.44250349053646826,0.3515234197362437
9,5,30,115,knn,raw,0.34782608695652173,0.34339892614787426,0.21903295907279963
9,5,30,115,rf,raw,0.5826086956521739,0.5771220795598485,0.49986409350366945
9,5,30,115,mlp,raw,0.4434782608695652,0.43324890890108275,0.3315775133956951
9,5,30,115,svm,raw_pca17,0.6608695652173913,0.6674878080122149,0.5933079434167573
9,5,30,115,knn,raw_pca17,0.591304347826087,0.57835989101233,0.5112577990776743
9,5,30,115,rf,raw_pca17,0.7565217391304347,0.7575784592473536,0.7079365079365079
9,5,30,115,mlp,raw_pca17,0.6869565217391305,0.6747510378485232,0.624898070127752
9,5,30,115,svm,corrected,0.7739130434782608,0.7869887110873829,0.7289211242067091
9,5,30,115,knn,corrected,0.6956521739130435,0.6887770868815407,0.6356806661839247
9,5,30,115,rf,corrected,0.8434782608695652,0.8461463086463086,0.8120915032679739
9,5,30,115,mlp,corrected,0.8,0.8013518013518014,0.7602863875294543
9,5,30,115,svm,optimized_action,0.7739130434782608,0.7823133880681369,0.7288473746259182
9,5,30,115,knn,optimized_action,0.6782608695652174,0.6710684801143664,0.6142688786148127
9,5,30,115,rf,optimized_action,0.8260869565217391,0.8273948081393524,0.7912696251928487
9,5,30,115,mlp,optimized_action,0.8173913043478261,0.8199627625975509,0.7807933194154488
9,5,30,115,svm,optimized_full,0.45217391304347826,0.4624904143577568,0.34160305343511443
9,5,30,115,knn,optimized_full,0.3739130434782609,0.38100016817821963,0.2504752421471893
9,5,30,115,rf,optimized_full,0.46956521739130436,0.48492400141392716,0.3644682007610074
9,5,30,115,mlp,optimized_full,0.5043478260869565,0.518254269265959,0.40528034839412086
9,10,60,115,svm,raw,0.5478260869565217,0.5517051264950424,0.4576455650281154
9,10,60,115,knn,raw,0.40869565217391307,0.41099588569795054,0.2904455131113328
9,10,60,115,rf,raw,0.6869565217391305,0.6887152686291854,0.6245579033281945
9,10,60,115,mlp,raw,0.6,0.6001907231844289,0.5198329853862214
9,10,60,115,svm,raw_pca17,0.7217391304347827,0.7349509173038585,0.6653937079468994
9,10,60,115,knn,raw_pca17,0.7304347826086957,0.7261694284190039,0.6767612657539215
9,10,60,115,rf,raw_pca17,0.8869565217391304,0.8899595750113988,0.8643867924528302
9,10,60,115,mlp,raw_pca17,0.7913043478260869,0.7933977039240198,0.7492732558139535
9,10,60,115,svm,corrected,0.8782608695652174,0.8850815447454102,0.8539417581420666
9,10,60,115,knn,corrected,0.8434782608695652,0.8480655802033135,0.8121597096188747
9,10,60,115,rf,corrected,0.9130434782608695,0.913757951993246,0.895511539160458
9,10,60,115,mlp,corrected,0.8956521739130435,0.8985999679570131,0.8746821649110061
9,10,60,115,svm,optimized_action,0.8521739130434782,0.8586609508668333,0.8224502769957316
9,10,60,115,knn,optimized_action,0.782608695652174,0.7843744093744095,0.7393708639289276
9,10,60,115,rf,optimized_action,0.9043478260869565,0.9042618160205741,0.8850418029807343
9,10,60,115,mlp,optimized_action,0.8782608695652174,0.8799565771588727,0.8537427325581396
9,10,60,115,svm,optimized_full,0.6086956521739131,0.6296653851183038,0.5286455961380817
9,10,60,115,knn,optimized_full,0.5652173913043478,0.5679133951445164,0.4794966959355481
9,10,60,115,rf,optimized_full,0.7304347826086957,0.7306397306397306,0.6762916553164442
9,10,60,115,mlp,optimized_full,0.6695652173913044,0.6884428690205765,0.6025827573663151
10,1,6,115,svm,raw,0.19130434782608696,0.17454083575748056,0.02382256297918961
10,1,6,115,knn,raw,0.19130434782608696,0.17454083575748056,0.02382256297918961
10,1,6,115,rf,raw,0.26956521739130435,0.23687518192162157,0.12029869775066038
10,1,6,115,mlp,raw,0.22608695652173913,0.20028822181296388,0.06700091157702848
10,1,6,115,svm,raw_pca17,0.4,0.37706930415263745,0.2814452594403696
10,1,6,115,knn,raw_pca17,0.4,0.37706930415263745,0.2814452594403696
10,1,6,115,rf,raw_pca17,0.3130434782608696,0.2925032702924417,0.1750658312902934
10,1,6,115,mlp,raw_pca17,0.4,0.3657988623126039,0.28111976807392647
10,1,6,115,svm,corrected,0.41739130434782606,0.4052354634011246,0.298525127458121
10,1,6,115,knn,corrected,0.41739130434782606,0.4052354634011246,0.298525127458121
10,1,6,115,rf,corrected,0.5391304347826087,0.5085680053919619,0.4432773109243697
10,1,6,115,mlp,corrected,0.4,0.380465856324808,0.28157537347215933
10,1,6,115,svm,optimized_action,0.4434782608695652,0.4340122255798871,0.3295682273638185
10,1,6,115,knn,optimized_action,0.4434782608695652,0.4340122255798871,0.3295682273638185
10,1,6,115,rf,optimized_action,0.4956521739130435,0.45521924371166117,0.39086757990867593
10,1,6,115,mlp,optimized_action,0.3652173913043478,0.3645347419341227,0.2398587468308585
10,1,6,115,svm,optimized_full,0.2,0.17804733954801763,0.035463579177682614
10,1,6,115,knn,optimized_full,0.2,0.17804733954801763,0.035463579177682614
10,1,6,115,rf,optimized_full,0.20869565217391303,0.18968446639626432,0.04612159329140464
10,1,6,115,mlp,optimized_full,0.20869565217391303,0.1963207089768196,0.04725054624908975
10,3,18,115,svm,raw,0.3391304347826087,0.2941863834667433,0.20718432510885343
10,3,18,115,knn,raw,0.30434782608695654,0.28329032169810137,0.1642441860465116
10,3,18,115,rf,raw,0.43478260869565216,0.39836860670194,0.321810923607331
10,3,18,115,mlp,raw,0.3217391304347826,0.2838272725133027,0.18558198656255664
10,3,18,115,svm,raw_pca17,0.6086956521739131,0.6096275398636893,0.530399274047187
10,3,18,115,knn,raw_pca17,0.591304347826087,0.577393373045547,0.5079654073736913
10,3,18,115,rf,raw_pca17,0.5826086956521739,0.5759710930442637,0.4988196840384964
10,3,18,115,mlp,raw_pca17,0.6260869565217392,0.6157265057504269,0.5500045500045501
10,3,18,115,svm,corrected,0.7304347826086957,0.7258620431964188,0.6762034514078111
10,3,18,115,knn,corrected,0.6434782608695652,0.6445530606099712,0.5720638954438192
10,3,18,115,rf,corrected,0.7130434782608696,0.7189617161554948,0.6555636231620983
10,3,18,115,mlp,corrected,0.7130434782608696,0.7126509233431104,0.655250726744186
10,3,18,115,svm,optimized_action,0.7391304347826086,0.7411154225178617,0.686620038150604
10,3,18,115,knn,optimized_action,0.6782608695652174,0.6724247637543895,0.6131818181818182
10,3,18,115,rf,optimized_action,0.7478260869565218,0.7501770396507239,0.6973409565296307
10,3,18,115,mlp,optimized_action,0.7652173913043478,0.7658257611987885,0.7179324127906976
10,3,18,115,svm,optimized_full,0.4434782608695652,0.45086462509199476,0.33411743418076556
10,3,18,115,knn,optimized_full,0.3565217391304348,0.35970355382120095,0.22944585295182918
10,3,18,115,rf,optimized_full,0.5217391304347826,0.5226047178892447,0.4273945319572696
10,3,18,115,mlp,optimized_full,0.43478260869565216,0.4349935195523431,0.3245075004518344
10,5,30,115,svm,raw,0.40869565217391307,0.3653056819723486,0.2905742538328949
10,5,30,115,knn,raw,0.43478260869565216,0.41290305781628783,0.3185340505059714
10,5,30,115,rf,raw,0.4608695652173913,0.4413807494725716,0.35270086246028154
10,5,30,115,mlp,raw,0.41739130434782606,0.38256389539528457,0.3001816530426884
10,5,30,115,svm,raw_pca17,0.7043478260869566,0.6961105727038065,0.6455122393472348
10,5,30,115,knn,raw_pca17,0.6260869565217392,0.6225025206269845,0.5484842951059168
10,5,30,115,rf,raw_pca17,0.808695652173913,0.7972553298640256,0.7700836059614686
10,5,30,115,mlp,raw_pca17,0.6695652173913044,0.6516709985748205,0.6033042846768337
10,5,30,115,svm,corrected,0.8347826086956521,0.8238271909003617,0.8016521423384169
10,5,30,115,knn,corrected,0.8260869565217391,0.8229613408792975,0.791080025433736
10,5,30,115,rf,corrected,0.8695652173913043,0.8667517996465365,0.8433669299918278
10,5,30,115,mlp,corrected,0.8434782608695652,0.8407356775777829,0.8119549418604651
10,5,30,115,svm,optimized_action,0.808695652173913,0.8008329275670252,0.7703549060542798
10,5,30,115,knn,optimized_action,0.8,0.7912320592803357,0.7595673120625398
10,5,30,115,rf,optimized_action,0.8521739130434782,0.8493282877731705,0.8225147526100772
10,5,30,115,mlp,optimized_action,0.808695652173913,0.8020873698623059,0.7701462705551012
10,5,30,115,svm,optimized_full,0.6,0.5829407972265116,0.5193094048159927
10,5,30,115,knn,optimized_full,0.5130434782608696,0.5006574099173721,0.41433248453983273
10,5,30,115,rf,optimized_full,0.7391304347826086,0.7280444327873948,0.6865061335756475
10,5,30,115,mlp,optimized_full,0.591304347826087,0.5759511880103956,0.5086363636363637
10,10,60,115,svm,raw,0.5739130434782609,0.573721340388007,0.48833197130663764
10,10,60,115,knn,raw,0.46956521739130436,0.4394107991007216,0.3622147467951632
10,10,60,115,rf,raw,0.6260869565217392,0.6184987851654519,0.5514332365747461
10,10,60,115,mlp,raw,0.6173913043478261,0.6135880646502204,0.5407931754242672
10,10,60,115,svm,raw_pca17,0.808695652173913,0.8112065547503137,0.7705423544349719
10,10,60,115,knn,raw_pca17,0.7652173913043478,0.765375634570681,0.7173160961398397
10,10,60,115,rf,raw_pca17,0.8695652173913043,0.8717131724484665,0.8431675606873352
10,10,60,115,mlp,raw_pca17,0.8608695652173913,0.8667396432728097,0.8327120647331576
10,10,60,115,svm,corrected,0.9043478260869565,0.9036312085809933,0.8852295409181636
10,10,60,115,knn,corrected,0.8695652173913043,0.86988381988382,0.8434380105282265
10,10,60,115,rf,corrected,0.9217391304347826,0.9216101408014117,0.9060883767353235
10,10,60,115,mlp,corrected,0.8695652173913043,0.8715490984236737,0.843395369950068
10,10,60,115,svm,optimized_action,0.8869565217391304,0.8879699248120301,0.8643498775065783
10,10,60,115,knn,optimized_action,0.8,0.7984171823091112,0.7600036294347156
10,10,60,115,rf,optimized_action,0.8869565217391304,0.8890265347261496,0.8643129424577963
10,10,60,115,mlp,optimized_action,0.8869565217391304,0.8875970046701754,0.8641773416916507
10,10,60,115,svm,optimized_full,0.6782608695652174,0.6882928558153205,0.6142339075249319
10,10,60,115,knn,optimized_full,0.5304347826086957,0.5352017294325894,0.4361209479705802
10,10,60,115,rf,optimized_full,0.7304347826086957,0.7159199172029965,0.6762916553164442
10,10,60,115,mlp,optimized_full,0.6086956521739131,0.6085460620344342,0.5303140315846796
11,1,6,115,svm,raw,0.28695652173913044,0.24530384309920913,0.14443839593540186
11,1,6,115,knn,raw,0.28695652173913044,0.24530384309920913,0.14443839593540186
11,1,6,115,rf,raw,0.33043478260869563,0.25923786181139125,0.19791666666666663
11,1,6,115,mlp,raw,0.26956521739130435,0.26290886382305,0.12563359884141934
11,1,6,115,svm,raw_pca17,0.33043478260869563,0.3038369335081444,0.20030705319245012
11,1,6,115,knn,raw_pca17,0.33043478260869563,0.3038369335081444,0.20030705319245012
11,1,6,115,rf,raw_pca17,0.34782608695652173,0.2914516517964794,0.22002170374389574
11,1,6,115,mlp,raw_pca17,0.2,0.19987053311828662,0.04598737601442726
11,1,6,115,svm,corrected,0.591304347826087,0.5740656578160173,0.5115669618651726
11,1,6,115,knn,corrected,0.591304347826087,0.5740656578160173,0.5115669618651726
11,1,6,115,rf,corrected,0.5043478260869565,0.461287309182046,0.40667994207096303
11,1,6,115,mlp,corrected,0.6,0.5795844418137922,0.5220023493268275
11,1,6,115,svm,optimized_action,0.5478260869565217,0.5037457173315587,0.4598012646793135
11,1,6,115,knn,optimized_action,0.5478260869565217,0.5037457173315587,0.4598012646793135
11,1,6,115,rf,optimized_action,0.4956521739130435,0.44433475127023514,0.39643471179078826
11,1,6,115,mlp,optimized_action,0.5652173913043478,0.5064504209241051,0.4809532406571584
11,1,6,115,svm,optimized_full,0.28695652173913044,0.25506579266269186,0.14868646745508718
11,1,6,115,knn,optimized_full,0.2782608695652174,0.24904192209156747,0.13830459510697835
11,1,6,115,rf,optimized_full,0.33043478260869563,0.30235170427288655,0.20081227436823113
11,1,6,115,mlp,optimized_full,0.3217391304347826,0.28415361481723034,0.18852903926180586
11,3,18,115,svm,raw,0.391304347826087,0.3728822334645403,0.2702384190009971
11,3,18,115,knn,raw,0.26956521739130435,0.2541480156612432,0.12181818181818183
11,3,18,115,rf,raw,0.40869565217391307,0.40558823529411764,0.29294755877034373
11,3,18,115,mlp,raw,0.391304347826087,0.38035958035958034,0.270436831611383
11,3,18,115,svm,raw_pca17,0.6869565217391305,0.7082097114280318,0.6248300860897147
11,3,18,115,knn,raw_pca17,0.6086956521739131,0.6117343304843305,0.5304418836766174
11,3,18,115,rf,raw_pca17,0.7130434782608696,0.721580275928102,0.6562811339552577
11,3,18,115,mlp,raw_pca17,0.7043478260869566,0.7167732804765129,0.6453514739229025
11,3,18,115,svm,corrected,0.782608695652174,0.7835053565736083,0.7387076251931292
11,3,18,115,knn,corrected,0.7391304347826086,0.7439368350469633,0.6870464441219157
11,3,18,115,rf,corrected,0.7913043478260869,0.7938284625591128,0.7498413849361008
11,3,18,115,mlp,corrected,0.782608695652174,0.7805596069326047,0.7394653375623017
11,3,18,115,svm,optimized_action,0.782608695652174,0.7848611128228091,0.7386363636363638
11,3,18,115,knn,optimized_action,0.7217391304347827,0.7213909907768357,0.6664854087366323
11,3,18,115,rf,optimized_action,0.8,0.8027257421580267,0.7601777133012966
11,3,18,115,mlp,optimized_action,0.782608695652174,0.7842809769527862,0.7394181093084383
11,3,18,115,svm,optimized_full,0.5217391304347826,0.5203957318327638,0.42505226797563855
11,3,18,115,knn,optimized_full,0.5217391304347826,0.5102020793426031,0.4245815138282387
11,3,18,115,rf,optimized_full,0.5565217391304348,0.552754341998528,0.4676409185803758
11,3,18,115,mlp,optimized_full,0.5652173913043478,0.5610649842073991,0.47765261627906985
11,5,30,115,svm,raw,0.40869565217391307,0.3897638229775963,0.29371387283237005
11,5,30,115,knn,raw,0.3391304347826087,0.3200405681025836,0.2071124013426473
11,5,30,115,rf,raw,0.5565217391304348,0.5312755820002196,0.4703810727830955
11,5,30,115,mlp,raw,0.4608695652173913,0.4409669641172617,0.35562584726615454
11,5,30,115,svm,raw_pca17,0.6434782608695652,0.659778383662765,0.5733417790245227
11,5,30,115,knn,raw_pca17,0.6608695652173913,0.6584763895108723,0.5935659265971908
11,5,30,115,rf,raw_pca17,0.7304347826086957,0.7247726415067163,0.6776381227959128
11,5,30,115,mlp,raw_pca17,0.7217391304347827,0.7238231649996356,0.666273691847284
11,5,30,115,svm,corrected,0.7739130434782608,0.7681554055891278,0.7297297297297298
11,5,30,115,knn,corrected,0.7304347826086957,0.7263777569521408,0.6773171614771905
11,5,30,115,rf,corrected,0.8173913043478261,0.8177490887765205,0.7813886122929302
11,5,30,115,mlp,corrected,0.7043478260869566,0.6914943852443852,0.6463138851198553
11,5,30,115,svm,optimized_action,0.8173913043478261,0.8250875415489077,0.7812103641964124
11,5,30,115,knn,optimized_action,0.7130434782608696,0.714476702594133,0.6558447447175115
11,5,30,115,rf,optimized_action,0.8173913043478261,0.8189812207783967,0.7811310494834149
11,5,30,115,mlp,optimized_action,0.7565217391304347,0.756214840934705,0.7083333333333333
11,5,30,115,svm,optimized_full,0.6260869565217392,0.6332671421343369,0.5511482254697286
11,5,30,115,knn,optimized_full,0.5565217391304348,0.5440254725969011,0.4669635553939836
11,5,30,115,rf,optimized_full,0.7043478260869566,0.7084426626033512,0.6449650413148098
11,5,30,115,mlp,optimized_full,0.6260869565217392,0.6172868520694608,0.5509036418127327
11,10,60,115,svm,raw,0.6086956521739131,0.6046034513776449,0.5315470263419934
11,10,60,115,knn,raw,0.43478260869565216,0.41822195822195835,0.3216878402903812
11,10,60,115,rf,raw,0.6956521739130435,0.6872534872534873,0.6357136392433704
11,10,60,115,mlp,raw,0.6173913043478261,0.6158465956507572,0.5413758723828515
11,10,60,115,svm,raw_pca17,0.782608695652174,0.7976233625824333,0.7392999637286906
11,10,60,115,knn,raw_pca17,0.782608695652174,0.7899597478544846,0.7389211768979296
11,10,60,115,rf,raw_pca17,0.9043478260869565,0.9053177763383154,0.8852919840406239
11,10,60,115,mlp,raw_pca17,0.8260869565217391,0.8277642953509449,0.7915155910079767
11,10,60,115,svm,corrected,0.8608695652173913,0.86519082308556,0.8331671049052498
11,10,60,115,knn,corrected,0.7739130434782608,0.7715250308921485,0.7281571051913811
11,10,60,115,rf,corrected,0.9217391304347826,0.9238545027697788,0.9061139332365747
11,10,60,115,mlp,corrected,0.8521739130434782,0.8516142252596263,0.8225791814139214
11,10,60,115,svm,optimized_action,0.8521739130434782,0.8563061400270703,0.8227239753355096
11,10,60,115,knn,optimized_action,0.8173913043478261,0.8191875490385102,0.7806140988372093
11,10,60,115,rf,optimized_action,0.8956521739130435,0.8973721067374317,0.8748639825897715
11,10,60,115,mlp,optimized_action,0.8260869565217391,0.8241294492408288,0.7913453687743808
11,10,60,115,svm,optimized_full,0.6782608695652174,0.6746405496405498,0.6135682499318863
11,10,60,115,knn,optimized_full,0.6086956521739131,0.5996843434343434,0.5305696661828737
11,10,60,115,rf,optimized_full,0.8434782608695652,0.8423064691036449,0.8121937942297224
11,10,60,115,mlp,optimized_full,0.7043478260869566,0.6979885810127745,0.644997276193935
12,1,6,115,svm,raw,0.21739130434782608,0.19652415570903692,0.0606280631693592
12,1,6,115,knn,raw,0.21739130434782608,0.19652415570903692,0.0606280631693592
12,1,6,115,rf,raw,0.2782608695652174,0.24043039616810105,0.13486812290401518
12,1,6,115,mlp,raw,0.1826086956521739,0.16879888455168116,0.019323233239590065
12,1,6,115,svm,raw_pca17,0.3130434782608696,0.2810668921656713,0.17753032772044175
12,1,6,115,knn,raw_pca17,0.3130434782608696,0.2810668921656713,0.17753032772044175
12,1,6,115,rf,raw_pca17,0.26956521739130435,0.23593249860330603,0.12133891213389147
12,1,6,115,mlp,raw_pca17,0.1826086956521739,0.1511930903235251,0.0188781993102195
12,1,6,115,svm,corrected,0.4,0.41313174377283546,0.2809894889452701
12,1,6,115,knn,corrected,0.4,0.41313174377283546,0.2809894889452701
12,1,6,115,rf,corrected,0.5043478260869565,0.4982422261834026,0.4068410098633608
12,1,6,115,mlp,corrected,0.46956521739130436,0.4823240419638379,0.36302551530009985
12,1,6,115,svm,optimized_action,0.391304347826087,0.39584492888064315,0.27116342236306024
12,1,6,115,knn,optimized_action,0.391304347826087,0.39584492888064315,0.27116342236306024
12,1,6,115,rf,optimized_action,0.4782608695652174,0.45702512889213653,0.37522636725823977
12,1,6,115,mlp,optimized_action,0.4260869565217391,0.41636107593862787,0.31200145032632354
12,1,6,115,svm,optimized_full,0.23478260869565218,0.2314062851450688,0.08191962260727581
12,1,6,115,knn,optimized_full,0.24347826086956523,0.24320700951906626,0.09111555232558133
12,1,6,115,rf,optimized_full,0.20869565217391303,0.1794755897581337,0.051653828726778483
12,1,6,115,mlp,optimized_full,0.1826086956521739,0.1773092691182753,0.018254472799927535
12,3,18,115,svm,raw,0.3739130434782609,0.3636900918829416,0.2512885432679265
12,3,18,115,knn,raw,0.3217391304347826,0.31052259741567306,0.18823529411764706
12,3,18,115,rf,raw,0.43478260869565216,0.4267228029423152,0.323161897863093
12,3,18,115,mlp,raw,0.40869565217391307,0.3909283615165968,0.2926917510853835
12,3,18,115,svm,raw_pca17,0.4782608695652174,0.47024269827241544,0.37804218496484576
12,3,18,115,knn,raw_pca17,0.4608695652173913,0.46773102965053437,0.35334663522582976
12,3,18,115,rf,raw_pca17,0.591304347826087,0.568072054669478,0.5112577990776743
12,3,18,115,mlp,raw_pca17,0.4956521739130435,0.4844003668576051,0.39627081824764665
12,3,18,115,svm,corrected,0.6608695652173913,0.663256156027841,0.5952531359985561
12,3,18,115,knn,corrected,0.591304347826087,0.5694215378007956,0.5120079451065367
12,3,18,115,rf,corrected,0.6695652173913044,0.6612197542324584,0.6054888507718696
12,3,18,115,mlp,corrected,0.591304347826087,0.5840270484044553,0.5122721530409673
12,3,18,115,svm,optimized_action,0.6173913043478261,0.5961129397393838,0.5438564860722979
12,3,18,115,knn,optimized_action,0.6,0.5698638059736458,0.5225200830399856
12,3,18,115,rf,optimized_action,0.6869565217391305,0.6783374294204706,0.6262525954680871
12,3,18,115,mlp,optimized_action,0.5826086956521739,0.554857202418178,0.5020297699594046
12,3,18,115,svm,optimized_full,0.46956521739130436,0.47016326073894216,0.3620987542056924
12,3,18,115,knn,optimized_full,0.43478260869565216,0.4201941629339838,0.3257261410788381
12,3,18,115,rf,optimized_full,0.4608695652173913,0.44746818480121525,0.3575997837643031
12,3,18,115,mlp,optimized_full,0.4260869565217391,0.39299017997607183,0.31504376861294114
12,5,30,115,svm,raw,0.3826086956521739,0.3893040098922451,0.25927605914905205
12,5,30,115,knn,raw,0.4434782608695652,0.42983624683768157,0.3326079071454481
12,5,30,115,rf,raw,0.4956521739130435,0.4883502032052756,0.3953952139231326
12,5,30,115,mlp,raw,0.43478260869565216,0.4219643562631367,0.32242567077592454
12,5,30,115,svm,raw_pca17,0.5565217391304348,0.5737159455731562,0.4683165624150123
12,5,30,115,knn,raw_pca17,0.5826086956521739,0.5804355725741833,0.4998187749184486
12,5,30,115,rf,raw_pca17,0.6521739130434783,0.6492005742005742,0.5832200779197245
12,5,30,115,mlp,raw_pca17,0.6260869565217392,0.6243594726566862,0.5510667271901952
12,5,30,115,svm,corrected,0.7478260869565218,0.7482329646803332,0.6982173558953941
12,5,30,115,knn,corrected,0.7043478260869566,0.6885108591783817,0.6467612250429127
12,5,30,115,rf,corrected,0.8434782608695652,0.842254684327855,0.8125
12,5,30,115,mlp,corrected,0.7478260869565218,0.7388159538535478,0.6986536550103912
12,5,30,115,svm,optimized_action,0.7391304347826086,0.7361842105263158,0.6874433774234463
12,5,30,115,knn,optimized_action,0.6521739130434783,0.6285897939406712,0.5845000451630386
12,5,30,115,rf,optimized_action,0.8695652173913043,0.869752343436554,0.8436366932559827
12,5,30,115,mlp,optimized_action,0.7304347826086957,0.7226343101343101,0.677433948606587
12,5,30,115,svm,optimized_full,0.5304347826086957,0.53863772708287,0.4358648255813953
12,5,30,115,knn,optimized_full,0.4782608695652174,0.46538118340608436,0.37720010831302475
12,5,30,115,rf,optimized_full,0.5478260869565217,0.535826405222957,0.45882352941176474
12,5,30,115,mlp,optimized_full,0.5130434782608696,0.5069142878766592,0.4163494652891063
12,10,60,115,svm,raw,0.6086956521739131,0.617762029994852,0.5306122448979591
12,10,60,115,knn,raw,0.5739130434782609,0.5648803352189103,0.4893520616221114
12,10,60,115,rf,raw,0.7478260869565218,0.7590562332010151,0.6971210607574244
12,10,60,115,mlp,raw,0.6434782608695652,0.6408446524235999,0.5722968069666183
12,10,60,115,svm,raw_pca17,0.7913043478260869,0.8093915888033535,0.7495690046275292
12,10,60,115,knn,raw_pca17,0.808695652173913,0.8076843680468851,0.770500725689405
12,10,60,115,rf,raw_pca17,0.9043478260869565,0.9059290998315387,0.8852087114337568
12,10,60,115,mlp,raw_pca17,0.8260869565217391,0.8282555597071727,0.7911369415183437
12,10,60,115,svm,corrected,0.8695652173913043,0.8707314457314458,0.8435799782372144
12,10,60,115,knn,corrected,0.8260869565217391,0.8252940042413727,0.791402140395429
12,10,60,115,rf,corrected,0.9391304347826087,0.9399988478935847,0.9269443688174971
12,10,60,115,mlp,corrected,0.8869565217391304,0.8873902044633754,0.8643744897033476
12,10,60,115,svm,optimized_action,0.8434782608695652,0.846802596802597,0.812312993018406
12,10,60,115,knn,optimized_action,0.7652173913043478,0.759420402067461,0.7188264058679708
12,10,60,115,rf,optimized_action,0.9478260869565217,0.9489905318852686,0.9373752042112906
12,10,60,115,mlp,optimized_action,0.8521739130434782,0.8526037965062355,0.8225469728601253
12,10,60,115,svm,optimized_full,0.6521739130434783,0.6505832610095282,0.5824255628177196
12,10,60,115,knn,optimized_full,0.5391304347826087,0.5362180013616402,0.448665762098598
12,10,60,115,rf,optimized_full,0.7565217391304347,0.7537696491752078,0.707936507936508
12,10,60,115,mlp,optimized_full,0.6260869565217392,0.622744485948491,0.5521239018204872
13,1,6,115,svm,raw,0.19130434782608696,0.16181635968252756,0.028345598255655635
13,1,6,115,knn,raw,0.19130434782608696,0.16181635968252756,0.028345598255655635
13,1,6,115,rf,raw,0.20869565217391303,0.1783555797247481,0.054822976878612706
13,1,6,115,mlp,raw,0.14782608695652175,0.1345284177521547,-0.021203334541500585
13,1,6,115,svm,raw_pca17,0.4956521739130435,0.4478199612115661,0.3939118582462515
13,1,6,115,knn,raw_pca17,0.4956521739130435,0.4478199612115661,0.3939118582462515
13,1,6,115,rf,raw_pca17,0.3652173913043478,0.31511932003922855,0.2364016736401673
13,1,6,115,mlp,raw_pca17,0.4782608695652174,0.4354620693539257,0.37403610632314244
13,1,6,115,svm,corrected,0.3739130434782609,0.30978510178017565,0.24952415480830237
13,1,6,115,knn,corrected,0.3739130434782609,0.30978510178017565,0.24952415480830237
13,1,6,115,rf,corrected,0.43478260869565216,0.3904784515895627,0.32493452542219825
13,1,6,115,mlp,corrected,0.4434782608695652,0.4011151368760064,0.3353201481080107
13,1,6,115,svm,optimized_action,0.4,0.33736955476085906,0.2826794431386729
13,1,6,115,knn,optimized_action,0.4,0.33736955476085906,0.2826794431386729
13,1,6,115,rf,optimized_action,0.41739130434782606,0.3572341313305169,0.3039118258198573
13,1,6,115,mlp,optimized_action,0.41739130434782606,0.39092410660071947,0.3022729330797791
13,1,6,115,svm,optimized_full,0.3130434782608696,0.23646658152405278,0.18049792531120323
13,1,6,115,knn,optimized_full,0.30434782608695654,0.23270110315212764,0.16989984661192825
13,1,6,115,rf,optimized_full,0.30434782608695654,0.2514645678811464,0.16847433116413613
13,1,6,115,mlp,optimized_full,0.3217391304347826,0.23808836996336993,0.19006772009029338
13,3,18,115,svm,raw,0.3739130434782609,0.3612762706965605,0.24603897286468768
13,3,18,115,knn,raw,0.3826086956521739,0.37414410208527854,0.2550182481751826
13,3,18,115,rf,raw,0.4608695652173913,0.45686960102890434,0.34933382004015323
13,3,18,115,mlp,raw,0.3739130434782609,0.36435293101959765,0.24638208792208982
13,3,18,115,svm,raw_pca17,0.6956521739130435,0.6970764208326786,0.6343236122467522
13,3,18,115,knn,raw_pca17,0.6521739130434783,0.6646065124788528,0.5815899581589957
13,3,18,115,rf,raw_pca17,0.6956521739130435,0.7028760863319686,0.6333576243395882
13,3,18,115,mlp,raw_pca17,0.6608695652173913,0.6527376625077773,0.5909712722298222
13,3,18,115,svm,corrected,0.7739130434782608,0.7727167432370181,0.7283793604651163
13,3,18,115,knn,corrected,0.6434782608695652,0.6384408602150539,0.5730326903921037
13,3,18,115,rf,corrected,0.7652173913043478,0.7678475935828878,0.7181372549019608
13,3,18,115,mlp,corrected,0.7043478260869566,0.7082209087468555,0.6450617283950617
13,3,18,115,svm,optimized_action,0.7565217391304347,0.7565225329901826,0.7075386012715713
13,3,18,115,knn,optimized_action,0.6695652173913044,0.6573078769702404,0.6035202322627472
13,3,18,115,rf,optimized_action,0.7913043478260869,0.7843158600731378,0.7493643298220123
13,3,18,115,mlp,optimized_action,0.7478260869565218,0.7498200886704004,0.6970660368789172
13,3,18,115,svm,optimized_full,0.4260869565217391,0.41697489390662684,0.3084282460136675
13,3,18,115,knn,optimized_full,0.4260869565217391,0.40357569503080337,0.3096862210095498
13,3,18,115,rf,optimized_full,0.43478260869565216,0.43133534895439657,0.3201455206912234
13,3,18,115,mlp,optimized_full,0.4782608695652174,0.4520438072324864,0.3712411153635867
13,5,30,115,svm,raw,0.41739130434782606,0.4000588175756068,0.30075324439604323
13,5,30,115,knn,raw,0.4260869565217391,0.41715980719317763,0.31062670299727513
13,5,30,115,rf,raw,0.5565217391304348,0.547236057569573,0.46647866824342765
13,5,30,115,mlp,raw,0.43478260869565216,0.4204289269506661,0.3222413636775774
13,5,30,115,svm,raw_pca17,0.782608695652174,0.7882337180666744,0.739394488759971
13,5,30,115,knn,raw_pca17,0.6869565217391305,0.6892615304380011,0.6239098837209303
13,5,30,115,rf,raw_pca17,0.808695652173913,0.8129565105174862,0.7703757487747322
13,5,30,115,mlp,raw_pca17,0.6956521739130435,0.7002391237990615,0.6349206349206349
13,5,30,115,svm,corrected,0.8173913043478261,0.8208142906285322,0.7807734204793029
13,5,30,115,knn,corrected,0.7043478260869566,0.691138712797699,0.6459616081130026
13,5,30,115,rf,corrected,0.8347826086956521,0.8369032436822968,0.8016521423384169
13,5,30,115,mlp,corrected,0.8173913043478261,0.8179566876614374,0.7810119695321001
13,5,30,115,svm,optimized_action,0.8173913043478261,0.8190293458265216,0.780952380952381
13,5,30,115,knn,optimized_action,0.6956521739130435,0.6811136187660578,0.6356476871548837
13,5,30,115,rf,optimized_action,0.7913043478260869,0.7934357858470467,0.749705268885463
13,5,30,115,mlp,optimized_action,0.8173913043478261,0.8179563166405273,0.7810913705583756
13,5,30,115,svm,optimized_full,0.46956521739130436,0.4793837535014005,0.36533067945354203
13,5,30,115,knn,optimized_full,0.41739130434782606,0.42716133768765346,0.3029672516736024
13,5,30,115,rf,optimized_full,0.5826086956521739,0.595162030045751,0.498956158663883
13,5,30,115,mlp,optimized_full,0.4608695652173913,0.47269737269737266,0.3542836442673428
13,10,60,115,svm,raw,0.6608695652173913,0.662030231931633,0.5934185477291272
13,10,60,115,knn,raw,0.4956521739130435,0.48711985893339155,0.3944071182131831
13,10,60,115,rf,raw,0.7304347826086957,0.7275776752554634,0.6767905711695377
13,10,60,115,mlp,raw,0.5826086956521739,0.5802254559480631,0.5001810938065918
13,10,60,115,svm,raw_pca17,0.8695652173913043,0.868747236616001,0.8434380105282265
13,10,60,115,knn,raw_pca17,0.8,0.7993610505881139,0.7601777133012966
13,10,60,115,rf,raw_pca17,0.8869565217391304,0.8942357192357192,0.8640414696253182
13,10,60,115,mlp,raw_pca17,0.8260869565217391,0.8288295338658935,0.7911369415183436
13,10,60,115,svm,corrected,0.8869565217391304,0.8889940714154122,0.8645342515404132
13,10,60,115,knn,corrected,0.7652173913043478,0.7483533699434357,0.7190807925450104
13,10,60,115,rf,corrected,0.9304347826086956,0.9327258577258578,0.9164851125635439
13,10,60,115,mlp,corrected,0.8608695652173913,0.8605502623474383,0.8331973529145137
13,10,60,115,svm,optimized_action,0.8782608695652174,0.8781788220812611,0.8541270272719036
13,10,60,115,knn,optimized_action,0.782608695652174,0.774128540305011,0.7398190045248869
13,10,60,115,rf,optimized_action,0.8956521739130435,0.8977796477796477,0.8748412842372574
13,10,60,115,mlp,optimized_action,0.8521739130434782,0.8512387564019054,0.8228203733913358
13,10,60,115,svm,optimized_full,0.6608695652173913,0.6571548035723822,0.5941543751696681
13,10,60,115,knn,optimized_full,0.5304347826086957,0.522482174688057,0.4384664074509449
13,10,60,115,rf,optimized_full,0.7391304347826086,0.7388119827144218,0.6874150584397933
13,10,60,115,mlp,optimized_full,0.6173913043478261,0.6168617807565111,0.5412927205149125
14,1,6,115,svm,raw,0.21739130434782608,0.14973108192620388,0.06520953757225445
14,1,6,115,knn,raw,0.21739130434782608,0.14973108192620388,0.06520953757225445
14,1,6,115,rf,raw,0.26956521739130435,0.2237878030681629,0.12737127371273704
14,1,6,115,mlp,raw,0.25217391304347825,0.20173491296679702,0.10723957393031225
14,1,6,115,svm,raw_pca17,0.30434782608695654,0.2613115279781946,0.1675714802750634
14,1,6,115,knn,raw_pca17,0.30434782608695654,0.2613115279781946,0.1675714802750634
14,1,6,115,rf,raw_pca17,0.26956521739130435,0.24915520584891784,0.1258709619039
14,1,6,115,mlp,raw_pca17,0.3652173913043478,0.32322693270969133,0.24013396089790018
14,1,6,115,svm,corrected,0.3826086956521739,0.36194048353414227,0.2634854771784232
14,1,6,115,knn,corrected,0.3826086956521739,0.36194048353414227,0.2634854771784232
14,1,6,115,rf,corrected,0.4434782608695652,0.40446743080494096,0.33507995302195315
14,1,6,115,mlp,corrected,0.3739130434782609,0.3643493647524463,0.25311203319502074
14,1,6,115,svm,optimized_action,0.45217391304347826,0.4382081905005773,0.34635510645976175
14,1,6,115,knn,optimized_action,0.45217391304347826,0.4382081905005773,0.34635510645976175
14,1,6,115,rf,optimized_action,0.46956521739130436,0.42609134160858303,0.3659616775126536
14,1,6,115,mlp,optimized_action,0.3826086956521739,0.3651257774064791,0.26361832611832603
14,1,6,115,svm,optimized_full,0.2,0.15337628112305474,0.0459013436739113
14,1,6,115,knn,optimized_full,0.2,0.15337628112305474,0.0459013436739113
14,1,6,115,rf,optimized_full,0.2,0.16955643390426,0.04684684684684681
14,1,6,115,mlp,optimized_full,0.24347826086956523,0.21012916521537214,0.09636921965317913
14,3,18,115,svm,raw,0.40869565217391307,0.4083498858890849,0.29153832215981157
14,3,18,115,knn,raw,0.40869565217391307,0.39409098802747566,0.2921795800144822
14,3,18,115,rf,raw,0.4782608695652174,0.4690402047737055,0.3732970027247956
14,3,18,115,mlp,raw,0.45217391304347826,0.42134089320247314,0.34315503173164097
14,3,18,115,svm,raw_pca17,0.6521739130434783,0.6682187660010239,0.5812471552116523
14,3,18,115,knn,raw_pca17,0.3826086956521739,0.3506224784859661,0.2613533562511309
14,3,18,115,rf,raw_pca17,0.6608695652173913,0.6670508732116347,0.5940809122997557
14,3,18,115,mlp,raw_pca17,0.591304347826087,0.599215078797656,0.5106382978723405
14,3,18,115,svm,corrected,0.7565217391304347,0.7621279717560784,0.7070863276630583
14,3,18,115,knn,corrected,0.6782608695652174,0.6872978407203427,0.6147578089633319
14,3,18,115,rf,corrected,0.7217391304347827,0.7313364621875259,0.6664249456127628
14,3,18,115,mlp,corrected,0.6869565217391305,0.6909740681670505,0.6244897959183673
14,3,18,115,svm,optimized_action,0.7304347826086957,0.7391469038208168,0.6757322175732217
14,3,18,115,knn,optimized_action,0.6869565217391305,0.6814912258877777,0.6253732693873858
14,3,18,115,rf,optimized_action,0.7130434782608696,0.719752035824475,0.6556261343012704
14,3,18,115,mlp,optimized_action,0.7043478260869566,0.7099472537553032,0.6459295481300371
14,3,18,115,svm,optimized_full,0.4782608695652174,0.44677803677803674,0.37635574837310193
14,3,18,115,knn,optimized_full,0.33043478260869563,0.31409342677146274,0.20196467195385714
14,3,18,115,rf,optimized_full,0.5478260869565217,0.5312480194097841,0.46004514672686225
14,3,18,115,mlp,optimized_full,0.5130434782608696,0.5012210968732708,0.41808981657179
14,5,30,115,svm,raw,0.4260869565217391,0.4237732095490716,0.31168948943502306
14,5,30,115,knn,raw,0.4260869565217391,0.4212962962962963,0.3123754303315819
14,5,30,115,rf,raw,0.45217391304347826,0.4381373746079628,0.34190208011626855
14,5,30,115,mlp,raw,0.4434782608695652,0.43095691976836514,0.3305439330543932
14,5,30,115,svm,raw_pca17,0.7739130434782608,0.7828719004470884,0.7280582082764893
14,5,30,115,knn,raw_pca17,0.6434782608695652,0.6344114888158535,0.5736118647133297
14,5,30,115,rf,raw_pca17,0.7217391304347827,0.7196925089081952,0.6665760623357797
14,5,30,115,mlp,raw_pca17,0.7130434782608696,0.7253601705934364,0.6557823129251701
14,5,30,115,svm,corrected,0.7913043478260869,0.7957630819472925,0.749705268885463
14,5,30,115,knn,corrected,0.7130434782608696,0.7209155594324556,0.6555948815682003
14,5,30,115,rf,corrected,0.7913043478260869,0.7989441390591324,0.7495917256396298
14,5,30,115,mlp,corrected,0.7217391304347827,0.7262153700750192,0.6661828737300435
14,5,30,115,svm,optimized_action,0.782608695652174,0.7871158221596269,0.7389922832501135
14,5,30,115,knn,optimized_action,0.7391304347826086,0.7432535037577055,0.6870464441219157
14,5,30,115,rf,optimized_action,0.8521739130434782,0.8562302062302063,0.8226596516690856
14,5,30,115,mlp,optimized_action,0.7130434782608696,0.7193121693121692,0.6560942455822384
14,5,30,115,svm,optimized_full,0.45217391304347826,0.44772537750732483,0.3440470801267542
14,5,30,115,knn,optimized_full,0.46956521739130436,0.45772209378127715,0.365445499773858
14,5,30,115,rf,optimized_full,0.591304347826087,0.5719929027783927,0.5116110960513238
14,5,30,115,mlp,optimized_full,0.48695652173913045,0.4915020555184795,0.3860284137182155
14,10,60,115,svm,raw,0.5826086956521739,0.5882147124082608,0.49913800925505847
14,10,60,115,knn,raw,0.4956521739130435,0.48585843169176496,0.39435212930173436
14,10,60,115,rf,raw,0.6521739130434783,0.657592652346871,0.5823876532001816
14,10,60,115,mlp,raw,0.6260869565217392,0.634422916886884,0.5506996183899691
14,10,60,115,svm,raw_pca17,0.8434782608695652,0.8524024577216068,0.8120744439400818
14,10,60,115,knn,raw_pca17,0.808695652173913,0.8097880697280547,0.7707294970548255
14,10,60,115,rf,raw_pca17,0.8956521739130435,0.8963575399621911,0.8747731397459165
14,10,60,115,mlp,raw_pca17,0.8,0.8005041478124809,0.7595891656062534
14,10,60,115,svm,corrected,0.8173913043478261,0.8223849021524544,0.7805542935029532
14,10,60,115,knn,corrected,0.8173913043478261,0.8198380566801621,0.7809921102747801
14,10,60,115,rf,corrected,0.8695652173913043,0.8692294089352912,0.8432388222464559
14,10,60,115,mlp,corrected,0.7391304347826086,0.7483939421320825,0.6863921461685302
14,10,60,115,svm,optimized_action,0.8,0.8061328585128895,0.7595673120625398
14,10,60,115,knn,optimized_action,0.8260869565217391,0.8301956441491326,0.7913264380330248
14,10,60,115,rf,optimized_action,0.8956521739130435,0.8968634904072493,0.8746366279069767
14,10,60,115,mlp,optimized_action,0.7478260869565218,0.7496555293581587,0.6969283896764813
14,10,60,115,svm,optimized_full,0.6,0.5922273497667346,0.519658585308272
14,10,60,115,knn,optimized_full,0.4956521739130435,0.4942164934424997,0.3962161672852357
14,10,60,115,rf,optimized_full,0.6869565217391305,0.6759698951951463,0.625169760072431
14,10,60,115,mlp,optimized_full,0.6,0.5968285776702292,0.5195713377531559
15,1,6,115,svm,raw,0.2956521739130435,0.26789094425649046,0.15217984891235103
15,1,6,115,knn,raw,0.2956521739130435,0.26789094425649046,0.15217984891235103
15,1,6,115,rf,raw,0.3217391304347826,0.29716623118078883,0.18164401058297597
15,1,6,115,mlp,raw,0.26956521739130435,0.25087654883621563,0.12093912093912074
15,1,6,115,svm,raw_pca17,0.4782608695652174,0.436721294108435,0.37414965986394566
15,1,6,115,knn,raw_pca17,0.4782608695652174,0.436721294108435,0.37414965986394566
15,1,6,115,rf,raw_pca17,0.45217391304347826,0.4306755943558209,0.3413636363636363
15,1,6,115,mlp,raw_pca17,0.391304347826087,0.3688037510897481,0.27142727848674086
15,1,6,115,svm,corrected,0.5217391304347826,0.5210684368579106,0.42713522325876274
15,1,6,115,knn,corrected,0.5217391304347826,0.5210684368579106,0.42713522325876274
15,1,6,115,rf,corrected,0.5652173913043478,0.5335146278563144,0.47855264351138116
15,1,6,115,mlp,corrected,0.5652173913043478,0.5691027027687645,0.47916666666666663
15,1,6,115,svm,optimized_action,0.5478260869565217,0.5350500876816666,0.45882352941176463
15,1,6,115,knn,optimized_action,0.5478260869565217,0.5350500876816666,0.45882352941176463
15,1,6,115,rf,optimized_action,0.5478260869565217,0.5194781371668163,0.45833333333333337
15,1,6,115,mlp,optimized_action,0.5304347826086957,0.5130196531724546,0.4378055404671374
15,1,6,115,svm,optimized_full,0.2956521739130435,0.2827014896867838,0.15990259740259727
15,1,6,115,knn,optimized_full,0.28695652173913044,0.28179485744140914,0.14953102453102463
15,1,6,115,rf,optimized_full,0.2956521739130435,0.2619843528229258,0.15617356644623626
15,1,6,115,mlp,optimized_full,0.2956521739130435,0.31049533075395147,0.15846056554340948
15,3,18,115,svm,raw,0.3739130434782609,0.37776364667257245,0.24966017217942915
15,3,18,115,knn,raw,0.3130434782608696,0.2946042400040246,0.17371532514779453
15,3,18,115,rf,raw,0.34782608695652173,0.35013970620272433,0.2166923985105803
15,3,18,115,mlp,raw,0.3565217391304348,0.34889627675530394,0.22692587209302328
15,3,18,115,svm,raw_pca17,0.6086956521739131,0.6170860891677975,0.5309100797679478
15,3,18,115,knn,raw_pca17,0.6,0.5959558821674139,0.5181710538300393
15,3,18,115,rf,raw_pca17,0.5652173913043478,0.5734572234572234,0.478316095082562
15,3,18,115,mlp,raw_pca17,0.6347826086956522,0.6357269141846865,0.5616264294790343
15,3,18,115,svm,corrected,0.7217391304347827,0.7236115930881941,0.6675700090334238
15,3,18,115,knn,corrected,0.7217391304347827,0.7341010282186753,0.6661525900390094
15,3,18,115,rf,corrected,0.7304347826086957,0.7299281401335317,0.6770248233375611
15,3,18,115,mlp,corrected,0.7304347826086957,0.7275517967184933,0.6774047597502488
15,3,18,115,svm,optimized_action,0.7043478260869566,0.7051671418434219,0.6466654617748058
15,3,18,115,knn,optimized_action,0.6956521739130435,0.7005216640085061,0.6348212665577935
15,3,18,115,rf,optimized_action,0.7217391304347827,0.7200845252342551,0.6668477276842295
15,3,18,115,mlp,optimized_action,0.6782608695652174,0.6781930426667269,0.6145484192408732
15,3,18,115,svm,optimized_full,0.3652173913043478,0.36304137039431156,0.24109564274091488
15,3,18,115,knn,optimized_full,0.40869565217391307,0.3879056957724371,0.2905098893122846
15,3,18,115,rf,optimized_full,0.41739130434782606,0.40987666796261885,0.30315637152934793
15,3,18,115,mlp,optimized_full,0.3652173913043478,0.363709071975201,0.24020273327902986
15,5,30,115,svm,raw,0.4608695652173913,0.455173690365328,0.353756911084927
15,5,30,115,knn,raw,0.34782608695652173,0.33755411880411873,0.21476693372177702
15,5,30,115,rf,raw,0.4956521739130435,0.5020430489883264,0.3932502501591921
15,5,30,115,mlp,raw,0.391304347826087,0.376717248383915,0.26944368817497044
15,5,30,115,svm,raw_pca17,0.6521739130434783,0.6413631004735739,0.5835973567484385
15,5,30,115,knn,raw_pca17,0.6260869565217392,0.6213309597883783,0.5484018264840183
15,5,30,115,rf,raw_pca17,0.7652173913043478,0.7647490923797751,0.7178555202180827
15,5,30,115,mlp,raw_pca17,0.6869565217391305,0.6801790524885528,0.6237389802781059
15,5,30,115,svm,corrected,0.8434782608695652,0.8449128558884657,0.8121937942297224
15,5,30,115,knn,corrected,0.8,0.8112247162667331,0.760047174090538
15,5,30,115,rf,corrected,0.8782608695652174,0.8797103581895547,0.8539814982768003
15,5,30,115,mlp,corrected,0.8608695652173913,0.8608930863744727,0.8330308529945554
15,5,30,115,svm,optimized_action,0.8347826086956521,0.8374667147314039,0.8019757114373753
15,5,30,115,knn,optimized_action,0.7913043478260869,0.7955516485554033,0.7490452809601746
15,5,30,115,rf,optimized_action,0.8347826086956521,0.8377969496390549,0.8019936565473493
15,5,30,115,mlp,optimized_action,0.8260869565217391,0.827983048714756,0.7912885662431942
15,5,30,115,svm,optimized_full,0.5217391304347826,0.5210125025593285,0.4261997641295473
15,5,30,115,knn,optimized_full,0.46956521739130436,0.46063130995907414,0.36458333333333326
15,5,30,115,rf,optimized_full,0.6,0.6025442028247078,0.5207899266237885
15,5,30,115,mlp,optimized_full,0.4782608695652174,0.46613339148973054,0.37539603512265785
15,10,60,115,svm,raw,0.5565217391304348,0.5543086139363418,0.46802721088435373
15,10,60,115,knn,raw,0.41739130434782606,0.41515301350916634,0.29999091487235385
15,10,60,115,rf,raw,0.6173913043478261,0.6204272583779226,0.5398745112303356
15,10,60,115,mlp,raw,0.5043478260869565,0.5068340720514634,0.4039825422804145
15,10,60,115,svm,raw_pca17,0.8695652173913043,0.8716418098771038,0.8434664246823956
15,10,60,115,knn,raw_pca17,0.7652173913043478,0.7662706643142713,0.7177272727272728
15,10,60,115,rf,raw_pca17,0.8434782608695652,0.8428940568475453,0.8118352877011181
15,10,60,115,mlp,raw_pca17,0.8,0.8056703121219252,0.7596765400690533
15,10,60,115,svm,corrected,0.8608695652173913,0.8638794638794639,0.832833651312801
15,10,60,115,knn,corrected,0.8434782608695652,0.8452531981943747,0.8120232473665093
15,10,60,115,rf,corrected,0.9304347826086956,0.929582415355329,0.9164547766073374
15,10,60,115,mlp,corrected,0.8695652173913043,0.8704954954954957,0.843281548105751
15,10,60,115,svm,optimized_action,0.8521739130434782,0.8553945193480077,0.8224180216186756
15,10,60,115,knn,optimized_action,0.8608695652173913,0.8613821926321927,0.8328943783489238
15,10,60,115,rf,optimized_action,0.9130434782608695,0.9131355013707955,0.8955874341746868
15,10,60,115,mlp,optimized_action,0.8695652173913043,0.869930644930645,0.8432957848837209
15,10,60,115,svm,optimized_full,0.6347826086956522,0.638922308277147,0.5615468409586056
15,10,60,115,knn,optimized_full,0.591304347826087,0.5848739331297471,0.5109482446615996
15,10,60,115,rf,optimized_full,0.7130434782608696,0.7106993682731808,0.6559071538670777
15,10,60,115,mlp,optimized_full,0.6782608695652174,0.6753444794420899,0.6135331516802907
16,1,6,115,svm,raw,0.3391304347826087,0.31923992715966626,0.20531005637388633
16,1,6,115,knn,raw,0.3391304347826087,0.31923992715966626,0.20531005637388633
16,1,6,115,rf,raw,0.2956521739130435,0.27679581172519074,0.15594418267488208
16,1,6,115,mlp,raw,0.3826086956521739,0.36760644630372713,0.2597461468721669
16,1,6,115,svm,raw_pca17,0.41739130434782606,0.40470597355577415,0.30246242983885563
16,1,6,115,knn,raw_pca17,0.40869565217391307,0.3894843773906072,0.29198732458125853
16,1,6,115,rf,raw_pca17,0.41739130434782606,0.4127709961043295,0.3010069853941759
16,1,6,115,mlp,raw_pca17,0.4608695652173913,0.40796569372656327,0.34903679357253725
16,1,6,115,svm,corrected,0.6173913043478261,0.6182550707168704,0.540542994642695
16,1,6,115,knn,corrected,0.6173913043478261,0.6182550707168704,0.540542994642695
16,1,6,115,rf,corrected,0.5652173913043478,0.5587834798361114,0.47831609508256223
16,1,6,115,mlp,corrected,0.5652173913043478,0.5695215790333211,0.4773677513179422
16,1,6,115,svm,optimized_action,0.6173913043478261,0.6151412202140638,0.5396233281775998
16,1,6,115,knn,optimized_action,0.6173913043478261,0.6151412202140638,0.5396233281775998
16,1,6,115,rf,optimized_action,0.5652173913043478,0.5433275358971953,0.4786472028289057
16,1,6,115,mlp,optimized_action,0.591304347826087,0.6008706218065824,0.5090826521344232
16,1,6,115,svm,optimized_full,0.40869565217391307,0.4107719811111652,0.29377765736476114
16,1,6,115,knn,optimized_full,0.391304347826087,0.3971693326996481,0.2730064119931366
16,1,6,115,rf,optimized_full,0.3565217391304348,0.35148159699883835,0.22965510998461136
16,1,6,115,mlp,optimized_full,0.391304347826087,0.4012873836403248,0.26944368817497055
16,3,18,115,svm,raw,0.4,0.3896832316187155,0.2795532958053387
16,3,18,115,knn,raw,0.3739130434782609,0.35979529713384634,0.2449389020609155
16,3,18,115,rf,raw,0.391304347826087,0.37575864423839717,0.2686472244935042
16,3,18,115,mlp,raw,0.4260869565217391,0.41899739076190845,0.3109396277802995
16,3,18,115,svm,raw_pca17,0.6869565217391305,0.6993315599863079,0.6262525954680871
16,3,18,115,knn,raw_pca17,0.6695652173913044,0.6646532445340787,0.6017497493848538
16,3,18,115,rf,raw_pca17,0.7217391304347827,0.7215607952450057,0.6656065424806907
16,3,18,115,mlp,raw_pca17,0.6782608695652174,0.6703119158830514,0.6129707112970711
16,3,18,115,svm,corrected,0.808695652173913,0.8061952137690264,0.7704382542419018
16,3,18,115,knn,corrected,0.7304347826086957,0.7332615973218557,0.6759974552394802
16,3,18,115,rf,corrected,0.8347826086956521,0.8313498392445761,0.801598111322982
16,3,18,115,mlp,corrected,0.7913043478260869,0.7917718375035449,0.7497733454215776
16,3,18,115,svm,optimized_action,0.808695652173913,0.8030610155610155,0.7705631631450077
16,3,18,115,knn,optimized_action,0.7043478260869566,0.707121952834468,0.6447069513857338
16,3,18,115,rf,optimized_action,0.8260869565217391,0.822277244877864,0.7910990009082652
16,3,18,115,mlp,optimized_action,0.7652173913043478,0.7671823790244843,0.7184439608269859
16,3,18,115,svm,optimized_full,0.4956521739130435,0.49672423054214226,0.39594276399203043
16,3,18,115,knn,optimized_full,0.43478260869565216,0.4261408942410226,0.32199546485260777
16,3,18,115,rf,optimized_full,0.5130434782608696,0.5072641246658927,0.4151834362513621
16,3,18,115,mlp,optimized_full,0.48695652173913045,0.46223994503380267,0.3845246734397678
16,5,30,115,svm,raw,0.4782608695652174,0.4754068300935828,0.37477346864806105
16,5,30,115,knn,raw,0.45217391304347826,0.44761833773461673,0.34172269671088495
16,5,30,115,rf,raw,0.5304347826086957,0.5260066885066884,0.43653026041194076
16,5,30,115,mlp,raw,0.46956521739130436,0.46636621600648126,0.3646984241985147
16,5,30,115,svm,raw_pca17,0.7043478260869566,0.7114960725592646,0.6466335291459557
16,5,30,115,knn,raw_pca17,0.7391304347826086,0.7434899496349517,0.6865346174813738
16,5,30,115,rf,raw_pca17,0.7913043478260869,0.7930778475304852,0.7495690046275292
16,5,30,115,mlp,raw_pca17,0.782608695652174,0.7832357629533496,0.7392526754942862
16,5,30,115,svm,corrected,0.8,0.8039861558658551,0.760438366090028
16,5,30,115,knn,corrected,0.8260869565217391,0.827559156506525,0.7911369415183436
16,5,30,115,rf,corrected,0.8782608695652174,0.8757395589892004,0.8538622129436326
16,5,30,115,mlp,corrected,0.8260869565217391,0.8248564498564499,0.791496691143142
16,5,30,115,svm,optimized_action,0.7913043478260869,0.7949226699226699,0.7499320467518348
16,5,30,115,knn,optimized_action,0.8,0.7984495234495235,0.7598074827460952
16,5,30,115,rf,optimized_action,0.8695652173913043,0.8565166187973206,0.8431675606873352
16,5,30,115,mlp,optimized_action,0.7913043478260869,0.7911953106045114,0.749727965179543
16,5,30,115,svm,optimized_full,0.5478260869565217,0.550900099232949,0.45705465770837117
16,5,30,115,knn,optimized_full,0.5130434782608696,0.5042118124500065,0.41449222656605145
16,5,30,115,rf,optimized_full,0.591304347826087,0.5818107351981932,0.5096171293776084
16,5,30,115,mlp,optimized_full,0.5652173913043478,0.569827321707021,0.4769874476987448
16,10,60,115,svm,raw,0.6,0.6052614109016549,0.5196149654921903
16,10,60,115,knn,raw,0.4608695652173913,0.45824962805484093,0.3527596223674655
16,10,60,115,rf,raw,0.6521739130434783,0.6552840678011677,0.5834088027531246
16,10,60,115,mlp,raw,0.5826086956521739,0.588677811550152,0.49891067538126366
16,10,60,115,svm,raw_pca17,0.8173913043478261,0.8269485681250388,0.7813094267861993
16,10,60,115,knn,raw_pca17,0.8347826086956521,0.8385249918626041,0.8017960812772134
16,10,60,115,rf,raw_pca17,0.8869565217391304,0.887681811366022,0.8644728492430424
16,10,60,115,mlp,raw_pca17,0.8347826086956521,0.8379381405697194,0.8016701461377871
16,10,60,115,svm,corrected,0.8260869565217391,0.828590236198932,0.7910610465116279
16,10,60,115,knn,corrected,0.8347826086956521,0.8358354602257041,0.8017241379310345
16,10,60,115,rf,corrected,0.8695652173913043,0.8692021981495666,0.8433811512620302
16,10,60,115,mlp,corrected,0.8173913043478261,0.8194546194546195,0.780952380952381
16,10,60,115,svm,optimized_action,0.808695652173913,0.816819645391074,0.7699372556151678
16,10,60,115,knn,optimized_action,0.7913043478260869,0.7972954520033362,0.7494098420192482
16,10,60,115,rf,optimized_action,0.8434782608695652,0.8391529141405636,0.8120915032679739
16,10,60,115,mlp,optimized_action,0.8260869565217391,0.8281520723381189,0.7913453687743808
16,10,60,115,svm,optimized_full,0.5739130434782609,0.5680271336903183,0.49036809261101577
16,10,60,115,knn,optimized_full,0.5565217391304348,0.5463998998270724,0.46836475707034075
16,10,60,115,rf,optimized_full,0.6782608695652174,0.6702800361336947,0.6144086995922066
16,10,60,115,mlp,optimized_full,0.6347826086956522,0.628593441574828,0.5628563670920446
17,1,6,115,svm,raw,0.34782608695652173,0.3499314349314349,0.21476693372177713
17,1,6,115,knn,raw,0.34782608695652173,0.3499314349314349,0.21476693372177713
17,1,6,115,rf,raw,0.3565217391304348,0.3562959787490001,0.22537775350446032
17,1,6,115,mlp,raw,0.391304347826087,0.37874576353839023,0.26744926744926734
17,1,6,115,svm,raw_pca17,0.5304347826086957,0.5028840757084523,0.4390243902439024
17,1,6,115,knn,raw_pca17,0.5304347826086957,0.5028840757084523,0.4390243902439024
17,1,6,115,rf,raw_pca17,0.43478260869565216,0.40682402601699796,0.324202151704186
17,1,6,115,mlp,raw_pca17,0.46956521739130436,0.45983215875688993,0.36464088397790073
17,1,6,115,svm,corrected,0.6695652173913044,0.6671548343173058,0.6040590740237384
17,1,6,115,knn,corrected,0.6695652173913044,0.6671548343173058,0.6040590740237384
17,1,6,115,rf,corrected,0.5739130434782609,0.5566502463054188,0.4898143956541421
17,1,6,115,mlp,corrected,0.5826086956521739,0.5782430629443853,0.4993197278911563
17,1,6,115,svm,optimized_action,0.6869565217391305,0.6811997685836695,0.6251018744906276
17,1,6,115,knn,optimized_action,0.6869565217391305,0.6811997685836695,0.6251018744906276
17,1,6,115,rf,optimized_action,0.6,0.5741198340280527,0.5213102886616596
17,1,6,115,mlp,optimized_action,0.5565217391304348,0.5421693121693122,0.46802721088435373
17,1,6,115,svm,optimized_full,0.3130434782608696,0.31287936607704053,0.17588896952104494
17,1,6,115,knn,optimized_full,0.30434782608695654,0.3054103016059538,0.1645477660733745
17,1,6,115,rf,optimized_full,0.3217391304347826,0.3175717411949296,0.18874920864610645
17,1,6,115,mlp,optimized_full,0.3130434782608696,0.3048884670147129,0.17461615335695468
17,3,18,115,svm,raw,0.34782608695652173,0.3607103354336139,0.21662125340599458
17,3,18,115,knn,raw,0.4260869565217391,0.4197479266424144,0.30999999999999994
17,3,18,115,rf,raw,0.4782608695652174,0.471832465950113,0.3730692349627476
17,3,18,115,mlp,raw,0.40869565217391307,0.3997221266702052,0.2890262751159197
17,3,18,115,svm,raw_pca17,0.5478260869565217,0.5660242269437672,0.45715323166303556
17,3,18,115,knn,raw_pca17,0.6347826086956522,0.6298850394760903,0.5617457580981762
17,3,18,115,rf,raw_pca17,0.6,0.5903241495346759,0.5204423896292267
17,3,18,115,mlp,raw_pca17,0.6782608695652174,0.675902595158977,0.6125830829463716
17,3,18,115,svm,corrected,0.782608695652174,0.7887412329272793,0.7392763217556906
17,3,18,115,knn,corrected,0.7130434782608696,0.6931773999859105,0.65493726132024
17,3,18,115,rf,corrected,0.782608695652174,0.7862518931627672,0.7390870314910609
17,3,18,115,mlp,corrected,0.7739130434782608,0.774873080136238,0.7283793604651163
17,3,18,115,svm,optimized_action,0.782608695652174,0.7835529799278089,0.7388974661701935
17,3,18,115,knn,optimized_action,0.7304347826086957,0.7180392819927702,0.6761446220930233
17,3,18,115,rf,optimized_action,0.7217391304347827,0.7204798857730026,0.6660617059891107
17,3,18,115,mlp,optimized_action,0.7565217391304347,0.756423764511056,0.7073525402163046
17,3,18,115,svm,optimized_full,0.5043478260869565,0.5109621526288193,0.40300546448087426
17,3,18,115,knn,optimized_full,0.46956521739130436,0.4601450513326006,0.36383422508388497
17,3,18,115,rf,optimized_full,0.4956521739130435,0.4900503482025221,0.39347094662180604
17,3,18,115,mlp,optimized_full,0.5565217391304348,0.5502229931143413,0.46506749361546884
17,5,30,115,svm,raw,0.5826086956521739,0.5778672069743677,0.498318640370808
17,5,30,115,knn,raw,0.5043478260869565,0.4933115617326144,0.4033315128345166
17,5,30,115,rf,raw,0.5739130434782609,0.5663030532244456,0.4880530571454529
17,5,30,115,mlp,raw,0.5739130434782609,0.5634479469618788,0.48814606231265334
17,5,30,115,svm,raw_pca17,0.7478260869565218,0.7456670614083786,0.6963489028498588
17,5,30,115,knn,raw_pca17,0.7043478260869566,0.7038821275636692,0.6439304252800291
17,5,30,115,rf,raw_pca17,0.7565217391304347,0.7565546218487395,0.7070063694267517
17,5,30,115,mlp,raw_pca17,0.7478260869565218,0.7391846299741037,0.6964041875284479
17,5,30,115,svm,corrected,0.8347826086956521,0.8342781521484092,0.8016161249319048
17,5,30,115,knn,corrected,0.8347826086956521,0.8298780104382821,0.8014358415121774
17,5,30,115,rf,corrected,0.8608695652173913,0.8606359456166902,0.8329095532146749
17,5,30,115,mlp,corrected,0.8173913043478261,0.817023617023617,0.7805542935029532
17,5,30,115,svm,optimized_action,0.8,0.8000524464272756,0.759785668876578
17,5,30,115,knn,optimized_action,0.8260869565217391,0.8203660024542877,0.7910420641410012
17,5,30,115,rf,optimized_action,0.808695652173913,0.8081488543414636,0.7700209071902555
17,5,30,115,mlp,optimized_action,0.8,0.7924805656167947,0.7594361073215098
17,5,30,115,svm,optimized_full,0.5652173913043478,0.5620707192133677,0.47627288459786865
17,5,30,115,knn,optimized_full,0.5043478260869565,0.49892563085840397,0.4043616537937301
17,5,30,115,rf,optimized_full,0.591304347826087,0.5882737933828576,0.5076516669703043
17,5,30,115,mlp,optimized_full,0.6086956521739131,0.5987458447239976,0.5286455961380818
17,10,60,115,svm,raw,0.6695652173913044,0.6641442878284983,0.6029438488097402
17,10,60,115,knn,raw,0.46956521739130436,0.450978259367601,0.3625624716038164
17,10,60,115,rf,raw,0.6608695652173913,0.662086717259131,0.5927540179787523
17,10,60,115,mlp,raw,0.6782608695652174,0.6768120759215112,0.6137787056367432
17,10,60,115,svm,raw_pca17,0.8,0.80120596995597,0.75928285402257
17,10,60,115,knn,raw_pca17,0.7217391304347827,0.7228741974207332,0.6639269406392694
17,10,60,115,rf,raw_pca17,0.9217391304347826,0.9220654698126539,0.9059005364124011
17,10,60,115,mlp,raw_pca17,0.8434782608695652,0.8458097801751053,0.811578372474058
17,10,60,115,svm,corrected,0.8782608695652174,0.8803100092573777,0.8539019963702359
17,10,60,115,knn,corrected,0.8608695652173913,0.8544319519929275,0.8328032712403454
17,10,60,115,rf,corrected,0.8869565217391304,0.8874946374946376,0.8643006263048016
17,10,60,115,mlp,corrected,0.8782608695652174,0.8781628518470624,0.8537825810553084
17,10,60,115,svm,optimized_action,0.8434782608695652,0.8464893464893466,0.8119891008174387
17,10,60,115,knn,optimized_action,0.8260869565217391,0.819040469040469,0.7906997906997907
17,10,60,115,rf,optimized_action,0.8782608695652174,0.8785758029944079,0.8538224078445614
17,10,60,115,mlp,optimized_action,0.8,0.7961630266141544,0.7593923405803693
17,10,60,115,svm,optimized_full,0.6521739130434783,0.6517431863102492,0.5813995813995814
17,10,60,115,knn,optimized_full,0.6173913043478261,0.6005490444514834,0.5404178019981835
17,10,60,115,rf,optimized_full,0.7043478260869566,0.6987383414784837,0.6445131375579598
17,10,60,115,mlp,optimized_full,0.6695652173913044,0.6611030764562061,0.6026550281869432
18,1,6,115,svm,raw,0.24347826086956523,0.22812576312576313,0.09333937471681031
18,1,6,115,knn,raw,0.24347826086956523,0.22812576312576313,0.09333937471681031
18,1,6,115,rf,raw,0.23478260869565218,0.21851333278452023,0.08150299509892911
18,1,6,115,mlp,raw,0.21739130434782608,0.21791254972591134,0.06139475832048602
18,1,6,115,svm,raw_pca17,0.3652173913043478,0.34173458502663867,0.2373035341146542
18,1,6,115,knn,raw_pca17,0.3652173913043478,0.34173458502663867,0.2373035341146542
18,1,6,115,rf,raw_pca17,0.45217391304347826,0.4080233449041499,0.3405843269318284
18,1,6,115,mlp,raw_pca17,0.2956521739130435,0.2917025089605734,0.15171660140242238
18,1,6,115,svm,corrected,0.6260869565217392,0.6050422715003442,0.5511074800290486
18,1,6,115,knn,corrected,0.6260869565217392,0.6050422715003442,0.5511074800290486
18,1,6,115,rf,corrected,0.6173913043478261,0.5803230298513317,0.5417911799329893
18,1,6,115,mlp,corrected,0.6173913043478261,0.6262298311078799,0.5407931754242672
18,1,6,115,svm,optimized_action,0.6173913043478261,0.5952679247252891,0.5407514975494645
18,1,6,115,knn,optimized_action,0.6173913043478261,0.5952679247252891,0.5407514975494645
18,1,6,115,rf,optimized_action,0.6347826086956522,0.588266359175249,0.5624603677869373
18,1,6,115,mlp,optimized_action,0.5391304347826087,0.5483104227724027,0.44731592310482404
18,1,6,115,svm,optimized_full,0.34782608695652173,0.32001734853483316,0.21419460641399424
18,1,6,115,knn,optimized_full,0.34782608695652173,0.32001734853483316,0.21419460641399424
18,1,6,115,rf,optimized_full,0.34782608695652173,0.3142956204341579,0.21354974012947925
18,1,6,115,mlp,optimized_full,0.33043478260869563,0.29254875994006424,0.18991858018479568
18,3,18,115,svm,raw,0.3652173913043478,0.34912354803190465,0.23424245188360848
18,3,18,115,knn,raw,0.3217391304347826,0.31909011527369224,0.1831345050541845
18,3,18,115,rf,raw,0.3130434782608696,0.30805178218971324,0.17183226982680033
18,3,18,115,mlp,raw,0.3217391304347826,0.31425113952390993,0.18306010928961758
18,3,18,115,svm,raw_pca17,0.5826086956521739,0.5983014637074704,0.498318640370808
18,3,18,115,knn,raw_pca17,0.591304347826087,0.5923054763345145,0.5067980655169266
18,3,18,115,rf,raw_pca17,0.6869565217391305,0.6839179018966165,0.6237047809489185
18,3,18,115,mlp,raw_pca17,0.5826086956521739,0.5789666949599174,0.4977252047315741
18,3,18,115,svm,corrected,0.782608695652174,0.7941316316316316,0.7390870314910609
18,3,18,115,knn,corrected,0.7565217391304347,0.758782495624601,0.7074588897974017
18,3,18,115,rf,corrected,0.7652173913043478,0.7747242555012336,0.7181116659101225
18,3,18,115,mlp,corrected,0.7739130434782608,0.7796612121815129,0.7283546833833016
18,3,18,115,svm,optimized_action,0.7304347826086957,0.7378306878306878,0.6758796254204928
18,3,18,115,knn,optimized_action,0.7304347826086957,0.7298127798127797,0.676056338028169
18,3,18,115,rf,optimized_action,0.7391304347826086,0.7477621389386094,0.686847599164927
18,3,18,115,mlp,optimized_action,0.7565217391304347,0.7604164186010225,0.7076182693180786
18,3,18,115,svm,optimized_full,0.4956521739130435,0.5153963548528766,0.3963800904977375
18,3,18,115,knn,optimized_full,0.4956521739130435,0.497128673377117,0.3964893231994209
18,3,18,115,rf,optimized_full,0.4956521739130435,0.5155463872219191,0.394572025052192
18,3,18,115,mlp,optimized_full,0.5130434782608696,0.5224422201312958,0.41634946528910644
18,5,30,115,svm,raw,0.46956521739130436,0.4576557180280585,0.36204074208803205
18,5,30,115,knn,raw,0.4260869565217391,0.4256673881673882,0.30697589481373266
18,5,30,115,rf,raw,0.5217391304347826,0.5077201043587598,0.424738517507958
18,5,30,115,mlp,raw,0.48695652173913045,0.47802723592197277,0.38121295029639746
18,5,30,115,svm,raw_pca17,0.7043478260869566,0.7111341966180676,0.6454800979236559
18,5,30,115,knn,raw_pca17,0.7043478260869566,0.7186674833733658,0.6436708283969743
18,5,30,115,rf,raw_pca17,0.8260869565217391,0.8341099331811407,0.7906997906997907
18,5,30,115,mlp,raw_pca17,0.7739130434782608,0.7724303334144952,0.7284287011807448
18,5,30,115,svm,corrected,0.8521739130434782,0.8607157891987613,0.822595281306715
18,5,30,115,knn,corrected,0.8347826086956521,0.8357346357346359,0.8016341352700862
18,5,30,115,rf,corrected,0.8782608695652174,0.8810971262474382,0.8538091346590393
18,5,30,115,mlp,corrected,0.8608695652173913,0.8629114518328479,0.833015700154279
18,5,30,115,svm,optimized_action,0.8521739130434782,0.8587734302020015,0.822595281306715
18,5,30,115,knn,optimized_action,0.8260869565217391,0.8274766516875557,0.7909280974456867
18,5,30,115,rf,optimized_action,0.8782608695652174,0.8792500499817574,0.8537427325581395
18,5,30,115,mlp,optimized_action,0.8347826086956521,0.8374608608241472,0.8017241379310345
18,5,30,115,svm,optimized_full,0.5565217391304348,0.5692861364403917,0.46822014688548375
18,5,30,115,knn,optimized_full,0.5391304347826087,0.5416613906820541,0.44676409185803756
18,5,30,115,rf,optimized_full,0.6956521739130435,0.6993698151592889,0.6350861287398006
18,5,30,115,mlp,optimized_full,0.6173913043478261,0.6201925129279816,0.5402507723060149
18,10,60,115,svm,raw,0.591304347826087,0.596430611556662,0.5081892629663332
18,10,60,115,knn,raw,0.5043478260869565,0.5034019436544409,0.4047402833272793
18,10,60,115,rf,raw,0.6956521739130435,0.6841718801341674,0.6340243680669213
18,10,60,115,mlp,raw,0.6,0.5972303443794672,0.5181271634177447
18,10,60,115,svm,raw_pca17,0.8,0.8068402999158195,0.7597638510445051
18,10,60,115,knn,raw_pca17,0.7913043478260869,0.7970193141817855,0.7491821155943293
18,10,60,115,rf,raw_pca17,0.8869565217391304,0.8897915147915149,0.8642390119869233
18,10,60,115,mlp,raw_pca17,0.8434782608695652,0.8445743850778175,0.8119891008174387
18,10,60,115,svm,corrected,0.8695652173913043,0.8734157764195313,0.8434806278922058
18,10,60,115,knn,corrected,0.9043478260869565,0.9045340624287993,0.8850626930765038
18,10,60,115,rf,corrected,0.9304347826086956,0.9312915097707064,0.9164168256564005
18,10,60,115,mlp,corrected,0.8869565217391304,0.8875901079631352,0.8642513393262508
18,10,60,115,svm,optimized_action,0.8608695652173913,0.8645069928373351,0.8329398946794988
18,10,60,115,knn,optimized_action,0.8956521739130435,0.8988792602479694,0.8746707837616928
18,10,60,115,rf,optimized_action,0.9391304347826087,0.9397642978946572,0.9268846503178928
18,10,60,115,mlp,optimized_action,0.8608695652173913,0.8633815516168458,0.8327576804217415
18,10,60,115,svm,optimized_full,0.6521739130434783,0.6614060258249642,0.5827664399092971
18,10,60,115,knn,optimized_full,0.6173913043478261,0.6186868686868687,0.5415005436752447
18,10,60,115,rf,optimized_full,0.7565217391304347,0.7584272192400746,0.707591718125681
18,10,60,115,mlp,optimized_full,0.6782608695652174,0.6812201154306416,0.6142688786148127
19,1,6,115,svm,raw,0.28695652173913044,0.27866224737910844,0.14575595615544878
19,1,6,115,knn,raw,0.28695652173913044,0.27866224737910844,0.14575595615544878
19,1,6,115,rf,raw,0.25217391304347825,0.24620448995448996,0.10424780364097463
19,1,6,115,mlp,raw,0.2782608695652174,0.26456672038931384,0.135729808040565
19,1,6,115,svm,raw_pca17,0.3739130434782609,0.36049611559926703,0.2511531156733291
19,1,6,115,knn,raw_pca17,0.3739130434782609,0.36049611559926703,0.2511531156733291
19,1,6,115,rf,raw_pca17,0.4,0.3766685415648871,0.28092433167195296
19,1,6,115,mlp,raw_pca17,0.3217391304347826,0.3015886287625418,0.18543407192154016
19,1,6,115,svm,corrected,0.5043478260869565,0.48657129468641397,0.4066262333665249
19,1,6,115,knn,corrected,0.5043478260869565,0.48657129468641397,0.4066262333665249
19,1,6,115,rf,corrected,0.5217391304347826,0.49947232178414974,0.42630385487528344
19,1,6,115,mlp,corrected,0.5304347826086957,0.5103781484216267,0.4370410660864835
19,1,6,115,svm,optimized_action,0.4434782608695652,0.41008628468305885,0.3329708174732646
19,1,6,115,knn,optimized_action,0.4434782608695652,0.41008628468305885,0.3329708174732646
19,1,6,115,rf,optimized_action,0.4782608695652174,0.45665122219995996,0.3746601413811854
19,1,6,115,mlp,optimized_action,0.4956521739130435,0.4540795503788426,0.3935812346576961
19,1,6,115,svm,optimized_full,0.30434782608695654,0.30425886130470176,0.16862461594071942
19,1,6,115,knn,optimized_full,0.30434782608695654,0.30425886130470176,0.16862461594071942
19,1,6,115,rf,optimized_full,0.34782608695652173,0.29916820789657284,0.2193157132512673
19,1,6,115,mlp,optimized_full,0.2956521739130435,0.28001762753847,0.15640282557507712
19,3,18,115,svm,raw,0.3652173913043478,0.3632532757919755,0.23445194236731737
19,3,18,115,knn,raw,0.30434782608695654,0.28659128705148035,0.16553287981859421
19,3,18,115,rf,raw,0.4,0.3970928292806955,0.28007621121393567
19,3,18,115,mlp,raw,0.4,0.38886127100412815,0.28027210884353726
19,3,18,115,svm,raw_pca17,0.5652173913043478,0.582117502457987,0.47507759722475806
19,3,18,115,knn,raw_pca17,0.5304347826086957,0.495476634914985,0.43800904977375565
19,3,18,115,rf,raw_pca17,0.7217391304347827,0.7242982299302699,0.666092006170039
19,3,18,115,mlp,raw_pca17,0.6434782608695652,0.6327763474234511,0.571246703646449
19,3,18,115,svm,corrected,0.7913043478260869,0.7957255492139214,0.7495690046275292
19,3,18,115,knn,corrected,0.7304347826086957,0.7270010232385076,0.6769955603877865
19,3,18,115,rf,corrected,0.7652173913043478,0.7648796016896146,0.7184694895276089
19,3,18,115,mlp,corrected,0.8,0.7992607992607993,0.7603515448038416
19,3,18,115,svm,optimized_action,0.7391304347826086,0.7532956869727383,0.6871315861068286
19,3,18,115,knn,optimized_action,0.6521739130434783,0.6481221459086935,0.5824634655532359
19,3,18,115,rf,optimized_action,0.7913043478260869,0.7873322898032201,0.7496371552975327
19,3,18,115,mlp,optimized_action,0.7478260869565218,0.7475930992057437,0.6970385174418605
19,3,18,115,svm,optimized_full,0.3652173913043478,0.39644260920959323,0.24191800614050918
19,3,18,115,knn,optimized_full,0.3565217391304348,0.3560209942562884,0.22986425339366523
19,3,18,115,rf,optimized_full,0.40869565217391307,0.40368747972002045,0.2919873245812584
19,3,18,115,mlp,optimized_full,0.3217391304347826,0.33074725849034503,0.18845562290780782
19,5,30,115,svm,raw,0.43478260869565216,0.4303819528132682,0.3192787542118204
19,5,30,115,knn,raw,0.3652173913043478,0.346123368923275,0.23751135331516804
19,5,30,115,rf,raw,0.43478260869565216,0.4109055630385851,0.321133412042503
19,5,30,115,mlp,raw,0.4260869565217391,0.39385367968325546,0.3096862210095499
19,5,30,115,svm,raw_pca17,0.7739130434782608,0.7732133940301836,0.7286751361161525
19,5,30,115,knn,raw_pca17,0.6086956521739131,0.599468461596608,0.5304418836766174
19,5,30,115,rf,raw_pca17,0.7478260869565218,0.7582489826392266,0.6969008452240297
19,5,30,115,mlp,raw_pca17,0.7391304347826086,0.7438684441743978,0.6867338599836557
19,5,30,115,svm,corrected,0.8,0.8118504218504219,0.7593704512372634
19,5,30,115,knn,corrected,0.7739130434782608,0.7776644868141869,0.7289702683103698
19,5,30,115,rf,corrected,0.8782608695652174,0.8794906404662503,0.8539285066231174
19,5,30,115,mlp,corrected,0.8,0.8021260126523284,0.7602211948146134
19,5,30,115,svm,optimized_action,0.7565217391304347,0.7740348162977989,0.7068196303377947
19,5,30,115,knn,optimized_action,0.7217391304347827,0.7279511612320424,0.6660010891268833
19,5,30,115,rf,optimized_action,0.8347826086956521,0.837344808442747,0.8015260241620492
19,5,30,115,mlp,optimized_action,0.7304347826086957,0.7330709885991679,0.6761151994185519
19,5,30,115,svm,optimized_full,0.391304347826087,0.42414146984039464,0.270436831611383
19,5,30,115,knn,optimized_full,0.3739130434782609,0.38756684491978605,0.24979614025550423
19,5,30,115,rf,optimized_full,0.46956521739130436,0.46135890253537304,0.3626782956300536
19,5,30,115,mlp,optimized_full,0.3739130434782609,0.3826996857160963,0.24754634678298792
19,10,60,115,svm,raw,0.5043478260869565,0.4957967581057563,0.40484837479571456
19,10,60,115,knn,raw,0.40869565217391307,0.3861169183120403,0.289801107982926
19,10,60,115,rf,raw,0.5826086956521739,0.5788495059428483,0.4991834512792598
19,10,60,115,mlp,raw,0.46956521739130436,0.4570993359061973,0.36169244767970876
19,10,60,115,svm,raw_pca17,0.8347826086956521,0.8367520926970239,0.8015079941860465
19,10,60,115,knn,raw_pca17,0.7130434782608696,0.7143762534215411,0.655375953505267
19,10,60,115,rf,raw_pca17,0.8521739130434782,0.856933368775474,0.8224341507720254
19,10,60,115,mlp,raw_pca17,0.8260869565217391,0.8311098340915569,0.7909850963286078
19,10,60,115,svm,corrected,0.8782608695652174,0.8804285867638084,0.8536629703690238
19,10,60,115,knn,corrected,0.8434782608695652,0.8470047609582494,0.8123640319071791
19,10,60,115,rf,corrected,0.9043478260869565,0.9053141632089,0.8850940139885548
19,10,60,115,mlp,corrected,0.8608695652173913,0.8641981125020566,0.8327576804217415
19,10,60,115,svm,optimized_action,0.8695652173913043,0.8688101615346198,0.843039126478617
19,10,60,115,knn,optimized_action,0.8260869565217391,0.8302334123711456,0.7910040890504316
19,10,60,115,rf,optimized_action,0.9130434782608695,0.9156814177622011,0.8955874341746868
19,10,60,115,mlp,optimized_action,0.8347826086956521,0.836015561015561,0.8011828935395814
19,10,60,115,svm,optimized_full,0.591304347826087,0.5909809652436694,0.5085916901536502
19,10,60,115,knn,optimized_full,0.48695652173913045,0.4985261331316632,0.38519391083725985
19,10,60,115,rf,optimized_full,0.6,0.5948101450153435,0.5182588106729806
19,10,60,115,mlp,optimized_full,0.5217391304347826,0.4996919447390706,0.42321721685208824
