classifier,feature_set,feature_set_base,pca_components,accuracy_mean,accuracy_std,macro_f1_mean,macro_f1_std,macro_precision_mean,macro_precision_std,macro_recall_mean,macro_recall_std,cohen_kappa_mean,cohen_kappa_std
knn,raw,raw,0,0.587500,0.137500,0.539197,0.174469,0.615258,0.222041,0.572222,0.149175,0.359547,0.218740
knn,raw_pca12,raw,12,0.843750,0.141835,0.823968,0.158190,0.857500,0.151426,0.838889,0.147928,0.762460,0.215652
knn,corrected,corrected,0,0.787500,0.125623,0.767103,0.145119,0.803056,0.148848,0.791667,0.128950,0.682179,0.186303
knn,optimized_action,optimized_action,0,0.806250,0.127934,0.780198,0.144047,0.830000,0.132990,0.808333,0.122317,0.711363,0.183956
knn,optimized_full,optimized_full,0,0.637500,0.205015,0.611988,0.231432,0.654861,0.256366,0.641667,0.208962,0.452833,0.310524
